language,noun,color,size,case,count_index,surface
en,0,0,0,nom,,the small red dog
en,0,0,0,acc,,the small red dog
en,0,0,0,dat,,the small red dog
en,0,0,0,plural,0,two small red dogs
en,0,0,0,plural,1,three small red dogs
en,0,0,0,plural,2,four small red dogs
en,0,0,0,plural,3,five small red dogs
en,0,0,0,plural,4,six small red dogs
en,0,0,0,plural,5,seven small red dogs
en,0,0,0,plural,6,eight small red dogs
en,0,0,1,nom,,the large red dog
en,0,0,1,acc,,the large red dog
en,0,0,1,dat,,the large red dog
en,0,0,1,plural,0,two large red dogs
en,0,0,1,plural,1,three large red dogs
en,0,0,1,plural,2,four large red dogs
en,0,0,1,plural,3,five large red dogs
en,0,0,1,plural,4,six large red dogs
en,0,0,1,plural,5,seven large red dogs
en,0,0,1,plural,6,eight large red dogs
en,0,0,2,nom,,the young red dog
en,0,0,2,acc,,the young red dog
en,0,0,2,dat,,the young red dog
en,0,0,2,plural,0,two young red dogs
en,0,0,2,plural,1,three young red dogs
en,0,0,2,plural,2,four young red dogs
en,0,0,2,plural,3,five young red dogs
en,0,0,2,plural,4,six young red dogs
en,0,0,2,plural,5,seven young red dogs
en,0,0,2,plural,6,eight young red dogs
en,0,0,3,nom,,the old red dog
en,0,0,3,acc,,the old red dog
en,0,0,3,dat,,the old red dog
en,0,0,3,plural,0,two old red dogs
en,0,0,3,plural,1,three old red dogs
en,0,0,3,plural,2,four old red dogs
en,0,0,3,plural,3,five old red dogs
en,0,0,3,plural,4,six old red dogs
en,0,0,3,plural,5,seven old red dogs
en,0,0,3,plural,6,eight old red dogs
en,0,1,0,nom,,the small blue dog
en,0,1,0,acc,,the small blue dog
en,0,1,0,dat,,the small blue dog
en,0,1,0,plural,0,two small blue dogs
en,0,1,0,plural,1,three small blue dogs
en,0,1,0,plural,2,four small blue dogs
en,0,1,0,plural,3,five small blue dogs
en,0,1,0,plural,4,six small blue dogs
en,0,1,0,plural,5,seven small blue dogs
en,0,1,0,plural,6,eight small blue dogs
en,0,1,1,nom,,the large blue dog
en,0,1,1,acc,,the large blue dog
en,0,1,1,dat,,the large blue dog
en,0,1,1,plural,0,two large blue dogs
en,0,1,1,plural,1,three large blue dogs
en,0,1,1,plural,2,four large blue dogs
en,0,1,1,plural,3,five large blue dogs
en,0,1,1,plural,4,six large blue dogs
en,0,1,1,plural,5,seven large blue dogs
en,0,1,1,plural,6,eight large blue dogs
en,0,1,2,nom,,the young blue dog
en,0,1,2,acc,,the young blue dog
en,0,1,2,dat,,the young blue dog
en,0,1,2,plural,0,two young blue dogs
en,0,1,2,plural,1,three young blue dogs
en,0,1,2,plural,2,four young blue dogs
en,0,1,2,plural,3,five young blue dogs
en,0,1,2,plural,4,six young blue dogs
en,0,1,2,plural,5,seven young blue dogs
en,0,1,2,plural,6,eight young blue dogs
en,0,1,3,nom,,the old blue dog
en,0,1,3,acc,,the old blue dog
en,0,1,3,dat,,the old blue dog
en,0,1,3,plural,0,two old blue dogs
en,0,1,3,plural,1,three old blue dogs
en,0,1,3,plural,2,four old blue dogs
en,0,1,3,plural,3,five old blue dogs
en,0,1,3,plural,4,six old blue dogs
en,0,1,3,plural,5,seven old blue dogs
en,0,1,3,plural,6,eight old blue dogs
en,0,2,0,nom,,the small green dog
en,0,2,0,acc,,the small green dog
en,0,2,0,dat,,the small green dog
en,0,2,0,plural,0,two small green dogs
en,0,2,0,plural,1,three small green dogs
en,0,2,0,plural,2,four small green dogs
en,0,2,0,plural,3,five small green dogs
en,0,2,0,plural,4,six small green dogs
en,0,2,0,plural,5,seven small green dogs
en,0,2,0,plural,6,eight small green dogs
en,0,2,1,nom,,the large green dog
en,0,2,1,acc,,the large green dog
en,0,2,1,dat,,the large green dog
en,0,2,1,plural,0,two large green dogs
en,0,2,1,plural,1,three large green dogs
en,0,2,1,plural,2,four large green dogs
en,0,2,1,plural,3,five large green dogs
en,0,2,1,plural,4,six large green dogs
en,0,2,1,plural,5,seven large green dogs
en,0,2,1,plural,6,eight large green dogs
en,0,2,2,nom,,the young green dog
en,0,2,2,acc,,the young green dog
en,0,2,2,dat,,the young green dog
en,0,2,2,plural,0,two young green dogs
en,0,2,2,plural,1,three young green dogs
en,0,2,2,plural,2,four young green dogs
en,0,2,2,plural,3,five young green dogs
en,0,2,2,plural,4,six young green dogs
en,0,2,2,plural,5,seven young green dogs
en,0,2,2,plural,6,eight young green dogs
en,0,2,3,nom,,the old green dog
en,0,2,3,acc,,the old green dog
en,0,2,3,dat,,the old green dog
en,0,2,3,plural,0,two old green dogs
en,0,2,3,plural,1,three old green dogs
en,0,2,3,plural,2,four old green dogs
en,0,2,3,plural,3,five old green dogs
en,0,2,3,plural,4,six old green dogs
en,0,2,3,plural,5,seven old green dogs
en,0,2,3,plural,6,eight old green dogs
en,0,3,0,nom,,the small yellow dog
en,0,3,0,acc,,the small yellow dog
en,0,3,0,dat,,the small yellow dog
en,0,3,0,plural,0,two small yellow dogs
en,0,3,0,plural,1,three small yellow dogs
en,0,3,0,plural,2,four small yellow dogs
en,0,3,0,plural,3,five small yellow dogs
en,0,3,0,plural,4,six small yellow dogs
en,0,3,0,plural,5,seven small yellow dogs
en,0,3,0,plural,6,eight small yellow dogs
en,0,3,1,nom,,the large yellow dog
en,0,3,1,acc,,the large yellow dog
en,0,3,1,dat,,the large yellow dog
en,0,3,1,plural,0,two large yellow dogs
en,0,3,1,plural,1,three large yellow dogs
en,0,3,1,plural,2,four large yellow dogs
en,0,3,1,plural,3,five large yellow dogs
en,0,3,1,plural,4,six large yellow dogs
en,0,3,1,plural,5,seven large yellow dogs
en,0,3,1,plural,6,eight large yellow dogs
en,0,3,2,nom,,the young yellow dog
en,0,3,2,acc,,the young yellow dog
en,0,3,2,dat,,the young yellow dog
en,0,3,2,plural,0,two young yellow dogs
en,0,3,2,plural,1,three young yellow dogs
en,0,3,2,plural,2,four young yellow dogs
en,0,3,2,plural,3,five young yellow dogs
en,0,3,2,plural,4,six young yellow dogs
en,0,3,2,plural,5,seven young yellow dogs
en,0,3,2,plural,6,eight young yellow dogs
en,0,3,3,nom,,the old yellow dog
en,0,3,3,acc,,the old yellow dog
en,0,3,3,dat,,the old yellow dog
en,0,3,3,plural,0,two old yellow dogs
en,0,3,3,plural,1,three old yellow dogs
en,0,3,3,plural,2,four old yellow dogs
en,0,3,3,plural,3,five old yellow dogs
en,0,3,3,plural,4,six old yellow dogs
en,0,3,3,plural,5,seven old yellow dogs
en,0,3,3,plural,6,eight old yellow dogs
en,0,4,0,nom,,the small black dog
en,0,4,0,acc,,the small black dog
en,0,4,0,dat,,the small black dog
en,0,4,0,plural,0,two small black dogs
en,0,4,0,plural,1,three small black dogs
en,0,4,0,plural,2,four small black dogs
en,0,4,0,plural,3,five small black dogs
en,0,4,0,plural,4,six small black dogs
en,0,4,0,plural,5,seven small black dogs
en,0,4,0,plural,6,eight small black dogs
en,0,4,1,nom,,the large black dog
en,0,4,1,acc,,the large black dog
en,0,4,1,dat,,the large black dog
en,0,4,1,plural,0,two large black dogs
en,0,4,1,plural,1,three large black dogs
en,0,4,1,plural,2,four large black dogs
en,0,4,1,plural,3,five large black dogs
en,0,4,1,plural,4,six large black dogs
en,0,4,1,plural,5,seven large black dogs
en,0,4,1,plural,6,eight large black dogs
en,0,4,2,nom,,the young black dog
en,0,4,2,acc,,the young black dog
en,0,4,2,dat,,the young black dog
en,0,4,2,plural,0,two young black dogs
en,0,4,2,plural,1,three young black dogs
en,0,4,2,plural,2,four young black dogs
en,0,4,2,plural,3,five young black dogs
en,0,4,2,plural,4,six young black dogs
en,0,4,2,plural,5,seven young black dogs
en,0,4,2,plural,6,eight young black dogs
en,0,4,3,nom,,the old black dog
en,0,4,3,acc,,the old black dog
en,0,4,3,dat,,the old black dog
en,0,4,3,plural,0,two old black dogs
en,0,4,3,plural,1,three old black dogs
en,0,4,3,plural,2,four old black dogs
en,0,4,3,plural,3,five old black dogs
en,0,4,3,plural,4,six old black dogs
en,0,4,3,plural,5,seven old black dogs
en,0,4,3,plural,6,eight old black dogs
en,0,5,0,nom,,the small white dog
en,0,5,0,acc,,the small white dog
en,0,5,0,dat,,the small white dog
en,0,5,0,plural,0,two small white dogs
en,0,5,0,plural,1,three small white dogs
en,0,5,0,plural,2,four small white dogs
en,0,5,0,plural,3,five small white dogs
en,0,5,0,plural,4,six small white dogs
en,0,5,0,plural,5,seven small white dogs
en,0,5,0,plural,6,eight small white dogs
en,0,5,1,nom,,the large white dog
en,0,5,1,acc,,the large white dog
en,0,5,1,dat,,the large white dog
en,0,5,1,plural,0,two large white dogs
en,0,5,1,plural,1,three large white dogs
en,0,5,1,plural,2,four large white dogs
en,0,5,1,plural,3,five large white dogs
en,0,5,1,plural,4,six large white dogs
en,0,5,1,plural,5,seven large white dogs
en,0,5,1,plural,6,eight large white dogs
en,0,5,2,nom,,the young white dog
en,0,5,2,acc,,the young white dog
en,0,5,2,dat,,the young white dog
en,0,5,2,plural,0,two young white dogs
en,0,5,2,plural,1,three young white dogs
en,0,5,2,plural,2,four young white dogs
en,0,5,2,plural,3,five young white dogs
en,0,5,2,plural,4,six young white dogs
en,0,5,2,plural,5,seven young white dogs
en,0,5,2,plural,6,eight young white dogs
en,0,5,3,nom,,the old white dog
en,0,5,3,acc,,the old white dog
en,0,5,3,dat,,the old white dog
en,0,5,3,plural,0,two old white dogs
en,0,5,3,plural,1,three old white dogs
en,0,5,3,plural,2,four old white dogs
en,0,5,3,plural,3,five old white dogs
en,0,5,3,plural,4,six old white dogs
en,0,5,3,plural,5,seven old white dogs
en,0,5,3,plural,6,eight old white dogs
en,1,0,0,nom,,the small red fox
en,1,0,0,acc,,the small red fox
en,1,0,0,dat,,the small red fox
en,1,0,0,plural,0,two small red foxes
en,1,0,0,plural,1,three small red foxes
en,1,0,0,plural,2,four small red foxes
en,1,0,0,plural,3,five small red foxes
en,1,0,0,plural,4,six small red foxes
en,1,0,0,plural,5,seven small red foxes
en,1,0,0,plural,6,eight small red foxes
en,1,0,1,nom,,the large red fox
en,1,0,1,acc,,the large red fox
en,1,0,1,dat,,the large red fox
en,1,0,1,plural,0,two large red foxes
en,1,0,1,plural,1,three large red foxes
en,1,0,1,plural,2,four large red foxes
en,1,0,1,plural,3,five large red foxes
en,1,0,1,plural,4,six large red foxes
en,1,0,1,plural,5,seven large red foxes
en,1,0,1,plural,6,eight large red foxes
en,1,0,2,nom,,the young red fox
en,1,0,2,acc,,the young red fox
en,1,0,2,dat,,the young red fox
en,1,0,2,plural,0,two young red foxes
en,1,0,2,plural,1,three young red foxes
en,1,0,2,plural,2,four young red foxes
en,1,0,2,plural,3,five young red foxes
en,1,0,2,plural,4,six young red foxes
en,1,0,2,plural,5,seven young red foxes
en,1,0,2,plural,6,eight young red foxes
en,1,0,3,nom,,the old red fox
en,1,0,3,acc,,the old red fox
en,1,0,3,dat,,the old red fox
en,1,0,3,plural,0,two old red foxes
en,1,0,3,plural,1,three old red foxes
en,1,0,3,plural,2,four old red foxes
en,1,0,3,plural,3,five old red foxes
en,1,0,3,plural,4,six old red foxes
en,1,0,3,plural,5,seven old red foxes
en,1,0,3,plural,6,eight old red foxes
en,1,1,0,nom,,the small blue fox
en,1,1,0,acc,,the small blue fox
en,1,1,0,dat,,the small blue fox
en,1,1,0,plural,0,two small blue foxes
en,1,1,0,plural,1,three small blue foxes
en,1,1,0,plural,2,four small blue foxes
en,1,1,0,plural,3,five small blue foxes
en,1,1,0,plural,4,six small blue foxes
en,1,1,0,plural,5,seven small blue foxes
en,1,1,0,plural,6,eight small blue foxes
en,1,1,1,nom,,the large blue fox
en,1,1,1,acc,,the large blue fox
en,1,1,1,dat,,the large blue fox
en,1,1,1,plural,0,two large blue foxes
en,1,1,1,plural,1,three large blue foxes
en,1,1,1,plural,2,four large blue foxes
en,1,1,1,plural,3,five large blue foxes
en,1,1,1,plural,4,six large blue foxes
en,1,1,1,plural,5,seven large blue foxes
en,1,1,1,plural,6,eight large blue foxes
en,1,1,2,nom,,the young blue fox
en,1,1,2,acc,,the young blue fox
en,1,1,2,dat,,the young blue fox
en,1,1,2,plural,0,two young blue foxes
en,1,1,2,plural,1,three young blue foxes
en,1,1,2,plural,2,four young blue foxes
en,1,1,2,plural,3,five young blue foxes
en,1,1,2,plural,4,six young blue foxes
en,1,1,2,plural,5,seven young blue foxes
en,1,1,2,plural,6,eight young blue foxes
en,1,1,3,nom,,the old blue fox
en,1,1,3,acc,,the old blue fox
en,1,1,3,dat,,the old blue fox
en,1,1,3,plural,0,two old blue foxes
en,1,1,3,plural,1,three old blue foxes
en,1,1,3,plural,2,four old blue foxes
en,1,1,3,plural,3,five old blue foxes
en,1,1,3,plural,4,six old blue foxes
en,1,1,3,plural,5,seven old blue foxes
en,1,1,3,plural,6,eight old blue foxes
en,1,2,0,nom,,the small green fox
en,1,2,0,acc,,the small green fox
en,1,2,0,dat,,the small green fox
en,1,2,0,plural,0,two small green foxes
en,1,2,0,plural,1,three small green foxes
en,1,2,0,plural,2,four small green foxes
en,1,2,0,plural,3,five small green foxes
en,1,2,0,plural,4,six small green foxes
en,1,2,0,plural,5,seven small green foxes
en,1,2,0,plural,6,eight small green foxes
en,1,2,1,nom,,the large green fox
en,1,2,1,acc,,the large green fox
en,1,2,1,dat,,the large green fox
en,1,2,1,plural,0,two large green foxes
en,1,2,1,plural,1,three large green foxes
en,1,2,1,plural,2,four large green foxes
en,1,2,1,plural,3,five large green foxes
en,1,2,1,plural,4,six large green foxes
en,1,2,1,plural,5,seven large green foxes
en,1,2,1,plural,6,eight large green foxes
en,1,2,2,nom,,the young green fox
en,1,2,2,acc,,the young green fox
en,1,2,2,dat,,the young green fox
en,1,2,2,plural,0,two young green foxes
en,1,2,2,plural,1,three young green foxes
en,1,2,2,plural,2,four young green foxes
en,1,2,2,plural,3,five young green foxes
en,1,2,2,plural,4,six young green foxes
en,1,2,2,plural,5,seven young green foxes
en,1,2,2,plural,6,eight young green foxes
en,1,2,3,nom,,the old green fox
en,1,2,3,acc,,the old green fox
en,1,2,3,dat,,the old green fox
en,1,2,3,plural,0,two old green foxes
en,1,2,3,plural,1,three old green foxes
en,1,2,3,plural,2,four old green foxes
en,1,2,3,plural,3,five old green foxes
en,1,2,3,plural,4,six old green foxes
en,1,2,3,plural,5,seven old green foxes
en,1,2,3,plural,6,eight old green foxes
en,1,3,0,nom,,the small yellow fox
en,1,3,0,acc,,the small yellow fox
en,1,3,0,dat,,the small yellow fox
en,1,3,0,plural,0,two small yellow foxes
en,1,3,0,plural,1,three small yellow foxes
en,1,3,0,plural,2,four small yellow foxes
en,1,3,0,plural,3,five small yellow foxes
en,1,3,0,plural,4,six small yellow foxes
en,1,3,0,plural,5,seven small yellow foxes
en,1,3,0,plural,6,eight small yellow foxes
en,1,3,1,nom,,the large yellow fox
en,1,3,1,acc,,the large yellow fox
en,1,3,1,dat,,the large yellow fox
en,1,3,1,plural,0,two large yellow foxes
en,1,3,1,plural,1,three large yellow foxes
en,1,3,1,plural,2,four large yellow foxes
en,1,3,1,plural,3,five large yellow foxes
en,1,3,1,plural,4,six large yellow foxes
en,1,3,1,plural,5,seven large yellow foxes
en,1,3,1,plural,6,eight large yellow foxes
en,1,3,2,nom,,the young yellow fox
en,1,3,2,acc,,the young yellow fox
en,1,3,2,dat,,the young yellow fox
en,1,3,2,plural,0,two young yellow foxes
en,1,3,2,plural,1,three young yellow foxes
en,1,3,2,plural,2,four young yellow foxes
en,1,3,2,plural,3,five young yellow foxes
en,1,3,2,plural,4,six young yellow foxes
en,1,3,2,plural,5,seven young yellow foxes
en,1,3,2,plural,6,eight young yellow foxes
en,1,3,3,nom,,the old yellow fox
en,1,3,3,acc,,the old yellow fox
en,1,3,3,dat,,the old yellow fox
en,1,3,3,plural,0,two old yellow foxes
en,1,3,3,plural,1,three old yellow foxes
en,1,3,3,plural,2,four old yellow foxes
en,1,3,3,plural,3,five old yellow foxes
en,1,3,3,plural,4,six old yellow foxes
en,1,3,3,plural,5,seven old yellow foxes
en,1,3,3,plural,6,eight old yellow foxes
en,1,4,0,nom,,the small black fox
en,1,4,0,acc,,the small black fox
en,1,4,0,dat,,the small black fox
en,1,4,0,plural,0,two small black foxes
en,1,4,0,plural,1,three small black foxes
en,1,4,0,plural,2,four small black foxes
en,1,4,0,plural,3,five small black foxes
en,1,4,0,plural,4,six small black foxes
en,1,4,0,plural,5,seven small black foxes
en,1,4,0,plural,6,eight small black foxes
en,1,4,1,nom,,the large black fox
en,1,4,1,acc,,the large black fox
en,1,4,1,dat,,the large black fox
en,1,4,1,plural,0,two large black foxes
en,1,4,1,plural,1,three large black foxes
en,1,4,1,plural,2,four large black foxes
en,1,4,1,plural,3,five large black foxes
en,1,4,1,plural,4,six large black foxes
en,1,4,1,plural,5,seven large black foxes
en,1,4,1,plural,6,eight large black foxes
en,1,4,2,nom,,the young black fox
en,1,4,2,acc,,the young black fox
en,1,4,2,dat,,the young black fox
en,1,4,2,plural,0,two young black foxes
en,1,4,2,plural,1,three young black foxes
en,1,4,2,plural,2,four young black foxes
en,1,4,2,plural,3,five young black foxes
en,1,4,2,plural,4,six young black foxes
en,1,4,2,plural,5,seven young black foxes
en,1,4,2,plural,6,eight young black foxes
en,1,4,3,nom,,the old black fox
en,1,4,3,acc,,the old black fox
en,1,4,3,dat,,the old black fox
en,1,4,3,plural,0,two old black foxes
en,1,4,3,plural,1,three old black foxes
en,1,4,3,plural,2,four old black foxes
en,1,4,3,plural,3,five old black foxes
en,1,4,3,plural,4,six old black foxes
en,1,4,3,plural,5,seven old black foxes
en,1,4,3,plural,6,eight old black foxes
en,1,5,0,nom,,the small white fox
en,1,5,0,acc,,the small white fox
en,1,5,0,dat,,the small white fox
en,1,5,0,plural,0,two small white foxes
en,1,5,0,plural,1,three small white foxes
en,1,5,0,plural,2,four small white foxes
en,1,5,0,plural,3,five small white foxes
en,1,5,0,plural,4,six small white foxes
en,1,5,0,plural,5,seven small white foxes
en,1,5,0,plural,6,eight small white foxes
en,1,5,1,nom,,the large white fox
en,1,5,1,acc,,the large white fox
en,1,5,1,dat,,the large white fox
en,1,5,1,plural,0,two large white foxes
en,1,5,1,plural,1,three large white foxes
en,1,5,1,plural,2,four large white foxes
en,1,5,1,plural,3,five large white foxes
en,1,5,1,plural,4,six large white foxes
en,1,5,1,plural,5,seven large white foxes
en,1,5,1,plural,6,eight large white foxes
en,1,5,2,nom,,the young white fox
en,1,5,2,acc,,the young white fox
en,1,5,2,dat,,the young white fox
en,1,5,2,plural,0,two young white foxes
en,1,5,2,plural,1,three young white foxes
en,1,5,2,plural,2,four young white foxes
en,1,5,2,plural,3,five young white foxes
en,1,5,2,plural,4,six young white foxes
en,1,5,2,plural,5,seven young white foxes
en,1,5,2,plural,6,eight young white foxes
en,1,5,3,nom,,the old white fox
en,1,5,3,acc,,the old white fox
en,1,5,3,dat,,the old white fox
en,1,5,3,plural,0,two old white foxes
en,1,5,3,plural,1,three old white foxes
en,1,5,3,plural,2,four old white foxes
en,1,5,3,plural,3,five old white foxes
en,1,5,3,plural,4,six old white foxes
en,1,5,3,plural,5,seven old white foxes
en,1,5,3,plural,6,eight old white foxes
en,2,0,0,nom,,the small red bear
en,2,0,0,acc,,the small red bear
en,2,0,0,dat,,the small red bear
en,2,0,0,plural,0,two small red bears
en,2,0,0,plural,1,three small red bears
en,2,0,0,plural,2,four small red bears
en,2,0,0,plural,3,five small red bears
en,2,0,0,plural,4,six small red bears
en,2,0,0,plural,5,seven small red bears
en,2,0,0,plural,6,eight small red bears
en,2,0,1,nom,,the large red bear
en,2,0,1,acc,,the large red bear
en,2,0,1,dat,,the large red bear
en,2,0,1,plural,0,two large red bears
en,2,0,1,plural,1,three large red bears
en,2,0,1,plural,2,four large red bears
en,2,0,1,plural,3,five large red bears
en,2,0,1,plural,4,six large red bears
en,2,0,1,plural,5,seven large red bears
en,2,0,1,plural,6,eight large red bears
en,2,0,2,nom,,the young red bear
en,2,0,2,acc,,the young red bear
en,2,0,2,dat,,the young red bear
en,2,0,2,plural,0,two young red bears
en,2,0,2,plural,1,three young red bears
en,2,0,2,plural,2,four young red bears
en,2,0,2,plural,3,five young red bears
en,2,0,2,plural,4,six young red bears
en,2,0,2,plural,5,seven young red bears
en,2,0,2,plural,6,eight young red bears
en,2,0,3,nom,,the old red bear
en,2,0,3,acc,,the old red bear
en,2,0,3,dat,,the old red bear
en,2,0,3,plural,0,two old red bears
en,2,0,3,plural,1,three old red bears
en,2,0,3,plural,2,four old red bears
en,2,0,3,plural,3,five old red bears
en,2,0,3,plural,4,six old red bears
en,2,0,3,plural,5,seven old red bears
en,2,0,3,plural,6,eight old red bears
en,2,1,0,nom,,the small blue bear
en,2,1,0,acc,,the small blue bear
en,2,1,0,dat,,the small blue bear
en,2,1,0,plural,0,two small blue bears
en,2,1,0,plural,1,three small blue bears
en,2,1,0,plural,2,four small blue bears
en,2,1,0,plural,3,five small blue bears
en,2,1,0,plural,4,six small blue bears
en,2,1,0,plural,5,seven small blue bears
en,2,1,0,plural,6,eight small blue bears
en,2,1,1,nom,,the large blue bear
en,2,1,1,acc,,the large blue bear
en,2,1,1,dat,,the large blue bear
en,2,1,1,plural,0,two large blue bears
en,2,1,1,plural,1,three large blue bears
en,2,1,1,plural,2,four large blue bears
en,2,1,1,plural,3,five large blue bears
en,2,1,1,plural,4,six large blue bears
en,2,1,1,plural,5,seven large blue bears
en,2,1,1,plural,6,eight large blue bears
en,2,1,2,nom,,the young blue bear
en,2,1,2,acc,,the young blue bear
en,2,1,2,dat,,the young blue bear
en,2,1,2,plural,0,two young blue bears
en,2,1,2,plural,1,three young blue bears
en,2,1,2,plural,2,four young blue bears
en,2,1,2,plural,3,five young blue bears
en,2,1,2,plural,4,six young blue bears
en,2,1,2,plural,5,seven young blue bears
en,2,1,2,plural,6,eight young blue bears
en,2,1,3,nom,,the old blue bear
en,2,1,3,acc,,the old blue bear
en,2,1,3,dat,,the old blue bear
en,2,1,3,plural,0,two old blue bears
en,2,1,3,plural,1,three old blue bears
en,2,1,3,plural,2,four old blue bears
en,2,1,3,plural,3,five old blue bears
en,2,1,3,plural,4,six old blue bears
en,2,1,3,plural,5,seven old blue bears
en,2,1,3,plural,6,eight old blue bears
en,2,2,0,nom,,the small green bear
en,2,2,0,acc,,the small green bear
en,2,2,0,dat,,the small green bear
en,2,2,0,plural,0,two small green bears
en,2,2,0,plural,1,three small green bears
en,2,2,0,plural,2,four small green bears
en,2,2,0,plural,3,five small green bears
en,2,2,0,plural,4,six small green bears
en,2,2,0,plural,5,seven small green bears
en,2,2,0,plural,6,eight small green bears
en,2,2,1,nom,,the large green bear
en,2,2,1,acc,,the large green bear
en,2,2,1,dat,,the large green bear
en,2,2,1,plural,0,two large green bears
en,2,2,1,plural,1,three large green bears
en,2,2,1,plural,2,four large green bears
en,2,2,1,plural,3,five large green bears
en,2,2,1,plural,4,six large green bears
en,2,2,1,plural,5,seven large green bears
en,2,2,1,plural,6,eight large green bears
en,2,2,2,nom,,the young green bear
en,2,2,2,acc,,the young green bear
en,2,2,2,dat,,the young green bear
en,2,2,2,plural,0,two young green bears
en,2,2,2,plural,1,three young green bears
en,2,2,2,plural,2,four young green bears
en,2,2,2,plural,3,five young green bears
en,2,2,2,plural,4,six young green bears
en,2,2,2,plural,5,seven young green bears
en,2,2,2,plural,6,eight young green bears
en,2,2,3,nom,,the old green bear
en,2,2,3,acc,,the old green bear
en,2,2,3,dat,,the old green bear
en,2,2,3,plural,0,two old green bears
en,2,2,3,plural,1,three old green bears
en,2,2,3,plural,2,four old green bears
en,2,2,3,plural,3,five old green bears
en,2,2,3,plural,4,six old green bears
en,2,2,3,plural,5,seven old green bears
en,2,2,3,plural,6,eight old green bears
en,2,3,0,nom,,the small yellow bear
en,2,3,0,acc,,the small yellow bear
en,2,3,0,dat,,the small yellow bear
en,2,3,0,plural,0,two small yellow bears
en,2,3,0,plural,1,three small yellow bears
en,2,3,0,plural,2,four small yellow bears
en,2,3,0,plural,3,five small yellow bears
en,2,3,0,plural,4,six small yellow bears
en,2,3,0,plural,5,seven small yellow bears
en,2,3,0,plural,6,eight small yellow bears
en,2,3,1,nom,,the large yellow bear
en,2,3,1,acc,,the large yellow bear
en,2,3,1,dat,,the large yellow bear
en,2,3,1,plural,0,two large yellow bears
en,2,3,1,plural,1,three large yellow bears
en,2,3,1,plural,2,four large yellow bears
en,2,3,1,plural,3,five large yellow bears
en,2,3,1,plural,4,six large yellow bears
en,2,3,1,plural,5,seven large yellow bears
en,2,3,1,plural,6,eight large yellow bears
en,2,3,2,nom,,the young yellow bear
en,2,3,2,acc,,the young yellow bear
en,2,3,2,dat,,the young yellow bear
en,2,3,2,plural,0,two young yellow bears
en,2,3,2,plural,1,three young yellow bears
en,2,3,2,plural,2,four young yellow bears
en,2,3,2,plural,3,five young yellow bears
en,2,3,2,plural,4,six young yellow bears
en,2,3,2,plural,5,seven young yellow bears
en,2,3,2,plural,6,eight young yellow bears
en,2,3,3,nom,,the old yellow bear
en,2,3,3,acc,,the old yellow bear
en,2,3,3,dat,,the old yellow bear
en,2,3,3,plural,0,two old yellow bears
en,2,3,3,plural,1,three old yellow bears
en,2,3,3,plural,2,four old yellow bears
en,2,3,3,plural,3,five old yellow bears
en,2,3,3,plural,4,six old yellow bears
en,2,3,3,plural,5,seven old yellow bears
en,2,3,3,plural,6,eight old yellow bears
en,2,4,0,nom,,the small black bear
en,2,4,0,acc,,the small black bear
en,2,4,0,dat,,the small black bear
en,2,4,0,plural,0,two small black bears
en,2,4,0,plural,1,three small black bears
en,2,4,0,plural,2,four small black bears
en,2,4,0,plural,3,five small black bears
en,2,4,0,plural,4,six small black bears
en,2,4,0,plural,5,seven small black bears
en,2,4,0,plural,6,eight small black bears
en,2,4,1,nom,,the large black bear
en,2,4,1,acc,,the large black bear
en,2,4,1,dat,,the large black bear
en,2,4,1,plural,0,two large black bears
en,2,4,1,plural,1,three large black bears
en,2,4,1,plural,2,four large black bears
en,2,4,1,plural,3,five large black bears
en,2,4,1,plural,4,six large black bears
en,2,4,1,plural,5,seven large black bears
en,2,4,1,plural,6,eight large black bears
en,2,4,2,nom,,the young black bear
en,2,4,2,acc,,the young black bear
en,2,4,2,dat,,the young black bear
en,2,4,2,plural,0,two young black bears
en,2,4,2,plural,1,three young black bears
en,2,4,2,plural,2,four young black bears
en,2,4,2,plural,3,five young black bears
en,2,4,2,plural,4,six young black bears
en,2,4,2,plural,5,seven young black bears
en,2,4,2,plural,6,eight young black bears
en,2,4,3,nom,,the old black bear
en,2,4,3,acc,,the old black bear
en,2,4,3,dat,,the old black bear
en,2,4,3,plural,0,two old black bears
en,2,4,3,plural,1,three old black bears
en,2,4,3,plural,2,four old black bears
en,2,4,3,plural,3,five old black bears
en,2,4,3,plural,4,six old black bears
en,2,4,3,plural,5,seven old black bears
en,2,4,3,plural,6,eight old black bears
en,2,5,0,nom,,the small white bear
en,2,5,0,acc,,the small white bear
en,2,5,0,dat,,the small white bear
en,2,5,0,plural,0,two small white bears
en,2,5,0,plural,1,three small white bears
en,2,5,0,plural,2,four small white bears
en,2,5,0,plural,3,five small white bears
en,2,5,0,plural,4,six small white bears
en,2,5,0,plural,5,seven small white bears
en,2,5,0,plural,6,eight small white bears
en,2,5,1,nom,,the large white bear
en,2,5,1,acc,,the large white bear
en,2,5,1,dat,,the large white bear
en,2,5,1,plural,0,two large white bears
en,2,5,1,plural,1,three large white bears
en,2,5,1,plural,2,four large white bears
en,2,5,1,plural,3,five large white bears
en,2,5,1,plural,4,six large white bears
en,2,5,1,plural,5,seven large white bears
en,2,5,1,plural,6,eight large white bears
en,2,5,2,nom,,the young white bear
en,2,5,2,acc,,the young white bear
en,2,5,2,dat,,the young white bear
en,2,5,2,plural,0,two young white bears
en,2,5,2,plural,1,three young white bears
en,2,5,2,plural,2,four young white bears
en,2,5,2,plural,3,five young white bears
en,2,5,2,plural,4,six young white bears
en,2,5,2,plural,5,seven young white bears
en,2,5,2,plural,6,eight young white bears
en,2,5,3,nom,,the old white bear
en,2,5,3,acc,,the old white bear
en,2,5,3,dat,,the old white bear
en,2,5,3,plural,0,two old white bears
en,2,5,3,plural,1,three old white bears
en,2,5,3,plural,2,four old white bears
en,2,5,3,plural,3,five old white bears
en,2,5,3,plural,4,six old white bears
en,2,5,3,plural,5,seven old white bears
en,2,5,3,plural,6,eight old white bears
en,3,0,0,nom,,the small red lion
en,3,0,0,acc,,the small red lion
en,3,0,0,dat,,the small red lion
en,3,0,0,plural,0,two small red lions
en,3,0,0,plural,1,three small red lions
en,3,0,0,plural,2,four small red lions
en,3,0,0,plural,3,five small red lions
en,3,0,0,plural,4,six small red lions
en,3,0,0,plural,5,seven small red lions
en,3,0,0,plural,6,eight small red lions
en,3,0,1,nom,,the large red lion
en,3,0,1,acc,,the large red lion
en,3,0,1,dat,,the large red lion
en,3,0,1,plural,0,two large red lions
en,3,0,1,plural,1,three large red lions
en,3,0,1,plural,2,four large red lions
en,3,0,1,plural,3,five large red lions
en,3,0,1,plural,4,six large red lions
en,3,0,1,plural,5,seven large red lions
en,3,0,1,plural,6,eight large red lions
en,3,0,2,nom,,the young red lion
en,3,0,2,acc,,the young red lion
en,3,0,2,dat,,the young red lion
en,3,0,2,plural,0,two young red lions
en,3,0,2,plural,1,three young red lions
en,3,0,2,plural,2,four young red lions
en,3,0,2,plural,3,five young red lions
en,3,0,2,plural,4,six young red lions
en,3,0,2,plural,5,seven young red lions
en,3,0,2,plural,6,eight young red lions
en,3,0,3,nom,,the old red lion
en,3,0,3,acc,,the old red lion
en,3,0,3,dat,,the old red lion
en,3,0,3,plural,0,two old red lions
en,3,0,3,plural,1,three old red lions
en,3,0,3,plural,2,four old red lions
en,3,0,3,plural,3,five old red lions
en,3,0,3,plural,4,six old red lions
en,3,0,3,plural,5,seven old red lions
en,3,0,3,plural,6,eight old red lions
en,3,1,0,nom,,the small blue lion
en,3,1,0,acc,,the small blue lion
en,3,1,0,dat,,the small blue lion
en,3,1,0,plural,0,two small blue lions
en,3,1,0,plural,1,three small blue lions
en,3,1,0,plural,2,four small blue lions
en,3,1,0,plural,3,five small blue lions
en,3,1,0,plural,4,six small blue lions
en,3,1,0,plural,5,seven small blue lions
en,3,1,0,plural,6,eight small blue lions
en,3,1,1,nom,,the large blue lion
en,3,1,1,acc,,the large blue lion
en,3,1,1,dat,,the large blue lion
en,3,1,1,plural,0,two large blue lions
en,3,1,1,plural,1,three large blue lions
en,3,1,1,plural,2,four large blue lions
en,3,1,1,plural,3,five large blue lions
en,3,1,1,plural,4,six large blue lions
en,3,1,1,plural,5,seven large blue lions
en,3,1,1,plural,6,eight large blue lions
en,3,1,2,nom,,the young blue lion
en,3,1,2,acc,,the young blue lion
en,3,1,2,dat,,the young blue lion
en,3,1,2,plural,0,two young blue lions
en,3,1,2,plural,1,three young blue lions
en,3,1,2,plural,2,four young blue lions
en,3,1,2,plural,3,five young blue lions
en,3,1,2,plural,4,six young blue lions
en,3,1,2,plural,5,seven young blue lions
en,3,1,2,plural,6,eight young blue lions
en,3,1,3,nom,,the old blue lion
en,3,1,3,acc,,the old blue lion
en,3,1,3,dat,,the old blue lion
en,3,1,3,plural,0,two old blue lions
en,3,1,3,plural,1,three old blue lions
en,3,1,3,plural,2,four old blue lions
en,3,1,3,plural,3,five old blue lions
en,3,1,3,plural,4,six old blue lions
en,3,1,3,plural,5,seven old blue lions
en,3,1,3,plural,6,eight old blue lions
en,3,2,0,nom,,the small green lion
en,3,2,0,acc,,the small green lion
en,3,2,0,dat,,the small green lion
en,3,2,0,plural,0,two small green lions
en,3,2,0,plural,1,three small green lions
en,3,2,0,plural,2,four small green lions
en,3,2,0,plural,3,five small green lions
en,3,2,0,plural,4,six small green lions
en,3,2,0,plural,5,seven small green lions
en,3,2,0,plural,6,eight small green lions
en,3,2,1,nom,,the large green lion
en,3,2,1,acc,,the large green lion
en,3,2,1,dat,,the large green lion
en,3,2,1,plural,0,two large green lions
en,3,2,1,plural,1,three large green lions
en,3,2,1,plural,2,four large green lions
en,3,2,1,plural,3,five large green lions
en,3,2,1,plural,4,six large green lions
en,3,2,1,plural,5,seven large green lions
en,3,2,1,plural,6,eight large green lions
en,3,2,2,nom,,the young green lion
en,3,2,2,acc,,the young green lion
en,3,2,2,dat,,the young green lion
en,3,2,2,plural,0,two young green lions
en,3,2,2,plural,1,three young green lions
en,3,2,2,plural,2,four young green lions
en,3,2,2,plural,3,five young green lions
en,3,2,2,plural,4,six young green lions
en,3,2,2,plural,5,seven young green lions
en,3,2,2,plural,6,eight young green lions
en,3,2,3,nom,,the old green lion
en,3,2,3,acc,,the old green lion
en,3,2,3,dat,,the old green lion
en,3,2,3,plural,0,two old green lions
en,3,2,3,plural,1,three old green lions
en,3,2,3,plural,2,four old green lions
en,3,2,3,plural,3,five old green lions
en,3,2,3,plural,4,six old green lions
en,3,2,3,plural,5,seven old green lions
en,3,2,3,plural,6,eight old green lions
en,3,3,0,nom,,the small yellow lion
en,3,3,0,acc,,the small yellow lion
en,3,3,0,dat,,the small yellow lion
en,3,3,0,plural,0,two small yellow lions
en,3,3,0,plural,1,three small yellow lions
en,3,3,0,plural,2,four small yellow lions
en,3,3,0,plural,3,five small yellow lions
en,3,3,0,plural,4,six small yellow lions
en,3,3,0,plural,5,seven small yellow lions
en,3,3,0,plural,6,eight small yellow lions
en,3,3,1,nom,,the large yellow lion
en,3,3,1,acc,,the large yellow lion
en,3,3,1,dat,,the large yellow lion
en,3,3,1,plural,0,two large yellow lions
en,3,3,1,plural,1,three large yellow lions
en,3,3,1,plural,2,four large yellow lions
en,3,3,1,plural,3,five large yellow lions
en,3,3,1,plural,4,six large yellow lions
en,3,3,1,plural,5,seven large yellow lions
en,3,3,1,plural,6,eight large yellow lions
en,3,3,2,nom,,the young yellow lion
en,3,3,2,acc,,the young yellow lion
en,3,3,2,dat,,the young yellow lion
en,3,3,2,plural,0,two young yellow lions
en,3,3,2,plural,1,three young yellow lions
en,3,3,2,plural,2,four young yellow lions
en,3,3,2,plural,3,five young yellow lions
en,3,3,2,plural,4,six young yellow lions
en,3,3,2,plural,5,seven young yellow lions
en,3,3,2,plural,6,eight young yellow lions
en,3,3,3,nom,,the old yellow lion
en,3,3,3,acc,,the old yellow lion
en,3,3,3,dat,,the old yellow lion
en,3,3,3,plural,0,two old yellow lions
en,3,3,3,plural,1,three old yellow lions
en,3,3,3,plural,2,four old yellow lions
en,3,3,3,plural,3,five old yellow lions
en,3,3,3,plural,4,six old yellow lions
en,3,3,3,plural,5,seven old yellow lions
en,3,3,3,plural,6,eight old yellow lions
en,3,4,0,nom,,the small black lion
en,3,4,0,acc,,the small black lion
en,3,4,0,dat,,the small black lion
en,3,4,0,plural,0,two small black lions
en,3,4,0,plural,1,three small black lions
en,3,4,0,plural,2,four small black lions
en,3,4,0,plural,3,five small black lions
en,3,4,0,plural,4,six small black lions
en,3,4,0,plural,5,seven small black lions
en,3,4,0,plural,6,eight small black lions
en,3,4,1,nom,,the large black lion
en,3,4,1,acc,,the large black lion
en,3,4,1,dat,,the large black lion
en,3,4,1,plural,0,two large black lions
en,3,4,1,plural,1,three large black lions
en,3,4,1,plural,2,four large black lions
en,3,4,1,plural,3,five large black lions
en,3,4,1,plural,4,six large black lions
en,3,4,1,plural,5,seven large black lions
en,3,4,1,plural,6,eight large black lions
en,3,4,2,nom,,the young black lion
en,3,4,2,acc,,the young black lion
en,3,4,2,dat,,the young black lion
en,3,4,2,plural,0,two young black lions
en,3,4,2,plural,1,three young black lions
en,3,4,2,plural,2,four young black lions
en,3,4,2,plural,3,five young black lions
en,3,4,2,plural,4,six young black lions
en,3,4,2,plural,5,seven young black lions
en,3,4,2,plural,6,eight young black lions
en,3,4,3,nom,,the old black lion
en,3,4,3,acc,,the old black lion
en,3,4,3,dat,,the old black lion
en,3,4,3,plural,0,two old black lions
en,3,4,3,plural,1,three old black lions
en,3,4,3,plural,2,four old black lions
en,3,4,3,plural,3,five old black lions
en,3,4,3,plural,4,six old black lions
en,3,4,3,plural,5,seven old black lions
en,3,4,3,plural,6,eight old black lions
en,3,5,0,nom,,the small white lion
en,3,5,0,acc,,the small white lion
en,3,5,0,dat,,the small white lion
en,3,5,0,plural,0,two small white lions
en,3,5,0,plural,1,three small white lions
en,3,5,0,plural,2,four small white lions
en,3,5,0,plural,3,five small white lions
en,3,5,0,plural,4,six small white lions
en,3,5,0,plural,5,seven small white lions
en,3,5,0,plural,6,eight small white lions
en,3,5,1,nom,,the large white lion
en,3,5,1,acc,,the large white lion
en,3,5,1,dat,,the large white lion
en,3,5,1,plural,0,two large white lions
en,3,5,1,plural,1,three large white lions
en,3,5,1,plural,2,four large white lions
en,3,5,1,plural,3,five large white lions
en,3,5,1,plural,4,six large white lions
en,3,5,1,plural,5,seven large white lions
en,3,5,1,plural,6,eight large white lions
en,3,5,2,nom,,the young white lion
en,3,5,2,acc,,the young white lion
en,3,5,2,dat,,the young white lion
en,3,5,2,plural,0,two young white lions
en,3,5,2,plural,1,three young white lions
en,3,5,2,plural,2,four young white lions
en,3,5,2,plural,3,five young white lions
en,3,5,2,plural,4,six young white lions
en,3,5,2,plural,5,seven young white lions
en,3,5,2,plural,6,eight young white lions
en,3,5,3,nom,,the old white lion
en,3,5,3,acc,,the old white lion
en,3,5,3,dat,,the old white lion
en,3,5,3,plural,0,two old white lions
en,3,5,3,plural,1,three old white lions
en,3,5,3,plural,2,four old white lions
en,3,5,3,plural,3,five old white lions
en,3,5,3,plural,4,six old white lions
en,3,5,3,plural,5,seven old white lions
en,3,5,3,plural,6,eight old white lions
en,4,0,0,nom,,the small red cat
en,4,0,0,acc,,the small red cat
en,4,0,0,dat,,the small red cat
en,4,0,0,plural,0,two small red cats
en,4,0,0,plural,1,three small red cats
en,4,0,0,plural,2,four small red cats
en,4,0,0,plural,3,five small red cats
en,4,0,0,plural,4,six small red cats
en,4,0,0,plural,5,seven small red cats
en,4,0,0,plural,6,eight small red cats
en,4,0,1,nom,,the large red cat
en,4,0,1,acc,,the large red cat
en,4,0,1,dat,,the large red cat
en,4,0,1,plural,0,two large red cats
en,4,0,1,plural,1,three large red cats
en,4,0,1,plural,2,four large red cats
en,4,0,1,plural,3,five large red cats
en,4,0,1,plural,4,six large red cats
en,4,0,1,plural,5,seven large red cats
en,4,0,1,plural,6,eight large red cats
en,4,0,2,nom,,the young red cat
en,4,0,2,acc,,the young red cat
en,4,0,2,dat,,the young red cat
en,4,0,2,plural,0,two young red cats
en,4,0,2,plural,1,three young red cats
en,4,0,2,plural,2,four young red cats
en,4,0,2,plural,3,five young red cats
en,4,0,2,plural,4,six young red cats
en,4,0,2,plural,5,seven young red cats
en,4,0,2,plural,6,eight young red cats
en,4,0,3,nom,,the old red cat
en,4,0,3,acc,,the old red cat
en,4,0,3,dat,,the old red cat
en,4,0,3,plural,0,two old red cats
en,4,0,3,plural,1,three old red cats
en,4,0,3,plural,2,four old red cats
en,4,0,3,plural,3,five old red cats
en,4,0,3,plural,4,six old red cats
en,4,0,3,plural,5,seven old red cats
en,4,0,3,plural,6,eight old red cats
en,4,1,0,nom,,the small blue cat
en,4,1,0,acc,,the small blue cat
en,4,1,0,dat,,the small blue cat
en,4,1,0,plural,0,two small blue cats
en,4,1,0,plural,1,three small blue cats
en,4,1,0,plural,2,four small blue cats
en,4,1,0,plural,3,five small blue cats
en,4,1,0,plural,4,six small blue cats
en,4,1,0,plural,5,seven small blue cats
en,4,1,0,plural,6,eight small blue cats
en,4,1,1,nom,,the large blue cat
en,4,1,1,acc,,the large blue cat
en,4,1,1,dat,,the large blue cat
en,4,1,1,plural,0,two large blue cats
en,4,1,1,plural,1,three large blue cats
en,4,1,1,plural,2,four large blue cats
en,4,1,1,plural,3,five large blue cats
en,4,1,1,plural,4,six large blue cats
en,4,1,1,plural,5,seven large blue cats
en,4,1,1,plural,6,eight large blue cats
en,4,1,2,nom,,the young blue cat
en,4,1,2,acc,,the young blue cat
en,4,1,2,dat,,the young blue cat
en,4,1,2,plural,0,two young blue cats
en,4,1,2,plural,1,three young blue cats
en,4,1,2,plural,2,four young blue cats
en,4,1,2,plural,3,five young blue cats
en,4,1,2,plural,4,six young blue cats
en,4,1,2,plural,5,seven young blue cats
en,4,1,2,plural,6,eight young blue cats
en,4,1,3,nom,,the old blue cat
en,4,1,3,acc,,the old blue cat
en,4,1,3,dat,,the old blue cat
en,4,1,3,plural,0,two old blue cats
en,4,1,3,plural,1,three old blue cats
en,4,1,3,plural,2,four old blue cats
en,4,1,3,plural,3,five old blue cats
en,4,1,3,plural,4,six old blue cats
en,4,1,3,plural,5,seven old blue cats
en,4,1,3,plural,6,eight old blue cats
en,4,2,0,nom,,the small green cat
en,4,2,0,acc,,the small green cat
en,4,2,0,dat,,the small green cat
en,4,2,0,plural,0,two small green cats
en,4,2,0,plural,1,three small green cats
en,4,2,0,plural,2,four small green cats
en,4,2,0,plural,3,five small green cats
en,4,2,0,plural,4,six small green cats
en,4,2,0,plural,5,seven small green cats
en,4,2,0,plural,6,eight small green cats
en,4,2,1,nom,,the large green cat
en,4,2,1,acc,,the large green cat
en,4,2,1,dat,,the large green cat
en,4,2,1,plural,0,two large green cats
en,4,2,1,plural,1,three large green cats
en,4,2,1,plural,2,four large green cats
en,4,2,1,plural,3,five large green cats
en,4,2,1,plural,4,six large green cats
en,4,2,1,plural,5,seven large green cats
en,4,2,1,plural,6,eight large green cats
en,4,2,2,nom,,the young green cat
en,4,2,2,acc,,the young green cat
en,4,2,2,dat,,the young green cat
en,4,2,2,plural,0,two young green cats
en,4,2,2,plural,1,three young green cats
en,4,2,2,plural,2,four young green cats
en,4,2,2,plural,3,five young green cats
en,4,2,2,plural,4,six young green cats
en,4,2,2,plural,5,seven young green cats
en,4,2,2,plural,6,eight young green cats
en,4,2,3,nom,,the old green cat
en,4,2,3,acc,,the old green cat
en,4,2,3,dat,,the old green cat
en,4,2,3,plural,0,two old green cats
en,4,2,3,plural,1,three old green cats
en,4,2,3,plural,2,four old green cats
en,4,2,3,plural,3,five old green cats
en,4,2,3,plural,4,six old green cats
en,4,2,3,plural,5,seven old green cats
en,4,2,3,plural,6,eight old green cats
en,4,3,0,nom,,the small yellow cat
en,4,3,0,acc,,the small yellow cat
en,4,3,0,dat,,the small yellow cat
en,4,3,0,plural,0,two small yellow cats
en,4,3,0,plural,1,three small yellow cats
en,4,3,0,plural,2,four small yellow cats
en,4,3,0,plural,3,five small yellow cats
en,4,3,0,plural,4,six small yellow cats
en,4,3,0,plural,5,seven small yellow cats
en,4,3,0,plural,6,eight small yellow cats
en,4,3,1,nom,,the large yellow cat
en,4,3,1,acc,,the large yellow cat
en,4,3,1,dat,,the large yellow cat
en,4,3,1,plural,0,two large yellow cats
en,4,3,1,plural,1,three large yellow cats
en,4,3,1,plural,2,four large yellow cats
en,4,3,1,plural,3,five large yellow cats
en,4,3,1,plural,4,six large yellow cats
en,4,3,1,plural,5,seven large yellow cats
en,4,3,1,plural,6,eight large yellow cats
en,4,3,2,nom,,the young yellow cat
en,4,3,2,acc,,the young yellow cat
en,4,3,2,dat,,the young yellow cat
en,4,3,2,plural,0,two young yellow cats
en,4,3,2,plural,1,three young yellow cats
en,4,3,2,plural,2,four young yellow cats
en,4,3,2,plural,3,five young yellow cats
en,4,3,2,plural,4,six young yellow cats
en,4,3,2,plural,5,seven young yellow cats
en,4,3,2,plural,6,eight young yellow cats
en,4,3,3,nom,,the old yellow cat
en,4,3,3,acc,,the old yellow cat
en,4,3,3,dat,,the old yellow cat
en,4,3,3,plural,0,two old yellow cats
en,4,3,3,plural,1,three old yellow cats
en,4,3,3,plural,2,four old yellow cats
en,4,3,3,plural,3,five old yellow cats
en,4,3,3,plural,4,six old yellow cats
en,4,3,3,plural,5,seven old yellow cats
en,4,3,3,plural,6,eight old yellow cats
en,4,4,0,nom,,the small black cat
en,4,4,0,acc,,the small black cat
en,4,4,0,dat,,the small black cat
en,4,4,0,plural,0,two small black cats
en,4,4,0,plural,1,three small black cats
en,4,4,0,plural,2,four small black cats
en,4,4,0,plural,3,five small black cats
en,4,4,0,plural,4,six small black cats
en,4,4,0,plural,5,seven small black cats
en,4,4,0,plural,6,eight small black cats
en,4,4,1,nom,,the large black cat
en,4,4,1,acc,,the large black cat
en,4,4,1,dat,,the large black cat
en,4,4,1,plural,0,two large black cats
en,4,4,1,plural,1,three large black cats
en,4,4,1,plural,2,four large black cats
en,4,4,1,plural,3,five large black cats
en,4,4,1,plural,4,six large black cats
en,4,4,1,plural,5,seven large black cats
en,4,4,1,plural,6,eight large black cats
en,4,4,2,nom,,the young black cat
en,4,4,2,acc,,the young black cat
en,4,4,2,dat,,the young black cat
en,4,4,2,plural,0,two young black cats
en,4,4,2,plural,1,three young black cats
en,4,4,2,plural,2,four young black cats
en,4,4,2,plural,3,five young black cats
en,4,4,2,plural,4,six young black cats
en,4,4,2,plural,5,seven young black cats
en,4,4,2,plural,6,eight young black cats
en,4,4,3,nom,,the old black cat
en,4,4,3,acc,,the old black cat
en,4,4,3,dat,,the old black cat
en,4,4,3,plural,0,two old black cats
en,4,4,3,plural,1,three old black cats
en,4,4,3,plural,2,four old black cats
en,4,4,3,plural,3,five old black cats
en,4,4,3,plural,4,six old black cats
en,4,4,3,plural,5,seven old black cats
en,4,4,3,plural,6,eight old black cats
en,4,5,0,nom,,the small white cat
en,4,5,0,acc,,the small white cat
en,4,5,0,dat,,the small white cat
en,4,5,0,plural,0,two small white cats
en,4,5,0,plural,1,three small white cats
en,4,5,0,plural,2,four small white cats
en,4,5,0,plural,3,five small white cats
en,4,5,0,plural,4,six small white cats
en,4,5,0,plural,5,seven small white cats
en,4,5,0,plural,6,eight small white cats
en,4,5,1,nom,,the large white cat
en,4,5,1,acc,,the large white cat
en,4,5,1,dat,,the large white cat
en,4,5,1,plural,0,two large white cats
en,4,5,1,plural,1,three large white cats
en,4,5,1,plural,2,four large white cats
en,4,5,1,plural,3,five large white cats
en,4,5,1,plural,4,six large white cats
en,4,5,1,plural,5,seven large white cats
en,4,5,1,plural,6,eight large white cats
en,4,5,2,nom,,the young white cat
en,4,5,2,acc,,the young white cat
en,4,5,2,dat,,the young white cat
en,4,5,2,plural,0,two young white cats
en,4,5,2,plural,1,three young white cats
en,4,5,2,plural,2,four young white cats
en,4,5,2,plural,3,five young white cats
en,4,5,2,plural,4,six young white cats
en,4,5,2,plural,5,seven young white cats
en,4,5,2,plural,6,eight young white cats
en,4,5,3,nom,,the old white cat
en,4,5,3,acc,,the old white cat
en,4,5,3,dat,,the old white cat
en,4,5,3,plural,0,two old white cats
en,4,5,3,plural,1,three old white cats
en,4,5,3,plural,2,four old white cats
en,4,5,3,plural,3,five old white cats
en,4,5,3,plural,4,six old white cats
en,4,5,3,plural,5,seven old white cats
en,4,5,3,plural,6,eight old white cats
en,5,0,0,nom,,the small red mouse
en,5,0,0,acc,,the small red mouse
en,5,0,0,dat,,the small red mouse
en,5,0,0,plural,0,two small red mice
en,5,0,0,plural,1,three small red mice
en,5,0,0,plural,2,four small red mice
en,5,0,0,plural,3,five small red mice
en,5,0,0,plural,4,six small red mice
en,5,0,0,plural,5,seven small red mice
en,5,0,0,plural,6,eight small red mice
en,5,0,1,nom,,the large red mouse
en,5,0,1,acc,,the large red mouse
en,5,0,1,dat,,the large red mouse
en,5,0,1,plural,0,two large red mice
en,5,0,1,plural,1,three large red mice
en,5,0,1,plural,2,four large red mice
en,5,0,1,plural,3,five large red mice
en,5,0,1,plural,4,six large red mice
en,5,0,1,plural,5,seven large red mice
en,5,0,1,plural,6,eight large red mice
en,5,0,2,nom,,the young red mouse
en,5,0,2,acc,,the young red mouse
en,5,0,2,dat,,the young red mouse
en,5,0,2,plural,0,two young red mice
en,5,0,2,plural,1,three young red mice
en,5,0,2,plural,2,four young red mice
en,5,0,2,plural,3,five young red mice
en,5,0,2,plural,4,six young red mice
en,5,0,2,plural,5,seven young red mice
en,5,0,2,plural,6,eight young red mice
en,5,0,3,nom,,the old red mouse
en,5,0,3,acc,,the old red mouse
en,5,0,3,dat,,the old red mouse
en,5,0,3,plural,0,two old red mice
en,5,0,3,plural,1,three old red mice
en,5,0,3,plural,2,four old red mice
en,5,0,3,plural,3,five old red mice
en,5,0,3,plural,4,six old red mice
en,5,0,3,plural,5,seven old red mice
en,5,0,3,plural,6,eight old red mice
en,5,1,0,nom,,the small blue mouse
en,5,1,0,acc,,the small blue mouse
en,5,1,0,dat,,the small blue mouse
en,5,1,0,plural,0,two small blue mice
en,5,1,0,plural,1,three small blue mice
en,5,1,0,plural,2,four small blue mice
en,5,1,0,plural,3,five small blue mice
en,5,1,0,plural,4,six small blue mice
en,5,1,0,plural,5,seven small blue mice
en,5,1,0,plural,6,eight small blue mice
en,5,1,1,nom,,the large blue mouse
en,5,1,1,acc,,the large blue mouse
en,5,1,1,dat,,the large blue mouse
en,5,1,1,plural,0,two large blue mice
en,5,1,1,plural,1,three large blue mice
en,5,1,1,plural,2,four large blue mice
en,5,1,1,plural,3,five large blue mice
en,5,1,1,plural,4,six large blue mice
en,5,1,1,plural,5,seven large blue mice
en,5,1,1,plural,6,eight large blue mice
en,5,1,2,nom,,the young blue mouse
en,5,1,2,acc,,the young blue mouse
en,5,1,2,dat,,the young blue mouse
en,5,1,2,plural,0,two young blue mice
en,5,1,2,plural,1,three young blue mice
en,5,1,2,plural,2,four young blue mice
en,5,1,2,plural,3,five young blue mice
en,5,1,2,plural,4,six young blue mice
en,5,1,2,plural,5,seven young blue mice
en,5,1,2,plural,6,eight young blue mice
en,5,1,3,nom,,the old blue mouse
en,5,1,3,acc,,the old blue mouse
en,5,1,3,dat,,the old blue mouse
en,5,1,3,plural,0,two old blue mice
en,5,1,3,plural,1,three old blue mice
en,5,1,3,plural,2,four old blue mice
en,5,1,3,plural,3,five old blue mice
en,5,1,3,plural,4,six old blue mice
en,5,1,3,plural,5,seven old blue mice
en,5,1,3,plural,6,eight old blue mice
en,5,2,0,nom,,the small green mouse
en,5,2,0,acc,,the small green mouse
en,5,2,0,dat,,the small green mouse
en,5,2,0,plural,0,two small green mice
en,5,2,0,plural,1,three small green mice
en,5,2,0,plural,2,four small green mice
en,5,2,0,plural,3,five small green mice
en,5,2,0,plural,4,six small green mice
en,5,2,0,plural,5,seven small green mice
en,5,2,0,plural,6,eight small green mice
en,5,2,1,nom,,the large green mouse
en,5,2,1,acc,,the large green mouse
en,5,2,1,dat,,the large green mouse
en,5,2,1,plural,0,two large green mice
en,5,2,1,plural,1,three large green mice
en,5,2,1,plural,2,four large green mice
en,5,2,1,plural,3,five large green mice
en,5,2,1,plural,4,six large green mice
en,5,2,1,plural,5,seven large green mice
en,5,2,1,plural,6,eight large green mice
en,5,2,2,nom,,the young green mouse
en,5,2,2,acc,,the young green mouse
en,5,2,2,dat,,the young green mouse
en,5,2,2,plural,0,two young green mice
en,5,2,2,plural,1,three young green mice
en,5,2,2,plural,2,four young green mice
en,5,2,2,plural,3,five young green mice
en,5,2,2,plural,4,six young green mice
en,5,2,2,plural,5,seven young green mice
en,5,2,2,plural,6,eight young green mice
en,5,2,3,nom,,the old green mouse
en,5,2,3,acc,,the old green mouse
en,5,2,3,dat,,the old green mouse
en,5,2,3,plural,0,two old green mice
en,5,2,3,plural,1,three old green mice
en,5,2,3,plural,2,four old green mice
en,5,2,3,plural,3,five old green mice
en,5,2,3,plural,4,six old green mice
en,5,2,3,plural,5,seven old green mice
en,5,2,3,plural,6,eight old green mice
en,5,3,0,nom,,the small yellow mouse
en,5,3,0,acc,,the small yellow mouse
en,5,3,0,dat,,the small yellow mouse
en,5,3,0,plural,0,two small yellow mice
en,5,3,0,plural,1,three small yellow mice
en,5,3,0,plural,2,four small yellow mice
en,5,3,0,plural,3,five small yellow mice
en,5,3,0,plural,4,six small yellow mice
en,5,3,0,plural,5,seven small yellow mice
en,5,3,0,plural,6,eight small yellow mice
en,5,3,1,nom,,the large yellow mouse
en,5,3,1,acc,,the large yellow mouse
en,5,3,1,dat,,the large yellow mouse
en,5,3,1,plural,0,two large yellow mice
en,5,3,1,plural,1,three large yellow mice
en,5,3,1,plural,2,four large yellow mice
en,5,3,1,plural,3,five large yellow mice
en,5,3,1,plural,4,six large yellow mice
en,5,3,1,plural,5,seven large yellow mice
en,5,3,1,plural,6,eight large yellow mice
en,5,3,2,nom,,the young yellow mouse
en,5,3,2,acc,,the young yellow mouse
en,5,3,2,dat,,the young yellow mouse
en,5,3,2,plural,0,two young yellow mice
en,5,3,2,plural,1,three young yellow mice
en,5,3,2,plural,2,four young yellow mice
en,5,3,2,plural,3,five young yellow mice
en,5,3,2,plural,4,six young yellow mice
en,5,3,2,plural,5,seven young yellow mice
en,5,3,2,plural,6,eight young yellow mice
en,5,3,3,nom,,the old yellow mouse
en,5,3,3,acc,,the old yellow mouse
en,5,3,3,dat,,the old yellow mouse
en,5,3,3,plural,0,two old yellow mice
en,5,3,3,plural,1,three old yellow mice
en,5,3,3,plural,2,four old yellow mice
en,5,3,3,plural,3,five old yellow mice
en,5,3,3,plural,4,six old yellow mice
en,5,3,3,plural,5,seven old yellow mice
en,5,3,3,plural,6,eight old yellow mice
en,5,4,0,nom,,the small black mouse
en,5,4,0,acc,,the small black mouse
en,5,4,0,dat,,the small black mouse
en,5,4,0,plural,0,two small black mice
en,5,4,0,plural,1,three small black mice
en,5,4,0,plural,2,four small black mice
en,5,4,0,plural,3,five small black mice
en,5,4,0,plural,4,six small black mice
en,5,4,0,plural,5,seven small black mice
en,5,4,0,plural,6,eight small black mice
en,5,4,1,nom,,the large black mouse
en,5,4,1,acc,,the large black mouse
en,5,4,1,dat,,the large black mouse
en,5,4,1,plural,0,two large black mice
en,5,4,1,plural,1,three large black mice
en,5,4,1,plural,2,four large black mice
en,5,4,1,plural,3,five large black mice
en,5,4,1,plural,4,six large black mice
en,5,4,1,plural,5,seven large black mice
en,5,4,1,plural,6,eight large black mice
en,5,4,2,nom,,the young black mouse
en,5,4,2,acc,,the young black mouse
en,5,4,2,dat,,the young black mouse
en,5,4,2,plural,0,two young black mice
en,5,4,2,plural,1,three young black mice
en,5,4,2,plural,2,four young black mice
en,5,4,2,plural,3,five young black mice
en,5,4,2,plural,4,six young black mice
en,5,4,2,plural,5,seven young black mice
en,5,4,2,plural,6,eight young black mice
en,5,4,3,nom,,the old black mouse
en,5,4,3,acc,,the old black mouse
en,5,4,3,dat,,the old black mouse
en,5,4,3,plural,0,two old black mice
en,5,4,3,plural,1,three old black mice
en,5,4,3,plural,2,four old black mice
en,5,4,3,plural,3,five old black mice
en,5,4,3,plural,4,six old black mice
en,5,4,3,plural,5,seven old black mice
en,5,4,3,plural,6,eight old black mice
en,5,5,0,nom,,the small white mouse
en,5,5,0,acc,,the small white mouse
en,5,5,0,dat,,the small white mouse
en,5,5,0,plural,0,two small white mice
en,5,5,0,plural,1,three small white mice
en,5,5,0,plural,2,four small white mice
en,5,5,0,plural,3,five small white mice
en,5,5,0,plural,4,six small white mice
en,5,5,0,plural,5,seven small white mice
en,5,5,0,plural,6,eight small white mice
en,5,5,1,nom,,the large white mouse
en,5,5,1,acc,,the large white mouse
en,5,5,1,dat,,the large white mouse
en,5,5,1,plural,0,two large white mice
en,5,5,1,plural,1,three large white mice
en,5,5,1,plural,2,four large white mice
en,5,5,1,plural,3,five large white mice
en,5,5,1,plural,4,six large white mice
en,5,5,1,plural,5,seven large white mice
en,5,5,1,plural,6,eight large white mice
en,5,5,2,nom,,the young white mouse
en,5,5,2,acc,,the young white mouse
en,5,5,2,dat,,the young white mouse
en,5,5,2,plural,0,two young white mice
en,5,5,2,plural,1,three young white mice
en,5,5,2,plural,2,four young white mice
en,5,5,2,plural,3,five young white mice
en,5,5,2,plural,4,six young white mice
en,5,5,2,plural,5,seven young white mice
en,5,5,2,plural,6,eight young white mice
en,5,5,3,nom,,the old white mouse
en,5,5,3,acc,,the old white mouse
en,5,5,3,dat,,the old white mouse
en,5,5,3,plural,0,two old white mice
en,5,5,3,plural,1,three old white mice
en,5,5,3,plural,2,four old white mice
en,5,5,3,plural,3,five old white mice
en,5,5,3,plural,4,six old white mice
en,5,5,3,plural,5,seven old white mice
en,5,5,3,plural,6,eight old white mice
en,6,0,0,nom,,the small red cow
en,6,0,0,acc,,the small red cow
en,6,0,0,dat,,the small red cow
en,6,0,0,plural,0,two small red cows
en,6,0,0,plural,1,three small red cows
en,6,0,0,plural,2,four small red cows
en,6,0,0,plural,3,five small red cows
en,6,0,0,plural,4,six small red cows
en,6,0,0,plural,5,seven small red cows
en,6,0,0,plural,6,eight small red cows
en,6,0,1,nom,,the large red cow
en,6,0,1,acc,,the large red cow
en,6,0,1,dat,,the large red cow
en,6,0,1,plural,0,two large red cows
en,6,0,1,plural,1,three large red cows
en,6,0,1,plural,2,four large red cows
en,6,0,1,plural,3,five large red cows
en,6,0,1,plural,4,six large red cows
en,6,0,1,plural,5,seven large red cows
en,6,0,1,plural,6,eight large red cows
en,6,0,2,nom,,the young red cow
en,6,0,2,acc,,the young red cow
en,6,0,2,dat,,the young red cow
en,6,0,2,plural,0,two young red cows
en,6,0,2,plural,1,three young red cows
en,6,0,2,plural,2,four young red cows
en,6,0,2,plural,3,five young red cows
en,6,0,2,plural,4,six young red cows
en,6,0,2,plural,5,seven young red cows
en,6,0,2,plural,6,eight young red cows
en,6,0,3,nom,,the old red cow
en,6,0,3,acc,,the old red cow
en,6,0,3,dat,,the old red cow
en,6,0,3,plural,0,two old red cows
en,6,0,3,plural,1,three old red cows
en,6,0,3,plural,2,four old red cows
en,6,0,3,plural,3,five old red cows
en,6,0,3,plural,4,six old red cows
en,6,0,3,plural,5,seven old red cows
en,6,0,3,plural,6,eight old red cows
en,6,1,0,nom,,the small blue cow
en,6,1,0,acc,,the small blue cow
en,6,1,0,dat,,the small blue cow
en,6,1,0,plural,0,two small blue cows
en,6,1,0,plural,1,three small blue cows
en,6,1,0,plural,2,four small blue cows
en,6,1,0,plural,3,five small blue cows
en,6,1,0,plural,4,six small blue cows
en,6,1,0,plural,5,seven small blue cows
en,6,1,0,plural,6,eight small blue cows
en,6,1,1,nom,,the large blue cow
en,6,1,1,acc,,the large blue cow
en,6,1,1,dat,,the large blue cow
en,6,1,1,plural,0,two large blue cows
en,6,1,1,plural,1,three large blue cows
en,6,1,1,plural,2,four large blue cows
en,6,1,1,plural,3,five large blue cows
en,6,1,1,plural,4,six large blue cows
en,6,1,1,plural,5,seven large blue cows
en,6,1,1,plural,6,eight large blue cows
en,6,1,2,nom,,the young blue cow
en,6,1,2,acc,,the young blue cow
en,6,1,2,dat,,the young blue cow
en,6,1,2,plural,0,two young blue cows
en,6,1,2,plural,1,three young blue cows
en,6,1,2,plural,2,four young blue cows
en,6,1,2,plural,3,five young blue cows
en,6,1,2,plural,4,six young blue cows
en,6,1,2,plural,5,seven young blue cows
en,6,1,2,plural,6,eight young blue cows
en,6,1,3,nom,,the old blue cow
en,6,1,3,acc,,the old blue cow
en,6,1,3,dat,,the old blue cow
en,6,1,3,plural,0,two old blue cows
en,6,1,3,plural,1,three old blue cows
en,6,1,3,plural,2,four old blue cows
en,6,1,3,plural,3,five old blue cows
en,6,1,3,plural,4,six old blue cows
en,6,1,3,plural,5,seven old blue cows
en,6,1,3,plural,6,eight old blue cows
en,6,2,0,nom,,the small green cow
en,6,2,0,acc,,the small green cow
en,6,2,0,dat,,the small green cow
en,6,2,0,plural,0,two small green cows
en,6,2,0,plural,1,three small green cows
en,6,2,0,plural,2,four small green cows
en,6,2,0,plural,3,five small green cows
en,6,2,0,plural,4,six small green cows
en,6,2,0,plural,5,seven small green cows
en,6,2,0,plural,6,eight small green cows
en,6,2,1,nom,,the large green cow
en,6,2,1,acc,,the large green cow
en,6,2,1,dat,,the large green cow
en,6,2,1,plural,0,two large green cows
en,6,2,1,plural,1,three large green cows
en,6,2,1,plural,2,four large green cows
en,6,2,1,plural,3,five large green cows
en,6,2,1,plural,4,six large green cows
en,6,2,1,plural,5,seven large green cows
en,6,2,1,plural,6,eight large green cows
en,6,2,2,nom,,the young green cow
en,6,2,2,acc,,the young green cow
en,6,2,2,dat,,the young green cow
en,6,2,2,plural,0,two young green cows
en,6,2,2,plural,1,three young green cows
en,6,2,2,plural,2,four young green cows
en,6,2,2,plural,3,five young green cows
en,6,2,2,plural,4,six young green cows
en,6,2,2,plural,5,seven young green cows
en,6,2,2,plural,6,eight young green cows
en,6,2,3,nom,,the old green cow
en,6,2,3,acc,,the old green cow
en,6,2,3,dat,,the old green cow
en,6,2,3,plural,0,two old green cows
en,6,2,3,plural,1,three old green cows
en,6,2,3,plural,2,four old green cows
en,6,2,3,plural,3,five old green cows
en,6,2,3,plural,4,six old green cows
en,6,2,3,plural,5,seven old green cows
en,6,2,3,plural,6,eight old green cows
en,6,3,0,nom,,the small yellow cow
en,6,3,0,acc,,the small yellow cow
en,6,3,0,dat,,the small yellow cow
en,6,3,0,plural,0,two small yellow cows
en,6,3,0,plural,1,three small yellow cows
en,6,3,0,plural,2,four small yellow cows
en,6,3,0,plural,3,five small yellow cows
en,6,3,0,plural,4,six small yellow cows
en,6,3,0,plural,5,seven small yellow cows
en,6,3,0,plural,6,eight small yellow cows
en,6,3,1,nom,,the large yellow cow
en,6,3,1,acc,,the large yellow cow
en,6,3,1,dat,,the large yellow cow
en,6,3,1,plural,0,two large yellow cows
en,6,3,1,plural,1,three large yellow cows
en,6,3,1,plural,2,four large yellow cows
en,6,3,1,plural,3,five large yellow cows
en,6,3,1,plural,4,six large yellow cows
en,6,3,1,plural,5,seven large yellow cows
en,6,3,1,plural,6,eight large yellow cows
en,6,3,2,nom,,the young yellow cow
en,6,3,2,acc,,the young yellow cow
en,6,3,2,dat,,the young yellow cow
en,6,3,2,plural,0,two young yellow cows
en,6,3,2,plural,1,three young yellow cows
en,6,3,2,plural,2,four young yellow cows
en,6,3,2,plural,3,five young yellow cows
en,6,3,2,plural,4,six young yellow cows
en,6,3,2,plural,5,seven young yellow cows
en,6,3,2,plural,6,eight young yellow cows
en,6,3,3,nom,,the old yellow cow
en,6,3,3,acc,,the old yellow cow
en,6,3,3,dat,,the old yellow cow
en,6,3,3,plural,0,two old yellow cows
en,6,3,3,plural,1,three old yellow cows
en,6,3,3,plural,2,four old yellow cows
en,6,3,3,plural,3,five old yellow cows
en,6,3,3,plural,4,six old yellow cows
en,6,3,3,plural,5,seven old yellow cows
en,6,3,3,plural,6,eight old yellow cows
en,6,4,0,nom,,the small black cow
en,6,4,0,acc,,the small black cow
en,6,4,0,dat,,the small black cow
en,6,4,0,plural,0,two small black cows
en,6,4,0,plural,1,three small black cows
en,6,4,0,plural,2,four small black cows
en,6,4,0,plural,3,five small black cows
en,6,4,0,plural,4,six small black cows
en,6,4,0,plural,5,seven small black cows
en,6,4,0,plural,6,eight small black cows
en,6,4,1,nom,,the large black cow
en,6,4,1,acc,,the large black cow
en,6,4,1,dat,,the large black cow
en,6,4,1,plural,0,two large black cows
en,6,4,1,plural,1,three large black cows
en,6,4,1,plural,2,four large black cows
en,6,4,1,plural,3,five large black cows
en,6,4,1,plural,4,six large black cows
en,6,4,1,plural,5,seven large black cows
en,6,4,1,plural,6,eight large black cows
en,6,4,2,nom,,the young black cow
en,6,4,2,acc,,the young black cow
en,6,4,2,dat,,the young black cow
en,6,4,2,plural,0,two young black cows
en,6,4,2,plural,1,three young black cows
en,6,4,2,plural,2,four young black cows
en,6,4,2,plural,3,five young black cows
en,6,4,2,plural,4,six young black cows
en,6,4,2,plural,5,seven young black cows
en,6,4,2,plural,6,eight young black cows
en,6,4,3,nom,,the old black cow
en,6,4,3,acc,,the old black cow
en,6,4,3,dat,,the old black cow
en,6,4,3,plural,0,two old black cows
en,6,4,3,plural,1,three old black cows
en,6,4,3,plural,2,four old black cows
en,6,4,3,plural,3,five old black cows
en,6,4,3,plural,4,six old black cows
en,6,4,3,plural,5,seven old black cows
en,6,4,3,plural,6,eight old black cows
en,6,5,0,nom,,the small white cow
en,6,5,0,acc,,the small white cow
en,6,5,0,dat,,the small white cow
en,6,5,0,plural,0,two small white cows
en,6,5,0,plural,1,three small white cows
en,6,5,0,plural,2,four small white cows
en,6,5,0,plural,3,five small white cows
en,6,5,0,plural,4,six small white cows
en,6,5,0,plural,5,seven small white cows
en,6,5,0,plural,6,eight small white cows
en,6,5,1,nom,,the large white cow
en,6,5,1,acc,,the large white cow
en,6,5,1,dat,,the large white cow
en,6,5,1,plural,0,two large white cows
en,6,5,1,plural,1,three large white cows
en,6,5,1,plural,2,four large white cows
en,6,5,1,plural,3,five large white cows
en,6,5,1,plural,4,six large white cows
en,6,5,1,plural,5,seven large white cows
en,6,5,1,plural,6,eight large white cows
en,6,5,2,nom,,the young white cow
en,6,5,2,acc,,the young white cow
en,6,5,2,dat,,the young white cow
en,6,5,2,plural,0,two young white cows
en,6,5,2,plural,1,three young white cows
en,6,5,2,plural,2,four young white cows
en,6,5,2,plural,3,five young white cows
en,6,5,2,plural,4,six young white cows
en,6,5,2,plural,5,seven young white cows
en,6,5,2,plural,6,eight young white cows
en,6,5,3,nom,,the old white cow
en,6,5,3,acc,,the old white cow
en,6,5,3,dat,,the old white cow
en,6,5,3,plural,0,two old white cows
en,6,5,3,plural,1,three old white cows
en,6,5,3,plural,2,four old white cows
en,6,5,3,plural,3,five old white cows
en,6,5,3,plural,4,six old white cows
en,6,5,3,plural,5,seven old white cows
en,6,5,3,plural,6,eight old white cows
en,7,0,0,nom,,the small red duck
en,7,0,0,acc,,the small red duck
en,7,0,0,dat,,the small red duck
en,7,0,0,plural,0,two small red ducks
en,7,0,0,plural,1,three small red ducks
en,7,0,0,plural,2,four small red ducks
en,7,0,0,plural,3,five small red ducks
en,7,0,0,plural,4,six small red ducks
en,7,0,0,plural,5,seven small red ducks
en,7,0,0,plural,6,eight small red ducks
en,7,0,1,nom,,the large red duck
en,7,0,1,acc,,the large red duck
en,7,0,1,dat,,the large red duck
en,7,0,1,plural,0,two large red ducks
en,7,0,1,plural,1,three large red ducks
en,7,0,1,plural,2,four large red ducks
en,7,0,1,plural,3,five large red ducks
en,7,0,1,plural,4,six large red ducks
en,7,0,1,plural,5,seven large red ducks
en,7,0,1,plural,6,eight large red ducks
en,7,0,2,nom,,the young red duck
en,7,0,2,acc,,the young red duck
en,7,0,2,dat,,the young red duck
en,7,0,2,plural,0,two young red ducks
en,7,0,2,plural,1,three young red ducks
en,7,0,2,plural,2,four young red ducks
en,7,0,2,plural,3,five young red ducks
en,7,0,2,plural,4,six young red ducks
en,7,0,2,plural,5,seven young red ducks
en,7,0,2,plural,6,eight young red ducks
en,7,0,3,nom,,the old red duck
en,7,0,3,acc,,the old red duck
en,7,0,3,dat,,the old red duck
en,7,0,3,plural,0,two old red ducks
en,7,0,3,plural,1,three old red ducks
en,7,0,3,plural,2,four old red ducks
en,7,0,3,plural,3,five old red ducks
en,7,0,3,plural,4,six old red ducks
en,7,0,3,plural,5,seven old red ducks
en,7,0,3,plural,6,eight old red ducks
en,7,1,0,nom,,the small blue duck
en,7,1,0,acc,,the small blue duck
en,7,1,0,dat,,the small blue duck
en,7,1,0,plural,0,two small blue ducks
en,7,1,0,plural,1,three small blue ducks
en,7,1,0,plural,2,four small blue ducks
en,7,1,0,plural,3,five small blue ducks
en,7,1,0,plural,4,six small blue ducks
en,7,1,0,plural,5,seven small blue ducks
en,7,1,0,plural,6,eight small blue ducks
en,7,1,1,nom,,the large blue duck
en,7,1,1,acc,,the large blue duck
en,7,1,1,dat,,the large blue duck
en,7,1,1,plural,0,two large blue ducks
en,7,1,1,plural,1,three large blue ducks
en,7,1,1,plural,2,four large blue ducks
en,7,1,1,plural,3,five large blue ducks
en,7,1,1,plural,4,six large blue ducks
en,7,1,1,plural,5,seven large blue ducks
en,7,1,1,plural,6,eight large blue ducks
en,7,1,2,nom,,the young blue duck
en,7,1,2,acc,,the young blue duck
en,7,1,2,dat,,the young blue duck
en,7,1,2,plural,0,two young blue ducks
en,7,1,2,plural,1,three young blue ducks
en,7,1,2,plural,2,four young blue ducks
en,7,1,2,plural,3,five young blue ducks
en,7,1,2,plural,4,six young blue ducks
en,7,1,2,plural,5,seven young blue ducks
en,7,1,2,plural,6,eight young blue ducks
en,7,1,3,nom,,the old blue duck
en,7,1,3,acc,,the old blue duck
en,7,1,3,dat,,the old blue duck
en,7,1,3,plural,0,two old blue ducks
en,7,1,3,plural,1,three old blue ducks
en,7,1,3,plural,2,four old blue ducks
en,7,1,3,plural,3,five old blue ducks
en,7,1,3,plural,4,six old blue ducks
en,7,1,3,plural,5,seven old blue ducks
en,7,1,3,plural,6,eight old blue ducks
en,7,2,0,nom,,the small green duck
en,7,2,0,acc,,the small green duck
en,7,2,0,dat,,the small green duck
en,7,2,0,plural,0,two small green ducks
en,7,2,0,plural,1,three small green ducks
en,7,2,0,plural,2,four small green ducks
en,7,2,0,plural,3,five small green ducks
en,7,2,0,plural,4,six small green ducks
en,7,2,0,plural,5,seven small green ducks
en,7,2,0,plural,6,eight small green ducks
en,7,2,1,nom,,the large green duck
en,7,2,1,acc,,the large green duck
en,7,2,1,dat,,the large green duck
en,7,2,1,plural,0,two large green ducks
en,7,2,1,plural,1,three large green ducks
en,7,2,1,plural,2,four large green ducks
en,7,2,1,plural,3,five large green ducks
en,7,2,1,plural,4,six large green ducks
en,7,2,1,plural,5,seven large green ducks
en,7,2,1,plural,6,eight large green ducks
en,7,2,2,nom,,the young green duck
en,7,2,2,acc,,the young green duck
en,7,2,2,dat,,the young green duck
en,7,2,2,plural,0,two young green ducks
en,7,2,2,plural,1,three young green ducks
en,7,2,2,plural,2,four young green ducks
en,7,2,2,plural,3,five young green ducks
en,7,2,2,plural,4,six young green ducks
en,7,2,2,plural,5,seven young green ducks
en,7,2,2,plural,6,eight young green ducks
en,7,2,3,nom,,the old green duck
en,7,2,3,acc,,the old green duck
en,7,2,3,dat,,the old green duck
en,7,2,3,plural,0,two old green ducks
en,7,2,3,plural,1,three old green ducks
en,7,2,3,plural,2,four old green ducks
en,7,2,3,plural,3,five old green ducks
en,7,2,3,plural,4,six old green ducks
en,7,2,3,plural,5,seven old green ducks
en,7,2,3,plural,6,eight old green ducks
en,7,3,0,nom,,the small yellow duck
en,7,3,0,acc,,the small yellow duck
en,7,3,0,dat,,the small yellow duck
en,7,3,0,plural,0,two small yellow ducks
en,7,3,0,plural,1,three small yellow ducks
en,7,3,0,plural,2,four small yellow ducks
en,7,3,0,plural,3,five small yellow ducks
en,7,3,0,plural,4,six small yellow ducks
en,7,3,0,plural,5,seven small yellow ducks
en,7,3,0,plural,6,eight small yellow ducks
en,7,3,1,nom,,the large yellow duck
en,7,3,1,acc,,the large yellow duck
en,7,3,1,dat,,the large yellow duck
en,7,3,1,plural,0,two large yellow ducks
en,7,3,1,plural,1,three large yellow ducks
en,7,3,1,plural,2,four large yellow ducks
en,7,3,1,plural,3,five large yellow ducks
en,7,3,1,plural,4,six large yellow ducks
en,7,3,1,plural,5,seven large yellow ducks
en,7,3,1,plural,6,eight large yellow ducks
en,7,3,2,nom,,the young yellow duck
en,7,3,2,acc,,the young yellow duck
en,7,3,2,dat,,the young yellow duck
en,7,3,2,plural,0,two young yellow ducks
en,7,3,2,plural,1,three young yellow ducks
en,7,3,2,plural,2,four young yellow ducks
en,7,3,2,plural,3,five young yellow ducks
en,7,3,2,plural,4,six young yellow ducks
en,7,3,2,plural,5,seven young yellow ducks
en,7,3,2,plural,6,eight young yellow ducks
en,7,3,3,nom,,the old yellow duck
en,7,3,3,acc,,the old yellow duck
en,7,3,3,dat,,the old yellow duck
en,7,3,3,plural,0,two old yellow ducks
en,7,3,3,plural,1,three old yellow ducks
en,7,3,3,plural,2,four old yellow ducks
en,7,3,3,plural,3,five old yellow ducks
en,7,3,3,plural,4,six old yellow ducks
en,7,3,3,plural,5,seven old yellow ducks
en,7,3,3,plural,6,eight old yellow ducks
en,7,4,0,nom,,the small black duck
en,7,4,0,acc,,the small black duck
en,7,4,0,dat,,the small black duck
en,7,4,0,plural,0,two small black ducks
en,7,4,0,plural,1,three small black ducks
en,7,4,0,plural,2,four small black ducks
en,7,4,0,plural,3,five small black ducks
en,7,4,0,plural,4,six small black ducks
en,7,4,0,plural,5,seven small black ducks
en,7,4,0,plural,6,eight small black ducks
en,7,4,1,nom,,the large black duck
en,7,4,1,acc,,the large black duck
en,7,4,1,dat,,the large black duck
en,7,4,1,plural,0,two large black ducks
en,7,4,1,plural,1,three large black ducks
en,7,4,1,plural,2,four large black ducks
en,7,4,1,plural,3,five large black ducks
en,7,4,1,plural,4,six large black ducks
en,7,4,1,plural,5,seven large black ducks
en,7,4,1,plural,6,eight large black ducks
en,7,4,2,nom,,the young black duck
en,7,4,2,acc,,the young black duck
en,7,4,2,dat,,the young black duck
en,7,4,2,plural,0,two young black ducks
en,7,4,2,plural,1,three young black ducks
en,7,4,2,plural,2,four young black ducks
en,7,4,2,plural,3,five young black ducks
en,7,4,2,plural,4,six young black ducks
en,7,4,2,plural,5,seven young black ducks
en,7,4,2,plural,6,eight young black ducks
en,7,4,3,nom,,the old black duck
en,7,4,3,acc,,the old black duck
en,7,4,3,dat,,the old black duck
en,7,4,3,plural,0,two old black ducks
en,7,4,3,plural,1,three old black ducks
en,7,4,3,plural,2,four old black ducks
en,7,4,3,plural,3,five old black ducks
en,7,4,3,plural,4,six old black ducks
en,7,4,3,plural,5,seven old black ducks
en,7,4,3,plural,6,eight old black ducks
en,7,5,0,nom,,the small white duck
en,7,5,0,acc,,the small white duck
en,7,5,0,dat,,the small white duck
en,7,5,0,plural,0,two small white ducks
en,7,5,0,plural,1,three small white ducks
en,7,5,0,plural,2,four small white ducks
en,7,5,0,plural,3,five small white ducks
en,7,5,0,plural,4,six small white ducks
en,7,5,0,plural,5,seven small white ducks
en,7,5,0,plural,6,eight small white ducks
en,7,5,1,nom,,the large white duck
en,7,5,1,acc,,the large white duck
en,7,5,1,dat,,the large white duck
en,7,5,1,plural,0,two large white ducks
en,7,5,1,plural,1,three large white ducks
en,7,5,1,plural,2,four large white ducks
en,7,5,1,plural,3,five large white ducks
en,7,5,1,plural,4,six large white ducks
en,7,5,1,plural,5,seven large white ducks
en,7,5,1,plural,6,eight large white ducks
en,7,5,2,nom,,the young white duck
en,7,5,2,acc,,the young white duck
en,7,5,2,dat,,the young white duck
en,7,5,2,plural,0,two young white ducks
en,7,5,2,plural,1,three young white ducks
en,7,5,2,plural,2,four young white ducks
en,7,5,2,plural,3,five young white ducks
en,7,5,2,plural,4,six young white ducks
en,7,5,2,plural,5,seven young white ducks
en,7,5,2,plural,6,eight young white ducks
en,7,5,3,nom,,the old white duck
en,7,5,3,acc,,the old white duck
en,7,5,3,dat,,the old white duck
en,7,5,3,plural,0,two old white ducks
en,7,5,3,plural,1,three old white ducks
en,7,5,3,plural,2,four old white ducks
en,7,5,3,plural,3,five old white ducks
en,7,5,3,plural,4,six old white ducks
en,7,5,3,plural,5,seven old white ducks
en,7,5,3,plural,6,eight old white ducks
en,8,0,0,nom,,the small red horse
en,8,0,0,acc,,the small red horse
en,8,0,0,dat,,the small red horse
en,8,0,0,plural,0,two small red horses
en,8,0,0,plural,1,three small red horses
en,8,0,0,plural,2,four small red horses
en,8,0,0,plural,3,five small red horses
en,8,0,0,plural,4,six small red horses
en,8,0,0,plural,5,seven small red horses
en,8,0,0,plural,6,eight small red horses
en,8,0,1,nom,,the large red horse
en,8,0,1,acc,,the large red horse
en,8,0,1,dat,,the large red horse
en,8,0,1,plural,0,two large red horses
en,8,0,1,plural,1,three large red horses
en,8,0,1,plural,2,four large red horses
en,8,0,1,plural,3,five large red horses
en,8,0,1,plural,4,six large red horses
en,8,0,1,plural,5,seven large red horses
en,8,0,1,plural,6,eight large red horses
en,8,0,2,nom,,the young red horse
en,8,0,2,acc,,the young red horse
en,8,0,2,dat,,the young red horse
en,8,0,2,plural,0,two young red horses
en,8,0,2,plural,1,three young red horses
en,8,0,2,plural,2,four young red horses
en,8,0,2,plural,3,five young red horses
en,8,0,2,plural,4,six young red horses
en,8,0,2,plural,5,seven young red horses
en,8,0,2,plural,6,eight young red horses
en,8,0,3,nom,,the old red horse
en,8,0,3,acc,,the old red horse
en,8,0,3,dat,,the old red horse
en,8,0,3,plural,0,two old red horses
en,8,0,3,plural,1,three old red horses
en,8,0,3,plural,2,four old red horses
en,8,0,3,plural,3,five old red horses
en,8,0,3,plural,4,six old red horses
en,8,0,3,plural,5,seven old red horses
en,8,0,3,plural,6,eight old red horses
en,8,1,0,nom,,the small blue horse
en,8,1,0,acc,,the small blue horse
en,8,1,0,dat,,the small blue horse
en,8,1,0,plural,0,two small blue horses
en,8,1,0,plural,1,three small blue horses
en,8,1,0,plural,2,four small blue horses
en,8,1,0,plural,3,five small blue horses
en,8,1,0,plural,4,six small blue horses
en,8,1,0,plural,5,seven small blue horses
en,8,1,0,plural,6,eight small blue horses
en,8,1,1,nom,,the large blue horse
en,8,1,1,acc,,the large blue horse
en,8,1,1,dat,,the large blue horse
en,8,1,1,plural,0,two large blue horses
en,8,1,1,plural,1,three large blue horses
en,8,1,1,plural,2,four large blue horses
en,8,1,1,plural,3,five large blue horses
en,8,1,1,plural,4,six large blue horses
en,8,1,1,plural,5,seven large blue horses
en,8,1,1,plural,6,eight large blue horses
en,8,1,2,nom,,the young blue horse
en,8,1,2,acc,,the young blue horse
en,8,1,2,dat,,the young blue horse
en,8,1,2,plural,0,two young blue horses
en,8,1,2,plural,1,three young blue horses
en,8,1,2,plural,2,four young blue horses
en,8,1,2,plural,3,five young blue horses
en,8,1,2,plural,4,six young blue horses
en,8,1,2,plural,5,seven young blue horses
en,8,1,2,plural,6,eight young blue horses
en,8,1,3,nom,,the old blue horse
en,8,1,3,acc,,the old blue horse
en,8,1,3,dat,,the old blue horse
en,8,1,3,plural,0,two old blue horses
en,8,1,3,plural,1,three old blue horses
en,8,1,3,plural,2,four old blue horses
en,8,1,3,plural,3,five old blue horses
en,8,1,3,plural,4,six old blue horses
en,8,1,3,plural,5,seven old blue horses
en,8,1,3,plural,6,eight old blue horses
en,8,2,0,nom,,the small green horse
en,8,2,0,acc,,the small green horse
en,8,2,0,dat,,the small green horse
en,8,2,0,plural,0,two small green horses
en,8,2,0,plural,1,three small green horses
en,8,2,0,plural,2,four small green horses
en,8,2,0,plural,3,five small green horses
en,8,2,0,plural,4,six small green horses
en,8,2,0,plural,5,seven small green horses
en,8,2,0,plural,6,eight small green horses
en,8,2,1,nom,,the large green horse
en,8,2,1,acc,,the large green horse
en,8,2,1,dat,,the large green horse
en,8,2,1,plural,0,two large green horses
en,8,2,1,plural,1,three large green horses
en,8,2,1,plural,2,four large green horses
en,8,2,1,plural,3,five large green horses
en,8,2,1,plural,4,six large green horses
en,8,2,1,plural,5,seven large green horses
en,8,2,1,plural,6,eight large green horses
en,8,2,2,nom,,the young green horse
en,8,2,2,acc,,the young green horse
en,8,2,2,dat,,the young green horse
en,8,2,2,plural,0,two young green horses
en,8,2,2,plural,1,three young green horses
en,8,2,2,plural,2,four young green horses
en,8,2,2,plural,3,five young green horses
en,8,2,2,plural,4,six young green horses
en,8,2,2,plural,5,seven young green horses
en,8,2,2,plural,6,eight young green horses
en,8,2,3,nom,,the old green horse
en,8,2,3,acc,,the old green horse
en,8,2,3,dat,,the old green horse
en,8,2,3,plural,0,two old green horses
en,8,2,3,plural,1,three old green horses
en,8,2,3,plural,2,four old green horses
en,8,2,3,plural,3,five old green horses
en,8,2,3,plural,4,six old green horses
en,8,2,3,plural,5,seven old green horses
en,8,2,3,plural,6,eight old green horses
en,8,3,0,nom,,the small yellow horse
en,8,3,0,acc,,the small yellow horse
en,8,3,0,dat,,the small yellow horse
en,8,3,0,plural,0,two small yellow horses
en,8,3,0,plural,1,three small yellow horses
en,8,3,0,plural,2,four small yellow horses
en,8,3,0,plural,3,five small yellow horses
en,8,3,0,plural,4,six small yellow horses
en,8,3,0,plural,5,seven small yellow horses
en,8,3,0,plural,6,eight small yellow horses
en,8,3,1,nom,,the large yellow horse
en,8,3,1,acc,,the large yellow horse
en,8,3,1,dat,,the large yellow horse
en,8,3,1,plural,0,two large yellow horses
en,8,3,1,plural,1,three large yellow horses
en,8,3,1,plural,2,four large yellow horses
en,8,3,1,plural,3,five large yellow horses
en,8,3,1,plural,4,six large yellow horses
en,8,3,1,plural,5,seven large yellow horses
en,8,3,1,plural,6,eight large yellow horses
en,8,3,2,nom,,the young yellow horse
en,8,3,2,acc,,the young yellow horse
en,8,3,2,dat,,the young yellow horse
en,8,3,2,plural,0,two young yellow horses
en,8,3,2,plural,1,three young yellow horses
en,8,3,2,plural,2,four young yellow horses
en,8,3,2,plural,3,five young yellow horses
en,8,3,2,plural,4,six young yellow horses
en,8,3,2,plural,5,seven young yellow horses
en,8,3,2,plural,6,eight young yellow horses
en,8,3,3,nom,,the old yellow horse
en,8,3,3,acc,,the old yellow horse
en,8,3,3,dat,,the old yellow horse
en,8,3,3,plural,0,two old yellow horses
en,8,3,3,plural,1,three old yellow horses
en,8,3,3,plural,2,four old yellow horses
en,8,3,3,plural,3,five old yellow horses
en,8,3,3,plural,4,six old yellow horses
en,8,3,3,plural,5,seven old yellow horses
en,8,3,3,plural,6,eight old yellow horses
en,8,4,0,nom,,the small black horse
en,8,4,0,acc,,the small black horse
en,8,4,0,dat,,the small black horse
en,8,4,0,plural,0,two small black horses
en,8,4,0,plural,1,three small black horses
en,8,4,0,plural,2,four small black horses
en,8,4,0,plural,3,five small black horses
en,8,4,0,plural,4,six small black horses
en,8,4,0,plural,5,seven small black horses
en,8,4,0,plural,6,eight small black horses
en,8,4,1,nom,,the large black horse
en,8,4,1,acc,,the large black horse
en,8,4,1,dat,,the large black horse
en,8,4,1,plural,0,two large black horses
en,8,4,1,plural,1,three large black horses
en,8,4,1,plural,2,four large black horses
en,8,4,1,plural,3,five large black horses
en,8,4,1,plural,4,six large black horses
en,8,4,1,plural,5,seven large black horses
en,8,4,1,plural,6,eight large black horses
en,8,4,2,nom,,the young black horse
en,8,4,2,acc,,the young black horse
en,8,4,2,dat,,the young black horse
en,8,4,2,plural,0,two young black horses
en,8,4,2,plural,1,three young black horses
en,8,4,2,plural,2,four young black horses
en,8,4,2,plural,3,five young black horses
en,8,4,2,plural,4,six young black horses
en,8,4,2,plural,5,seven young black horses
en,8,4,2,plural,6,eight young black horses
en,8,4,3,nom,,the old black horse
en,8,4,3,acc,,the old black horse
en,8,4,3,dat,,the old black horse
en,8,4,3,plural,0,two old black horses
en,8,4,3,plural,1,three old black horses
en,8,4,3,plural,2,four old black horses
en,8,4,3,plural,3,five old black horses
en,8,4,3,plural,4,six old black horses
en,8,4,3,plural,5,seven old black horses
en,8,4,3,plural,6,eight old black horses
en,8,5,0,nom,,the small white horse
en,8,5,0,acc,,the small white horse
en,8,5,0,dat,,the small white horse
en,8,5,0,plural,0,two small white horses
en,8,5,0,plural,1,three small white horses
en,8,5,0,plural,2,four small white horses
en,8,5,0,plural,3,five small white horses
en,8,5,0,plural,4,six small white horses
en,8,5,0,plural,5,seven small white horses
en,8,5,0,plural,6,eight small white horses
en,8,5,1,nom,,the large white horse
en,8,5,1,acc,,the large white horse
en,8,5,1,dat,,the large white horse
en,8,5,1,plural,0,two large white horses
en,8,5,1,plural,1,three large white horses
en,8,5,1,plural,2,four large white horses
en,8,5,1,plural,3,five large white horses
en,8,5,1,plural,4,six large white horses
en,8,5,1,plural,5,seven large white horses
en,8,5,1,plural,6,eight large white horses
en,8,5,2,nom,,the young white horse
en,8,5,2,acc,,the young white horse
en,8,5,2,dat,,the young white horse
en,8,5,2,plural,0,two young white horses
en,8,5,2,plural,1,three young white horses
en,8,5,2,plural,2,four young white horses
en,8,5,2,plural,3,five young white horses
en,8,5,2,plural,4,six young white horses
en,8,5,2,plural,5,seven young white horses
en,8,5,2,plural,6,eight young white horses
en,8,5,3,nom,,the old white horse
en,8,5,3,acc,,the old white horse
en,8,5,3,dat,,the old white horse
en,8,5,3,plural,0,two old white horses
en,8,5,3,plural,1,three old white horses
en,8,5,3,plural,2,four old white horses
en,8,5,3,plural,3,five old white horses
en,8,5,3,plural,4,six old white horses
en,8,5,3,plural,5,seven old white horses
en,8,5,3,plural,6,eight old white horses
en,9,0,0,nom,,the small red sheep
en,9,0,0,acc,,the small red sheep
en,9,0,0,dat,,the small red sheep
en,9,0,0,plural,0,two small red sheep
en,9,0,0,plural,1,three small red sheep
en,9,0,0,plural,2,four small red sheep
en,9,0,0,plural,3,five small red sheep
en,9,0,0,plural,4,six small red sheep
en,9,0,0,plural,5,seven small red sheep
en,9,0,0,plural,6,eight small red sheep
en,9,0,1,nom,,the large red sheep
en,9,0,1,acc,,the large red sheep
en,9,0,1,dat,,the large red sheep
en,9,0,1,plural,0,two large red sheep
en,9,0,1,plural,1,three large red sheep
en,9,0,1,plural,2,four large red sheep
en,9,0,1,plural,3,five large red sheep
en,9,0,1,plural,4,six large red sheep
en,9,0,1,plural,5,seven large red sheep
en,9,0,1,plural,6,eight large red sheep
en,9,0,2,nom,,the young red sheep
en,9,0,2,acc,,the young red sheep
en,9,0,2,dat,,the young red sheep
en,9,0,2,plural,0,two young red sheep
en,9,0,2,plural,1,three young red sheep
en,9,0,2,plural,2,four young red sheep
en,9,0,2,plural,3,five young red sheep
en,9,0,2,plural,4,six young red sheep
en,9,0,2,plural,5,seven young red sheep
en,9,0,2,plural,6,eight young red sheep
en,9,0,3,nom,,the old red sheep
en,9,0,3,acc,,the old red sheep
en,9,0,3,dat,,the old red sheep
en,9,0,3,plural,0,two old red sheep
en,9,0,3,plural,1,three old red sheep
en,9,0,3,plural,2,four old red sheep
en,9,0,3,plural,3,five old red sheep
en,9,0,3,plural,4,six old red sheep
en,9,0,3,plural,5,seven old red sheep
en,9,0,3,plural,6,eight old red sheep
en,9,1,0,nom,,the small blue sheep
en,9,1,0,acc,,the small blue sheep
en,9,1,0,dat,,the small blue sheep
en,9,1,0,plural,0,two small blue sheep
en,9,1,0,plural,1,three small blue sheep
en,9,1,0,plural,2,four small blue sheep
en,9,1,0,plural,3,five small blue sheep
en,9,1,0,plural,4,six small blue sheep
en,9,1,0,plural,5,seven small blue sheep
en,9,1,0,plural,6,eight small blue sheep
en,9,1,1,nom,,the large blue sheep
en,9,1,1,acc,,the large blue sheep
en,9,1,1,dat,,the large blue sheep
en,9,1,1,plural,0,two large blue sheep
en,9,1,1,plural,1,three large blue sheep
en,9,1,1,plural,2,four large blue sheep
en,9,1,1,plural,3,five large blue sheep
en,9,1,1,plural,4,six large blue sheep
en,9,1,1,plural,5,seven large blue sheep
en,9,1,1,plural,6,eight large blue sheep
en,9,1,2,nom,,the young blue sheep
en,9,1,2,acc,,the young blue sheep
en,9,1,2,dat,,the young blue sheep
en,9,1,2,plural,0,two young blue sheep
en,9,1,2,plural,1,three young blue sheep
en,9,1,2,plural,2,four young blue sheep
en,9,1,2,plural,3,five young blue sheep
en,9,1,2,plural,4,six young blue sheep
en,9,1,2,plural,5,seven young blue sheep
en,9,1,2,plural,6,eight young blue sheep
en,9,1,3,nom,,the old blue sheep
en,9,1,3,acc,,the old blue sheep
en,9,1,3,dat,,the old blue sheep
en,9,1,3,plural,0,two old blue sheep
en,9,1,3,plural,1,three old blue sheep
en,9,1,3,plural,2,four old blue sheep
en,9,1,3,plural,3,five old blue sheep
en,9,1,3,plural,4,six old blue sheep
en,9,1,3,plural,5,seven old blue sheep
en,9,1,3,plural,6,eight old blue sheep
en,9,2,0,nom,,the small green sheep
en,9,2,0,acc,,the small green sheep
en,9,2,0,dat,,the small green sheep
en,9,2,0,plural,0,two small green sheep
en,9,2,0,plural,1,three small green sheep
en,9,2,0,plural,2,four small green sheep
en,9,2,0,plural,3,five small green sheep
en,9,2,0,plural,4,six small green sheep
en,9,2,0,plural,5,seven small green sheep
en,9,2,0,plural,6,eight small green sheep
en,9,2,1,nom,,the large green sheep
en,9,2,1,acc,,the large green sheep
en,9,2,1,dat,,the large green sheep
en,9,2,1,plural,0,two large green sheep
en,9,2,1,plural,1,three large green sheep
en,9,2,1,plural,2,four large green sheep
en,9,2,1,plural,3,five large green sheep
en,9,2,1,plural,4,six large green sheep
en,9,2,1,plural,5,seven large green sheep
en,9,2,1,plural,6,eight large green sheep
en,9,2,2,nom,,the young green sheep
en,9,2,2,acc,,the young green sheep
en,9,2,2,dat,,the young green sheep
en,9,2,2,plural,0,two young green sheep
en,9,2,2,plural,1,three young green sheep
en,9,2,2,plural,2,four young green sheep
en,9,2,2,plural,3,five young green sheep
en,9,2,2,plural,4,six young green sheep
en,9,2,2,plural,5,seven young green sheep
en,9,2,2,plural,6,eight young green sheep
en,9,2,3,nom,,the old green sheep
en,9,2,3,acc,,the old green sheep
en,9,2,3,dat,,the old green sheep
en,9,2,3,plural,0,two old green sheep
en,9,2,3,plural,1,three old green sheep
en,9,2,3,plural,2,four old green sheep
en,9,2,3,plural,3,five old green sheep
en,9,2,3,plural,4,six old green sheep
en,9,2,3,plural,5,seven old green sheep
en,9,2,3,plural,6,eight old green sheep
en,9,3,0,nom,,the small yellow sheep
en,9,3,0,acc,,the small yellow sheep
en,9,3,0,dat,,the small yellow sheep
en,9,3,0,plural,0,two small yellow sheep
en,9,3,0,plural,1,three small yellow sheep
en,9,3,0,plural,2,four small yellow sheep
en,9,3,0,plural,3,five small yellow sheep
en,9,3,0,plural,4,six small yellow sheep
en,9,3,0,plural,5,seven small yellow sheep
en,9,3,0,plural,6,eight small yellow sheep
en,9,3,1,nom,,the large yellow sheep
en,9,3,1,acc,,the large yellow sheep
en,9,3,1,dat,,the large yellow sheep
en,9,3,1,plural,0,two large yellow sheep
en,9,3,1,plural,1,three large yellow sheep
en,9,3,1,plural,2,four large yellow sheep
en,9,3,1,plural,3,five large yellow sheep
en,9,3,1,plural,4,six large yellow sheep
en,9,3,1,plural,5,seven large yellow sheep
en,9,3,1,plural,6,eight large yellow sheep
en,9,3,2,nom,,the young yellow sheep
en,9,3,2,acc,,the young yellow sheep
en,9,3,2,dat,,the young yellow sheep
en,9,3,2,plural,0,two young yellow sheep
en,9,3,2,plural,1,three young yellow sheep
en,9,3,2,plural,2,four young yellow sheep
en,9,3,2,plural,3,five young yellow sheep
en,9,3,2,plural,4,six young yellow sheep
en,9,3,2,plural,5,seven young yellow sheep
en,9,3,2,plural,6,eight young yellow sheep
en,9,3,3,nom,,the old yellow sheep
en,9,3,3,acc,,the old yellow sheep
en,9,3,3,dat,,the old yellow sheep
en,9,3,3,plural,0,two old yellow sheep
en,9,3,3,plural,1,three old yellow sheep
en,9,3,3,plural,2,four old yellow sheep
en,9,3,3,plural,3,five old yellow sheep
en,9,3,3,plural,4,six old yellow sheep
en,9,3,3,plural,5,seven old yellow sheep
en,9,3,3,plural,6,eight old yellow sheep
en,9,4,0,nom,,the small black sheep
en,9,4,0,acc,,the small black sheep
en,9,4,0,dat,,the small black sheep
en,9,4,0,plural,0,two small black sheep
en,9,4,0,plural,1,three small black sheep
en,9,4,0,plural,2,four small black sheep
en,9,4,0,plural,3,five small black sheep
en,9,4,0,plural,4,six small black sheep
en,9,4,0,plural,5,seven small black sheep
en,9,4,0,plural,6,eight small black sheep
en,9,4,1,nom,,the large black sheep
en,9,4,1,acc,,the large black sheep
en,9,4,1,dat,,the large black sheep
en,9,4,1,plural,0,two large black sheep
en,9,4,1,plural,1,three large black sheep
en,9,4,1,plural,2,four large black sheep
en,9,4,1,plural,3,five large black sheep
en,9,4,1,plural,4,six large black sheep
en,9,4,1,plural,5,seven large black sheep
en,9,4,1,plural,6,eight large black sheep
en,9,4,2,nom,,the young black sheep
en,9,4,2,acc,,the young black sheep
en,9,4,2,dat,,the young black sheep
en,9,4,2,plural,0,two young black sheep
en,9,4,2,plural,1,three young black sheep
en,9,4,2,plural,2,four young black sheep
en,9,4,2,plural,3,five young black sheep
en,9,4,2,plural,4,six young black sheep
en,9,4,2,plural,5,seven young black sheep
en,9,4,2,plural,6,eight young black sheep
en,9,4,3,nom,,the old black sheep
en,9,4,3,acc,,the old black sheep
en,9,4,3,dat,,the old black sheep
en,9,4,3,plural,0,two old black sheep
en,9,4,3,plural,1,three old black sheep
en,9,4,3,plural,2,four old black sheep
en,9,4,3,plural,3,five old black sheep
en,9,4,3,plural,4,six old black sheep
en,9,4,3,plural,5,seven old black sheep
en,9,4,3,plural,6,eight old black sheep
en,9,5,0,nom,,the small white sheep
en,9,5,0,acc,,the small white sheep
en,9,5,0,dat,,the small white sheep
en,9,5,0,plural,0,two small white sheep
en,9,5,0,plural,1,three small white sheep
en,9,5,0,plural,2,four small white sheep
en,9,5,0,plural,3,five small white sheep
en,9,5,0,plural,4,six small white sheep
en,9,5,0,plural,5,seven small white sheep
en,9,5,0,plural,6,eight small white sheep
en,9,5,1,nom,,the large white sheep
en,9,5,1,acc,,the large white sheep
en,9,5,1,dat,,the large white sheep
en,9,5,1,plural,0,two large white sheep
en,9,5,1,plural,1,three large white sheep
en,9,5,1,plural,2,four large white sheep
en,9,5,1,plural,3,five large white sheep
en,9,5,1,plural,4,six large white sheep
en,9,5,1,plural,5,seven large white sheep
en,9,5,1,plural,6,eight large white sheep
en,9,5,2,nom,,the young white sheep
en,9,5,2,acc,,the young white sheep
en,9,5,2,dat,,the young white sheep
en,9,5,2,plural,0,two young white sheep
en,9,5,2,plural,1,three young white sheep
en,9,5,2,plural,2,four young white sheep
en,9,5,2,plural,3,five young white sheep
en,9,5,2,plural,4,six young white sheep
en,9,5,2,plural,5,seven young white sheep
en,9,5,2,plural,6,eight young white sheep
en,9,5,3,nom,,the old white sheep
en,9,5,3,acc,,the old white sheep
en,9,5,3,dat,,the old white sheep
en,9,5,3,plural,0,two old white sheep
en,9,5,3,plural,1,three old white sheep
en,9,5,3,plural,2,four old white sheep
en,9,5,3,plural,3,five old white sheep
en,9,5,3,plural,4,six old white sheep
en,9,5,3,plural,5,seven old white sheep
en,9,5,3,plural,6,eight old white sheep
en,10,0,0,nom,,the small red hen
en,10,0,0,acc,,the small red hen
en,10,0,0,dat,,the small red hen
en,10,0,0,plural,0,two small red hens
en,10,0,0,plural,1,three small red hens
en,10,0,0,plural,2,four small red hens
en,10,0,0,plural,3,five small red hens
en,10,0,0,plural,4,six small red hens
en,10,0,0,plural,5,seven small red hens
en,10,0,0,plural,6,eight small red hens
en,10,0,1,nom,,the large red hen
en,10,0,1,acc,,the large red hen
en,10,0,1,dat,,the large red hen
en,10,0,1,plural,0,two large red hens
en,10,0,1,plural,1,three large red hens
en,10,0,1,plural,2,four large red hens
en,10,0,1,plural,3,five large red hens
en,10,0,1,plural,4,six large red hens
en,10,0,1,plural,5,seven large red hens
en,10,0,1,plural,6,eight large red hens
en,10,0,2,nom,,the young red hen
en,10,0,2,acc,,the young red hen
en,10,0,2,dat,,the young red hen
en,10,0,2,plural,0,two young red hens
en,10,0,2,plural,1,three young red hens
en,10,0,2,plural,2,four young red hens
en,10,0,2,plural,3,five young red hens
en,10,0,2,plural,4,six young red hens
en,10,0,2,plural,5,seven young red hens
en,10,0,2,plural,6,eight young red hens
en,10,0,3,nom,,the old red hen
en,10,0,3,acc,,the old red hen
en,10,0,3,dat,,the old red hen
en,10,0,3,plural,0,two old red hens
en,10,0,3,plural,1,three old red hens
en,10,0,3,plural,2,four old red hens
en,10,0,3,plural,3,five old red hens
en,10,0,3,plural,4,six old red hens
en,10,0,3,plural,5,seven old red hens
en,10,0,3,plural,6,eight old red hens
en,10,1,0,nom,,the small blue hen
en,10,1,0,acc,,the small blue hen
en,10,1,0,dat,,the small blue hen
en,10,1,0,plural,0,two small blue hens
en,10,1,0,plural,1,three small blue hens
en,10,1,0,plural,2,four small blue hens
en,10,1,0,plural,3,five small blue hens
en,10,1,0,plural,4,six small blue hens
en,10,1,0,plural,5,seven small blue hens
en,10,1,0,plural,6,eight small blue hens
en,10,1,1,nom,,the large blue hen
en,10,1,1,acc,,the large blue hen
en,10,1,1,dat,,the large blue hen
en,10,1,1,plural,0,two large blue hens
en,10,1,1,plural,1,three large blue hens
en,10,1,1,plural,2,four large blue hens
en,10,1,1,plural,3,five large blue hens
en,10,1,1,plural,4,six large blue hens
en,10,1,1,plural,5,seven large blue hens
en,10,1,1,plural,6,eight large blue hens
en,10,1,2,nom,,the young blue hen
en,10,1,2,acc,,the young blue hen
en,10,1,2,dat,,the young blue hen
en,10,1,2,plural,0,two young blue hens
en,10,1,2,plural,1,three young blue hens
en,10,1,2,plural,2,four young blue hens
en,10,1,2,plural,3,five young blue hens
en,10,1,2,plural,4,six young blue hens
en,10,1,2,plural,5,seven young blue hens
en,10,1,2,plural,6,eight young blue hens
en,10,1,3,nom,,the old blue hen
en,10,1,3,acc,,the old blue hen
en,10,1,3,dat,,the old blue hen
en,10,1,3,plural,0,two old blue hens
en,10,1,3,plural,1,three old blue hens
en,10,1,3,plural,2,four old blue hens
en,10,1,3,plural,3,five old blue hens
en,10,1,3,plural,4,six old blue hens
en,10,1,3,plural,5,seven old blue hens
en,10,1,3,plural,6,eight old blue hens
en,10,2,0,nom,,the small green hen
en,10,2,0,acc,,the small green hen
en,10,2,0,dat,,the small green hen
en,10,2,0,plural,0,two small green hens
en,10,2,0,plural,1,three small green hens
en,10,2,0,plural,2,four small green hens
en,10,2,0,plural,3,five small green hens
en,10,2,0,plural,4,six small green hens
en,10,2,0,plural,5,seven small green hens
en,10,2,0,plural,6,eight small green hens
en,10,2,1,nom,,the large green hen
en,10,2,1,acc,,the large green hen
en,10,2,1,dat,,the large green hen
en,10,2,1,plural,0,two large green hens
en,10,2,1,plural,1,three large green hens
en,10,2,1,plural,2,four large green hens
en,10,2,1,plural,3,five large green hens
en,10,2,1,plural,4,six large green hens
en,10,2,1,plural,5,seven large green hens
en,10,2,1,plural,6,eight large green hens
en,10,2,2,nom,,the young green hen
en,10,2,2,acc,,the young green hen
en,10,2,2,dat,,the young green hen
en,10,2,2,plural,0,two young green hens
en,10,2,2,plural,1,three young green hens
en,10,2,2,plural,2,four young green hens
en,10,2,2,plural,3,five young green hens
en,10,2,2,plural,4,six young green hens
en,10,2,2,plural,5,seven young green hens
en,10,2,2,plural,6,eight young green hens
en,10,2,3,nom,,the old green hen
en,10,2,3,acc,,the old green hen
en,10,2,3,dat,,the old green hen
en,10,2,3,plural,0,two old green hens
en,10,2,3,plural,1,three old green hens
en,10,2,3,plural,2,four old green hens
en,10,2,3,plural,3,five old green hens
en,10,2,3,plural,4,six old green hens
en,10,2,3,plural,5,seven old green hens
en,10,2,3,plural,6,eight old green hens
en,10,3,0,nom,,the small yellow hen
en,10,3,0,acc,,the small yellow hen
en,10,3,0,dat,,the small yellow hen
en,10,3,0,plural,0,two small yellow hens
en,10,3,0,plural,1,three small yellow hens
en,10,3,0,plural,2,four small yellow hens
en,10,3,0,plural,3,five small yellow hens
en,10,3,0,plural,4,six small yellow hens
en,10,3,0,plural,5,seven small yellow hens
en,10,3,0,plural,6,eight small yellow hens
en,10,3,1,nom,,the large yellow hen
en,10,3,1,acc,,the large yellow hen
en,10,3,1,dat,,the large yellow hen
en,10,3,1,plural,0,two large yellow hens
en,10,3,1,plural,1,three large yellow hens
en,10,3,1,plural,2,four large yellow hens
en,10,3,1,plural,3,five large yellow hens
en,10,3,1,plural,4,six large yellow hens
en,10,3,1,plural,5,seven large yellow hens
en,10,3,1,plural,6,eight large yellow hens
en,10,3,2,nom,,the young yellow hen
en,10,3,2,acc,,the young yellow hen
en,10,3,2,dat,,the young yellow hen
en,10,3,2,plural,0,two young yellow hens
en,10,3,2,plural,1,three young yellow hens
en,10,3,2,plural,2,four young yellow hens
en,10,3,2,plural,3,five young yellow hens
en,10,3,2,plural,4,six young yellow hens
en,10,3,2,plural,5,seven young yellow hens
en,10,3,2,plural,6,eight young yellow hens
en,10,3,3,nom,,the old yellow hen
en,10,3,3,acc,,the old yellow hen
en,10,3,3,dat,,the old yellow hen
en,10,3,3,plural,0,two old yellow hens
en,10,3,3,plural,1,three old yellow hens
en,10,3,3,plural,2,four old yellow hens
en,10,3,3,plural,3,five old yellow hens
en,10,3,3,plural,4,six old yellow hens
en,10,3,3,plural,5,seven old yellow hens
en,10,3,3,plural,6,eight old yellow hens
en,10,4,0,nom,,the small black hen
en,10,4,0,acc,,the small black hen
en,10,4,0,dat,,the small black hen
en,10,4,0,plural,0,two small black hens
en,10,4,0,plural,1,three small black hens
en,10,4,0,plural,2,four small black hens
en,10,4,0,plural,3,five small black hens
en,10,4,0,plural,4,six small black hens
en,10,4,0,plural,5,seven small black hens
en,10,4,0,plural,6,eight small black hens
en,10,4,1,nom,,the large black hen
en,10,4,1,acc,,the large black hen
en,10,4,1,dat,,the large black hen
en,10,4,1,plural,0,two large black hens
en,10,4,1,plural,1,three large black hens
en,10,4,1,plural,2,four large black hens
en,10,4,1,plural,3,five large black hens
en,10,4,1,plural,4,six large black hens
en,10,4,1,plural,5,seven large black hens
en,10,4,1,plural,6,eight large black hens
en,10,4,2,nom,,the young black hen
en,10,4,2,acc,,the young black hen
en,10,4,2,dat,,the young black hen
en,10,4,2,plural,0,two young black hens
en,10,4,2,plural,1,three young black hens
en,10,4,2,plural,2,four young black hens
en,10,4,2,plural,3,five young black hens
en,10,4,2,plural,4,six young black hens
en,10,4,2,plural,5,seven young black hens
en,10,4,2,plural,6,eight young black hens
en,10,4,3,nom,,the old black hen
en,10,4,3,acc,,the old black hen
en,10,4,3,dat,,the old black hen
en,10,4,3,plural,0,two old black hens
en,10,4,3,plural,1,three old black hens
en,10,4,3,plural,2,four old black hens
en,10,4,3,plural,3,five old black hens
en,10,4,3,plural,4,six old black hens
en,10,4,3,plural,5,seven old black hens
en,10,4,3,plural,6,eight old black hens
en,10,5,0,nom,,the small white hen
en,10,5,0,acc,,the small white hen
en,10,5,0,dat,,the small white hen
en,10,5,0,plural,0,two small white hens
en,10,5,0,plural,1,three small white hens
en,10,5,0,plural,2,four small white hens
en,10,5,0,plural,3,five small white hens
en,10,5,0,plural,4,six small white hens
en,10,5,0,plural,5,seven small white hens
en,10,5,0,plural,6,eight small white hens
en,10,5,1,nom,,the large white hen
en,10,5,1,acc,,the large white hen
en,10,5,1,dat,,the large white hen
en,10,5,1,plural,0,two large white hens
en,10,5,1,plural,1,three large white hens
en,10,5,1,plural,2,four large white hens
en,10,5,1,plural,3,five large white hens
en,10,5,1,plural,4,six large white hens
en,10,5,1,plural,5,seven large white hens
en,10,5,1,plural,6,eight large white hens
en,10,5,2,nom,,the young white hen
en,10,5,2,acc,,the young white hen
en,10,5,2,dat,,the young white hen
en,10,5,2,plural,0,two young white hens
en,10,5,2,plural,1,three young white hens
en,10,5,2,plural,2,four young white hens
en,10,5,2,plural,3,five young white hens
en,10,5,2,plural,4,six young white hens
en,10,5,2,plural,5,seven young white hens
en,10,5,2,plural,6,eight young white hens
en,10,5,3,nom,,the old white hen
en,10,5,3,acc,,the old white hen
en,10,5,3,dat,,the old white hen
en,10,5,3,plural,0,two old white hens
en,10,5,3,plural,1,three old white hens
en,10,5,3,plural,2,four old white hens
en,10,5,3,plural,3,five old white hens
en,10,5,3,plural,4,six old white hens
en,10,5,3,plural,5,seven old white hens
en,10,5,3,plural,6,eight old white hens
en,11,0,0,nom,,the small red rabbit
en,11,0,0,acc,,the small red rabbit
en,11,0,0,dat,,the small red rabbit
en,11,0,0,plural,0,two small red rabbits
en,11,0,0,plural,1,three small red rabbits
en,11,0,0,plural,2,four small red rabbits
en,11,0,0,plural,3,five small red rabbits
en,11,0,0,plural,4,six small red rabbits
en,11,0,0,plural,5,seven small red rabbits
en,11,0,0,plural,6,eight small red rabbits
en,11,0,1,nom,,the large red rabbit
en,11,0,1,acc,,the large red rabbit
en,11,0,1,dat,,the large red rabbit
en,11,0,1,plural,0,two large red rabbits
en,11,0,1,plural,1,three large red rabbits
en,11,0,1,plural,2,four large red rabbits
en,11,0,1,plural,3,five large red rabbits
en,11,0,1,plural,4,six large red rabbits
en,11,0,1,plural,5,seven large red rabbits
en,11,0,1,plural,6,eight large red rabbits
en,11,0,2,nom,,the young red rabbit
en,11,0,2,acc,,the young red rabbit
en,11,0,2,dat,,the young red rabbit
en,11,0,2,plural,0,two young red rabbits
en,11,0,2,plural,1,three young red rabbits
en,11,0,2,plural,2,four young red rabbits
en,11,0,2,plural,3,five young red rabbits
en,11,0,2,plural,4,six young red rabbits
en,11,0,2,plural,5,seven young red rabbits
en,11,0,2,plural,6,eight young red rabbits
en,11,0,3,nom,,the old red rabbit
en,11,0,3,acc,,the old red rabbit
en,11,0,3,dat,,the old red rabbit
en,11,0,3,plural,0,two old red rabbits
en,11,0,3,plural,1,three old red rabbits
en,11,0,3,plural,2,four old red rabbits
en,11,0,3,plural,3,five old red rabbits
en,11,0,3,plural,4,six old red rabbits
en,11,0,3,plural,5,seven old red rabbits
en,11,0,3,plural,6,eight old red rabbits
en,11,1,0,nom,,the small blue rabbit
en,11,1,0,acc,,the small blue rabbit
en,11,1,0,dat,,the small blue rabbit
en,11,1,0,plural,0,two small blue rabbits
en,11,1,0,plural,1,three small blue rabbits
en,11,1,0,plural,2,four small blue rabbits
en,11,1,0,plural,3,five small blue rabbits
en,11,1,0,plural,4,six small blue rabbits
en,11,1,0,plural,5,seven small blue rabbits
en,11,1,0,plural,6,eight small blue rabbits
en,11,1,1,nom,,the large blue rabbit
en,11,1,1,acc,,the large blue rabbit
en,11,1,1,dat,,the large blue rabbit
en,11,1,1,plural,0,two large blue rabbits
en,11,1,1,plural,1,three large blue rabbits
en,11,1,1,plural,2,four large blue rabbits
en,11,1,1,plural,3,five large blue rabbits
en,11,1,1,plural,4,six large blue rabbits
en,11,1,1,plural,5,seven large blue rabbits
en,11,1,1,plural,6,eight large blue rabbits
en,11,1,2,nom,,the young blue rabbit
en,11,1,2,acc,,the young blue rabbit
en,11,1,2,dat,,the young blue rabbit
en,11,1,2,plural,0,two young blue rabbits
en,11,1,2,plural,1,three young blue rabbits
en,11,1,2,plural,2,four young blue rabbits
en,11,1,2,plural,3,five young blue rabbits
en,11,1,2,plural,4,six young blue rabbits
en,11,1,2,plural,5,seven young blue rabbits
en,11,1,2,plural,6,eight young blue rabbits
en,11,1,3,nom,,the old blue rabbit
en,11,1,3,acc,,the old blue rabbit
en,11,1,3,dat,,the old blue rabbit
en,11,1,3,plural,0,two old blue rabbits
en,11,1,3,plural,1,three old blue rabbits
en,11,1,3,plural,2,four old blue rabbits
en,11,1,3,plural,3,five old blue rabbits
en,11,1,3,plural,4,six old blue rabbits
en,11,1,3,plural,5,seven old blue rabbits
en,11,1,3,plural,6,eight old blue rabbits
en,11,2,0,nom,,the small green rabbit
en,11,2,0,acc,,the small green rabbit
en,11,2,0,dat,,the small green rabbit
en,11,2,0,plural,0,two small green rabbits
en,11,2,0,plural,1,three small green rabbits
en,11,2,0,plural,2,four small green rabbits
en,11,2,0,plural,3,five small green rabbits
en,11,2,0,plural,4,six small green rabbits
en,11,2,0,plural,5,seven small green rabbits
en,11,2,0,plural,6,eight small green rabbits
en,11,2,1,nom,,the large green rabbit
en,11,2,1,acc,,the large green rabbit
en,11,2,1,dat,,the large green rabbit
en,11,2,1,plural,0,two large green rabbits
en,11,2,1,plural,1,three large green rabbits
en,11,2,1,plural,2,four large green rabbits
en,11,2,1,plural,3,five large green rabbits
en,11,2,1,plural,4,six large green rabbits
en,11,2,1,plural,5,seven large green rabbits
en,11,2,1,plural,6,eight large green rabbits
en,11,2,2,nom,,the young green rabbit
en,11,2,2,acc,,the young green rabbit
en,11,2,2,dat,,the young green rabbit
en,11,2,2,plural,0,two young green rabbits
en,11,2,2,plural,1,three young green rabbits
en,11,2,2,plural,2,four young green rabbits
en,11,2,2,plural,3,five young green rabbits
en,11,2,2,plural,4,six young green rabbits
en,11,2,2,plural,5,seven young green rabbits
en,11,2,2,plural,6,eight young green rabbits
en,11,2,3,nom,,the old green rabbit
en,11,2,3,acc,,the old green rabbit
en,11,2,3,dat,,the old green rabbit
en,11,2,3,plural,0,two old green rabbits
en,11,2,3,plural,1,three old green rabbits
en,11,2,3,plural,2,four old green rabbits
en,11,2,3,plural,3,five old green rabbits
en,11,2,3,plural,4,six old green rabbits
en,11,2,3,plural,5,seven old green rabbits
en,11,2,3,plural,6,eight old green rabbits
en,11,3,0,nom,,the small yellow rabbit
en,11,3,0,acc,,the small yellow rabbit
en,11,3,0,dat,,the small yellow rabbit
en,11,3,0,plural,0,two small yellow rabbits
en,11,3,0,plural,1,three small yellow rabbits
en,11,3,0,plural,2,four small yellow rabbits
en,11,3,0,plural,3,five small yellow rabbits
en,11,3,0,plural,4,six small yellow rabbits
en,11,3,0,plural,5,seven small yellow rabbits
en,11,3,0,plural,6,eight small yellow rabbits
en,11,3,1,nom,,the large yellow rabbit
en,11,3,1,acc,,the large yellow rabbit
en,11,3,1,dat,,the large yellow rabbit
en,11,3,1,plural,0,two large yellow rabbits
en,11,3,1,plural,1,three large yellow rabbits
en,11,3,1,plural,2,four large yellow rabbits
en,11,3,1,plural,3,five large yellow rabbits
en,11,3,1,plural,4,six large yellow rabbits
en,11,3,1,plural,5,seven large yellow rabbits
en,11,3,1,plural,6,eight large yellow rabbits
en,11,3,2,nom,,the young yellow rabbit
en,11,3,2,acc,,the young yellow rabbit
en,11,3,2,dat,,the young yellow rabbit
en,11,3,2,plural,0,two young yellow rabbits
en,11,3,2,plural,1,three young yellow rabbits
en,11,3,2,plural,2,four young yellow rabbits
en,11,3,2,plural,3,five young yellow rabbits
en,11,3,2,plural,4,six young yellow rabbits
en,11,3,2,plural,5,seven young yellow rabbits
en,11,3,2,plural,6,eight young yellow rabbits
en,11,3,3,nom,,the old yellow rabbit
en,11,3,3,acc,,the old yellow rabbit
en,11,3,3,dat,,the old yellow rabbit
en,11,3,3,plural,0,two old yellow rabbits
en,11,3,3,plural,1,three old yellow rabbits
en,11,3,3,plural,2,four old yellow rabbits
en,11,3,3,plural,3,five old yellow rabbits
en,11,3,3,plural,4,six old yellow rabbits
en,11,3,3,plural,5,seven old yellow rabbits
en,11,3,3,plural,6,eight old yellow rabbits
en,11,4,0,nom,,the small black rabbit
en,11,4,0,acc,,the small black rabbit
en,11,4,0,dat,,the small black rabbit
en,11,4,0,plural,0,two small black rabbits
en,11,4,0,plural,1,three small black rabbits
en,11,4,0,plural,2,four small black rabbits
en,11,4,0,plural,3,five small black rabbits
en,11,4,0,plural,4,six small black rabbits
en,11,4,0,plural,5,seven small black rabbits
en,11,4,0,plural,6,eight small black rabbits
en,11,4,1,nom,,the large black rabbit
en,11,4,1,acc,,the large black rabbit
en,11,4,1,dat,,the large black rabbit
en,11,4,1,plural,0,two large black rabbits
en,11,4,1,plural,1,three large black rabbits
en,11,4,1,plural,2,four large black rabbits
en,11,4,1,plural,3,five large black rabbits
en,11,4,1,plural,4,six large black rabbits
en,11,4,1,plural,5,seven large black rabbits
en,11,4,1,plural,6,eight large black rabbits
en,11,4,2,nom,,the young black rabbit
en,11,4,2,acc,,the young black rabbit
en,11,4,2,dat,,the young black rabbit
en,11,4,2,plural,0,two young black rabbits
en,11,4,2,plural,1,three young black rabbits
en,11,4,2,plural,2,four young black rabbits
en,11,4,2,plural,3,five young black rabbits
en,11,4,2,plural,4,six young black rabbits
en,11,4,2,plural,5,seven young black rabbits
en,11,4,2,plural,6,eight young black rabbits
en,11,4,3,nom,,the old black rabbit
en,11,4,3,acc,,the old black rabbit
en,11,4,3,dat,,the old black rabbit
en,11,4,3,plural,0,two old black rabbits
en,11,4,3,plural,1,three old black rabbits
en,11,4,3,plural,2,four old black rabbits
en,11,4,3,plural,3,five old black rabbits
en,11,4,3,plural,4,six old black rabbits
en,11,4,3,plural,5,seven old black rabbits
en,11,4,3,plural,6,eight old black rabbits
en,11,5,0,nom,,the small white rabbit
en,11,5,0,acc,,the small white rabbit
en,11,5,0,dat,,the small white rabbit
en,11,5,0,plural,0,two small white rabbits
en,11,5,0,plural,1,three small white rabbits
en,11,5,0,plural,2,four small white rabbits
en,11,5,0,plural,3,five small white rabbits
en,11,5,0,plural,4,six small white rabbits
en,11,5,0,plural,5,seven small white rabbits
en,11,5,0,plural,6,eight small white rabbits
en,11,5,1,nom,,the large white rabbit
en,11,5,1,acc,,the large white rabbit
en,11,5,1,dat,,the large white rabbit
en,11,5,1,plural,0,two large white rabbits
en,11,5,1,plural,1,three large white rabbits
en,11,5,1,plural,2,four large white rabbits
en,11,5,1,plural,3,five large white rabbits
en,11,5,1,plural,4,six large white rabbits
en,11,5,1,plural,5,seven large white rabbits
en,11,5,1,plural,6,eight large white rabbits
en,11,5,2,nom,,the young white rabbit
en,11,5,2,acc,,the young white rabbit
en,11,5,2,dat,,the young white rabbit
en,11,5,2,plural,0,two young white rabbits
en,11,5,2,plural,1,three young white rabbits
en,11,5,2,plural,2,four young white rabbits
en,11,5,2,plural,3,five young white rabbits
en,11,5,2,plural,4,six young white rabbits
en,11,5,2,plural,5,seven young white rabbits
en,11,5,2,plural,6,eight young white rabbits
en,11,5,3,nom,,the old white rabbit
en,11,5,3,acc,,the old white rabbit
en,11,5,3,dat,,the old white rabbit
en,11,5,3,plural,0,two old white rabbits
en,11,5,3,plural,1,three old white rabbits
en,11,5,3,plural,2,four old white rabbits
en,11,5,3,plural,3,five old white rabbits
en,11,5,3,plural,4,six old white rabbits
en,11,5,3,plural,5,seven old white rabbits
en,11,5,3,plural,6,eight old white rabbits
