language,split,rendering,family,task,verb,neg,label,sentence_a,sentence_b
en,train,primary,assertion,roles,1,False,0,The old blue lion greets the old black dog and the old black dog sees the old blue lion.,The old black dog is seen by the old blue lion and the old blue lion is greeted by the old black dog.
de,train,primary,assertion,roles,1,False,0,Der alte blaue Löwe grüßt den alten schwarzen Hund und der alte schwarze Hund sieht den alten blauen Löwen.,Der alte schwarze Hund wird von dem alten blauen Löwen gesehen und der alte blaue Löwe wird von dem alten schwarzen Hund gegrüßt.
ko,train,primary,assertion,roles,1,False,0,늙은 파란색 사자가 늙은 검은색 개를 반긴다는 것과 늙은 검은색 개가 늙은 파란색 사자를 본다는 것이 모두 사실이다.,늙은 검은색 개를 늙은 파란색 사자가 본다는 것과 늙은 파란색 사자를 늙은 검은색 개가 반긴다는 것이 모두 사실이다.
en,train,primary,assertion,roles,1,False,1,The old blue lion greets the old black dog and the old black dog sees the old blue lion.,The old black dog is greeted by the old blue lion and the old blue lion is seen by the old black dog.
de,train,primary,assertion,roles,1,False,1,Der alte blaue Löwe grüßt den alten schwarzen Hund und der alte schwarze Hund sieht den alten blauen Löwen.,Der alte schwarze Hund wird von dem alten blauen Löwen gegrüßt und der alte blaue Löwe wird von dem alten schwarzen Hund gesehen.
ko,train,primary,assertion,roles,1,False,1,늙은 파란색 사자가 늙은 검은색 개를 반긴다는 것과 늙은 검은색 개가 늙은 파란색 사자를 본다는 것이 모두 사실이다.,늙은 검은색 개를 늙은 파란색 사자가 반긴다는 것과 늙은 파란색 사자를 늙은 검은색 개가 본다는 것이 모두 사실이다.
en,train,primary,assertion,roles,0,False,0,The young blue dog sees the young white cow and the young white cow follows the young blue dog.,The young white cow is followed by the young blue dog and the young blue dog is seen by the young white cow.
de,train,primary,assertion,roles,0,False,0,Der junge blaue Hund sieht die junge weiße Kuh und die junge weiße Kuh verfolgt den jungen blauen Hund.,Die junge weiße Kuh wird von dem jungen blauen Hund verfolgt und der junge blaue Hund wird von der jungen weißen Kuh gesehen.
ko,train,primary,assertion,roles,0,False,0,어린 파란색 개가 어린 하얀색 소를 본다는 것과 어린 하얀색 소가 어린 파란색 개를 뒤따른다는 것이 모두 사실이다.,어린 하얀색 소를 어린 파란색 개가 뒤따른다는 것과 어린 파란색 개를 어린 하얀색 소가 본다는 것이 모두 사실이다.
en,train,primary,assertion,roles,0,False,1,The young blue dog sees the young white cow and the young white cow follows the young blue dog.,The young white cow is seen by the young blue dog and the young blue dog is followed by the young white cow.
de,train,primary,assertion,roles,0,False,1,Der junge blaue Hund sieht die junge weiße Kuh und die junge weiße Kuh verfolgt den jungen blauen Hund.,Die junge weiße Kuh wird von dem jungen blauen Hund gesehen und der junge blaue Hund wird von der jungen weißen Kuh verfolgt.
ko,train,primary,assertion,roles,0,False,1,어린 파란색 개가 어린 하얀색 소를 본다는 것과 어린 하얀색 소가 어린 파란색 개를 뒤따른다는 것이 모두 사실이다.,어린 하얀색 소를 어린 파란색 개가 본다는 것과 어린 파란색 개를 어린 하얀색 소가 뒤따른다는 것이 모두 사실이다.
en,train,primary,assertion,roles,2,False,0,The young red horse follows the young red bear and the young red bear sees the young red horse.,The young red bear is seen by the young red horse and the young red horse is followed by the young red bear.
de,train,primary,assertion,roles,2,False,0,Das junge rote Pferd verfolgt den jungen roten Bären und der junge rote Bär sieht das junge rote Pferd.,Der junge rote Bär wird von dem jungen roten Pferd gesehen und das junge rote Pferd wird von dem jungen roten Bären verfolgt.
ko,train,primary,assertion,roles,2,False,0,어린 빨간색 말이 어린 빨간색 곰을 뒤따른다는 것과 어린 빨간색 곰이 어린 빨간색 말을 본다는 것이 모두 사실이다.,어린 빨간색 곰을 어린 빨간색 말이 본다는 것과 어린 빨간색 말을 어린 빨간색 곰이 뒤따른다는 것이 모두 사실이다.
en,train,primary,assertion,roles,2,False,1,The young red horse follows the young red bear and the young red bear sees the young red horse.,The young red bear is followed by the young red horse and the young red horse is seen by the young red bear.
de,train,primary,assertion,roles,2,False,1,Das junge rote Pferd verfolgt den jungen roten Bären und der junge rote Bär sieht das junge rote Pferd.,Der junge rote Bär wird von dem jungen roten Pferd verfolgt und das junge rote Pferd wird von dem jungen roten Bären gesehen.
ko,train,primary,assertion,roles,2,False,1,어린 빨간색 말이 어린 빨간색 곰을 뒤따른다는 것과 어린 빨간색 곰이 어린 빨간색 말을 본다는 것이 모두 사실이다.,어린 빨간색 곰을 어린 빨간색 말이 뒤따른다는 것과 어린 빨간색 말을 어린 빨간색 곰이 본다는 것이 모두 사실이다.
en,train,primary,assertion,negation,0,True,0,The large yellow fox does not see the large white lion and the large white lion sees the large yellow fox.,The large white lion is seen by the large yellow fox and the large yellow fox is not seen by the large white lion.
de,train,primary,assertion,negation,0,True,0,Der große gelbe Fuchs sieht den großen weißen Löwen nicht und der große weiße Löwe sieht den großen gelben Fuchs.,Der große weiße Löwe wird von dem großen gelben Fuchs gesehen und der große gelbe Fuchs wird nicht von dem großen weißen Löwen gesehen.
ko,train,primary,assertion,negation,0,True,0,큰 노란색 여우가 큰 하얀색 사자를 보지 않는다는 것과 큰 하얀색 사자가 큰 노란색 여우를 본다는 것이 모두 사실이다.,큰 하얀색 사자를 큰 노란색 여우가 본다는 것과 큰 노란색 여우를 큰 하얀색 사자가 보지 않는다는 것이 모두 사실이다.
en,train,primary,assertion,negation,0,True,1,The large yellow fox does not see the large white lion and the large white lion sees the large yellow fox.,The large white lion is not seen by the large yellow fox and the large yellow fox is seen by the large white lion.
de,train,primary,assertion,negation,0,True,1,Der große gelbe Fuchs sieht den großen weißen Löwen nicht und der große weiße Löwe sieht den großen gelben Fuchs.,Der große weiße Löwe wird nicht von dem großen gelben Fuchs gesehen und der große gelbe Fuchs wird von dem großen weißen Löwen gesehen.
ko,train,primary,assertion,negation,0,True,1,큰 노란색 여우가 큰 하얀색 사자를 보지 않는다는 것과 큰 하얀색 사자가 큰 노란색 여우를 본다는 것이 모두 사실이다.,큰 하얀색 사자를 큰 노란색 여우가 보지 않는다는 것과 큰 노란색 여우를 큰 하얀색 사자가 본다는 것이 모두 사실이다.
en,train,primary,assertion,negation,0,False,0,The young white dog sees the large yellow cow and the large yellow cow does not see the young white dog.,The large yellow cow is not seen by the young white dog and the young white dog is seen by the large yellow cow.
de,train,primary,assertion,negation,0,False,0,Der junge weiße Hund sieht die große gelbe Kuh und die große gelbe Kuh sieht den jungen weißen Hund nicht.,Die große gelbe Kuh wird nicht von dem jungen weißen Hund gesehen und der junge weiße Hund wird von der großen gelben Kuh gesehen.
ko,train,primary,assertion,negation,0,False,0,어린 하얀색 개가 큰 노란색 소를 본다는 것과 큰 노란색 소가 어린 하얀색 개를 보지 않는다는 것이 모두 사실이다.,큰 노란색 소를 어린 하얀색 개가 보지 않는다는 것과 어린 하얀색 개를 큰 노란색 소가 본다는 것이 모두 사실이다.
en,train,primary,assertion,negation,0,False,1,The young white dog sees the large yellow cow and the large yellow cow does not see the young white dog.,The large yellow cow is seen by the young white dog and the young white dog is not seen by the large yellow cow.
de,train,primary,assertion,negation,0,False,1,Der junge weiße Hund sieht die große gelbe Kuh und die große gelbe Kuh sieht den jungen weißen Hund nicht.,Die große gelbe Kuh wird von dem jungen weißen Hund gesehen und der junge weiße Hund wird nicht von der großen gelben Kuh gesehen.
ko,train,primary,assertion,negation,0,False,1,어린 하얀색 개가 큰 노란색 소를 본다는 것과 큰 노란색 소가 어린 하얀색 개를 보지 않는다는 것이 모두 사실이다.,큰 노란색 소를 어린 하얀색 개가 본다는 것과 어린 하얀색 개를 큰 노란색 소가 보지 않는다는 것이 모두 사실이다.
en,train,primary,assertion,negation,1,False,0,The small white lion greets the small green chicken and the small green chicken does not greet the small white lion.,The small green chicken is not greeted by the small white lion and the small white lion is greeted by the small green chicken.
de,train,primary,assertion,negation,1,False,0,Der kleine weiße Löwe grüßt das kleine grüne Huhn und das kleine grüne Huhn grüßt den kleinen weißen Löwen nicht.,Das kleine grüne Huhn wird nicht von dem kleinen weißen Löwen gegrüßt und der kleine weiße Löwe wird von dem kleinen grünen Huhn gegrüßt.
ko,train,primary,assertion,negation,1,False,0,작은 하얀색 사자가 작은 초록색 닭을 반긴다는 것과 작은 초록색 닭이 작은 하얀색 사자를 반기지 않는다는 것이 모두 사실이다.,작은 초록색 닭을 작은 하얀색 사자가 반기지 않는다는 것과 작은 하얀색 사자를 작은 초록색 닭이 반긴다는 것이 모두 사실이다.
en,train,primary,assertion,negation,1,False,1,The small white lion greets the small green chicken and the small green chicken does not greet the small white lion.,The small green chicken is greeted by the small white lion and the small white lion is not greeted by the small green chicken.
de,train,primary,assertion,negation,1,False,1,Der kleine weiße Löwe grüßt das kleine grüne Huhn und das kleine grüne Huhn grüßt den kleinen weißen Löwen nicht.,Das kleine grüne Huhn wird von dem kleinen weißen Löwen gegrüßt und der kleine weiße Löwe wird nicht von dem kleinen grünen Huhn gegrüßt.
ko,train,primary,assertion,negation,1,False,1,작은 하얀색 사자가 작은 초록색 닭을 반긴다는 것과 작은 초록색 닭이 작은 하얀색 사자를 반기지 않는다는 것이 모두 사실이다.,작은 초록색 닭을 작은 하얀색 사자가 반긴다는 것과 작은 하얀색 사자를 작은 초록색 닭이 반기지 않는다는 것이 모두 사실이다.
en,train,primary,assertion,negation,2,True,0,The small white cow does not follow the large green lion and the large green lion follows the small white cow.,The large green lion is followed by the small white cow and the small white cow is not followed by the large green lion.
de,train,primary,assertion,negation,2,True,0,Die kleine weiße Kuh verfolgt den großen grünen Löwen nicht und der große grüne Löwe verfolgt die kleine weiße Kuh.,Der große grüne Löwe wird von der kleinen weißen Kuh verfolgt und die kleine weiße Kuh wird nicht von dem großen grünen Löwen verfolgt.
ko,train,primary,assertion,negation,2,True,0,작은 하얀색 소가 큰 초록색 사자를 뒤따르지 않는다는 것과 큰 초록색 사자가 작은 하얀색 소를 뒤따른다는 것이 모두 사실이다.,큰 초록색 사자를 작은 하얀색 소가 뒤따른다는 것과 작은 하얀색 소를 큰 초록색 사자가 뒤따르지 않는다는 것이 모두 사실이다.
en,train,primary,assertion,negation,2,True,1,The small white cow does not follow the large green lion and the large green lion follows the small white cow.,The large green lion is not followed by the small white cow and the small white cow is followed by the large green lion.
de,train,primary,assertion,negation,2,True,1,Die kleine weiße Kuh verfolgt den großen grünen Löwen nicht und der große grüne Löwe verfolgt die kleine weiße Kuh.,Der große grüne Löwe wird nicht von der kleinen weißen Kuh verfolgt und die kleine weiße Kuh wird von dem großen grünen Löwen verfolgt.
ko,train,primary,assertion,negation,2,True,1,작은 하얀색 소가 큰 초록색 사자를 뒤따르지 않는다는 것과 큰 초록색 사자가 작은 하얀색 소를 뒤따른다는 것이 모두 사실이다.,큰 초록색 사자를 작은 하얀색 소가 뒤따르지 않는다는 것과 작은 하얀색 소를 큰 초록색 사자가 뒤따른다는 것이 모두 사실이다.
en,train,primary,assertion,negation,2,False,0,The small red cat follows the young white chicken and the young white chicken does not follow the small red cat.,The young white chicken is not followed by the small red cat and the small red cat is followed by the young white chicken.
de,train,primary,assertion,negation,2,False,0,Die kleine rote Katze verfolgt das junge weiße Huhn und das junge weiße Huhn verfolgt die kleine rote Katze nicht.,Das junge weiße Huhn wird nicht von der kleinen roten Katze verfolgt und die kleine rote Katze wird von dem jungen weißen Huhn verfolgt.
ko,train,primary,assertion,negation,2,False,0,작은 빨간색 고양이가 어린 하얀색 닭을 뒤따른다는 것과 어린 하얀색 닭이 작은 빨간색 고양이를 뒤따르지 않는다는 것이 모두 사실이다.,어린 하얀색 닭을 작은 빨간색 고양이가 뒤따르지 않는다는 것과 작은 빨간색 고양이를 어린 하얀색 닭이 뒤따른다는 것이 모두 사실이다.
en,train,primary,assertion,negation,2,False,1,The small red cat follows the young white chicken and the young white chicken does not follow the small red cat.,The young white chicken is followed by the small red cat and the small red cat is not followed by the young white chicken.
de,train,primary,assertion,negation,2,False,1,Die kleine rote Katze verfolgt das junge weiße Huhn und das junge weiße Huhn verfolgt die kleine rote Katze nicht.,Das junge weiße Huhn wird von der kleinen roten Katze verfolgt und die kleine rote Katze wird nicht von dem jungen weißen Huhn verfolgt.
ko,train,primary,assertion,negation,2,False,1,작은 빨간색 고양이가 어린 하얀색 닭을 뒤따른다는 것과 어린 하얀색 닭이 작은 빨간색 고양이를 뒤따르지 않는다는 것이 모두 사실이다.,어린 하얀색 닭을 작은 빨간색 고양이가 뒤따른다는 것과 작은 빨간색 고양이를 어린 하얀색 닭이 뒤따르지 않는다는 것이 모두 사실이다.
en,train,primary,assertion,negation,1,True,0,The large red horse does not greet the large red lion and the large red lion greets the large red horse.,The large red lion is greeted by the large red horse and the large red horse is not greeted by the large red lion.
de,train,primary,assertion,negation,1,True,0,Das große rote Pferd grüßt den großen roten Löwen nicht und der große rote Löwe grüßt das große rote Pferd.,Der große rote Löwe wird von dem großen roten Pferd gegrüßt und das große rote Pferd wird nicht von dem großen roten Löwen gegrüßt.
ko,train,primary,assertion,negation,1,True,0,큰 빨간색 말이 큰 빨간색 사자를 반기지 않는다는 것과 큰 빨간색 사자가 큰 빨간색 말을 반긴다는 것이 모두 사실이다.,큰 빨간색 사자를 큰 빨간색 말이 반긴다는 것과 큰 빨간색 말을 큰 빨간색 사자가 반기지 않는다는 것이 모두 사실이다.
en,train,primary,assertion,negation,1,True,1,The large red horse does not greet the large red lion and the large red lion greets the large red horse.,The large red lion is not greeted by the large red horse and the large red horse is greeted by the large red lion.
de,train,primary,assertion,negation,1,True,1,Das große rote Pferd grüßt den großen roten Löwen nicht und der große rote Löwe grüßt das große rote Pferd.,Der große rote Löwe wird nicht von dem großen roten Pferd gegrüßt und das große rote Pferd wird von dem großen roten Löwen gegrüßt.
ko,train,primary,assertion,negation,1,True,1,큰 빨간색 말이 큰 빨간색 사자를 반기지 않는다는 것과 큰 빨간색 사자가 큰 빨간색 말을 반긴다는 것이 모두 사실이다.,큰 빨간색 사자를 큰 빨간색 말이 반기지 않는다는 것과 큰 빨간색 말을 큰 빨간색 사자가 반긴다는 것이 모두 사실이다.
en,train,primary,assertion,space,1,True,0,The small yellow lion is to the left of the young blue bear and the small green rabbit is to the right of the small green cat.,The young blue bear is to the left of the small yellow lion and the small green cat is to the right of the small green rabbit.
de,train,primary,assertion,space,1,True,0,Der kleine gelbe Löwe ist links von dem jungen blauen Bären und das kleine grüne Kaninchen ist rechts von der kleinen grünen Katze.,Der junge blaue Bär ist links von dem kleinen gelben Löwen und die kleine grüne Katze ist rechts von dem kleinen grünen Kaninchen.
ko,train,primary,assertion,space,1,True,0,작은 노란색 사자가 어린 파란색 곰의 왼쪽에 있다는 것과 작은 초록색 토끼가 작은 초록색 고양이의 오른쪽에 있다는 것이 모두 사실이다.,어린 파란색 곰이 작은 노란색 사자의 왼쪽에 있다는 것과 작은 초록색 고양이가 작은 초록색 토끼의 오른쪽에 있다는 것이 모두 사실이다.
en,train,primary,assertion,space,1,True,1,The small yellow lion is to the left of the young blue bear and the small green rabbit is to the right of the small green cat.,The young blue bear is to the right of the small yellow lion and the small green cat is to the left of the small green rabbit.
de,train,primary,assertion,space,1,True,1,Der kleine gelbe Löwe ist links von dem jungen blauen Bären und das kleine grüne Kaninchen ist rechts von der kleinen grünen Katze.,Der junge blaue Bär ist rechts von dem kleinen gelben Löwen und die kleine grüne Katze ist links von dem kleinen grünen Kaninchen.
ko,train,primary,assertion,space,1,True,1,작은 노란색 사자가 어린 파란색 곰의 왼쪽에 있다는 것과 작은 초록색 토끼가 작은 초록색 고양이의 오른쪽에 있다는 것이 모두 사실이다.,어린 파란색 곰이 작은 노란색 사자의 오른쪽에 있다는 것과 작은 초록색 고양이가 작은 초록색 토끼의 왼쪽에 있다는 것이 모두 사실이다.
en,train,primary,assertion,space,2,False,0,The old red dog is to the right of the small blue horse and the large yellow horse is to the left of the young red bear.,The small blue horse is to the right of the old red dog and the young red bear is to the left of the large yellow horse.
de,train,primary,assertion,space,2,False,0,Der alte rote Hund ist rechts von dem kleinen blauen Pferd und das große gelbe Pferd ist links von dem jungen roten Bären.,Das kleine blaue Pferd ist rechts von dem alten roten Hund und der junge rote Bär ist links von dem großen gelben Pferd.
ko,train,primary,assertion,space,2,False,0,늙은 빨간색 개가 작은 파란색 말의 오른쪽에 있다는 것과 큰 노란색 말이 어린 빨간색 곰의 왼쪽에 있다는 것이 모두 사실이다.,작은 파란색 말이 늙은 빨간색 개의 오른쪽에 있다는 것과 어린 빨간색 곰이 큰 노란색 말의 왼쪽에 있다는 것이 모두 사실이다.
en,train,primary,assertion,space,2,False,1,The old red dog is to the right of the small blue horse and the large yellow horse is to the left of the young red bear.,The small blue horse is to the left of the old red dog and the young red bear is to the right of the large yellow horse.
de,train,primary,assertion,space,2,False,1,Der alte rote Hund ist rechts von dem kleinen blauen Pferd und das große gelbe Pferd ist links von dem jungen roten Bären.,Das kleine blaue Pferd ist links von dem alten roten Hund und der junge rote Bär ist rechts von dem großen gelben Pferd.
ko,train,primary,assertion,space,2,False,1,늙은 빨간색 개가 작은 파란색 말의 오른쪽에 있다는 것과 큰 노란색 말이 어린 빨간색 곰의 왼쪽에 있다는 것이 모두 사실이다.,작은 파란색 말이 늙은 빨간색 개의 왼쪽에 있다는 것과 어린 빨간색 곰이 큰 노란색 말의 오른쪽에 있다는 것이 모두 사실이다.
en,train,primary,assertion,space,2,True,0,The small white duck is to the right of the young red mouse and the old white chicken is to the left of the large yellow cow.,The young red mouse is to the right of the small white duck and the large yellow cow is to the left of the old white chicken.
de,train,primary,assertion,space,2,True,0,Die kleine weiße Ente ist rechts von der jungen roten Maus und das alte weiße Huhn ist links von der großen gelben Kuh.,Die junge rote Maus ist rechts von der kleinen weißen Ente und die große gelbe Kuh ist links von dem alten weißen Huhn.
ko,train,primary,assertion,space,2,True,0,작은 하얀색 오리가 어린 빨간색 쥐의 오른쪽에 있다는 것과 늙은 하얀색 닭이 큰 노란색 소의 왼쪽에 있다는 것이 모두 사실이다.,어린 빨간색 쥐가 작은 하얀색 오리의 오른쪽에 있다는 것과 큰 노란색 소가 늙은 하얀색 닭의 왼쪽에 있다는 것이 모두 사실이다.
en,train,primary,assertion,space,2,True,1,The small white duck is to the right of the young red mouse and the old white chicken is to the left of the large yellow cow.,The young red mouse is to the left of the small white duck and the large yellow cow is to the right of the old white chicken.
de,train,primary,assertion,space,2,True,1,Die kleine weiße Ente ist rechts von der jungen roten Maus und das alte weiße Huhn ist links von der großen gelben Kuh.,Die junge rote Maus ist links von der kleinen weißen Ente und die große gelbe Kuh ist rechts von dem alten weißen Huhn.
ko,train,primary,assertion,space,2,True,1,작은 하얀색 오리가 어린 빨간색 쥐의 오른쪽에 있다는 것과 늙은 하얀색 닭이 큰 노란색 소의 왼쪽에 있다는 것이 모두 사실이다.,어린 빨간색 쥐가 작은 하얀색 오리의 왼쪽에 있다는 것과 큰 노란색 소가 늙은 하얀색 닭의 오른쪽에 있다는 것이 모두 사실이다.
en,train,primary,assertion,space,0,False,0,The small green cow is to the right of the small red sheep and the young white duck is to the left of the small blue duck.,The small red sheep is to the right of the small green cow and the small blue duck is to the left of the young white duck.
de,train,primary,assertion,space,0,False,0,Die kleine grüne Kuh ist rechts von dem kleinen roten Schaf und die junge weiße Ente ist links von der kleinen blauen Ente.,Das kleine rote Schaf ist rechts von der kleinen grünen Kuh und die kleine blaue Ente ist links von der jungen weißen Ente.
ko,train,primary,assertion,space,0,False,0,작은 초록색 소가 작은 빨간색 양의 오른쪽에 있다는 것과 어린 하얀색 오리가 작은 파란색 오리의 왼쪽에 있다는 것이 모두 사실이다.,작은 빨간색 양이 작은 초록색 소의 오른쪽에 있다는 것과 작은 파란색 오리가 어린 하얀색 오리의 왼쪽에 있다는 것이 모두 사실이다.
en,train,primary,assertion,space,0,False,1,The small green cow is to the right of the small red sheep and the young white duck is to the left of the small blue duck.,The small red sheep is to the left of the small green cow and the small blue duck is to the right of the young white duck.
de,train,primary,assertion,space,0,False,1,Die kleine grüne Kuh ist rechts von dem kleinen roten Schaf und die junge weiße Ente ist links von der kleinen blauen Ente.,Das kleine rote Schaf ist links von der kleinen grünen Kuh und die kleine blaue Ente ist rechts von der jungen weißen Ente.
ko,train,primary,assertion,space,0,False,1,작은 초록색 소가 작은 빨간색 양의 오른쪽에 있다는 것과 어린 하얀색 오리가 작은 파란색 오리의 왼쪽에 있다는 것이 모두 사실이다.,작은 빨간색 양이 작은 초록색 소의 왼쪽에 있다는 것과 작은 파란색 오리가 어린 하얀색 오리의 오른쪽에 있다는 것이 모두 사실이다.
en,train,primary,assertion,space,0,True,0,The young black cat is in front of the young white bear and the small red lion is behind the young black lion.,The young white bear is in front of the young black cat and the young black lion is behind the small red lion.
de,train,primary,assertion,space,0,True,0,Die junge schwarze Katze ist vor dem jungen weißen Bären und der kleine rote Löwe ist hinter dem jungen schwarzen Löwen.,Der junge weiße Bär ist vor der jungen schwarzen Katze und der junge schwarze Löwe ist hinter dem kleinen roten Löwen.
ko,train,primary,assertion,space,0,True,0,어린 검은색 고양이가 어린 하얀색 곰의 앞에 있다는 것과 작은 빨간색 사자가 어린 검은색 사자의 뒤에 있다는 것이 모두 사실이다.,어린 하얀색 곰이 어린 검은색 고양이의 앞에 있다는 것과 어린 검은색 사자가 작은 빨간색 사자의 뒤에 있다는 것이 모두 사실이다.
en,train,primary,assertion,space,0,True,1,The young black cat is in front of the young white bear and the small red lion is behind the young black lion.,The young white bear is behind the young black cat and the young black lion is in front of the small red lion.
de,train,primary,assertion,space,0,True,1,Die junge schwarze Katze ist vor dem jungen weißen Bären und der kleine rote Löwe ist hinter dem jungen schwarzen Löwen.,Der junge weiße Bär ist hinter der jungen schwarzen Katze und der junge schwarze Löwe ist vor dem kleinen roten Löwen.
ko,train,primary,assertion,space,0,True,1,어린 검은색 고양이가 어린 하얀색 곰의 앞에 있다는 것과 작은 빨간색 사자가 어린 검은색 사자의 뒤에 있다는 것이 모두 사실이다.,어린 하얀색 곰이 어린 검은색 고양이의 뒤에 있다는 것과 어린 검은색 사자가 작은 빨간색 사자의 앞에 있다는 것이 모두 사실이다.
en,train,primary,assertion,space,1,False,0,The young yellow sheep is behind the small yellow lion and the large red duck is in front of the old red fox.,The small yellow lion is behind the young yellow sheep and the old red fox is in front of the large red duck.
de,train,primary,assertion,space,1,False,0,Das junge gelbe Schaf ist hinter dem kleinen gelben Löwen und die große rote Ente ist vor dem alten roten Fuchs.,Der kleine gelbe Löwe ist hinter dem jungen gelben Schaf und der alte rote Fuchs ist vor der großen roten Ente.
ko,train,primary,assertion,space,1,False,0,어린 노란색 양이 작은 노란색 사자의 뒤에 있다는 것과 큰 빨간색 오리가 늙은 빨간색 여우의 앞에 있다는 것이 모두 사실이다.,작은 노란색 사자가 어린 노란색 양의 뒤에 있다는 것과 늙은 빨간색 여우가 큰 빨간색 오리의 앞에 있다는 것이 모두 사실이다.
en,train,primary,assertion,space,1,False,1,The young yellow sheep is behind the small yellow lion and the large red duck is in front of the old red fox.,The small yellow lion is in front of the young yellow sheep and the old red fox is behind the large red duck.
de,train,primary,assertion,space,1,False,1,Das junge gelbe Schaf ist hinter dem kleinen gelben Löwen und die große rote Ente ist vor dem alten roten Fuchs.,Der kleine gelbe Löwe ist vor dem jungen gelben Schaf und der alte rote Fuchs ist hinter der großen roten Ente.
ko,train,primary,assertion,space,1,False,1,어린 노란색 양이 작은 노란색 사자의 뒤에 있다는 것과 큰 빨간색 오리가 늙은 빨간색 여우의 앞에 있다는 것이 모두 사실이다.,작은 노란색 사자가 어린 노란색 양의 앞에 있다는 것과 늙은 빨간색 여우가 큰 빨간색 오리의 뒤에 있다는 것이 모두 사실이다.
en,train,primary,assertion,quantity,1,True,0,There are eight young black dogs and six small yellow lions.,There are eight small yellow lions and six young black dogs.
de,train,primary,assertion,quantity,1,True,0,Es gibt acht junge schwarze Hunde und sechs kleine gelbe Löwen.,Es gibt acht kleine gelbe Löwen und sechs junge schwarze Hunde.
ko,train,primary,assertion,quantity,1,True,0,어린 검은색 개 여덟 마리와 작은 노란색 사자 여섯 마리가 있다.,작은 노란색 사자 여덟 마리와 어린 검은색 개 여섯 마리가 있다.
en,train,primary,assertion,quantity,1,True,1,There are eight young black dogs and six small yellow lions.,There are six small yellow lions and eight young black dogs.
de,train,primary,assertion,quantity,1,True,1,Es gibt acht junge schwarze Hunde und sechs kleine gelbe Löwen.,Es gibt sechs kleine gelbe Löwen und acht junge schwarze Hunde.
ko,train,primary,assertion,quantity,1,True,1,어린 검은색 개 여덟 마리와 작은 노란색 사자 여섯 마리가 있다.,작은 노란색 사자 여섯 마리와 어린 검은색 개 여덟 마리가 있다.
en,train,primary,assertion,quantity,1,False,0,There are five small green lions and six old blue cows.,There are five old blue cows and six small green lions.
de,train,primary,assertion,quantity,1,False,0,Es gibt fünf kleine grüne Löwen und sechs alte blaue Kühe.,Es gibt fünf alte blaue Kühe und sechs kleine grüne Löwen.
ko,train,primary,assertion,quantity,1,False,0,작은 초록색 사자 다섯 마리와 늙은 파란색 소 여섯 마리가 있다.,늙은 파란색 소 다섯 마리와 작은 초록색 사자 여섯 마리가 있다.
en,train,primary,assertion,quantity,1,False,1,There are five small green lions and six old blue cows.,There are six old blue cows and five small green lions.
de,train,primary,assertion,quantity,1,False,1,Es gibt fünf kleine grüne Löwen und sechs alte blaue Kühe.,Es gibt sechs alte blaue Kühe und fünf kleine grüne Löwen.
ko,train,primary,assertion,quantity,1,False,1,작은 초록색 사자 다섯 마리와 늙은 파란색 소 여섯 마리가 있다.,늙은 파란색 소 여섯 마리와 작은 초록색 사자 다섯 마리가 있다.
en,train,primary,assertion,quantity,2,False,0,There are three small white dogs and four old blue chickens.,There are three old blue chickens and four small white dogs.
de,train,primary,assertion,quantity,2,False,0,Es gibt drei kleine weiße Hunde und vier alte blaue Hühner.,Es gibt drei alte blaue Hühner und vier kleine weiße Hunde.
ko,train,primary,assertion,quantity,2,False,0,작은 하얀색 개 세 마리와 늙은 파란색 닭 네 마리가 있다.,늙은 파란색 닭 세 마리와 작은 하얀색 개 네 마리가 있다.
en,train,primary,assertion,quantity,2,False,1,There are three small white dogs and four old blue chickens.,There are four old blue chickens and three small white dogs.
de,train,primary,assertion,quantity,2,False,1,Es gibt drei kleine weiße Hunde und vier alte blaue Hühner.,Es gibt vier alte blaue Hühner und drei kleine weiße Hunde.
ko,train,primary,assertion,quantity,2,False,1,작은 하얀색 개 세 마리와 늙은 파란색 닭 네 마리가 있다.,늙은 파란색 닭 네 마리와 작은 하얀색 개 세 마리가 있다.
en,train,primary,assertion,quantity,0,False,0,There are two old red mice and four large green ducks.,There are two large green ducks and four old red mice.
de,train,primary,assertion,quantity,0,False,0,Es gibt zwei alte rote Mäuse und vier große grüne Enten.,Es gibt zwei große grüne Enten und vier alte rote Mäuse.
ko,train,primary,assertion,quantity,0,False,0,늙은 빨간색 쥐 두 마리와 큰 초록색 오리 네 마리가 있다.,큰 초록색 오리 두 마리와 늙은 빨간색 쥐 네 마리가 있다.
en,train,primary,assertion,quantity,0,False,1,There are two old red mice and four large green ducks.,There are four large green ducks and two old red mice.
de,train,primary,assertion,quantity,0,False,1,Es gibt zwei alte rote Mäuse und vier große grüne Enten.,Es gibt vier große grüne Enten und zwei alte rote Mäuse.
ko,train,primary,assertion,quantity,0,False,1,늙은 빨간색 쥐 두 마리와 큰 초록색 오리 네 마리가 있다.,큰 초록색 오리 네 마리와 늙은 빨간색 쥐 두 마리가 있다.
en,train,primary,assertion,quantity,2,True,0,There are eight young white ducks and two small yellow rabbits.,There are eight small yellow rabbits and two young white ducks.
de,train,primary,assertion,quantity,2,True,0,Es gibt acht junge weiße Enten und zwei kleine gelbe Kaninchen.,Es gibt acht kleine gelbe Kaninchen und zwei junge weiße Enten.
ko,train,primary,assertion,quantity,2,True,0,어린 하얀색 오리 여덟 마리와 작은 노란색 토끼 두 마리가 있다.,작은 노란색 토끼 여덟 마리와 어린 하얀색 오리 두 마리가 있다.
en,train,primary,assertion,quantity,2,True,1,There are eight young white ducks and two small yellow rabbits.,There are two small yellow rabbits and eight young white ducks.
de,train,primary,assertion,quantity,2,True,1,Es gibt acht junge weiße Enten und zwei kleine gelbe Kaninchen.,Es gibt zwei kleine gelbe Kaninchen und acht junge weiße Enten.
ko,train,primary,assertion,quantity,2,True,1,어린 하얀색 오리 여덟 마리와 작은 노란색 토끼 두 마리가 있다.,작은 노란색 토끼 두 마리와 어린 하얀색 오리 여덟 마리가 있다.
en,train,primary,assertion,quantity,0,True,0,There are two old black sheep and four large white bears.,There are two large white bears and four old black sheep.
de,train,primary,assertion,quantity,0,True,0,Es gibt zwei alte schwarze Schafe und vier große weiße Bären.,Es gibt zwei große weiße Bären und vier alte schwarze Schafe.
ko,train,primary,assertion,quantity,0,True,0,늙은 검은색 양 두 마리와 큰 하얀색 곰 네 마리가 있다.,큰 하얀색 곰 두 마리와 늙은 검은색 양 네 마리가 있다.
en,train,primary,assertion,quantity,0,True,1,There are two old black sheep and four large white bears.,There are four large white bears and two old black sheep.
de,train,primary,assertion,quantity,0,True,1,Es gibt zwei alte schwarze Schafe und vier große weiße Bären.,Es gibt vier große weiße Bären und zwei alte schwarze Schafe.
ko,train,primary,assertion,quantity,0,True,1,늙은 검은색 양 두 마리와 큰 하얀색 곰 네 마리가 있다.,큰 하얀색 곰 네 마리와 늙은 검은색 양 두 마리가 있다.
en,dev_a,primary,assertion,roles,2,False,0,The old white lion follows the old green fox and the old green fox greets the old white lion.,The old green fox is greeted by the old white lion and the old white lion is followed by the old green fox.
en,dev_a,auxiliary,truth_question,roles,2,False,0,Is it true that the old white lion follows the old green fox and the old green fox greets the old white lion?,Is it true that the old green fox is greeted by the old white lion and the old white lion is followed by the old green fox?
de,dev_a,primary,assertion,roles,2,False,0,Der alte weiße Löwe verfolgt den alten grünen Fuchs und der alte grüne Fuchs grüßt den alten weißen Löwen.,Der alte grüne Fuchs wird von dem alten weißen Löwen gegrüßt und der alte weiße Löwe wird von dem alten grünen Fuchs verfolgt.
de,dev_a,auxiliary,truth_question,roles,2,False,0,"Stimmt es, dass der alte weiße Löwe den alten grünen Fuchs verfolgt und der alte grüne Fuchs den alten weißen Löwen grüßt?","Stimmt es, dass der alte grüne Fuchs von dem alten weißen Löwen gegrüßt wird und der alte weiße Löwe von dem alten grünen Fuchs verfolgt wird?"
ko,dev_a,primary,assertion,roles,2,False,0,늙은 하얀색 사자가 늙은 초록색 여우를 뒤따른다는 것과 늙은 초록색 여우가 늙은 하얀색 사자를 반긴다는 것이 모두 사실이다.,늙은 초록색 여우를 늙은 하얀색 사자가 반긴다는 것과 늙은 하얀색 사자를 늙은 초록색 여우가 뒤따른다는 것이 모두 사실이다.
ko,dev_a,auxiliary,truth_question,roles,2,False,0,늙은 하얀색 사자가 늙은 초록색 여우를 뒤따른다는 것과 늙은 초록색 여우가 늙은 하얀색 사자를 반긴다는 것이 모두 사실인가?,늙은 초록색 여우를 늙은 하얀색 사자가 반긴다는 것과 늙은 하얀색 사자를 늙은 초록색 여우가 뒤따른다는 것이 모두 사실인가?
en,dev_a,primary,assertion,roles,2,False,1,The old white lion follows the old green fox and the old green fox greets the old white lion.,The old green fox is followed by the old white lion and the old white lion is greeted by the old green fox.
en,dev_a,auxiliary,truth_question,roles,2,False,1,Is it true that the old white lion follows the old green fox and the old green fox greets the old white lion?,Is it true that the old green fox is followed by the old white lion and the old white lion is greeted by the old green fox?
de,dev_a,primary,assertion,roles,2,False,1,Der alte weiße Löwe verfolgt den alten grünen Fuchs und der alte grüne Fuchs grüßt den alten weißen Löwen.,Der alte grüne Fuchs wird von dem alten weißen Löwen verfolgt und der alte weiße Löwe wird von dem alten grünen Fuchs gegrüßt.
de,dev_a,auxiliary,truth_question,roles,2,False,1,"Stimmt es, dass der alte weiße Löwe den alten grünen Fuchs verfolgt und der alte grüne Fuchs den alten weißen Löwen grüßt?","Stimmt es, dass der alte grüne Fuchs von dem alten weißen Löwen verfolgt wird und der alte weiße Löwe von dem alten grünen Fuchs gegrüßt wird?"
ko,dev_a,primary,assertion,roles,2,False,1,늙은 하얀색 사자가 늙은 초록색 여우를 뒤따른다는 것과 늙은 초록색 여우가 늙은 하얀색 사자를 반긴다는 것이 모두 사실이다.,늙은 초록색 여우를 늙은 하얀색 사자가 뒤따른다는 것과 늙은 하얀색 사자를 늙은 초록색 여우가 반긴다는 것이 모두 사실이다.
ko,dev_a,auxiliary,truth_question,roles,2,False,1,늙은 하얀색 사자가 늙은 초록색 여우를 뒤따른다는 것과 늙은 초록색 여우가 늙은 하얀색 사자를 반긴다는 것이 모두 사실인가?,늙은 초록색 여우를 늙은 하얀색 사자가 뒤따른다는 것과 늙은 하얀색 사자를 늙은 초록색 여우가 반긴다는 것이 모두 사실인가?
en,dev_a,primary,assertion,roles,1,False,0,The old blue cat greets the old green bear and the old green bear sees the old blue cat.,The old green bear is seen by the old blue cat and the old blue cat is greeted by the old green bear.
en,dev_a,auxiliary,truth_question,roles,1,False,0,Is it true that the old blue cat greets the old green bear and the old green bear sees the old blue cat?,Is it true that the old green bear is seen by the old blue cat and the old blue cat is greeted by the old green bear?
de,dev_a,primary,assertion,roles,1,False,0,Die alte blaue Katze grüßt den alten grünen Bären und der alte grüne Bär sieht die alte blaue Katze.,Der alte grüne Bär wird von der alten blauen Katze gesehen und die alte blaue Katze wird von dem alten grünen Bären gegrüßt.
de,dev_a,auxiliary,truth_question,roles,1,False,0,"Stimmt es, dass die alte blaue Katze den alten grünen Bären grüßt und der alte grüne Bär die alte blaue Katze sieht?","Stimmt es, dass der alte grüne Bär von der alten blauen Katze gesehen wird und die alte blaue Katze von dem alten grünen Bären gegrüßt wird?"
ko,dev_a,primary,assertion,roles,1,False,0,늙은 파란색 고양이가 늙은 초록색 곰을 반긴다는 것과 늙은 초록색 곰이 늙은 파란색 고양이를 본다는 것이 모두 사실이다.,늙은 초록색 곰을 늙은 파란색 고양이가 본다는 것과 늙은 파란색 고양이를 늙은 초록색 곰이 반긴다는 것이 모두 사실이다.
ko,dev_a,auxiliary,truth_question,roles,1,False,0,늙은 파란색 고양이가 늙은 초록색 곰을 반긴다는 것과 늙은 초록색 곰이 늙은 파란색 고양이를 본다는 것이 모두 사실인가?,늙은 초록색 곰을 늙은 파란색 고양이가 본다는 것과 늙은 파란색 고양이를 늙은 초록색 곰이 반긴다는 것이 모두 사실인가?
en,dev_a,primary,assertion,roles,1,False,1,The old blue cat greets the old green bear and the old green bear sees the old blue cat.,The old green bear is greeted by the old blue cat and the old blue cat is seen by the old green bear.
en,dev_a,auxiliary,truth_question,roles,1,False,1,Is it true that the old blue cat greets the old green bear and the old green bear sees the old blue cat?,Is it true that the old green bear is greeted by the old blue cat and the old blue cat is seen by the old green bear?
de,dev_a,primary,assertion,roles,1,False,1,Die alte blaue Katze grüßt den alten grünen Bären und der alte grüne Bär sieht die alte blaue Katze.,Der alte grüne Bär wird von der alten blauen Katze gegrüßt und die alte blaue Katze wird von dem alten grünen Bären gesehen.
de,dev_a,auxiliary,truth_question,roles,1,False,1,"Stimmt es, dass die alte blaue Katze den alten grünen Bären grüßt und der alte grüne Bär die alte blaue Katze sieht?","Stimmt es, dass der alte grüne Bär von der alten blauen Katze gegrüßt wird und die alte blaue Katze von dem alten grünen Bären gesehen wird?"
ko,dev_a,primary,assertion,roles,1,False,1,늙은 파란색 고양이가 늙은 초록색 곰을 반긴다는 것과 늙은 초록색 곰이 늙은 파란색 고양이를 본다는 것이 모두 사실이다.,늙은 초록색 곰을 늙은 파란색 고양이가 반긴다는 것과 늙은 파란색 고양이를 늙은 초록색 곰이 본다는 것이 모두 사실이다.
ko,dev_a,auxiliary,truth_question,roles,1,False,1,늙은 파란색 고양이가 늙은 초록색 곰을 반긴다는 것과 늙은 초록색 곰이 늙은 파란색 고양이를 본다는 것이 모두 사실인가?,늙은 초록색 곰을 늙은 파란색 고양이가 반긴다는 것과 늙은 파란색 고양이를 늙은 초록색 곰이 본다는 것이 모두 사실인가?
en,dev_a,primary,assertion,roles,0,False,0,The young red horse sees the young green duck and the young green duck follows the young red horse.,The young green duck is followed by the young red horse and the young red horse is seen by the young green duck.
en,dev_a,auxiliary,truth_question,roles,0,False,0,Is it true that the young red horse sees the young green duck and the young green duck follows the young red horse?,Is it true that the young green duck is followed by the young red horse and the young red horse is seen by the young green duck?
de,dev_a,primary,assertion,roles,0,False,0,Das junge rote Pferd sieht die junge grüne Ente und die junge grüne Ente verfolgt das junge rote Pferd.,Die junge grüne Ente wird von dem jungen roten Pferd verfolgt und das junge rote Pferd wird von der jungen grünen Ente gesehen.
de,dev_a,auxiliary,truth_question,roles,0,False,0,"Stimmt es, dass das junge rote Pferd die junge grüne Ente sieht und die junge grüne Ente das junge rote Pferd verfolgt?","Stimmt es, dass die junge grüne Ente von dem jungen roten Pferd verfolgt wird und das junge rote Pferd von der jungen grünen Ente gesehen wird?"
ko,dev_a,primary,assertion,roles,0,False,0,어린 빨간색 말이 어린 초록색 오리를 본다는 것과 어린 초록색 오리가 어린 빨간색 말을 뒤따른다는 것이 모두 사실이다.,어린 초록색 오리를 어린 빨간색 말이 뒤따른다는 것과 어린 빨간색 말을 어린 초록색 오리가 본다는 것이 모두 사실이다.
ko,dev_a,auxiliary,truth_question,roles,0,False,0,어린 빨간색 말이 어린 초록색 오리를 본다는 것과 어린 초록색 오리가 어린 빨간색 말을 뒤따른다는 것이 모두 사실인가?,어린 초록색 오리를 어린 빨간색 말이 뒤따른다는 것과 어린 빨간색 말을 어린 초록색 오리가 본다는 것이 모두 사실인가?
en,dev_a,primary,assertion,roles,0,False,1,The young red horse sees the young green duck and the young green duck follows the young red horse.,The young green duck is seen by the young red horse and the young red horse is followed by the young green duck.
en,dev_a,auxiliary,truth_question,roles,0,False,1,Is it true that the young red horse sees the young green duck and the young green duck follows the young red horse?,Is it true that the young green duck is seen by the young red horse and the young red horse is followed by the young green duck?
de,dev_a,primary,assertion,roles,0,False,1,Das junge rote Pferd sieht die junge grüne Ente und die junge grüne Ente verfolgt das junge rote Pferd.,Die junge grüne Ente wird von dem jungen roten Pferd gesehen und das junge rote Pferd wird von der jungen grünen Ente verfolgt.
de,dev_a,auxiliary,truth_question,roles,0,False,1,"Stimmt es, dass das junge rote Pferd die junge grüne Ente sieht und die junge grüne Ente das junge rote Pferd verfolgt?","Stimmt es, dass die junge grüne Ente von dem jungen roten Pferd gesehen wird und das junge rote Pferd von der jungen grünen Ente verfolgt wird?"
ko,dev_a,primary,assertion,roles,0,False,1,어린 빨간색 말이 어린 초록색 오리를 본다는 것과 어린 초록색 오리가 어린 빨간색 말을 뒤따른다는 것이 모두 사실이다.,어린 초록색 오리를 어린 빨간색 말이 본다는 것과 어린 빨간색 말을 어린 초록색 오리가 뒤따른다는 것이 모두 사실이다.
ko,dev_a,auxiliary,truth_question,roles,0,False,1,어린 빨간색 말이 어린 초록색 오리를 본다는 것과 어린 초록색 오리가 어린 빨간색 말을 뒤따른다는 것이 모두 사실인가?,어린 초록색 오리를 어린 빨간색 말이 본다는 것과 어린 빨간색 말을 어린 초록색 오리가 뒤따른다는 것이 모두 사실인가?
en,dev_a,primary,assertion,negation,0,True,0,The small yellow fox does not see the young blue dog and the young blue dog sees the small yellow fox.,The young blue dog is seen by the small yellow fox and the small yellow fox is not seen by the young blue dog.
en,dev_a,auxiliary,truth_question,negation,0,True,0,Is it true that the small yellow fox does not see the young blue dog and the young blue dog sees the small yellow fox?,Is it true that the young blue dog is seen by the small yellow fox and the small yellow fox is not seen by the young blue dog?
de,dev_a,primary,assertion,negation,0,True,0,Der kleine gelbe Fuchs sieht den jungen blauen Hund nicht und der junge blaue Hund sieht den kleinen gelben Fuchs.,Der junge blaue Hund wird von dem kleinen gelben Fuchs gesehen und der kleine gelbe Fuchs wird nicht von dem jungen blauen Hund gesehen.
de,dev_a,auxiliary,truth_question,negation,0,True,0,"Stimmt es, dass der kleine gelbe Fuchs den jungen blauen Hund nicht sieht und der junge blaue Hund den kleinen gelben Fuchs sieht?","Stimmt es, dass der junge blaue Hund von dem kleinen gelben Fuchs gesehen wird und der kleine gelbe Fuchs nicht von dem jungen blauen Hund gesehen wird?"
ko,dev_a,primary,assertion,negation,0,True,0,작은 노란색 여우가 어린 파란색 개를 보지 않는다는 것과 어린 파란색 개가 작은 노란색 여우를 본다는 것이 모두 사실이다.,어린 파란색 개를 작은 노란색 여우가 본다는 것과 작은 노란색 여우를 어린 파란색 개가 보지 않는다는 것이 모두 사실이다.
ko,dev_a,auxiliary,truth_question,negation,0,True,0,작은 노란색 여우가 어린 파란색 개를 보지 않는다는 것과 어린 파란색 개가 작은 노란색 여우를 본다는 것이 모두 사실인가?,어린 파란색 개를 작은 노란색 여우가 본다는 것과 작은 노란색 여우를 어린 파란색 개가 보지 않는다는 것이 모두 사실인가?
en,dev_a,primary,assertion,negation,0,True,1,The small yellow fox does not see the young blue dog and the young blue dog sees the small yellow fox.,The young blue dog is not seen by the small yellow fox and the small yellow fox is seen by the young blue dog.
en,dev_a,auxiliary,truth_question,negation,0,True,1,Is it true that the small yellow fox does not see the young blue dog and the young blue dog sees the small yellow fox?,Is it true that the young blue dog is not seen by the small yellow fox and the small yellow fox is seen by the young blue dog?
de,dev_a,primary,assertion,negation,0,True,1,Der kleine gelbe Fuchs sieht den jungen blauen Hund nicht und der junge blaue Hund sieht den kleinen gelben Fuchs.,Der junge blaue Hund wird nicht von dem kleinen gelben Fuchs gesehen und der kleine gelbe Fuchs wird von dem jungen blauen Hund gesehen.
de,dev_a,auxiliary,truth_question,negation,0,True,1,"Stimmt es, dass der kleine gelbe Fuchs den jungen blauen Hund nicht sieht und der junge blaue Hund den kleinen gelben Fuchs sieht?","Stimmt es, dass der junge blaue Hund nicht von dem kleinen gelben Fuchs gesehen wird und der kleine gelbe Fuchs von dem jungen blauen Hund gesehen wird?"
ko,dev_a,primary,assertion,negation,0,True,1,작은 노란색 여우가 어린 파란색 개를 보지 않는다는 것과 어린 파란색 개가 작은 노란색 여우를 본다는 것이 모두 사실이다.,어린 파란색 개를 작은 노란색 여우가 보지 않는다는 것과 작은 노란색 여우를 어린 파란색 개가 본다는 것이 모두 사실이다.
ko,dev_a,auxiliary,truth_question,negation,0,True,1,작은 노란색 여우가 어린 파란색 개를 보지 않는다는 것과 어린 파란색 개가 작은 노란색 여우를 본다는 것이 모두 사실인가?,어린 파란색 개를 작은 노란색 여우가 보지 않는다는 것과 작은 노란색 여우를 어린 파란색 개가 본다는 것이 모두 사실인가?
en,dev_a,primary,assertion,negation,0,False,0,The small red bear sees the small blue duck and the small blue duck does not see the small red bear.,The small blue duck is not seen by the small red bear and the small red bear is seen by the small blue duck.
en,dev_a,auxiliary,truth_question,negation,0,False,0,Is it true that the small red bear sees the small blue duck and the small blue duck does not see the small red bear?,Is it true that the small blue duck is not seen by the small red bear and the small red bear is seen by the small blue duck?
de,dev_a,primary,assertion,negation,0,False,0,Der kleine rote Bär sieht die kleine blaue Ente und die kleine blaue Ente sieht den kleinen roten Bären nicht.,Die kleine blaue Ente wird nicht von dem kleinen roten Bären gesehen und der kleine rote Bär wird von der kleinen blauen Ente gesehen.
de,dev_a,auxiliary,truth_question,negation,0,False,0,"Stimmt es, dass der kleine rote Bär die kleine blaue Ente sieht und die kleine blaue Ente den kleinen roten Bären nicht sieht?","Stimmt es, dass die kleine blaue Ente nicht von dem kleinen roten Bären gesehen wird und der kleine rote Bär von der kleinen blauen Ente gesehen wird?"
ko,dev_a,primary,assertion,negation,0,False,0,작은 빨간색 곰이 작은 파란색 오리를 본다는 것과 작은 파란색 오리가 작은 빨간색 곰을 보지 않는다는 것이 모두 사실이다.,작은 파란색 오리를 작은 빨간색 곰이 보지 않는다는 것과 작은 빨간색 곰을 작은 파란색 오리가 본다는 것이 모두 사실이다.
ko,dev_a,auxiliary,truth_question,negation,0,False,0,작은 빨간색 곰이 작은 파란색 오리를 본다는 것과 작은 파란색 오리가 작은 빨간색 곰을 보지 않는다는 것이 모두 사실인가?,작은 파란색 오리를 작은 빨간색 곰이 보지 않는다는 것과 작은 빨간색 곰을 작은 파란색 오리가 본다는 것이 모두 사실인가?
en,dev_a,primary,assertion,negation,0,False,1,The small red bear sees the small blue duck and the small blue duck does not see the small red bear.,The small blue duck is seen by the small red bear and the small red bear is not seen by the small blue duck.
en,dev_a,auxiliary,truth_question,negation,0,False,1,Is it true that the small red bear sees the small blue duck and the small blue duck does not see the small red bear?,Is it true that the small blue duck is seen by the small red bear and the small red bear is not seen by the small blue duck?
de,dev_a,primary,assertion,negation,0,False,1,Der kleine rote Bär sieht die kleine blaue Ente und die kleine blaue Ente sieht den kleinen roten Bären nicht.,Die kleine blaue Ente wird von dem kleinen roten Bären gesehen und der kleine rote Bär wird nicht von der kleinen blauen Ente gesehen.
de,dev_a,auxiliary,truth_question,negation,0,False,1,"Stimmt es, dass der kleine rote Bär die kleine blaue Ente sieht und die kleine blaue Ente den kleinen roten Bären nicht sieht?","Stimmt es, dass die kleine blaue Ente von dem kleinen roten Bären gesehen wird und der kleine rote Bär nicht von der kleinen blauen Ente gesehen wird?"
ko,dev_a,primary,assertion,negation,0,False,1,작은 빨간색 곰이 작은 파란색 오리를 본다는 것과 작은 파란색 오리가 작은 빨간색 곰을 보지 않는다는 것이 모두 사실이다.,작은 파란색 오리를 작은 빨간색 곰이 본다는 것과 작은 빨간색 곰을 작은 파란색 오리가 보지 않는다는 것이 모두 사실이다.
ko,dev_a,auxiliary,truth_question,negation,0,False,1,작은 빨간색 곰이 작은 파란색 오리를 본다는 것과 작은 파란색 오리가 작은 빨간색 곰을 보지 않는다는 것이 모두 사실인가?,작은 파란색 오리를 작은 빨간색 곰이 본다는 것과 작은 빨간색 곰을 작은 파란색 오리가 보지 않는다는 것이 모두 사실인가?
en,dev_a,primary,assertion,negation,1,True,0,The large yellow dog does not greet the old white horse and the old white horse greets the large yellow dog.,The old white horse is greeted by the large yellow dog and the large yellow dog is not greeted by the old white horse.
en,dev_a,auxiliary,truth_question,negation,1,True,0,Is it true that the large yellow dog does not greet the old white horse and the old white horse greets the large yellow dog?,Is it true that the old white horse is greeted by the large yellow dog and the large yellow dog is not greeted by the old white horse?
de,dev_a,primary,assertion,negation,1,True,0,Der große gelbe Hund grüßt das alte weiße Pferd nicht und das alte weiße Pferd grüßt den großen gelben Hund.,Das alte weiße Pferd wird von dem großen gelben Hund gegrüßt und der große gelbe Hund wird nicht von dem alten weißen Pferd gegrüßt.
de,dev_a,auxiliary,truth_question,negation,1,True,0,"Stimmt es, dass der große gelbe Hund das alte weiße Pferd nicht grüßt und das alte weiße Pferd den großen gelben Hund grüßt?","Stimmt es, dass das alte weiße Pferd von dem großen gelben Hund gegrüßt wird und der große gelbe Hund nicht von dem alten weißen Pferd gegrüßt wird?"
ko,dev_a,primary,assertion,negation,1,True,0,큰 노란색 개가 늙은 하얀색 말을 반기지 않는다는 것과 늙은 하얀색 말이 큰 노란색 개를 반긴다는 것이 모두 사실이다.,늙은 하얀색 말을 큰 노란색 개가 반긴다는 것과 큰 노란색 개를 늙은 하얀색 말이 반기지 않는다는 것이 모두 사실이다.
ko,dev_a,auxiliary,truth_question,negation,1,True,0,큰 노란색 개가 늙은 하얀색 말을 반기지 않는다는 것과 늙은 하얀색 말이 큰 노란색 개를 반긴다는 것이 모두 사실인가?,늙은 하얀색 말을 큰 노란색 개가 반긴다는 것과 큰 노란색 개를 늙은 하얀색 말이 반기지 않는다는 것이 모두 사실인가?
en,dev_a,primary,assertion,negation,1,True,1,The large yellow dog does not greet the old white horse and the old white horse greets the large yellow dog.,The old white horse is not greeted by the large yellow dog and the large yellow dog is greeted by the old white horse.
en,dev_a,auxiliary,truth_question,negation,1,True,1,Is it true that the large yellow dog does not greet the old white horse and the old white horse greets the large yellow dog?,Is it true that the old white horse is not greeted by the large yellow dog and the large yellow dog is greeted by the old white horse?
de,dev_a,primary,assertion,negation,1,True,1,Der große gelbe Hund grüßt das alte weiße Pferd nicht und das alte weiße Pferd grüßt den großen gelben Hund.,Das alte weiße Pferd wird nicht von dem großen gelben Hund gegrüßt und der große gelbe Hund wird von dem alten weißen Pferd gegrüßt.
de,dev_a,auxiliary,truth_question,negation,1,True,1,"Stimmt es, dass der große gelbe Hund das alte weiße Pferd nicht grüßt und das alte weiße Pferd den großen gelben Hund grüßt?","Stimmt es, dass das alte weiße Pferd nicht von dem großen gelben Hund gegrüßt wird und der große gelbe Hund von dem alten weißen Pferd gegrüßt wird?"
ko,dev_a,primary,assertion,negation,1,True,1,큰 노란색 개가 늙은 하얀색 말을 반기지 않는다는 것과 늙은 하얀색 말이 큰 노란색 개를 반긴다는 것이 모두 사실이다.,늙은 하얀색 말을 큰 노란색 개가 반기지 않는다는 것과 큰 노란색 개를 늙은 하얀색 말이 반긴다는 것이 모두 사실이다.
ko,dev_a,auxiliary,truth_question,negation,1,True,1,큰 노란색 개가 늙은 하얀색 말을 반기지 않는다는 것과 늙은 하얀색 말이 큰 노란색 개를 반긴다는 것이 모두 사실인가?,늙은 하얀색 말을 큰 노란색 개가 반기지 않는다는 것과 큰 노란색 개를 늙은 하얀색 말이 반긴다는 것이 모두 사실인가?
en,dev_a,primary,assertion,negation,1,False,0,The young yellow cat greets the young black duck and the young black duck does not greet the young yellow cat.,The young black duck is not greeted by the young yellow cat and the young yellow cat is greeted by the young black duck.
en,dev_a,auxiliary,truth_question,negation,1,False,0,Is it true that the young yellow cat greets the young black duck and the young black duck does not greet the young yellow cat?,Is it true that the young black duck is not greeted by the young yellow cat and the young yellow cat is greeted by the young black duck?
de,dev_a,primary,assertion,negation,1,False,0,Die junge gelbe Katze grüßt die junge schwarze Ente und die junge schwarze Ente grüßt die junge gelbe Katze nicht.,Die junge schwarze Ente wird nicht von der jungen gelben Katze gegrüßt und die junge gelbe Katze wird von der jungen schwarzen Ente gegrüßt.
de,dev_a,auxiliary,truth_question,negation,1,False,0,"Stimmt es, dass die junge gelbe Katze die junge schwarze Ente grüßt und die junge schwarze Ente die junge gelbe Katze nicht grüßt?","Stimmt es, dass die junge schwarze Ente nicht von der jungen gelben Katze gegrüßt wird und die junge gelbe Katze von der jungen schwarzen Ente gegrüßt wird?"
ko,dev_a,primary,assertion,negation,1,False,0,어린 노란색 고양이가 어린 검은색 오리를 반긴다는 것과 어린 검은색 오리가 어린 노란색 고양이를 반기지 않는다는 것이 모두 사실이다.,어린 검은색 오리를 어린 노란색 고양이가 반기지 않는다는 것과 어린 노란색 고양이를 어린 검은색 오리가 반긴다는 것이 모두 사실이다.
ko,dev_a,auxiliary,truth_question,negation,1,False,0,어린 노란색 고양이가 어린 검은색 오리를 반긴다는 것과 어린 검은색 오리가 어린 노란색 고양이를 반기지 않는다는 것이 모두 사실인가?,어린 검은색 오리를 어린 노란색 고양이가 반기지 않는다는 것과 어린 노란색 고양이를 어린 검은색 오리가 반긴다는 것이 모두 사실인가?
en,dev_a,primary,assertion,negation,1,False,1,The young yellow cat greets the young black duck and the young black duck does not greet the young yellow cat.,The young black duck is greeted by the young yellow cat and the young yellow cat is not greeted by the young black duck.
en,dev_a,auxiliary,truth_question,negation,1,False,1,Is it true that the young yellow cat greets the young black duck and the young black duck does not greet the young yellow cat?,Is it true that the young black duck is greeted by the young yellow cat and the young yellow cat is not greeted by the young black duck?
de,dev_a,primary,assertion,negation,1,False,1,Die junge gelbe Katze grüßt die junge schwarze Ente und die junge schwarze Ente grüßt die junge gelbe Katze nicht.,Die junge schwarze Ente wird von der jungen gelben Katze gegrüßt und die junge gelbe Katze wird nicht von der jungen schwarzen Ente gegrüßt.
de,dev_a,auxiliary,truth_question,negation,1,False,1,"Stimmt es, dass die junge gelbe Katze die junge schwarze Ente grüßt und die junge schwarze Ente die junge gelbe Katze nicht grüßt?","Stimmt es, dass die junge schwarze Ente von der jungen gelben Katze gegrüßt wird und die junge gelbe Katze nicht von der jungen schwarzen Ente gegrüßt wird?"
ko,dev_a,primary,assertion,negation,1,False,1,어린 노란색 고양이가 어린 검은색 오리를 반긴다는 것과 어린 검은색 오리가 어린 노란색 고양이를 반기지 않는다는 것이 모두 사실이다.,어린 검은색 오리를 어린 노란색 고양이가 반긴다는 것과 어린 노란색 고양이를 어린 검은색 오리가 반기지 않는다는 것이 모두 사실이다.
ko,dev_a,auxiliary,truth_question,negation,1,False,1,어린 노란색 고양이가 어린 검은색 오리를 반긴다는 것과 어린 검은색 오리가 어린 노란색 고양이를 반기지 않는다는 것이 모두 사실인가?,어린 검은색 오리를 어린 노란색 고양이가 반긴다는 것과 어린 노란색 고양이를 어린 검은색 오리가 반기지 않는다는 것이 모두 사실인가?
en,dev_a,primary,assertion,negation,2,False,0,The young white dog follows the old blue cat and the old blue cat does not follow the young white dog.,The old blue cat is not followed by the young white dog and the young white dog is followed by the old blue cat.
en,dev_a,auxiliary,truth_question,negation,2,False,0,Is it true that the young white dog follows the old blue cat and the old blue cat does not follow the young white dog?,Is it true that the old blue cat is not followed by the young white dog and the young white dog is followed by the old blue cat?
de,dev_a,primary,assertion,negation,2,False,0,Der junge weiße Hund verfolgt die alte blaue Katze und die alte blaue Katze verfolgt den jungen weißen Hund nicht.,Die alte blaue Katze wird nicht von dem jungen weißen Hund verfolgt und der junge weiße Hund wird von der alten blauen Katze verfolgt.
de,dev_a,auxiliary,truth_question,negation,2,False,0,"Stimmt es, dass der junge weiße Hund die alte blaue Katze verfolgt und die alte blaue Katze den jungen weißen Hund nicht verfolgt?","Stimmt es, dass die alte blaue Katze nicht von dem jungen weißen Hund verfolgt wird und der junge weiße Hund von der alten blauen Katze verfolgt wird?"
ko,dev_a,primary,assertion,negation,2,False,0,어린 하얀색 개가 늙은 파란색 고양이를 뒤따른다는 것과 늙은 파란색 고양이가 어린 하얀색 개를 뒤따르지 않는다는 것이 모두 사실이다.,늙은 파란색 고양이를 어린 하얀색 개가 뒤따르지 않는다는 것과 어린 하얀색 개를 늙은 파란색 고양이가 뒤따른다는 것이 모두 사실이다.
ko,dev_a,auxiliary,truth_question,negation,2,False,0,어린 하얀색 개가 늙은 파란색 고양이를 뒤따른다는 것과 늙은 파란색 고양이가 어린 하얀색 개를 뒤따르지 않는다는 것이 모두 사실인가?,늙은 파란색 고양이를 어린 하얀색 개가 뒤따르지 않는다는 것과 어린 하얀색 개를 늙은 파란색 고양이가 뒤따른다는 것이 모두 사실인가?
en,dev_a,primary,assertion,negation,2,False,1,The young white dog follows the old blue cat and the old blue cat does not follow the young white dog.,The old blue cat is followed by the young white dog and the young white dog is not followed by the old blue cat.
en,dev_a,auxiliary,truth_question,negation,2,False,1,Is it true that the young white dog follows the old blue cat and the old blue cat does not follow the young white dog?,Is it true that the old blue cat is followed by the young white dog and the young white dog is not followed by the old blue cat?
de,dev_a,primary,assertion,negation,2,False,1,Der junge weiße Hund verfolgt die alte blaue Katze und die alte blaue Katze verfolgt den jungen weißen Hund nicht.,Die alte blaue Katze wird von dem jungen weißen Hund verfolgt und der junge weiße Hund wird nicht von der alten blauen Katze verfolgt.
de,dev_a,auxiliary,truth_question,negation,2,False,1,"Stimmt es, dass der junge weiße Hund die alte blaue Katze verfolgt und die alte blaue Katze den jungen weißen Hund nicht verfolgt?","Stimmt es, dass die alte blaue Katze von dem jungen weißen Hund verfolgt wird und der junge weiße Hund nicht von der alten blauen Katze verfolgt wird?"
ko,dev_a,primary,assertion,negation,2,False,1,어린 하얀색 개가 늙은 파란색 고양이를 뒤따른다는 것과 늙은 파란색 고양이가 어린 하얀색 개를 뒤따르지 않는다는 것이 모두 사실이다.,늙은 파란색 고양이를 어린 하얀색 개가 뒤따른다는 것과 어린 하얀색 개를 늙은 파란색 고양이가 뒤따르지 않는다는 것이 모두 사실이다.
ko,dev_a,auxiliary,truth_question,negation,2,False,1,어린 하얀색 개가 늙은 파란색 고양이를 뒤따른다는 것과 늙은 파란색 고양이가 어린 하얀색 개를 뒤따르지 않는다는 것이 모두 사실인가?,늙은 파란색 고양이를 어린 하얀색 개가 뒤따른다는 것과 어린 하얀색 개를 늙은 파란색 고양이가 뒤따르지 않는다는 것이 모두 사실인가?
en,dev_a,primary,assertion,negation,2,True,0,The old white cat does not follow the old blue cat and the old blue cat follows the old white cat.,The old blue cat is followed by the old white cat and the old white cat is not followed by the old blue cat.
en,dev_a,auxiliary,truth_question,negation,2,True,0,Is it true that the old white cat does not follow the old blue cat and the old blue cat follows the old white cat?,Is it true that the old blue cat is followed by the old white cat and the old white cat is not followed by the old blue cat?
de,dev_a,primary,assertion,negation,2,True,0,Die alte weiße Katze verfolgt die alte blaue Katze nicht und die alte blaue Katze verfolgt die alte weiße Katze.,Die alte blaue Katze wird von der alten weißen Katze verfolgt und die alte weiße Katze wird nicht von der alten blauen Katze verfolgt.
de,dev_a,auxiliary,truth_question,negation,2,True,0,"Stimmt es, dass die alte weiße Katze die alte blaue Katze nicht verfolgt und die alte blaue Katze die alte weiße Katze verfolgt?","Stimmt es, dass die alte blaue Katze von der alten weißen Katze verfolgt wird und die alte weiße Katze nicht von der alten blauen Katze verfolgt wird?"
ko,dev_a,primary,assertion,negation,2,True,0,늙은 하얀색 고양이가 늙은 파란색 고양이를 뒤따르지 않는다는 것과 늙은 파란색 고양이가 늙은 하얀색 고양이를 뒤따른다는 것이 모두 사실이다.,늙은 파란색 고양이를 늙은 하얀색 고양이가 뒤따른다는 것과 늙은 하얀색 고양이를 늙은 파란색 고양이가 뒤따르지 않는다는 것이 모두 사실이다.
ko,dev_a,auxiliary,truth_question,negation,2,True,0,늙은 하얀색 고양이가 늙은 파란색 고양이를 뒤따르지 않는다는 것과 늙은 파란색 고양이가 늙은 하얀색 고양이를 뒤따른다는 것이 모두 사실인가?,늙은 파란색 고양이를 늙은 하얀색 고양이가 뒤따른다는 것과 늙은 하얀색 고양이를 늙은 파란색 고양이가 뒤따르지 않는다는 것이 모두 사실인가?
en,dev_a,primary,assertion,negation,2,True,1,The old white cat does not follow the old blue cat and the old blue cat follows the old white cat.,The old blue cat is not followed by the old white cat and the old white cat is followed by the old blue cat.
en,dev_a,auxiliary,truth_question,negation,2,True,1,Is it true that the old white cat does not follow the old blue cat and the old blue cat follows the old white cat?,Is it true that the old blue cat is not followed by the old white cat and the old white cat is followed by the old blue cat?
de,dev_a,primary,assertion,negation,2,True,1,Die alte weiße Katze verfolgt die alte blaue Katze nicht und die alte blaue Katze verfolgt die alte weiße Katze.,Die alte blaue Katze wird nicht von der alten weißen Katze verfolgt und die alte weiße Katze wird von der alten blauen Katze verfolgt.
de,dev_a,auxiliary,truth_question,negation,2,True,1,"Stimmt es, dass die alte weiße Katze die alte blaue Katze nicht verfolgt und die alte blaue Katze die alte weiße Katze verfolgt?","Stimmt es, dass die alte blaue Katze nicht von der alten weißen Katze verfolgt wird und die alte weiße Katze von der alten blauen Katze verfolgt wird?"
ko,dev_a,primary,assertion,negation,2,True,1,늙은 하얀색 고양이가 늙은 파란색 고양이를 뒤따르지 않는다는 것과 늙은 파란색 고양이가 늙은 하얀색 고양이를 뒤따른다는 것이 모두 사실이다.,늙은 파란색 고양이를 늙은 하얀색 고양이가 뒤따르지 않는다는 것과 늙은 하얀색 고양이를 늙은 파란색 고양이가 뒤따른다는 것이 모두 사실이다.
ko,dev_a,auxiliary,truth_question,negation,2,True,1,늙은 하얀색 고양이가 늙은 파란색 고양이를 뒤따르지 않는다는 것과 늙은 파란색 고양이가 늙은 하얀색 고양이를 뒤따른다는 것이 모두 사실인가?,늙은 파란색 고양이를 늙은 하얀색 고양이가 뒤따르지 않는다는 것과 늙은 하얀색 고양이를 늙은 파란색 고양이가 뒤따른다는 것이 모두 사실인가?
en,dev_a,primary,assertion,space,2,False,0,The old red bear is below the old blue fox and the young black mouse is above the large red fox.,The old blue fox is below the old red bear and the large red fox is above the young black mouse.
en,dev_a,auxiliary,truth_question,space,2,False,0,Is it true that the old red bear is below the old blue fox and the young black mouse is above the large red fox?,Is it true that the old blue fox is below the old red bear and the large red fox is above the young black mouse?
de,dev_a,primary,assertion,space,2,False,0,Der alte rote Bär ist unter dem alten blauen Fuchs und die junge schwarze Maus ist über dem großen roten Fuchs.,Der alte blaue Fuchs ist unter dem alten roten Bären und der große rote Fuchs ist über der jungen schwarzen Maus.
de,dev_a,auxiliary,truth_question,space,2,False,0,"Stimmt es, dass der alte rote Bär unter dem alten blauen Fuchs ist und die junge schwarze Maus über dem großen roten Fuchs ist?","Stimmt es, dass der alte blaue Fuchs unter dem alten roten Bären ist und der große rote Fuchs über der jungen schwarzen Maus ist?"
ko,dev_a,primary,assertion,space,2,False,0,늙은 빨간색 곰이 늙은 파란색 여우의 아래에 있다는 것과 어린 검은색 쥐가 큰 빨간색 여우의 위에 있다는 것이 모두 사실이다.,늙은 파란색 여우가 늙은 빨간색 곰의 아래에 있다는 것과 큰 빨간색 여우가 어린 검은색 쥐의 위에 있다는 것이 모두 사실이다.
ko,dev_a,auxiliary,truth_question,space,2,False,0,늙은 빨간색 곰이 늙은 파란색 여우의 아래에 있다는 것과 어린 검은색 쥐가 큰 빨간색 여우의 위에 있다는 것이 모두 사실인가?,늙은 파란색 여우가 늙은 빨간색 곰의 아래에 있다는 것과 큰 빨간색 여우가 어린 검은색 쥐의 위에 있다는 것이 모두 사실인가?
en,dev_a,primary,assertion,space,2,False,1,The old red bear is below the old blue fox and the young black mouse is above the large red fox.,The old blue fox is above the old red bear and the large red fox is below the young black mouse.
en,dev_a,auxiliary,truth_question,space,2,False,1,Is it true that the old red bear is below the old blue fox and the young black mouse is above the large red fox?,Is it true that the old blue fox is above the old red bear and the large red fox is below the young black mouse?
de,dev_a,primary,assertion,space,2,False,1,Der alte rote Bär ist unter dem alten blauen Fuchs und die junge schwarze Maus ist über dem großen roten Fuchs.,Der alte blaue Fuchs ist über dem alten roten Bären und der große rote Fuchs ist unter der jungen schwarzen Maus.
de,dev_a,auxiliary,truth_question,space,2,False,1,"Stimmt es, dass der alte rote Bär unter dem alten blauen Fuchs ist und die junge schwarze Maus über dem großen roten Fuchs ist?","Stimmt es, dass der alte blaue Fuchs über dem alten roten Bären ist und der große rote Fuchs unter der jungen schwarzen Maus ist?"
ko,dev_a,primary,assertion,space,2,False,1,늙은 빨간색 곰이 늙은 파란색 여우의 아래에 있다는 것과 어린 검은색 쥐가 큰 빨간색 여우의 위에 있다는 것이 모두 사실이다.,늙은 파란색 여우가 늙은 빨간색 곰의 위에 있다는 것과 큰 빨간색 여우가 어린 검은색 쥐의 아래에 있다는 것이 모두 사실이다.
ko,dev_a,auxiliary,truth_question,space,2,False,1,늙은 빨간색 곰이 늙은 파란색 여우의 아래에 있다는 것과 어린 검은색 쥐가 큰 빨간색 여우의 위에 있다는 것이 모두 사실인가?,늙은 파란색 여우가 늙은 빨간색 곰의 위에 있다는 것과 큰 빨간색 여우가 어린 검은색 쥐의 아래에 있다는 것이 모두 사실인가?
en,dev_a,primary,assertion,space,0,False,0,The old blue bear is in front of the young white cat and the old blue lion is behind the large green cow.,The young white cat is in front of the old blue bear and the large green cow is behind the old blue lion.
en,dev_a,auxiliary,truth_question,space,0,False,0,Is it true that the old blue bear is in front of the young white cat and the old blue lion is behind the large green cow?,Is it true that the young white cat is in front of the old blue bear and the large green cow is behind the old blue lion?
de,dev_a,primary,assertion,space,0,False,0,Der alte blaue Bär ist vor der jungen weißen Katze und der alte blaue Löwe ist hinter der großen grünen Kuh.,Die junge weiße Katze ist vor dem alten blauen Bären und die große grüne Kuh ist hinter dem alten blauen Löwen.
de,dev_a,auxiliary,truth_question,space,0,False,0,"Stimmt es, dass der alte blaue Bär vor der jungen weißen Katze ist und der alte blaue Löwe hinter der großen grünen Kuh ist?","Stimmt es, dass die junge weiße Katze vor dem alten blauen Bären ist und die große grüne Kuh hinter dem alten blauen Löwen ist?"
ko,dev_a,primary,assertion,space,0,False,0,늙은 파란색 곰이 어린 하얀색 고양이의 앞에 있다는 것과 늙은 파란색 사자가 큰 초록색 소의 뒤에 있다는 것이 모두 사실이다.,어린 하얀색 고양이가 늙은 파란색 곰의 앞에 있다는 것과 큰 초록색 소가 늙은 파란색 사자의 뒤에 있다는 것이 모두 사실이다.
ko,dev_a,auxiliary,truth_question,space,0,False,0,늙은 파란색 곰이 어린 하얀색 고양이의 앞에 있다는 것과 늙은 파란색 사자가 큰 초록색 소의 뒤에 있다는 것이 모두 사실인가?,어린 하얀색 고양이가 늙은 파란색 곰의 앞에 있다는 것과 큰 초록색 소가 늙은 파란색 사자의 뒤에 있다는 것이 모두 사실인가?
en,dev_a,primary,assertion,space,0,False,1,The old blue bear is in front of the young white cat and the old blue lion is behind the large green cow.,The young white cat is behind the old blue bear and the large green cow is in front of the old blue lion.
en,dev_a,auxiliary,truth_question,space,0,False,1,Is it true that the old blue bear is in front of the young white cat and the old blue lion is behind the large green cow?,Is it true that the young white cat is behind the old blue bear and the large green cow is in front of the old blue lion?
de,dev_a,primary,assertion,space,0,False,1,Der alte blaue Bär ist vor der jungen weißen Katze und der alte blaue Löwe ist hinter der großen grünen Kuh.,Die junge weiße Katze ist hinter dem alten blauen Bären und die große grüne Kuh ist vor dem alten blauen Löwen.
de,dev_a,auxiliary,truth_question,space,0,False,1,"Stimmt es, dass der alte blaue Bär vor der jungen weißen Katze ist und der alte blaue Löwe hinter der großen grünen Kuh ist?","Stimmt es, dass die junge weiße Katze hinter dem alten blauen Bären ist und die große grüne Kuh vor dem alten blauen Löwen ist?"
ko,dev_a,primary,assertion,space,0,False,1,늙은 파란색 곰이 어린 하얀색 고양이의 앞에 있다는 것과 늙은 파란색 사자가 큰 초록색 소의 뒤에 있다는 것이 모두 사실이다.,어린 하얀색 고양이가 늙은 파란색 곰의 뒤에 있다는 것과 큰 초록색 소가 늙은 파란색 사자의 앞에 있다는 것이 모두 사실이다.
ko,dev_a,auxiliary,truth_question,space,0,False,1,늙은 파란색 곰이 어린 하얀색 고양이의 앞에 있다는 것과 늙은 파란색 사자가 큰 초록색 소의 뒤에 있다는 것이 모두 사실인가?,어린 하얀색 고양이가 늙은 파란색 곰의 뒤에 있다는 것과 큰 초록색 소가 늙은 파란색 사자의 앞에 있다는 것이 모두 사실인가?
en,dev_a,primary,assertion,space,0,True,0,The small green rabbit is to the right of the old black cow and the young black fox is to the left of the old yellow duck.,The old black cow is to the right of the small green rabbit and the old yellow duck is to the left of the young black fox.
en,dev_a,auxiliary,truth_question,space,0,True,0,Is it true that the small green rabbit is to the right of the old black cow and the young black fox is to the left of the old yellow duck?,Is it true that the old black cow is to the right of the small green rabbit and the old yellow duck is to the left of the young black fox?
de,dev_a,primary,assertion,space,0,True,0,Das kleine grüne Kaninchen ist rechts von der alten schwarzen Kuh und der junge schwarze Fuchs ist links von der alten gelben Ente.,Die alte schwarze Kuh ist rechts von dem kleinen grünen Kaninchen und die alte gelbe Ente ist links von dem jungen schwarzen Fuchs.
de,dev_a,auxiliary,truth_question,space,0,True,0,"Stimmt es, dass das kleine grüne Kaninchen rechts von der alten schwarzen Kuh ist und der junge schwarze Fuchs links von der alten gelben Ente ist?","Stimmt es, dass die alte schwarze Kuh rechts von dem kleinen grünen Kaninchen ist und die alte gelbe Ente links von dem jungen schwarzen Fuchs ist?"
ko,dev_a,primary,assertion,space,0,True,0,작은 초록색 토끼가 늙은 검은색 소의 오른쪽에 있다는 것과 어린 검은색 여우가 늙은 노란색 오리의 왼쪽에 있다는 것이 모두 사실이다.,늙은 검은색 소가 작은 초록색 토끼의 오른쪽에 있다는 것과 늙은 노란색 오리가 어린 검은색 여우의 왼쪽에 있다는 것이 모두 사실이다.
ko,dev_a,auxiliary,truth_question,space,0,True,0,작은 초록색 토끼가 늙은 검은색 소의 오른쪽에 있다는 것과 어린 검은색 여우가 늙은 노란색 오리의 왼쪽에 있다는 것이 모두 사실인가?,늙은 검은색 소가 작은 초록색 토끼의 오른쪽에 있다는 것과 늙은 노란색 오리가 어린 검은색 여우의 왼쪽에 있다는 것이 모두 사실인가?
en,dev_a,primary,assertion,space,0,True,1,The small green rabbit is to the right of the old black cow and the young black fox is to the left of the old yellow duck.,The old black cow is to the left of the small green rabbit and the old yellow duck is to the right of the young black fox.
en,dev_a,auxiliary,truth_question,space,0,True,1,Is it true that the small green rabbit is to the right of the old black cow and the young black fox is to the left of the old yellow duck?,Is it true that the old black cow is to the left of the small green rabbit and the old yellow duck is to the right of the young black fox?
de,dev_a,primary,assertion,space,0,True,1,Das kleine grüne Kaninchen ist rechts von der alten schwarzen Kuh und der junge schwarze Fuchs ist links von der alten gelben Ente.,Die alte schwarze Kuh ist links von dem kleinen grünen Kaninchen und die alte gelbe Ente ist rechts von dem jungen schwarzen Fuchs.
de,dev_a,auxiliary,truth_question,space,0,True,1,"Stimmt es, dass das kleine grüne Kaninchen rechts von der alten schwarzen Kuh ist und der junge schwarze Fuchs links von der alten gelben Ente ist?","Stimmt es, dass die alte schwarze Kuh links von dem kleinen grünen Kaninchen ist und die alte gelbe Ente rechts von dem jungen schwarzen Fuchs ist?"
ko,dev_a,primary,assertion,space,0,True,1,작은 초록색 토끼가 늙은 검은색 소의 오른쪽에 있다는 것과 어린 검은색 여우가 늙은 노란색 오리의 왼쪽에 있다는 것이 모두 사실이다.,늙은 검은색 소가 작은 초록색 토끼의 왼쪽에 있다는 것과 늙은 노란색 오리가 어린 검은색 여우의 오른쪽에 있다는 것이 모두 사실이다.
ko,dev_a,auxiliary,truth_question,space,0,True,1,작은 초록색 토끼가 늙은 검은색 소의 오른쪽에 있다는 것과 어린 검은색 여우가 늙은 노란색 오리의 왼쪽에 있다는 것이 모두 사실인가?,늙은 검은색 소가 작은 초록색 토끼의 왼쪽에 있다는 것과 늙은 노란색 오리가 어린 검은색 여우의 오른쪽에 있다는 것이 모두 사실인가?
en,dev_a,primary,assertion,space,1,False,0,The large white chicken is above the old white rabbit and the large red chicken is below the small white sheep.,The old white rabbit is above the large white chicken and the small white sheep is below the large red chicken.
en,dev_a,auxiliary,truth_question,space,1,False,0,Is it true that the large white chicken is above the old white rabbit and the large red chicken is below the small white sheep?,Is it true that the old white rabbit is above the large white chicken and the small white sheep is below the large red chicken?
de,dev_a,primary,assertion,space,1,False,0,Das große weiße Huhn ist über dem alten weißen Kaninchen und das große rote Huhn ist unter dem kleinen weißen Schaf.,Das alte weiße Kaninchen ist über dem großen weißen Huhn und das kleine weiße Schaf ist unter dem großen roten Huhn.
de,dev_a,auxiliary,truth_question,space,1,False,0,"Stimmt es, dass das große weiße Huhn über dem alten weißen Kaninchen ist und das große rote Huhn unter dem kleinen weißen Schaf ist?","Stimmt es, dass das alte weiße Kaninchen über dem großen weißen Huhn ist und das kleine weiße Schaf unter dem großen roten Huhn ist?"
ko,dev_a,primary,assertion,space,1,False,0,큰 하얀색 닭이 늙은 하얀색 토끼의 위에 있다는 것과 큰 빨간색 닭이 작은 하얀색 양의 아래에 있다는 것이 모두 사실이다.,늙은 하얀색 토끼가 큰 하얀색 닭의 위에 있다는 것과 작은 하얀색 양이 큰 빨간색 닭의 아래에 있다는 것이 모두 사실이다.
ko,dev_a,auxiliary,truth_question,space,1,False,0,큰 하얀색 닭이 늙은 하얀색 토끼의 위에 있다는 것과 큰 빨간색 닭이 작은 하얀색 양의 아래에 있다는 것이 모두 사실인가?,늙은 하얀색 토끼가 큰 하얀색 닭의 위에 있다는 것과 작은 하얀색 양이 큰 빨간색 닭의 아래에 있다는 것이 모두 사실인가?
en,dev_a,primary,assertion,space,1,False,1,The large white chicken is above the old white rabbit and the large red chicken is below the small white sheep.,The old white rabbit is below the large white chicken and the small white sheep is above the large red chicken.
en,dev_a,auxiliary,truth_question,space,1,False,1,Is it true that the large white chicken is above the old white rabbit and the large red chicken is below the small white sheep?,Is it true that the old white rabbit is below the large white chicken and the small white sheep is above the large red chicken?
de,dev_a,primary,assertion,space,1,False,1,Das große weiße Huhn ist über dem alten weißen Kaninchen und das große rote Huhn ist unter dem kleinen weißen Schaf.,Das alte weiße Kaninchen ist unter dem großen weißen Huhn und das kleine weiße Schaf ist über dem großen roten Huhn.
de,dev_a,auxiliary,truth_question,space,1,False,1,"Stimmt es, dass das große weiße Huhn über dem alten weißen Kaninchen ist und das große rote Huhn unter dem kleinen weißen Schaf ist?","Stimmt es, dass das alte weiße Kaninchen unter dem großen weißen Huhn ist und das kleine weiße Schaf über dem großen roten Huhn ist?"
ko,dev_a,primary,assertion,space,1,False,1,큰 하얀색 닭이 늙은 하얀색 토끼의 위에 있다는 것과 큰 빨간색 닭이 작은 하얀색 양의 아래에 있다는 것이 모두 사실이다.,늙은 하얀색 토끼가 큰 하얀색 닭의 아래에 있다는 것과 작은 하얀색 양이 큰 빨간색 닭의 위에 있다는 것이 모두 사실이다.
ko,dev_a,auxiliary,truth_question,space,1,False,1,큰 하얀색 닭이 늙은 하얀색 토끼의 위에 있다는 것과 큰 빨간색 닭이 작은 하얀색 양의 아래에 있다는 것이 모두 사실인가?,늙은 하얀색 토끼가 큰 하얀색 닭의 아래에 있다는 것과 작은 하얀색 양이 큰 빨간색 닭의 위에 있다는 것이 모두 사실인가?
en,dev_a,primary,assertion,space,2,True,0,The old blue dog is to the right of the young blue cow and the large black dog is to the left of the old white fox.,The young blue cow is to the right of the old blue dog and the old white fox is to the left of the large black dog.
en,dev_a,auxiliary,truth_question,space,2,True,0,Is it true that the old blue dog is to the right of the young blue cow and the large black dog is to the left of the old white fox?,Is it true that the young blue cow is to the right of the old blue dog and the old white fox is to the left of the large black dog?
de,dev_a,primary,assertion,space,2,True,0,Der alte blaue Hund ist rechts von der jungen blauen Kuh und der große schwarze Hund ist links von dem alten weißen Fuchs.,Die junge blaue Kuh ist rechts von dem alten blauen Hund und der alte weiße Fuchs ist links von dem großen schwarzen Hund.
de,dev_a,auxiliary,truth_question,space,2,True,0,"Stimmt es, dass der alte blaue Hund rechts von der jungen blauen Kuh ist und der große schwarze Hund links von dem alten weißen Fuchs ist?","Stimmt es, dass die junge blaue Kuh rechts von dem alten blauen Hund ist und der alte weiße Fuchs links von dem großen schwarzen Hund ist?"
ko,dev_a,primary,assertion,space,2,True,0,늙은 파란색 개가 어린 파란색 소의 오른쪽에 있다는 것과 큰 검은색 개가 늙은 하얀색 여우의 왼쪽에 있다는 것이 모두 사실이다.,어린 파란색 소가 늙은 파란색 개의 오른쪽에 있다는 것과 늙은 하얀색 여우가 큰 검은색 개의 왼쪽에 있다는 것이 모두 사실이다.
ko,dev_a,auxiliary,truth_question,space,2,True,0,늙은 파란색 개가 어린 파란색 소의 오른쪽에 있다는 것과 큰 검은색 개가 늙은 하얀색 여우의 왼쪽에 있다는 것이 모두 사실인가?,어린 파란색 소가 늙은 파란색 개의 오른쪽에 있다는 것과 늙은 하얀색 여우가 큰 검은색 개의 왼쪽에 있다는 것이 모두 사실인가?
en,dev_a,primary,assertion,space,2,True,1,The old blue dog is to the right of the young blue cow and the large black dog is to the left of the old white fox.,The young blue cow is to the left of the old blue dog and the old white fox is to the right of the large black dog.
en,dev_a,auxiliary,truth_question,space,2,True,1,Is it true that the old blue dog is to the right of the young blue cow and the large black dog is to the left of the old white fox?,Is it true that the young blue cow is to the left of the old blue dog and the old white fox is to the right of the large black dog?
de,dev_a,primary,assertion,space,2,True,1,Der alte blaue Hund ist rechts von der jungen blauen Kuh und der große schwarze Hund ist links von dem alten weißen Fuchs.,Die junge blaue Kuh ist links von dem alten blauen Hund und der alte weiße Fuchs ist rechts von dem großen schwarzen Hund.
de,dev_a,auxiliary,truth_question,space,2,True,1,"Stimmt es, dass der alte blaue Hund rechts von der jungen blauen Kuh ist und der große schwarze Hund links von dem alten weißen Fuchs ist?","Stimmt es, dass die junge blaue Kuh links von dem alten blauen Hund ist und der alte weiße Fuchs rechts von dem großen schwarzen Hund ist?"
ko,dev_a,primary,assertion,space,2,True,1,늙은 파란색 개가 어린 파란색 소의 오른쪽에 있다는 것과 큰 검은색 개가 늙은 하얀색 여우의 왼쪽에 있다는 것이 모두 사실이다.,어린 파란색 소가 늙은 파란색 개의 왼쪽에 있다는 것과 늙은 하얀색 여우가 큰 검은색 개의 오른쪽에 있다는 것이 모두 사실이다.
ko,dev_a,auxiliary,truth_question,space,2,True,1,늙은 파란색 개가 어린 파란색 소의 오른쪽에 있다는 것과 큰 검은색 개가 늙은 하얀색 여우의 왼쪽에 있다는 것이 모두 사실인가?,어린 파란색 소가 늙은 파란색 개의 왼쪽에 있다는 것과 늙은 하얀색 여우가 큰 검은색 개의 오른쪽에 있다는 것이 모두 사실인가?
en,dev_a,primary,assertion,space,1,True,0,The young black fox is above the small black dog and the small blue chicken is below the young yellow bear.,The small black dog is above the young black fox and the young yellow bear is below the small blue chicken.
en,dev_a,auxiliary,truth_question,space,1,True,0,Is it true that the young black fox is above the small black dog and the small blue chicken is below the young yellow bear?,Is it true that the small black dog is above the young black fox and the young yellow bear is below the small blue chicken?
de,dev_a,primary,assertion,space,1,True,0,Der junge schwarze Fuchs ist über dem kleinen schwarzen Hund und das kleine blaue Huhn ist unter dem jungen gelben Bären.,Der kleine schwarze Hund ist über dem jungen schwarzen Fuchs und der junge gelbe Bär ist unter dem kleinen blauen Huhn.
de,dev_a,auxiliary,truth_question,space,1,True,0,"Stimmt es, dass der junge schwarze Fuchs über dem kleinen schwarzen Hund ist und das kleine blaue Huhn unter dem jungen gelben Bären ist?","Stimmt es, dass der kleine schwarze Hund über dem jungen schwarzen Fuchs ist und der junge gelbe Bär unter dem kleinen blauen Huhn ist?"
ko,dev_a,primary,assertion,space,1,True,0,어린 검은색 여우가 작은 검은색 개의 위에 있다는 것과 작은 파란색 닭이 어린 노란색 곰의 아래에 있다는 것이 모두 사실이다.,작은 검은색 개가 어린 검은색 여우의 위에 있다는 것과 어린 노란색 곰이 작은 파란색 닭의 아래에 있다는 것이 모두 사실이다.
ko,dev_a,auxiliary,truth_question,space,1,True,0,어린 검은색 여우가 작은 검은색 개의 위에 있다는 것과 작은 파란색 닭이 어린 노란색 곰의 아래에 있다는 것이 모두 사실인가?,작은 검은색 개가 어린 검은색 여우의 위에 있다는 것과 어린 노란색 곰이 작은 파란색 닭의 아래에 있다는 것이 모두 사실인가?
en,dev_a,primary,assertion,space,1,True,1,The young black fox is above the small black dog and the small blue chicken is below the young yellow bear.,The small black dog is below the young black fox and the young yellow bear is above the small blue chicken.
en,dev_a,auxiliary,truth_question,space,1,True,1,Is it true that the young black fox is above the small black dog and the small blue chicken is below the young yellow bear?,Is it true that the small black dog is below the young black fox and the young yellow bear is above the small blue chicken?
de,dev_a,primary,assertion,space,1,True,1,Der junge schwarze Fuchs ist über dem kleinen schwarzen Hund und das kleine blaue Huhn ist unter dem jungen gelben Bären.,Der kleine schwarze Hund ist unter dem jungen schwarzen Fuchs und der junge gelbe Bär ist über dem kleinen blauen Huhn.
de,dev_a,auxiliary,truth_question,space,1,True,1,"Stimmt es, dass der junge schwarze Fuchs über dem kleinen schwarzen Hund ist und das kleine blaue Huhn unter dem jungen gelben Bären ist?","Stimmt es, dass der kleine schwarze Hund unter dem jungen schwarzen Fuchs ist und der junge gelbe Bär über dem kleinen blauen Huhn ist?"
ko,dev_a,primary,assertion,space,1,True,1,어린 검은색 여우가 작은 검은색 개의 위에 있다는 것과 작은 파란색 닭이 어린 노란색 곰의 아래에 있다는 것이 모두 사실이다.,작은 검은색 개가 어린 검은색 여우의 아래에 있다는 것과 어린 노란색 곰이 작은 파란색 닭의 위에 있다는 것이 모두 사실이다.
ko,dev_a,auxiliary,truth_question,space,1,True,1,어린 검은색 여우가 작은 검은색 개의 위에 있다는 것과 작은 파란색 닭이 어린 노란색 곰의 아래에 있다는 것이 모두 사실인가?,작은 검은색 개가 어린 검은색 여우의 아래에 있다는 것과 어린 노란색 곰이 작은 파란색 닭의 위에 있다는 것이 모두 사실인가?
en,dev_a,primary,assertion,quantity,0,True,0,There are six small green foxes and three old black lions.,There are six old black lions and three small green foxes.
en,dev_a,auxiliary,truth_question,quantity,0,True,0,Is it true that there are six small green foxes and three old black lions?,Is it true that there are six old black lions and three small green foxes?
de,dev_a,primary,assertion,quantity,0,True,0,Es gibt sechs kleine grüne Füchse und drei alte schwarze Löwen.,Es gibt sechs alte schwarze Löwen und drei kleine grüne Füchse.
de,dev_a,auxiliary,truth_question,quantity,0,True,0,"Stimmt es, dass es sechs kleine grüne Füchse und drei alte schwarze Löwen gibt?","Stimmt es, dass es sechs alte schwarze Löwen und drei kleine grüne Füchse gibt?"
ko,dev_a,primary,assertion,quantity,0,True,0,작은 초록색 여우 여섯 마리와 늙은 검은색 사자 세 마리가 있다.,늙은 검은색 사자 여섯 마리와 작은 초록색 여우 세 마리가 있다.
ko,dev_a,auxiliary,truth_question,quantity,0,True,0,작은 초록색 여우 여섯 마리와 늙은 검은색 사자 세 마리가 있다는 것이 사실인가?,늙은 검은색 사자 여섯 마리와 작은 초록색 여우 세 마리가 있다는 것이 사실인가?
en,dev_a,primary,assertion,quantity,0,True,1,There are six small green foxes and three old black lions.,There are three old black lions and six small green foxes.
en,dev_a,auxiliary,truth_question,quantity,0,True,1,Is it true that there are six small green foxes and three old black lions?,Is it true that there are three old black lions and six small green foxes?
de,dev_a,primary,assertion,quantity,0,True,1,Es gibt sechs kleine grüne Füchse und drei alte schwarze Löwen.,Es gibt drei alte schwarze Löwen und sechs kleine grüne Füchse.
de,dev_a,auxiliary,truth_question,quantity,0,True,1,"Stimmt es, dass es sechs kleine grüne Füchse und drei alte schwarze Löwen gibt?","Stimmt es, dass es drei alte schwarze Löwen und sechs kleine grüne Füchse gibt?"
ko,dev_a,primary,assertion,quantity,0,True,1,작은 초록색 여우 여섯 마리와 늙은 검은색 사자 세 마리가 있다.,늙은 검은색 사자 세 마리와 작은 초록색 여우 여섯 마리가 있다.
ko,dev_a,auxiliary,truth_question,quantity,0,True,1,작은 초록색 여우 여섯 마리와 늙은 검은색 사자 세 마리가 있다는 것이 사실인가?,늙은 검은색 사자 세 마리와 작은 초록색 여우 여섯 마리가 있다는 것이 사실인가?
en,dev_a,primary,assertion,quantity,2,False,0,There are three large green foxes and seven small yellow mice.,There are three small yellow mice and seven large green foxes.
en,dev_a,auxiliary,truth_question,quantity,2,False,0,Is it true that there are three large green foxes and seven small yellow mice?,Is it true that there are three small yellow mice and seven large green foxes?
de,dev_a,primary,assertion,quantity,2,False,0,Es gibt drei große grüne Füchse und sieben kleine gelbe Mäuse.,Es gibt drei kleine gelbe Mäuse und sieben große grüne Füchse.
de,dev_a,auxiliary,truth_question,quantity,2,False,0,"Stimmt es, dass es drei große grüne Füchse und sieben kleine gelbe Mäuse gibt?","Stimmt es, dass es drei kleine gelbe Mäuse und sieben große grüne Füchse gibt?"
ko,dev_a,primary,assertion,quantity,2,False,0,큰 초록색 여우 세 마리와 작은 노란색 쥐 일곱 마리가 있다.,작은 노란색 쥐 세 마리와 큰 초록색 여우 일곱 마리가 있다.
ko,dev_a,auxiliary,truth_question,quantity,2,False,0,큰 초록색 여우 세 마리와 작은 노란색 쥐 일곱 마리가 있다는 것이 사실인가?,작은 노란색 쥐 세 마리와 큰 초록색 여우 일곱 마리가 있다는 것이 사실인가?
en,dev_a,primary,assertion,quantity,2,False,1,There are three large green foxes and seven small yellow mice.,There are seven small yellow mice and three large green foxes.
en,dev_a,auxiliary,truth_question,quantity,2,False,1,Is it true that there are three large green foxes and seven small yellow mice?,Is it true that there are seven small yellow mice and three large green foxes?
de,dev_a,primary,assertion,quantity,2,False,1,Es gibt drei große grüne Füchse und sieben kleine gelbe Mäuse.,Es gibt sieben kleine gelbe Mäuse und drei große grüne Füchse.
de,dev_a,auxiliary,truth_question,quantity,2,False,1,"Stimmt es, dass es drei große grüne Füchse und sieben kleine gelbe Mäuse gibt?","Stimmt es, dass es sieben kleine gelbe Mäuse und drei große grüne Füchse gibt?"
ko,dev_a,primary,assertion,quantity,2,False,1,큰 초록색 여우 세 마리와 작은 노란색 쥐 일곱 마리가 있다.,작은 노란색 쥐 일곱 마리와 큰 초록색 여우 세 마리가 있다.
ko,dev_a,auxiliary,truth_question,quantity,2,False,1,큰 초록색 여우 세 마리와 작은 노란색 쥐 일곱 마리가 있다는 것이 사실인가?,작은 노란색 쥐 일곱 마리와 큰 초록색 여우 세 마리가 있다는 것이 사실인가?
en,dev_a,primary,assertion,quantity,1,True,0,There are five old yellow foxes and two young blue horses.,There are five young blue horses and two old yellow foxes.
en,dev_a,auxiliary,truth_question,quantity,1,True,0,Is it true that there are five old yellow foxes and two young blue horses?,Is it true that there are five young blue horses and two old yellow foxes?
de,dev_a,primary,assertion,quantity,1,True,0,Es gibt fünf alte gelbe Füchse und zwei junge blaue Pferde.,Es gibt fünf junge blaue Pferde und zwei alte gelbe Füchse.
de,dev_a,auxiliary,truth_question,quantity,1,True,0,"Stimmt es, dass es fünf alte gelbe Füchse und zwei junge blaue Pferde gibt?","Stimmt es, dass es fünf junge blaue Pferde und zwei alte gelbe Füchse gibt?"
ko,dev_a,primary,assertion,quantity,1,True,0,늙은 노란색 여우 다섯 마리와 어린 파란색 말 두 마리가 있다.,어린 파란색 말 다섯 마리와 늙은 노란색 여우 두 마리가 있다.
ko,dev_a,auxiliary,truth_question,quantity,1,True,0,늙은 노란색 여우 다섯 마리와 어린 파란색 말 두 마리가 있다는 것이 사실인가?,어린 파란색 말 다섯 마리와 늙은 노란색 여우 두 마리가 있다는 것이 사실인가?
en,dev_a,primary,assertion,quantity,1,True,1,There are five old yellow foxes and two young blue horses.,There are two young blue horses and five old yellow foxes.
en,dev_a,auxiliary,truth_question,quantity,1,True,1,Is it true that there are five old yellow foxes and two young blue horses?,Is it true that there are two young blue horses and five old yellow foxes?
de,dev_a,primary,assertion,quantity,1,True,1,Es gibt fünf alte gelbe Füchse und zwei junge blaue Pferde.,Es gibt zwei junge blaue Pferde und fünf alte gelbe Füchse.
de,dev_a,auxiliary,truth_question,quantity,1,True,1,"Stimmt es, dass es fünf alte gelbe Füchse und zwei junge blaue Pferde gibt?","Stimmt es, dass es zwei junge blaue Pferde und fünf alte gelbe Füchse gibt?"
ko,dev_a,primary,assertion,quantity,1,True,1,늙은 노란색 여우 다섯 마리와 어린 파란색 말 두 마리가 있다.,어린 파란색 말 두 마리와 늙은 노란색 여우 다섯 마리가 있다.
ko,dev_a,auxiliary,truth_question,quantity,1,True,1,늙은 노란색 여우 다섯 마리와 어린 파란색 말 두 마리가 있다는 것이 사실인가?,어린 파란색 말 두 마리와 늙은 노란색 여우 다섯 마리가 있다는 것이 사실인가?
en,dev_a,primary,assertion,quantity,2,True,0,There are eight large yellow ducks and seven large black lions.,There are eight large black lions and seven large yellow ducks.
en,dev_a,auxiliary,truth_question,quantity,2,True,0,Is it true that there are eight large yellow ducks and seven large black lions?,Is it true that there are eight large black lions and seven large yellow ducks?
de,dev_a,primary,assertion,quantity,2,True,0,Es gibt acht große gelbe Enten und sieben große schwarze Löwen.,Es gibt acht große schwarze Löwen und sieben große gelbe Enten.
de,dev_a,auxiliary,truth_question,quantity,2,True,0,"Stimmt es, dass es acht große gelbe Enten und sieben große schwarze Löwen gibt?","Stimmt es, dass es acht große schwarze Löwen und sieben große gelbe Enten gibt?"
ko,dev_a,primary,assertion,quantity,2,True,0,큰 노란색 오리 여덟 마리와 큰 검은색 사자 일곱 마리가 있다.,큰 검은색 사자 여덟 마리와 큰 노란색 오리 일곱 마리가 있다.
ko,dev_a,auxiliary,truth_question,quantity,2,True,0,큰 노란색 오리 여덟 마리와 큰 검은색 사자 일곱 마리가 있다는 것이 사실인가?,큰 검은색 사자 여덟 마리와 큰 노란색 오리 일곱 마리가 있다는 것이 사실인가?
en,dev_a,primary,assertion,quantity,2,True,1,There are eight large yellow ducks and seven large black lions.,There are seven large black lions and eight large yellow ducks.
en,dev_a,auxiliary,truth_question,quantity,2,True,1,Is it true that there are eight large yellow ducks and seven large black lions?,Is it true that there are seven large black lions and eight large yellow ducks?
de,dev_a,primary,assertion,quantity,2,True,1,Es gibt acht große gelbe Enten und sieben große schwarze Löwen.,Es gibt sieben große schwarze Löwen und acht große gelbe Enten.
de,dev_a,auxiliary,truth_question,quantity,2,True,1,"Stimmt es, dass es acht große gelbe Enten und sieben große schwarze Löwen gibt?","Stimmt es, dass es sieben große schwarze Löwen und acht große gelbe Enten gibt?"
ko,dev_a,primary,assertion,quantity,2,True,1,큰 노란색 오리 여덟 마리와 큰 검은색 사자 일곱 마리가 있다.,큰 검은색 사자 일곱 마리와 큰 노란색 오리 여덟 마리가 있다.
ko,dev_a,auxiliary,truth_question,quantity,2,True,1,큰 노란색 오리 여덟 마리와 큰 검은색 사자 일곱 마리가 있다는 것이 사실인가?,큰 검은색 사자 일곱 마리와 큰 노란색 오리 여덟 마리가 있다는 것이 사실인가?
en,dev_a,primary,assertion,quantity,0,False,0,There are two large black foxes and four young red dogs.,There are two young red dogs and four large black foxes.
en,dev_a,auxiliary,truth_question,quantity,0,False,0,Is it true that there are two large black foxes and four young red dogs?,Is it true that there are two young red dogs and four large black foxes?
de,dev_a,primary,assertion,quantity,0,False,0,Es gibt zwei große schwarze Füchse und vier junge rote Hunde.,Es gibt zwei junge rote Hunde und vier große schwarze Füchse.
de,dev_a,auxiliary,truth_question,quantity,0,False,0,"Stimmt es, dass es zwei große schwarze Füchse und vier junge rote Hunde gibt?","Stimmt es, dass es zwei junge rote Hunde und vier große schwarze Füchse gibt?"
ko,dev_a,primary,assertion,quantity,0,False,0,큰 검은색 여우 두 마리와 어린 빨간색 개 네 마리가 있다.,어린 빨간색 개 두 마리와 큰 검은색 여우 네 마리가 있다.
ko,dev_a,auxiliary,truth_question,quantity,0,False,0,큰 검은색 여우 두 마리와 어린 빨간색 개 네 마리가 있다는 것이 사실인가?,어린 빨간색 개 두 마리와 큰 검은색 여우 네 마리가 있다는 것이 사실인가?
en,dev_a,primary,assertion,quantity,0,False,1,There are two large black foxes and four young red dogs.,There are four young red dogs and two large black foxes.
en,dev_a,auxiliary,truth_question,quantity,0,False,1,Is it true that there are two large black foxes and four young red dogs?,Is it true that there are four young red dogs and two large black foxes?
de,dev_a,primary,assertion,quantity,0,False,1,Es gibt zwei große schwarze Füchse und vier junge rote Hunde.,Es gibt vier junge rote Hunde und zwei große schwarze Füchse.
de,dev_a,auxiliary,truth_question,quantity,0,False,1,"Stimmt es, dass es zwei große schwarze Füchse und vier junge rote Hunde gibt?","Stimmt es, dass es vier junge rote Hunde und zwei große schwarze Füchse gibt?"
ko,dev_a,primary,assertion,quantity,0,False,1,큰 검은색 여우 두 마리와 어린 빨간색 개 네 마리가 있다.,어린 빨간색 개 네 마리와 큰 검은색 여우 두 마리가 있다.
ko,dev_a,auxiliary,truth_question,quantity,0,False,1,큰 검은색 여우 두 마리와 어린 빨간색 개 네 마리가 있다는 것이 사실인가?,어린 빨간색 개 네 마리와 큰 검은색 여우 두 마리가 있다는 것이 사실인가?
en,dev_a,primary,assertion,quantity,1,False,0,There are three young yellow cows and eight small black mice.,There are three small black mice and eight young yellow cows.
en,dev_a,auxiliary,truth_question,quantity,1,False,0,Is it true that there are three young yellow cows and eight small black mice?,Is it true that there are three small black mice and eight young yellow cows?
de,dev_a,primary,assertion,quantity,1,False,0,Es gibt drei junge gelbe Kühe und acht kleine schwarze Mäuse.,Es gibt drei kleine schwarze Mäuse und acht junge gelbe Kühe.
de,dev_a,auxiliary,truth_question,quantity,1,False,0,"Stimmt es, dass es drei junge gelbe Kühe und acht kleine schwarze Mäuse gibt?","Stimmt es, dass es drei kleine schwarze Mäuse und acht junge gelbe Kühe gibt?"
ko,dev_a,primary,assertion,quantity,1,False,0,어린 노란색 소 세 마리와 작은 검은색 쥐 여덟 마리가 있다.,작은 검은색 쥐 세 마리와 어린 노란색 소 여덟 마리가 있다.
ko,dev_a,auxiliary,truth_question,quantity,1,False,0,어린 노란색 소 세 마리와 작은 검은색 쥐 여덟 마리가 있다는 것이 사실인가?,작은 검은색 쥐 세 마리와 어린 노란색 소 여덟 마리가 있다는 것이 사실인가?
en,dev_a,primary,assertion,quantity,1,False,1,There are three young yellow cows and eight small black mice.,There are eight small black mice and three young yellow cows.
en,dev_a,auxiliary,truth_question,quantity,1,False,1,Is it true that there are three young yellow cows and eight small black mice?,Is it true that there are eight small black mice and three young yellow cows?
de,dev_a,primary,assertion,quantity,1,False,1,Es gibt drei junge gelbe Kühe und acht kleine schwarze Mäuse.,Es gibt acht kleine schwarze Mäuse und drei junge gelbe Kühe.
de,dev_a,auxiliary,truth_question,quantity,1,False,1,"Stimmt es, dass es drei junge gelbe Kühe und acht kleine schwarze Mäuse gibt?","Stimmt es, dass es acht kleine schwarze Mäuse und drei junge gelbe Kühe gibt?"
ko,dev_a,primary,assertion,quantity,1,False,1,어린 노란색 소 세 마리와 작은 검은색 쥐 여덟 마리가 있다.,작은 검은색 쥐 여덟 마리와 어린 노란색 소 세 마리가 있다.
ko,dev_a,auxiliary,truth_question,quantity,1,False,1,어린 노란색 소 세 마리와 작은 검은색 쥐 여덟 마리가 있다는 것이 사실인가?,작은 검은색 쥐 여덟 마리와 어린 노란색 소 세 마리가 있다는 것이 사실인가?
en,dev_b,primary,assertion,roles,1,False,0,The old red fox greets the young green dog and the young green dog follows the old red fox.,The young green dog is followed by the old red fox and the old red fox is greeted by the young green dog.
en,dev_b,auxiliary,reported_clause,roles,1,False,0,Someone says that the old red fox greets the young green dog and the young green dog follows the old red fox.,Someone says that the young green dog is followed by the old red fox and the old red fox is greeted by the young green dog.
de,dev_b,primary,assertion,roles,1,False,0,Der alte rote Fuchs grüßt den jungen grünen Hund und der junge grüne Hund verfolgt den alten roten Fuchs.,Der junge grüne Hund wird von dem alten roten Fuchs verfolgt und der alte rote Fuchs wird von dem jungen grünen Hund gegrüßt.
de,dev_b,auxiliary,reported_clause,roles,1,False,0,"Jemand sagt, dass der alte rote Fuchs den jungen grünen Hund grüßt und der junge grüne Hund den alten roten Fuchs verfolgt.","Jemand sagt, dass der junge grüne Hund von dem alten roten Fuchs verfolgt wird und der alte rote Fuchs von dem jungen grünen Hund gegrüßt wird."
ko,dev_b,primary,assertion,roles,1,False,0,늙은 빨간색 여우가 어린 초록색 개를 반긴다는 것과 어린 초록색 개가 늙은 빨간색 여우를 뒤따른다는 것이 모두 사실이다.,어린 초록색 개를 늙은 빨간색 여우가 뒤따른다는 것과 늙은 빨간색 여우를 어린 초록색 개가 반긴다는 것이 모두 사실이다.
ko,dev_b,auxiliary,reported_clause,roles,1,False,0,늙은 빨간색 여우가 어린 초록색 개를 반긴다는 것과 어린 초록색 개가 늙은 빨간색 여우를 뒤따른다는 것이 모두 사실이라고 누군가 말한다.,어린 초록색 개를 늙은 빨간색 여우가 뒤따른다는 것과 늙은 빨간색 여우를 어린 초록색 개가 반긴다는 것이 모두 사실이라고 누군가 말한다.
en,dev_b,primary,assertion,roles,1,False,1,The old red fox greets the young green dog and the young green dog follows the old red fox.,The young green dog is greeted by the old red fox and the old red fox is followed by the young green dog.
en,dev_b,auxiliary,reported_clause,roles,1,False,1,Someone says that the old red fox greets the young green dog and the young green dog follows the old red fox.,Someone says that the young green dog is greeted by the old red fox and the old red fox is followed by the young green dog.
de,dev_b,primary,assertion,roles,1,False,1,Der alte rote Fuchs grüßt den jungen grünen Hund und der junge grüne Hund verfolgt den alten roten Fuchs.,Der junge grüne Hund wird von dem alten roten Fuchs gegrüßt und der alte rote Fuchs wird von dem jungen grünen Hund verfolgt.
de,dev_b,auxiliary,reported_clause,roles,1,False,1,"Jemand sagt, dass der alte rote Fuchs den jungen grünen Hund grüßt und der junge grüne Hund den alten roten Fuchs verfolgt.","Jemand sagt, dass der junge grüne Hund von dem alten roten Fuchs gegrüßt wird und der alte rote Fuchs von dem jungen grünen Hund verfolgt wird."
ko,dev_b,primary,assertion,roles,1,False,1,늙은 빨간색 여우가 어린 초록색 개를 반긴다는 것과 어린 초록색 개가 늙은 빨간색 여우를 뒤따른다는 것이 모두 사실이다.,어린 초록색 개를 늙은 빨간색 여우가 반긴다는 것과 늙은 빨간색 여우를 어린 초록색 개가 뒤따른다는 것이 모두 사실이다.
ko,dev_b,auxiliary,reported_clause,roles,1,False,1,늙은 빨간색 여우가 어린 초록색 개를 반긴다는 것과 어린 초록색 개가 늙은 빨간색 여우를 뒤따른다는 것이 모두 사실이라고 누군가 말한다.,어린 초록색 개를 늙은 빨간색 여우가 반긴다는 것과 늙은 빨간색 여우를 어린 초록색 개가 뒤따른다는 것이 모두 사실이라고 누군가 말한다.
en,dev_b,primary,assertion,roles,0,False,0,The small green mouse sees the young yellow dog and the young yellow dog greets the small green mouse.,The young yellow dog is greeted by the small green mouse and the small green mouse is seen by the young yellow dog.
en,dev_b,auxiliary,reported_clause,roles,0,False,0,Someone says that the small green mouse sees the young yellow dog and the young yellow dog greets the small green mouse.,Someone says that the young yellow dog is greeted by the small green mouse and the small green mouse is seen by the young yellow dog.
de,dev_b,primary,assertion,roles,0,False,0,Die kleine grüne Maus sieht den jungen gelben Hund und der junge gelbe Hund grüßt die kleine grüne Maus.,Der junge gelbe Hund wird von der kleinen grünen Maus gegrüßt und die kleine grüne Maus wird von dem jungen gelben Hund gesehen.
de,dev_b,auxiliary,reported_clause,roles,0,False,0,"Jemand sagt, dass die kleine grüne Maus den jungen gelben Hund sieht und der junge gelbe Hund die kleine grüne Maus grüßt.","Jemand sagt, dass der junge gelbe Hund von der kleinen grünen Maus gegrüßt wird und die kleine grüne Maus von dem jungen gelben Hund gesehen wird."
ko,dev_b,primary,assertion,roles,0,False,0,작은 초록색 쥐가 어린 노란색 개를 본다는 것과 어린 노란색 개가 작은 초록색 쥐를 반긴다는 것이 모두 사실이다.,어린 노란색 개를 작은 초록색 쥐가 반긴다는 것과 작은 초록색 쥐를 어린 노란색 개가 본다는 것이 모두 사실이다.
ko,dev_b,auxiliary,reported_clause,roles,0,False,0,작은 초록색 쥐가 어린 노란색 개를 본다는 것과 어린 노란색 개가 작은 초록색 쥐를 반긴다는 것이 모두 사실이라고 누군가 말한다.,어린 노란색 개를 작은 초록색 쥐가 반긴다는 것과 작은 초록색 쥐를 어린 노란색 개가 본다는 것이 모두 사실이라고 누군가 말한다.
en,dev_b,primary,assertion,roles,0,False,1,The small green mouse sees the young yellow dog and the young yellow dog greets the small green mouse.,The young yellow dog is seen by the small green mouse and the small green mouse is greeted by the young yellow dog.
en,dev_b,auxiliary,reported_clause,roles,0,False,1,Someone says that the small green mouse sees the young yellow dog and the young yellow dog greets the small green mouse.,Someone says that the young yellow dog is seen by the small green mouse and the small green mouse is greeted by the young yellow dog.
de,dev_b,primary,assertion,roles,0,False,1,Die kleine grüne Maus sieht den jungen gelben Hund und der junge gelbe Hund grüßt die kleine grüne Maus.,Der junge gelbe Hund wird von der kleinen grünen Maus gesehen und die kleine grüne Maus wird von dem jungen gelben Hund gegrüßt.
de,dev_b,auxiliary,reported_clause,roles,0,False,1,"Jemand sagt, dass die kleine grüne Maus den jungen gelben Hund sieht und der junge gelbe Hund die kleine grüne Maus grüßt.","Jemand sagt, dass der junge gelbe Hund von der kleinen grünen Maus gesehen wird und die kleine grüne Maus von dem jungen gelben Hund gegrüßt wird."
ko,dev_b,primary,assertion,roles,0,False,1,작은 초록색 쥐가 어린 노란색 개를 본다는 것과 어린 노란색 개가 작은 초록색 쥐를 반긴다는 것이 모두 사실이다.,어린 노란색 개를 작은 초록색 쥐가 본다는 것과 작은 초록색 쥐를 어린 노란색 개가 반긴다는 것이 모두 사실이다.
ko,dev_b,auxiliary,reported_clause,roles,0,False,1,작은 초록색 쥐가 어린 노란색 개를 본다는 것과 어린 노란색 개가 작은 초록색 쥐를 반긴다는 것이 모두 사실이라고 누군가 말한다.,어린 노란색 개를 작은 초록색 쥐가 본다는 것과 작은 초록색 쥐를 어린 노란색 개가 반긴다는 것이 모두 사실이라고 누군가 말한다.
en,dev_b,primary,assertion,roles,2,False,0,The old white mouse follows the young black duck and the young black duck sees the old white mouse.,The young black duck is seen by the old white mouse and the old white mouse is followed by the young black duck.
en,dev_b,auxiliary,reported_clause,roles,2,False,0,Someone says that the old white mouse follows the young black duck and the young black duck sees the old white mouse.,Someone says that the young black duck is seen by the old white mouse and the old white mouse is followed by the young black duck.
de,dev_b,primary,assertion,roles,2,False,0,Die alte weiße Maus verfolgt die junge schwarze Ente und die junge schwarze Ente sieht die alte weiße Maus.,Die junge schwarze Ente wird von der alten weißen Maus gesehen und die alte weiße Maus wird von der jungen schwarzen Ente verfolgt.
de,dev_b,auxiliary,reported_clause,roles,2,False,0,"Jemand sagt, dass die alte weiße Maus die junge schwarze Ente verfolgt und die junge schwarze Ente die alte weiße Maus sieht.","Jemand sagt, dass die junge schwarze Ente von der alten weißen Maus gesehen wird und die alte weiße Maus von der jungen schwarzen Ente verfolgt wird."
ko,dev_b,primary,assertion,roles,2,False,0,늙은 하얀색 쥐가 어린 검은색 오리를 뒤따른다는 것과 어린 검은색 오리가 늙은 하얀색 쥐를 본다는 것이 모두 사실이다.,어린 검은색 오리를 늙은 하얀색 쥐가 본다는 것과 늙은 하얀색 쥐를 어린 검은색 오리가 뒤따른다는 것이 모두 사실이다.
ko,dev_b,auxiliary,reported_clause,roles,2,False,0,늙은 하얀색 쥐가 어린 검은색 오리를 뒤따른다는 것과 어린 검은색 오리가 늙은 하얀색 쥐를 본다는 것이 모두 사실이라고 누군가 말한다.,어린 검은색 오리를 늙은 하얀색 쥐가 본다는 것과 늙은 하얀색 쥐를 어린 검은색 오리가 뒤따른다는 것이 모두 사실이라고 누군가 말한다.
en,dev_b,primary,assertion,roles,2,False,1,The old white mouse follows the young black duck and the young black duck sees the old white mouse.,The young black duck is followed by the old white mouse and the old white mouse is seen by the young black duck.
en,dev_b,auxiliary,reported_clause,roles,2,False,1,Someone says that the old white mouse follows the young black duck and the young black duck sees the old white mouse.,Someone says that the young black duck is followed by the old white mouse and the old white mouse is seen by the young black duck.
de,dev_b,primary,assertion,roles,2,False,1,Die alte weiße Maus verfolgt die junge schwarze Ente und die junge schwarze Ente sieht die alte weiße Maus.,Die junge schwarze Ente wird von der alten weißen Maus verfolgt und die alte weiße Maus wird von der jungen schwarzen Ente gesehen.
de,dev_b,auxiliary,reported_clause,roles,2,False,1,"Jemand sagt, dass die alte weiße Maus die junge schwarze Ente verfolgt und die junge schwarze Ente die alte weiße Maus sieht.","Jemand sagt, dass die junge schwarze Ente von der alten weißen Maus verfolgt wird und die alte weiße Maus von der jungen schwarzen Ente gesehen wird."
ko,dev_b,primary,assertion,roles,2,False,1,늙은 하얀색 쥐가 어린 검은색 오리를 뒤따른다는 것과 어린 검은색 오리가 늙은 하얀색 쥐를 본다는 것이 모두 사실이다.,어린 검은색 오리를 늙은 하얀색 쥐가 뒤따른다는 것과 늙은 하얀색 쥐를 어린 검은색 오리가 본다는 것이 모두 사실이다.
ko,dev_b,auxiliary,reported_clause,roles,2,False,1,늙은 하얀색 쥐가 어린 검은색 오리를 뒤따른다는 것과 어린 검은색 오리가 늙은 하얀색 쥐를 본다는 것이 모두 사실이라고 누군가 말한다.,어린 검은색 오리를 늙은 하얀색 쥐가 뒤따른다는 것과 늙은 하얀색 쥐를 어린 검은색 오리가 본다는 것이 모두 사실이라고 누군가 말한다.
en,dev_b,primary,assertion,negation,2,True,0,The large yellow fox does not follow the small blue bear and the small blue bear follows the large yellow fox.,The small blue bear is followed by the large yellow fox and the large yellow fox is not followed by the small blue bear.
en,dev_b,auxiliary,reported_clause,negation,2,True,0,Someone says that the large yellow fox does not follow the small blue bear and the small blue bear follows the large yellow fox.,Someone says that the small blue bear is followed by the large yellow fox and the large yellow fox is not followed by the small blue bear.
de,dev_b,primary,assertion,negation,2,True,0,Der große gelbe Fuchs verfolgt den kleinen blauen Bären nicht und der kleine blaue Bär verfolgt den großen gelben Fuchs.,Der kleine blaue Bär wird von dem großen gelben Fuchs verfolgt und der große gelbe Fuchs wird nicht von dem kleinen blauen Bären verfolgt.
de,dev_b,auxiliary,reported_clause,negation,2,True,0,"Jemand sagt, dass der große gelbe Fuchs den kleinen blauen Bären nicht verfolgt und der kleine blaue Bär den großen gelben Fuchs verfolgt.","Jemand sagt, dass der kleine blaue Bär von dem großen gelben Fuchs verfolgt wird und der große gelbe Fuchs nicht von dem kleinen blauen Bären verfolgt wird."
ko,dev_b,primary,assertion,negation,2,True,0,큰 노란색 여우가 작은 파란색 곰을 뒤따르지 않는다는 것과 작은 파란색 곰이 큰 노란색 여우를 뒤따른다는 것이 모두 사실이다.,작은 파란색 곰을 큰 노란색 여우가 뒤따른다는 것과 큰 노란색 여우를 작은 파란색 곰이 뒤따르지 않는다는 것이 모두 사실이다.
ko,dev_b,auxiliary,reported_clause,negation,2,True,0,큰 노란색 여우가 작은 파란색 곰을 뒤따르지 않는다는 것과 작은 파란색 곰이 큰 노란색 여우를 뒤따른다는 것이 모두 사실이라고 누군가 말한다.,작은 파란색 곰을 큰 노란색 여우가 뒤따른다는 것과 큰 노란색 여우를 작은 파란색 곰이 뒤따르지 않는다는 것이 모두 사실이라고 누군가 말한다.
en,dev_b,primary,assertion,negation,2,True,1,The large yellow fox does not follow the small blue bear and the small blue bear follows the large yellow fox.,The small blue bear is not followed by the large yellow fox and the large yellow fox is followed by the small blue bear.
en,dev_b,auxiliary,reported_clause,negation,2,True,1,Someone says that the large yellow fox does not follow the small blue bear and the small blue bear follows the large yellow fox.,Someone says that the small blue bear is not followed by the large yellow fox and the large yellow fox is followed by the small blue bear.
de,dev_b,primary,assertion,negation,2,True,1,Der große gelbe Fuchs verfolgt den kleinen blauen Bären nicht und der kleine blaue Bär verfolgt den großen gelben Fuchs.,Der kleine blaue Bär wird nicht von dem großen gelben Fuchs verfolgt und der große gelbe Fuchs wird von dem kleinen blauen Bären verfolgt.
de,dev_b,auxiliary,reported_clause,negation,2,True,1,"Jemand sagt, dass der große gelbe Fuchs den kleinen blauen Bären nicht verfolgt und der kleine blaue Bär den großen gelben Fuchs verfolgt.","Jemand sagt, dass der kleine blaue Bär nicht von dem großen gelben Fuchs verfolgt wird und der große gelbe Fuchs von dem kleinen blauen Bären verfolgt wird."
ko,dev_b,primary,assertion,negation,2,True,1,큰 노란색 여우가 작은 파란색 곰을 뒤따르지 않는다는 것과 작은 파란색 곰이 큰 노란색 여우를 뒤따른다는 것이 모두 사실이다.,작은 파란색 곰을 큰 노란색 여우가 뒤따르지 않는다는 것과 큰 노란색 여우를 작은 파란색 곰이 뒤따른다는 것이 모두 사실이다.
ko,dev_b,auxiliary,reported_clause,negation,2,True,1,큰 노란색 여우가 작은 파란색 곰을 뒤따르지 않는다는 것과 작은 파란색 곰이 큰 노란색 여우를 뒤따른다는 것이 모두 사실이라고 누군가 말한다.,작은 파란색 곰을 큰 노란색 여우가 뒤따르지 않는다는 것과 큰 노란색 여우를 작은 파란색 곰이 뒤따른다는 것이 모두 사실이라고 누군가 말한다.
en,dev_b,primary,assertion,negation,1,False,0,The large yellow bear greets the young black cow and the young black cow does not greet the large yellow bear.,The young black cow is not greeted by the large yellow bear and the large yellow bear is greeted by the young black cow.
en,dev_b,auxiliary,reported_clause,negation,1,False,0,Someone says that the large yellow bear greets the young black cow and the young black cow does not greet the large yellow bear.,Someone says that the young black cow is not greeted by the large yellow bear and the large yellow bear is greeted by the young black cow.
de,dev_b,primary,assertion,negation,1,False,0,Der große gelbe Bär grüßt die junge schwarze Kuh und die junge schwarze Kuh grüßt den großen gelben Bären nicht.,Die junge schwarze Kuh wird nicht von dem großen gelben Bären gegrüßt und der große gelbe Bär wird von der jungen schwarzen Kuh gegrüßt.
de,dev_b,auxiliary,reported_clause,negation,1,False,0,"Jemand sagt, dass der große gelbe Bär die junge schwarze Kuh grüßt und die junge schwarze Kuh den großen gelben Bären nicht grüßt.","Jemand sagt, dass die junge schwarze Kuh nicht von dem großen gelben Bären gegrüßt wird und der große gelbe Bär von der jungen schwarzen Kuh gegrüßt wird."
ko,dev_b,primary,assertion,negation,1,False,0,큰 노란색 곰이 어린 검은색 소를 반긴다는 것과 어린 검은색 소가 큰 노란색 곰을 반기지 않는다는 것이 모두 사실이다.,어린 검은색 소를 큰 노란색 곰이 반기지 않는다는 것과 큰 노란색 곰을 어린 검은색 소가 반긴다는 것이 모두 사실이다.
ko,dev_b,auxiliary,reported_clause,negation,1,False,0,큰 노란색 곰이 어린 검은색 소를 반긴다는 것과 어린 검은색 소가 큰 노란색 곰을 반기지 않는다는 것이 모두 사실이라고 누군가 말한다.,어린 검은색 소를 큰 노란색 곰이 반기지 않는다는 것과 큰 노란색 곰을 어린 검은색 소가 반긴다는 것이 모두 사실이라고 누군가 말한다.
en,dev_b,primary,assertion,negation,1,False,1,The large yellow bear greets the young black cow and the young black cow does not greet the large yellow bear.,The young black cow is greeted by the large yellow bear and the large yellow bear is not greeted by the young black cow.
en,dev_b,auxiliary,reported_clause,negation,1,False,1,Someone says that the large yellow bear greets the young black cow and the young black cow does not greet the large yellow bear.,Someone says that the young black cow is greeted by the large yellow bear and the large yellow bear is not greeted by the young black cow.
de,dev_b,primary,assertion,negation,1,False,1,Der große gelbe Bär grüßt die junge schwarze Kuh und die junge schwarze Kuh grüßt den großen gelben Bären nicht.,Die junge schwarze Kuh wird von dem großen gelben Bären gegrüßt und der große gelbe Bär wird nicht von der jungen schwarzen Kuh gegrüßt.
de,dev_b,auxiliary,reported_clause,negation,1,False,1,"Jemand sagt, dass der große gelbe Bär die junge schwarze Kuh grüßt und die junge schwarze Kuh den großen gelben Bären nicht grüßt.","Jemand sagt, dass die junge schwarze Kuh von dem großen gelben Bären gegrüßt wird und der große gelbe Bär nicht von der jungen schwarzen Kuh gegrüßt wird."
ko,dev_b,primary,assertion,negation,1,False,1,큰 노란색 곰이 어린 검은색 소를 반긴다는 것과 어린 검은색 소가 큰 노란색 곰을 반기지 않는다는 것이 모두 사실이다.,어린 검은색 소를 큰 노란색 곰이 반긴다는 것과 큰 노란색 곰을 어린 검은색 소가 반기지 않는다는 것이 모두 사실이다.
ko,dev_b,auxiliary,reported_clause,negation,1,False,1,큰 노란색 곰이 어린 검은색 소를 반긴다는 것과 어린 검은색 소가 큰 노란색 곰을 반기지 않는다는 것이 모두 사실이라고 누군가 말한다.,어린 검은색 소를 큰 노란색 곰이 반긴다는 것과 큰 노란색 곰을 어린 검은색 소가 반기지 않는다는 것이 모두 사실이라고 누군가 말한다.
en,dev_b,primary,assertion,negation,2,False,0,The old red dog follows the young white sheep and the young white sheep does not follow the old red dog.,The young white sheep is not followed by the old red dog and the old red dog is followed by the young white sheep.
en,dev_b,auxiliary,reported_clause,negation,2,False,0,Someone says that the old red dog follows the young white sheep and the young white sheep does not follow the old red dog.,Someone says that the young white sheep is not followed by the old red dog and the old red dog is followed by the young white sheep.
de,dev_b,primary,assertion,negation,2,False,0,Der alte rote Hund verfolgt das junge weiße Schaf und das junge weiße Schaf verfolgt den alten roten Hund nicht.,Das junge weiße Schaf wird nicht von dem alten roten Hund verfolgt und der alte rote Hund wird von dem jungen weißen Schaf verfolgt.
de,dev_b,auxiliary,reported_clause,negation,2,False,0,"Jemand sagt, dass der alte rote Hund das junge weiße Schaf verfolgt und das junge weiße Schaf den alten roten Hund nicht verfolgt.","Jemand sagt, dass das junge weiße Schaf nicht von dem alten roten Hund verfolgt wird und der alte rote Hund von dem jungen weißen Schaf verfolgt wird."
ko,dev_b,primary,assertion,negation,2,False,0,늙은 빨간색 개가 어린 하얀색 양을 뒤따른다는 것과 어린 하얀색 양이 늙은 빨간색 개를 뒤따르지 않는다는 것이 모두 사실이다.,어린 하얀색 양을 늙은 빨간색 개가 뒤따르지 않는다는 것과 늙은 빨간색 개를 어린 하얀색 양이 뒤따른다는 것이 모두 사실이다.
ko,dev_b,auxiliary,reported_clause,negation,2,False,0,늙은 빨간색 개가 어린 하얀색 양을 뒤따른다는 것과 어린 하얀색 양이 늙은 빨간색 개를 뒤따르지 않는다는 것이 모두 사실이라고 누군가 말한다.,어린 하얀색 양을 늙은 빨간색 개가 뒤따르지 않는다는 것과 늙은 빨간색 개를 어린 하얀색 양이 뒤따른다는 것이 모두 사실이라고 누군가 말한다.
en,dev_b,primary,assertion,negation,2,False,1,The old red dog follows the young white sheep and the young white sheep does not follow the old red dog.,The young white sheep is followed by the old red dog and the old red dog is not followed by the young white sheep.
en,dev_b,auxiliary,reported_clause,negation,2,False,1,Someone says that the old red dog follows the young white sheep and the young white sheep does not follow the old red dog.,Someone says that the young white sheep is followed by the old red dog and the old red dog is not followed by the young white sheep.
de,dev_b,primary,assertion,negation,2,False,1,Der alte rote Hund verfolgt das junge weiße Schaf und das junge weiße Schaf verfolgt den alten roten Hund nicht.,Das junge weiße Schaf wird von dem alten roten Hund verfolgt und der alte rote Hund wird nicht von dem jungen weißen Schaf verfolgt.
de,dev_b,auxiliary,reported_clause,negation,2,False,1,"Jemand sagt, dass der alte rote Hund das junge weiße Schaf verfolgt und das junge weiße Schaf den alten roten Hund nicht verfolgt.","Jemand sagt, dass das junge weiße Schaf von dem alten roten Hund verfolgt wird und der alte rote Hund nicht von dem jungen weißen Schaf verfolgt wird."
ko,dev_b,primary,assertion,negation,2,False,1,늙은 빨간색 개가 어린 하얀색 양을 뒤따른다는 것과 어린 하얀색 양이 늙은 빨간색 개를 뒤따르지 않는다는 것이 모두 사실이다.,어린 하얀색 양을 늙은 빨간색 개가 뒤따른다는 것과 늙은 빨간색 개를 어린 하얀색 양이 뒤따르지 않는다는 것이 모두 사실이다.
ko,dev_b,auxiliary,reported_clause,negation,2,False,1,늙은 빨간색 개가 어린 하얀색 양을 뒤따른다는 것과 어린 하얀색 양이 늙은 빨간색 개를 뒤따르지 않는다는 것이 모두 사실이라고 누군가 말한다.,어린 하얀색 양을 늙은 빨간색 개가 뒤따른다는 것과 늙은 빨간색 개를 어린 하얀색 양이 뒤따르지 않는다는 것이 모두 사실이라고 누군가 말한다.
en,dev_b,primary,assertion,negation,1,True,0,The young black mouse does not greet the old red lion and the old red lion greets the young black mouse.,The old red lion is greeted by the young black mouse and the young black mouse is not greeted by the old red lion.
en,dev_b,auxiliary,reported_clause,negation,1,True,0,Someone says that the young black mouse does not greet the old red lion and the old red lion greets the young black mouse.,Someone says that the old red lion is greeted by the young black mouse and the young black mouse is not greeted by the old red lion.
de,dev_b,primary,assertion,negation,1,True,0,Die junge schwarze Maus grüßt den alten roten Löwen nicht und der alte rote Löwe grüßt die junge schwarze Maus.,Der alte rote Löwe wird von der jungen schwarzen Maus gegrüßt und die junge schwarze Maus wird nicht von dem alten roten Löwen gegrüßt.
de,dev_b,auxiliary,reported_clause,negation,1,True,0,"Jemand sagt, dass die junge schwarze Maus den alten roten Löwen nicht grüßt und der alte rote Löwe die junge schwarze Maus grüßt.","Jemand sagt, dass der alte rote Löwe von der jungen schwarzen Maus gegrüßt wird und die junge schwarze Maus nicht von dem alten roten Löwen gegrüßt wird."
ko,dev_b,primary,assertion,negation,1,True,0,어린 검은색 쥐가 늙은 빨간색 사자를 반기지 않는다는 것과 늙은 빨간색 사자가 어린 검은색 쥐를 반긴다는 것이 모두 사실이다.,늙은 빨간색 사자를 어린 검은색 쥐가 반긴다는 것과 어린 검은색 쥐를 늙은 빨간색 사자가 반기지 않는다는 것이 모두 사실이다.
ko,dev_b,auxiliary,reported_clause,negation,1,True,0,어린 검은색 쥐가 늙은 빨간색 사자를 반기지 않는다는 것과 늙은 빨간색 사자가 어린 검은색 쥐를 반긴다는 것이 모두 사실이라고 누군가 말한다.,늙은 빨간색 사자를 어린 검은색 쥐가 반긴다는 것과 어린 검은색 쥐를 늙은 빨간색 사자가 반기지 않는다는 것이 모두 사실이라고 누군가 말한다.
en,dev_b,primary,assertion,negation,1,True,1,The young black mouse does not greet the old red lion and the old red lion greets the young black mouse.,The old red lion is not greeted by the young black mouse and the young black mouse is greeted by the old red lion.
en,dev_b,auxiliary,reported_clause,negation,1,True,1,Someone says that the young black mouse does not greet the old red lion and the old red lion greets the young black mouse.,Someone says that the old red lion is not greeted by the young black mouse and the young black mouse is greeted by the old red lion.
de,dev_b,primary,assertion,negation,1,True,1,Die junge schwarze Maus grüßt den alten roten Löwen nicht und der alte rote Löwe grüßt die junge schwarze Maus.,Der alte rote Löwe wird nicht von der jungen schwarzen Maus gegrüßt und die junge schwarze Maus wird von dem alten roten Löwen gegrüßt.
de,dev_b,auxiliary,reported_clause,negation,1,True,1,"Jemand sagt, dass die junge schwarze Maus den alten roten Löwen nicht grüßt und der alte rote Löwe die junge schwarze Maus grüßt.","Jemand sagt, dass der alte rote Löwe nicht von der jungen schwarzen Maus gegrüßt wird und die junge schwarze Maus von dem alten roten Löwen gegrüßt wird."
ko,dev_b,primary,assertion,negation,1,True,1,어린 검은색 쥐가 늙은 빨간색 사자를 반기지 않는다는 것과 늙은 빨간색 사자가 어린 검은색 쥐를 반긴다는 것이 모두 사실이다.,늙은 빨간색 사자를 어린 검은색 쥐가 반기지 않는다는 것과 어린 검은색 쥐를 늙은 빨간색 사자가 반긴다는 것이 모두 사실이다.
ko,dev_b,auxiliary,reported_clause,negation,1,True,1,어린 검은색 쥐가 늙은 빨간색 사자를 반기지 않는다는 것과 늙은 빨간색 사자가 어린 검은색 쥐를 반긴다는 것이 모두 사실이라고 누군가 말한다.,늙은 빨간색 사자를 어린 검은색 쥐가 반기지 않는다는 것과 어린 검은색 쥐를 늙은 빨간색 사자가 반긴다는 것이 모두 사실이라고 누군가 말한다.
en,dev_b,primary,assertion,negation,0,True,0,The small green rabbit does not see the young red dog and the young red dog sees the small green rabbit.,The young red dog is seen by the small green rabbit and the small green rabbit is not seen by the young red dog.
en,dev_b,auxiliary,reported_clause,negation,0,True,0,Someone says that the small green rabbit does not see the young red dog and the young red dog sees the small green rabbit.,Someone says that the young red dog is seen by the small green rabbit and the small green rabbit is not seen by the young red dog.
de,dev_b,primary,assertion,negation,0,True,0,Das kleine grüne Kaninchen sieht den jungen roten Hund nicht und der junge rote Hund sieht das kleine grüne Kaninchen.,Der junge rote Hund wird von dem kleinen grünen Kaninchen gesehen und das kleine grüne Kaninchen wird nicht von dem jungen roten Hund gesehen.
de,dev_b,auxiliary,reported_clause,negation,0,True,0,"Jemand sagt, dass das kleine grüne Kaninchen den jungen roten Hund nicht sieht und der junge rote Hund das kleine grüne Kaninchen sieht.","Jemand sagt, dass der junge rote Hund von dem kleinen grünen Kaninchen gesehen wird und das kleine grüne Kaninchen nicht von dem jungen roten Hund gesehen wird."
ko,dev_b,primary,assertion,negation,0,True,0,작은 초록색 토끼가 어린 빨간색 개를 보지 않는다는 것과 어린 빨간색 개가 작은 초록색 토끼를 본다는 것이 모두 사실이다.,어린 빨간색 개를 작은 초록색 토끼가 본다는 것과 작은 초록색 토끼를 어린 빨간색 개가 보지 않는다는 것이 모두 사실이다.
ko,dev_b,auxiliary,reported_clause,negation,0,True,0,작은 초록색 토끼가 어린 빨간색 개를 보지 않는다는 것과 어린 빨간색 개가 작은 초록색 토끼를 본다는 것이 모두 사실이라고 누군가 말한다.,어린 빨간색 개를 작은 초록색 토끼가 본다는 것과 작은 초록색 토끼를 어린 빨간색 개가 보지 않는다는 것이 모두 사실이라고 누군가 말한다.
en,dev_b,primary,assertion,negation,0,True,1,The small green rabbit does not see the young red dog and the young red dog sees the small green rabbit.,The young red dog is not seen by the small green rabbit and the small green rabbit is seen by the young red dog.
en,dev_b,auxiliary,reported_clause,negation,0,True,1,Someone says that the small green rabbit does not see the young red dog and the young red dog sees the small green rabbit.,Someone says that the young red dog is not seen by the small green rabbit and the small green rabbit is seen by the young red dog.
de,dev_b,primary,assertion,negation,0,True,1,Das kleine grüne Kaninchen sieht den jungen roten Hund nicht und der junge rote Hund sieht das kleine grüne Kaninchen.,Der junge rote Hund wird nicht von dem kleinen grünen Kaninchen gesehen und das kleine grüne Kaninchen wird von dem jungen roten Hund gesehen.
de,dev_b,auxiliary,reported_clause,negation,0,True,1,"Jemand sagt, dass das kleine grüne Kaninchen den jungen roten Hund nicht sieht und der junge rote Hund das kleine grüne Kaninchen sieht.","Jemand sagt, dass der junge rote Hund nicht von dem kleinen grünen Kaninchen gesehen wird und das kleine grüne Kaninchen von dem jungen roten Hund gesehen wird."
ko,dev_b,primary,assertion,negation,0,True,1,작은 초록색 토끼가 어린 빨간색 개를 보지 않는다는 것과 어린 빨간색 개가 작은 초록색 토끼를 본다는 것이 모두 사실이다.,어린 빨간색 개를 작은 초록색 토끼가 보지 않는다는 것과 작은 초록색 토끼를 어린 빨간색 개가 본다는 것이 모두 사실이다.
ko,dev_b,auxiliary,reported_clause,negation,0,True,1,작은 초록색 토끼가 어린 빨간색 개를 보지 않는다는 것과 어린 빨간색 개가 작은 초록색 토끼를 본다는 것이 모두 사실이라고 누군가 말한다.,어린 빨간색 개를 작은 초록색 토끼가 보지 않는다는 것과 작은 초록색 토끼를 어린 빨간색 개가 본다는 것이 모두 사실이라고 누군가 말한다.
en,dev_b,primary,assertion,negation,0,False,0,The young blue bear sees the large white cow and the large white cow does not see the young blue bear.,The large white cow is not seen by the young blue bear and the young blue bear is seen by the large white cow.
en,dev_b,auxiliary,reported_clause,negation,0,False,0,Someone says that the young blue bear sees the large white cow and the large white cow does not see the young blue bear.,Someone says that the large white cow is not seen by the young blue bear and the young blue bear is seen by the large white cow.
de,dev_b,primary,assertion,negation,0,False,0,Der junge blaue Bär sieht die große weiße Kuh und die große weiße Kuh sieht den jungen blauen Bären nicht.,Die große weiße Kuh wird nicht von dem jungen blauen Bären gesehen und der junge blaue Bär wird von der großen weißen Kuh gesehen.
de,dev_b,auxiliary,reported_clause,negation,0,False,0,"Jemand sagt, dass der junge blaue Bär die große weiße Kuh sieht und die große weiße Kuh den jungen blauen Bären nicht sieht.","Jemand sagt, dass die große weiße Kuh nicht von dem jungen blauen Bären gesehen wird und der junge blaue Bär von der großen weißen Kuh gesehen wird."
ko,dev_b,primary,assertion,negation,0,False,0,어린 파란색 곰이 큰 하얀색 소를 본다는 것과 큰 하얀색 소가 어린 파란색 곰을 보지 않는다는 것이 모두 사실이다.,큰 하얀색 소를 어린 파란색 곰이 보지 않는다는 것과 어린 파란색 곰을 큰 하얀색 소가 본다는 것이 모두 사실이다.
ko,dev_b,auxiliary,reported_clause,negation,0,False,0,어린 파란색 곰이 큰 하얀색 소를 본다는 것과 큰 하얀색 소가 어린 파란색 곰을 보지 않는다는 것이 모두 사실이라고 누군가 말한다.,큰 하얀색 소를 어린 파란색 곰이 보지 않는다는 것과 어린 파란색 곰을 큰 하얀색 소가 본다는 것이 모두 사실이라고 누군가 말한다.
en,dev_b,primary,assertion,negation,0,False,1,The young blue bear sees the large white cow and the large white cow does not see the young blue bear.,The large white cow is seen by the young blue bear and the young blue bear is not seen by the large white cow.
en,dev_b,auxiliary,reported_clause,negation,0,False,1,Someone says that the young blue bear sees the large white cow and the large white cow does not see the young blue bear.,Someone says that the large white cow is seen by the young blue bear and the young blue bear is not seen by the large white cow.
de,dev_b,primary,assertion,negation,0,False,1,Der junge blaue Bär sieht die große weiße Kuh und die große weiße Kuh sieht den jungen blauen Bären nicht.,Die große weiße Kuh wird von dem jungen blauen Bären gesehen und der junge blaue Bär wird nicht von der großen weißen Kuh gesehen.
de,dev_b,auxiliary,reported_clause,negation,0,False,1,"Jemand sagt, dass der junge blaue Bär die große weiße Kuh sieht und die große weiße Kuh den jungen blauen Bären nicht sieht.","Jemand sagt, dass die große weiße Kuh von dem jungen blauen Bären gesehen wird und der junge blaue Bär nicht von der großen weißen Kuh gesehen wird."
ko,dev_b,primary,assertion,negation,0,False,1,어린 파란색 곰이 큰 하얀색 소를 본다는 것과 큰 하얀색 소가 어린 파란색 곰을 보지 않는다는 것이 모두 사실이다.,큰 하얀색 소를 어린 파란색 곰이 본다는 것과 어린 파란색 곰을 큰 하얀색 소가 보지 않는다는 것이 모두 사실이다.
ko,dev_b,auxiliary,reported_clause,negation,0,False,1,어린 파란색 곰이 큰 하얀색 소를 본다는 것과 큰 하얀색 소가 어린 파란색 곰을 보지 않는다는 것이 모두 사실이라고 누군가 말한다.,큰 하얀색 소를 어린 파란색 곰이 본다는 것과 어린 파란색 곰을 큰 하얀색 소가 보지 않는다는 것이 모두 사실이라고 누군가 말한다.
en,dev_b,primary,assertion,space,0,True,0,The old black dog is above the small blue dog and the young white fox is below the large black bear.,The small blue dog is above the old black dog and the large black bear is below the young white fox.
en,dev_b,auxiliary,reported_clause,space,0,True,0,Someone says that the old black dog is above the small blue dog and the young white fox is below the large black bear.,Someone says that the small blue dog is above the old black dog and the large black bear is below the young white fox.
de,dev_b,primary,assertion,space,0,True,0,Der alte schwarze Hund ist über dem kleinen blauen Hund und der junge weiße Fuchs ist unter dem großen schwarzen Bären.,Der kleine blaue Hund ist über dem alten schwarzen Hund und der große schwarze Bär ist unter dem jungen weißen Fuchs.
de,dev_b,auxiliary,reported_clause,space,0,True,0,"Jemand sagt, dass der alte schwarze Hund über dem kleinen blauen Hund ist und der junge weiße Fuchs unter dem großen schwarzen Bären ist.","Jemand sagt, dass der kleine blaue Hund über dem alten schwarzen Hund ist und der große schwarze Bär unter dem jungen weißen Fuchs ist."
ko,dev_b,primary,assertion,space,0,True,0,늙은 검은색 개가 작은 파란색 개의 위에 있다는 것과 어린 하얀색 여우가 큰 검은색 곰의 아래에 있다는 것이 모두 사실이다.,작은 파란색 개가 늙은 검은색 개의 위에 있다는 것과 큰 검은색 곰이 어린 하얀색 여우의 아래에 있다는 것이 모두 사실이다.
ko,dev_b,auxiliary,reported_clause,space,0,True,0,늙은 검은색 개가 작은 파란색 개의 위에 있다는 것과 어린 하얀색 여우가 큰 검은색 곰의 아래에 있다는 것이 모두 사실이라고 누군가 말한다.,작은 파란색 개가 늙은 검은색 개의 위에 있다는 것과 큰 검은색 곰이 어린 하얀색 여우의 아래에 있다는 것이 모두 사실이라고 누군가 말한다.
en,dev_b,primary,assertion,space,0,True,1,The old black dog is above the small blue dog and the young white fox is below the large black bear.,The small blue dog is below the old black dog and the large black bear is above the young white fox.
en,dev_b,auxiliary,reported_clause,space,0,True,1,Someone says that the old black dog is above the small blue dog and the young white fox is below the large black bear.,Someone says that the small blue dog is below the old black dog and the large black bear is above the young white fox.
de,dev_b,primary,assertion,space,0,True,1,Der alte schwarze Hund ist über dem kleinen blauen Hund und der junge weiße Fuchs ist unter dem großen schwarzen Bären.,Der kleine blaue Hund ist unter dem alten schwarzen Hund und der große schwarze Bär ist über dem jungen weißen Fuchs.
de,dev_b,auxiliary,reported_clause,space,0,True,1,"Jemand sagt, dass der alte schwarze Hund über dem kleinen blauen Hund ist und der junge weiße Fuchs unter dem großen schwarzen Bären ist.","Jemand sagt, dass der kleine blaue Hund unter dem alten schwarzen Hund ist und der große schwarze Bär über dem jungen weißen Fuchs ist."
ko,dev_b,primary,assertion,space,0,True,1,늙은 검은색 개가 작은 파란색 개의 위에 있다는 것과 어린 하얀색 여우가 큰 검은색 곰의 아래에 있다는 것이 모두 사실이다.,작은 파란색 개가 늙은 검은색 개의 아래에 있다는 것과 큰 검은색 곰이 어린 하얀색 여우의 위에 있다는 것이 모두 사실이다.
ko,dev_b,auxiliary,reported_clause,space,0,True,1,늙은 검은색 개가 작은 파란색 개의 위에 있다는 것과 어린 하얀색 여우가 큰 검은색 곰의 아래에 있다는 것이 모두 사실이라고 누군가 말한다.,작은 파란색 개가 늙은 검은색 개의 아래에 있다는 것과 큰 검은색 곰이 어린 하얀색 여우의 위에 있다는 것이 모두 사실이라고 누군가 말한다.
en,dev_b,primary,assertion,space,1,True,0,The large white fox is to the left of the small yellow cat and the old green cow is to the right of the young black sheep.,The small yellow cat is to the left of the large white fox and the young black sheep is to the right of the old green cow.
en,dev_b,auxiliary,reported_clause,space,1,True,0,Someone says that the large white fox is to the left of the small yellow cat and the old green cow is to the right of the young black sheep.,Someone says that the small yellow cat is to the left of the large white fox and the young black sheep is to the right of the old green cow.
de,dev_b,primary,assertion,space,1,True,0,Der große weiße Fuchs ist links von der kleinen gelben Katze und die alte grüne Kuh ist rechts von dem jungen schwarzen Schaf.,Die kleine gelbe Katze ist links von dem großen weißen Fuchs und das junge schwarze Schaf ist rechts von der alten grünen Kuh.
de,dev_b,auxiliary,reported_clause,space,1,True,0,"Jemand sagt, dass der große weiße Fuchs links von der kleinen gelben Katze ist und die alte grüne Kuh rechts von dem jungen schwarzen Schaf ist.","Jemand sagt, dass die kleine gelbe Katze links von dem großen weißen Fuchs ist und das junge schwarze Schaf rechts von der alten grünen Kuh ist."
ko,dev_b,primary,assertion,space,1,True,0,큰 하얀색 여우가 작은 노란색 고양이의 왼쪽에 있다는 것과 늙은 초록색 소가 어린 검은색 양의 오른쪽에 있다는 것이 모두 사실이다.,작은 노란색 고양이가 큰 하얀색 여우의 왼쪽에 있다는 것과 어린 검은색 양이 늙은 초록색 소의 오른쪽에 있다는 것이 모두 사실이다.
ko,dev_b,auxiliary,reported_clause,space,1,True,0,큰 하얀색 여우가 작은 노란색 고양이의 왼쪽에 있다는 것과 늙은 초록색 소가 어린 검은색 양의 오른쪽에 있다는 것이 모두 사실이라고 누군가 말한다.,작은 노란색 고양이가 큰 하얀색 여우의 왼쪽에 있다는 것과 어린 검은색 양이 늙은 초록색 소의 오른쪽에 있다는 것이 모두 사실이라고 누군가 말한다.
en,dev_b,primary,assertion,space,1,True,1,The large white fox is to the left of the small yellow cat and the old green cow is to the right of the young black sheep.,The small yellow cat is to the right of the large white fox and the young black sheep is to the left of the old green cow.
en,dev_b,auxiliary,reported_clause,space,1,True,1,Someone says that the large white fox is to the left of the small yellow cat and the old green cow is to the right of the young black sheep.,Someone says that the small yellow cat is to the right of the large white fox and the young black sheep is to the left of the old green cow.
de,dev_b,primary,assertion,space,1,True,1,Der große weiße Fuchs ist links von der kleinen gelben Katze und die alte grüne Kuh ist rechts von dem jungen schwarzen Schaf.,Die kleine gelbe Katze ist rechts von dem großen weißen Fuchs und das junge schwarze Schaf ist links von der alten grünen Kuh.
de,dev_b,auxiliary,reported_clause,space,1,True,1,"Jemand sagt, dass der große weiße Fuchs links von der kleinen gelben Katze ist und die alte grüne Kuh rechts von dem jungen schwarzen Schaf ist.","Jemand sagt, dass die kleine gelbe Katze rechts von dem großen weißen Fuchs ist und das junge schwarze Schaf links von der alten grünen Kuh ist."
ko,dev_b,primary,assertion,space,1,True,1,큰 하얀색 여우가 작은 노란색 고양이의 왼쪽에 있다는 것과 늙은 초록색 소가 어린 검은색 양의 오른쪽에 있다는 것이 모두 사실이다.,작은 노란색 고양이가 큰 하얀색 여우의 오른쪽에 있다는 것과 어린 검은색 양이 늙은 초록색 소의 왼쪽에 있다는 것이 모두 사실이다.
ko,dev_b,auxiliary,reported_clause,space,1,True,1,큰 하얀색 여우가 작은 노란색 고양이의 왼쪽에 있다는 것과 늙은 초록색 소가 어린 검은색 양의 오른쪽에 있다는 것이 모두 사실이라고 누군가 말한다.,작은 노란색 고양이가 큰 하얀색 여우의 오른쪽에 있다는 것과 어린 검은색 양이 늙은 초록색 소의 왼쪽에 있다는 것이 모두 사실이라고 누군가 말한다.
en,dev_b,primary,assertion,space,2,False,0,The young white cow is to the left of the large green cow and the large red rabbit is to the right of the young black cow.,The large green cow is to the left of the young white cow and the young black cow is to the right of the large red rabbit.
en,dev_b,auxiliary,reported_clause,space,2,False,0,Someone says that the young white cow is to the left of the large green cow and the large red rabbit is to the right of the young black cow.,Someone says that the large green cow is to the left of the young white cow and the young black cow is to the right of the large red rabbit.
de,dev_b,primary,assertion,space,2,False,0,Die junge weiße Kuh ist links von der großen grünen Kuh und das große rote Kaninchen ist rechts von der jungen schwarzen Kuh.,Die große grüne Kuh ist links von der jungen weißen Kuh und die junge schwarze Kuh ist rechts von dem großen roten Kaninchen.
de,dev_b,auxiliary,reported_clause,space,2,False,0,"Jemand sagt, dass die junge weiße Kuh links von der großen grünen Kuh ist und das große rote Kaninchen rechts von der jungen schwarzen Kuh ist.","Jemand sagt, dass die große grüne Kuh links von der jungen weißen Kuh ist und die junge schwarze Kuh rechts von dem großen roten Kaninchen ist."
ko,dev_b,primary,assertion,space,2,False,0,어린 하얀색 소가 큰 초록색 소의 왼쪽에 있다는 것과 큰 빨간색 토끼가 어린 검은색 소의 오른쪽에 있다는 것이 모두 사실이다.,큰 초록색 소가 어린 하얀색 소의 왼쪽에 있다는 것과 어린 검은색 소가 큰 빨간색 토끼의 오른쪽에 있다는 것이 모두 사실이다.
ko,dev_b,auxiliary,reported_clause,space,2,False,0,어린 하얀색 소가 큰 초록색 소의 왼쪽에 있다는 것과 큰 빨간색 토끼가 어린 검은색 소의 오른쪽에 있다는 것이 모두 사실이라고 누군가 말한다.,큰 초록색 소가 어린 하얀색 소의 왼쪽에 있다는 것과 어린 검은색 소가 큰 빨간색 토끼의 오른쪽에 있다는 것이 모두 사실이라고 누군가 말한다.
en,dev_b,primary,assertion,space,2,False,1,The young white cow is to the left of the large green cow and the large red rabbit is to the right of the young black cow.,The large green cow is to the right of the young white cow and the young black cow is to the left of the large red rabbit.
en,dev_b,auxiliary,reported_clause,space,2,False,1,Someone says that the young white cow is to the left of the large green cow and the large red rabbit is to the right of the young black cow.,Someone says that the large green cow is to the right of the young white cow and the young black cow is to the left of the large red rabbit.
de,dev_b,primary,assertion,space,2,False,1,Die junge weiße Kuh ist links von der großen grünen Kuh und das große rote Kaninchen ist rechts von der jungen schwarzen Kuh.,Die große grüne Kuh ist rechts von der jungen weißen Kuh und die junge schwarze Kuh ist links von dem großen roten Kaninchen.
de,dev_b,auxiliary,reported_clause,space,2,False,1,"Jemand sagt, dass die junge weiße Kuh links von der großen grünen Kuh ist und das große rote Kaninchen rechts von der jungen schwarzen Kuh ist.","Jemand sagt, dass die große grüne Kuh rechts von der jungen weißen Kuh ist und die junge schwarze Kuh links von dem großen roten Kaninchen ist."
ko,dev_b,primary,assertion,space,2,False,1,어린 하얀색 소가 큰 초록색 소의 왼쪽에 있다는 것과 큰 빨간색 토끼가 어린 검은색 소의 오른쪽에 있다는 것이 모두 사실이다.,큰 초록색 소가 어린 하얀색 소의 오른쪽에 있다는 것과 어린 검은색 소가 큰 빨간색 토끼의 왼쪽에 있다는 것이 모두 사실이다.
ko,dev_b,auxiliary,reported_clause,space,2,False,1,어린 하얀색 소가 큰 초록색 소의 왼쪽에 있다는 것과 큰 빨간색 토끼가 어린 검은색 소의 오른쪽에 있다는 것이 모두 사실이라고 누군가 말한다.,큰 초록색 소가 어린 하얀색 소의 오른쪽에 있다는 것과 어린 검은색 소가 큰 빨간색 토끼의 왼쪽에 있다는 것이 모두 사실이라고 누군가 말한다.
en,dev_b,primary,assertion,space,1,False,0,The large black rabbit is to the right of the young green bear and the young yellow duck is to the left of the young white lion.,The young green bear is to the right of the large black rabbit and the young white lion is to the left of the young yellow duck.
en,dev_b,auxiliary,reported_clause,space,1,False,0,Someone says that the large black rabbit is to the right of the young green bear and the young yellow duck is to the left of the young white lion.,Someone says that the young green bear is to the right of the large black rabbit and the young white lion is to the left of the young yellow duck.
de,dev_b,primary,assertion,space,1,False,0,Das große schwarze Kaninchen ist rechts von dem jungen grünen Bären und die junge gelbe Ente ist links von dem jungen weißen Löwen.,Der junge grüne Bär ist rechts von dem großen schwarzen Kaninchen und der junge weiße Löwe ist links von der jungen gelben Ente.
de,dev_b,auxiliary,reported_clause,space,1,False,0,"Jemand sagt, dass das große schwarze Kaninchen rechts von dem jungen grünen Bären ist und die junge gelbe Ente links von dem jungen weißen Löwen ist.","Jemand sagt, dass der junge grüne Bär rechts von dem großen schwarzen Kaninchen ist und der junge weiße Löwe links von der jungen gelben Ente ist."
ko,dev_b,primary,assertion,space,1,False,0,큰 검은색 토끼가 어린 초록색 곰의 오른쪽에 있다는 것과 어린 노란색 오리가 어린 하얀색 사자의 왼쪽에 있다는 것이 모두 사실이다.,어린 초록색 곰이 큰 검은색 토끼의 오른쪽에 있다는 것과 어린 하얀색 사자가 어린 노란색 오리의 왼쪽에 있다는 것이 모두 사실이다.
ko,dev_b,auxiliary,reported_clause,space,1,False,0,큰 검은색 토끼가 어린 초록색 곰의 오른쪽에 있다는 것과 어린 노란색 오리가 어린 하얀색 사자의 왼쪽에 있다는 것이 모두 사실이라고 누군가 말한다.,어린 초록색 곰이 큰 검은색 토끼의 오른쪽에 있다는 것과 어린 하얀색 사자가 어린 노란색 오리의 왼쪽에 있다는 것이 모두 사실이라고 누군가 말한다.
en,dev_b,primary,assertion,space,1,False,1,The large black rabbit is to the right of the young green bear and the young yellow duck is to the left of the young white lion.,The young green bear is to the left of the large black rabbit and the young white lion is to the right of the young yellow duck.
en,dev_b,auxiliary,reported_clause,space,1,False,1,Someone says that the large black rabbit is to the right of the young green bear and the young yellow duck is to the left of the young white lion.,Someone says that the young green bear is to the left of the large black rabbit and the young white lion is to the right of the young yellow duck.
de,dev_b,primary,assertion,space,1,False,1,Das große schwarze Kaninchen ist rechts von dem jungen grünen Bären und die junge gelbe Ente ist links von dem jungen weißen Löwen.,Der junge grüne Bär ist links von dem großen schwarzen Kaninchen und der junge weiße Löwe ist rechts von der jungen gelben Ente.
de,dev_b,auxiliary,reported_clause,space,1,False,1,"Jemand sagt, dass das große schwarze Kaninchen rechts von dem jungen grünen Bären ist und die junge gelbe Ente links von dem jungen weißen Löwen ist.","Jemand sagt, dass der junge grüne Bär links von dem großen schwarzen Kaninchen ist und der junge weiße Löwe rechts von der jungen gelben Ente ist."
ko,dev_b,primary,assertion,space,1,False,1,큰 검은색 토끼가 어린 초록색 곰의 오른쪽에 있다는 것과 어린 노란색 오리가 어린 하얀색 사자의 왼쪽에 있다는 것이 모두 사실이다.,어린 초록색 곰이 큰 검은색 토끼의 왼쪽에 있다는 것과 어린 하얀색 사자가 어린 노란색 오리의 오른쪽에 있다는 것이 모두 사실이다.
ko,dev_b,auxiliary,reported_clause,space,1,False,1,큰 검은색 토끼가 어린 초록색 곰의 오른쪽에 있다는 것과 어린 노란색 오리가 어린 하얀색 사자의 왼쪽에 있다는 것이 모두 사실이라고 누군가 말한다.,어린 초록색 곰이 큰 검은색 토끼의 왼쪽에 있다는 것과 어린 하얀색 사자가 어린 노란색 오리의 오른쪽에 있다는 것이 모두 사실이라고 누군가 말한다.
en,dev_b,primary,assertion,space,2,True,0,The small black horse is behind the old black duck and the small white mouse is in front of the young green lion.,The old black duck is behind the small black horse and the young green lion is in front of the small white mouse.
en,dev_b,auxiliary,reported_clause,space,2,True,0,Someone says that the small black horse is behind the old black duck and the small white mouse is in front of the young green lion.,Someone says that the old black duck is behind the small black horse and the young green lion is in front of the small white mouse.
de,dev_b,primary,assertion,space,2,True,0,Das kleine schwarze Pferd ist hinter der alten schwarzen Ente und die kleine weiße Maus ist vor dem jungen grünen Löwen.,Die alte schwarze Ente ist hinter dem kleinen schwarzen Pferd und der junge grüne Löwe ist vor der kleinen weißen Maus.
de,dev_b,auxiliary,reported_clause,space,2,True,0,"Jemand sagt, dass das kleine schwarze Pferd hinter der alten schwarzen Ente ist und die kleine weiße Maus vor dem jungen grünen Löwen ist.","Jemand sagt, dass die alte schwarze Ente hinter dem kleinen schwarzen Pferd ist und der junge grüne Löwe vor der kleinen weißen Maus ist."
ko,dev_b,primary,assertion,space,2,True,0,작은 검은색 말이 늙은 검은색 오리의 뒤에 있다는 것과 작은 하얀색 쥐가 어린 초록색 사자의 앞에 있다는 것이 모두 사실이다.,늙은 검은색 오리가 작은 검은색 말의 뒤에 있다는 것과 어린 초록색 사자가 작은 하얀색 쥐의 앞에 있다는 것이 모두 사실이다.
ko,dev_b,auxiliary,reported_clause,space,2,True,0,작은 검은색 말이 늙은 검은색 오리의 뒤에 있다는 것과 작은 하얀색 쥐가 어린 초록색 사자의 앞에 있다는 것이 모두 사실이라고 누군가 말한다.,늙은 검은색 오리가 작은 검은색 말의 뒤에 있다는 것과 어린 초록색 사자가 작은 하얀색 쥐의 앞에 있다는 것이 모두 사실이라고 누군가 말한다.
en,dev_b,primary,assertion,space,2,True,1,The small black horse is behind the old black duck and the small white mouse is in front of the young green lion.,The old black duck is in front of the small black horse and the young green lion is behind the small white mouse.
en,dev_b,auxiliary,reported_clause,space,2,True,1,Someone says that the small black horse is behind the old black duck and the small white mouse is in front of the young green lion.,Someone says that the old black duck is in front of the small black horse and the young green lion is behind the small white mouse.
de,dev_b,primary,assertion,space,2,True,1,Das kleine schwarze Pferd ist hinter der alten schwarzen Ente und die kleine weiße Maus ist vor dem jungen grünen Löwen.,Die alte schwarze Ente ist vor dem kleinen schwarzen Pferd und der junge grüne Löwe ist hinter der kleinen weißen Maus.
de,dev_b,auxiliary,reported_clause,space,2,True,1,"Jemand sagt, dass das kleine schwarze Pferd hinter der alten schwarzen Ente ist und die kleine weiße Maus vor dem jungen grünen Löwen ist.","Jemand sagt, dass die alte schwarze Ente vor dem kleinen schwarzen Pferd ist und der junge grüne Löwe hinter der kleinen weißen Maus ist."
ko,dev_b,primary,assertion,space,2,True,1,작은 검은색 말이 늙은 검은색 오리의 뒤에 있다는 것과 작은 하얀색 쥐가 어린 초록색 사자의 앞에 있다는 것이 모두 사실이다.,늙은 검은색 오리가 작은 검은색 말의 앞에 있다는 것과 어린 초록색 사자가 작은 하얀색 쥐의 뒤에 있다는 것이 모두 사실이다.
ko,dev_b,auxiliary,reported_clause,space,2,True,1,작은 검은색 말이 늙은 검은색 오리의 뒤에 있다는 것과 작은 하얀색 쥐가 어린 초록색 사자의 앞에 있다는 것이 모두 사실이라고 누군가 말한다.,늙은 검은색 오리가 작은 검은색 말의 앞에 있다는 것과 어린 초록색 사자가 작은 하얀색 쥐의 뒤에 있다는 것이 모두 사실이라고 누군가 말한다.
en,dev_b,primary,assertion,space,0,False,0,The old green dog is above the old red cat and the old blue cow is below the small white rabbit.,The old red cat is above the old green dog and the small white rabbit is below the old blue cow.
en,dev_b,auxiliary,reported_clause,space,0,False,0,Someone says that the old green dog is above the old red cat and the old blue cow is below the small white rabbit.,Someone says that the old red cat is above the old green dog and the small white rabbit is below the old blue cow.
de,dev_b,primary,assertion,space,0,False,0,Der alte grüne Hund ist über der alten roten Katze und die alte blaue Kuh ist unter dem kleinen weißen Kaninchen.,Die alte rote Katze ist über dem alten grünen Hund und das kleine weiße Kaninchen ist unter der alten blauen Kuh.
de,dev_b,auxiliary,reported_clause,space,0,False,0,"Jemand sagt, dass der alte grüne Hund über der alten roten Katze ist und die alte blaue Kuh unter dem kleinen weißen Kaninchen ist.","Jemand sagt, dass die alte rote Katze über dem alten grünen Hund ist und das kleine weiße Kaninchen unter der alten blauen Kuh ist."
ko,dev_b,primary,assertion,space,0,False,0,늙은 초록색 개가 늙은 빨간색 고양이의 위에 있다는 것과 늙은 파란색 소가 작은 하얀색 토끼의 아래에 있다는 것이 모두 사실이다.,늙은 빨간색 고양이가 늙은 초록색 개의 위에 있다는 것과 작은 하얀색 토끼가 늙은 파란색 소의 아래에 있다는 것이 모두 사실이다.
ko,dev_b,auxiliary,reported_clause,space,0,False,0,늙은 초록색 개가 늙은 빨간색 고양이의 위에 있다는 것과 늙은 파란색 소가 작은 하얀색 토끼의 아래에 있다는 것이 모두 사실이라고 누군가 말한다.,늙은 빨간색 고양이가 늙은 초록색 개의 위에 있다는 것과 작은 하얀색 토끼가 늙은 파란색 소의 아래에 있다는 것이 모두 사실이라고 누군가 말한다.
en,dev_b,primary,assertion,space,0,False,1,The old green dog is above the old red cat and the old blue cow is below the small white rabbit.,The old red cat is below the old green dog and the small white rabbit is above the old blue cow.
en,dev_b,auxiliary,reported_clause,space,0,False,1,Someone says that the old green dog is above the old red cat and the old blue cow is below the small white rabbit.,Someone says that the old red cat is below the old green dog and the small white rabbit is above the old blue cow.
de,dev_b,primary,assertion,space,0,False,1,Der alte grüne Hund ist über der alten roten Katze und die alte blaue Kuh ist unter dem kleinen weißen Kaninchen.,Die alte rote Katze ist unter dem alten grünen Hund und das kleine weiße Kaninchen ist über der alten blauen Kuh.
de,dev_b,auxiliary,reported_clause,space,0,False,1,"Jemand sagt, dass der alte grüne Hund über der alten roten Katze ist und die alte blaue Kuh unter dem kleinen weißen Kaninchen ist.","Jemand sagt, dass die alte rote Katze unter dem alten grünen Hund ist und das kleine weiße Kaninchen über der alten blauen Kuh ist."
ko,dev_b,primary,assertion,space,0,False,1,늙은 초록색 개가 늙은 빨간색 고양이의 위에 있다는 것과 늙은 파란색 소가 작은 하얀색 토끼의 아래에 있다는 것이 모두 사실이다.,늙은 빨간색 고양이가 늙은 초록색 개의 아래에 있다는 것과 작은 하얀색 토끼가 늙은 파란색 소의 위에 있다는 것이 모두 사실이다.
ko,dev_b,auxiliary,reported_clause,space,0,False,1,늙은 초록색 개가 늙은 빨간색 고양이의 위에 있다는 것과 늙은 파란색 소가 작은 하얀색 토끼의 아래에 있다는 것이 모두 사실이라고 누군가 말한다.,늙은 빨간색 고양이가 늙은 초록색 개의 아래에 있다는 것과 작은 하얀색 토끼가 늙은 파란색 소의 위에 있다는 것이 모두 사실이라고 누군가 말한다.
en,dev_b,primary,assertion,quantity,1,False,0,There are five small red foxes and six small yellow foxes.,There are five small yellow foxes and six small red foxes.
en,dev_b,auxiliary,reported_clause,quantity,1,False,0,Someone says that there are five small red foxes and six small yellow foxes.,Someone says that there are five small yellow foxes and six small red foxes.
de,dev_b,primary,assertion,quantity,1,False,0,Es gibt fünf kleine rote Füchse und sechs kleine gelbe Füchse.,Es gibt fünf kleine gelbe Füchse und sechs kleine rote Füchse.
de,dev_b,auxiliary,reported_clause,quantity,1,False,0,"Jemand sagt, dass es fünf kleine rote Füchse und sechs kleine gelbe Füchse gibt.","Jemand sagt, dass es fünf kleine gelbe Füchse und sechs kleine rote Füchse gibt."
ko,dev_b,primary,assertion,quantity,1,False,0,작은 빨간색 여우 다섯 마리와 작은 노란색 여우 여섯 마리가 있다.,작은 노란색 여우 다섯 마리와 작은 빨간색 여우 여섯 마리가 있다.
ko,dev_b,auxiliary,reported_clause,quantity,1,False,0,작은 빨간색 여우 다섯 마리와 작은 노란색 여우 여섯 마리가 있다고 누군가 말한다.,작은 노란색 여우 다섯 마리와 작은 빨간색 여우 여섯 마리가 있다고 누군가 말한다.
en,dev_b,primary,assertion,quantity,1,False,1,There are five small red foxes and six small yellow foxes.,There are six small yellow foxes and five small red foxes.
en,dev_b,auxiliary,reported_clause,quantity,1,False,1,Someone says that there are five small red foxes and six small yellow foxes.,Someone says that there are six small yellow foxes and five small red foxes.
de,dev_b,primary,assertion,quantity,1,False,1,Es gibt fünf kleine rote Füchse und sechs kleine gelbe Füchse.,Es gibt sechs kleine gelbe Füchse und fünf kleine rote Füchse.
de,dev_b,auxiliary,reported_clause,quantity,1,False,1,"Jemand sagt, dass es fünf kleine rote Füchse und sechs kleine gelbe Füchse gibt.","Jemand sagt, dass es sechs kleine gelbe Füchse und fünf kleine rote Füchse gibt."
ko,dev_b,primary,assertion,quantity,1,False,1,작은 빨간색 여우 다섯 마리와 작은 노란색 여우 여섯 마리가 있다.,작은 노란색 여우 여섯 마리와 작은 빨간색 여우 다섯 마리가 있다.
ko,dev_b,auxiliary,reported_clause,quantity,1,False,1,작은 빨간색 여우 다섯 마리와 작은 노란색 여우 여섯 마리가 있다고 누군가 말한다.,작은 노란색 여우 여섯 마리와 작은 빨간색 여우 다섯 마리가 있다고 누군가 말한다.
en,dev_b,primary,assertion,quantity,0,False,0,There are five small white foxes and two large white ducks.,There are five large white ducks and two small white foxes.
en,dev_b,auxiliary,reported_clause,quantity,0,False,0,Someone says that there are five small white foxes and two large white ducks.,Someone says that there are five large white ducks and two small white foxes.
de,dev_b,primary,assertion,quantity,0,False,0,Es gibt fünf kleine weiße Füchse und zwei große weiße Enten.,Es gibt fünf große weiße Enten und zwei kleine weiße Füchse.
de,dev_b,auxiliary,reported_clause,quantity,0,False,0,"Jemand sagt, dass es fünf kleine weiße Füchse und zwei große weiße Enten gibt.","Jemand sagt, dass es fünf große weiße Enten und zwei kleine weiße Füchse gibt."
ko,dev_b,primary,assertion,quantity,0,False,0,작은 하얀색 여우 다섯 마리와 큰 하얀색 오리 두 마리가 있다.,큰 하얀색 오리 다섯 마리와 작은 하얀색 여우 두 마리가 있다.
ko,dev_b,auxiliary,reported_clause,quantity,0,False,0,작은 하얀색 여우 다섯 마리와 큰 하얀색 오리 두 마리가 있다고 누군가 말한다.,큰 하얀색 오리 다섯 마리와 작은 하얀색 여우 두 마리가 있다고 누군가 말한다.
en,dev_b,primary,assertion,quantity,0,False,1,There are five small white foxes and two large white ducks.,There are two large white ducks and five small white foxes.
en,dev_b,auxiliary,reported_clause,quantity,0,False,1,Someone says that there are five small white foxes and two large white ducks.,Someone says that there are two large white ducks and five small white foxes.
de,dev_b,primary,assertion,quantity,0,False,1,Es gibt fünf kleine weiße Füchse und zwei große weiße Enten.,Es gibt zwei große weiße Enten und fünf kleine weiße Füchse.
de,dev_b,auxiliary,reported_clause,quantity,0,False,1,"Jemand sagt, dass es fünf kleine weiße Füchse und zwei große weiße Enten gibt.","Jemand sagt, dass es zwei große weiße Enten und fünf kleine weiße Füchse gibt."
ko,dev_b,primary,assertion,quantity,0,False,1,작은 하얀색 여우 다섯 마리와 큰 하얀색 오리 두 마리가 있다.,큰 하얀색 오리 두 마리와 작은 하얀색 여우 다섯 마리가 있다.
ko,dev_b,auxiliary,reported_clause,quantity,0,False,1,작은 하얀색 여우 다섯 마리와 큰 하얀색 오리 두 마리가 있다고 누군가 말한다.,큰 하얀색 오리 두 마리와 작은 하얀색 여우 다섯 마리가 있다고 누군가 말한다.
en,dev_b,primary,assertion,quantity,0,True,0,There are eight large blue lions and seven small white chickens.,There are eight small white chickens and seven large blue lions.
en,dev_b,auxiliary,reported_clause,quantity,0,True,0,Someone says that there are eight large blue lions and seven small white chickens.,Someone says that there are eight small white chickens and seven large blue lions.
de,dev_b,primary,assertion,quantity,0,True,0,Es gibt acht große blaue Löwen und sieben kleine weiße Hühner.,Es gibt acht kleine weiße Hühner und sieben große blaue Löwen.
de,dev_b,auxiliary,reported_clause,quantity,0,True,0,"Jemand sagt, dass es acht große blaue Löwen und sieben kleine weiße Hühner gibt.","Jemand sagt, dass es acht kleine weiße Hühner und sieben große blaue Löwen gibt."
ko,dev_b,primary,assertion,quantity,0,True,0,큰 파란색 사자 여덟 마리와 작은 하얀색 닭 일곱 마리가 있다.,작은 하얀색 닭 여덟 마리와 큰 파란색 사자 일곱 마리가 있다.
ko,dev_b,auxiliary,reported_clause,quantity,0,True,0,큰 파란색 사자 여덟 마리와 작은 하얀색 닭 일곱 마리가 있다고 누군가 말한다.,작은 하얀색 닭 여덟 마리와 큰 파란색 사자 일곱 마리가 있다고 누군가 말한다.
en,dev_b,primary,assertion,quantity,0,True,1,There are eight large blue lions and seven small white chickens.,There are seven small white chickens and eight large blue lions.
en,dev_b,auxiliary,reported_clause,quantity,0,True,1,Someone says that there are eight large blue lions and seven small white chickens.,Someone says that there are seven small white chickens and eight large blue lions.
de,dev_b,primary,assertion,quantity,0,True,1,Es gibt acht große blaue Löwen und sieben kleine weiße Hühner.,Es gibt sieben kleine weiße Hühner und acht große blaue Löwen.
de,dev_b,auxiliary,reported_clause,quantity,0,True,1,"Jemand sagt, dass es acht große blaue Löwen und sieben kleine weiße Hühner gibt.","Jemand sagt, dass es sieben kleine weiße Hühner und acht große blaue Löwen gibt."
ko,dev_b,primary,assertion,quantity,0,True,1,큰 파란색 사자 여덟 마리와 작은 하얀색 닭 일곱 마리가 있다.,작은 하얀색 닭 일곱 마리와 큰 파란색 사자 여덟 마리가 있다.
ko,dev_b,auxiliary,reported_clause,quantity,0,True,1,큰 파란색 사자 여덟 마리와 작은 하얀색 닭 일곱 마리가 있다고 누군가 말한다.,작은 하얀색 닭 일곱 마리와 큰 파란색 사자 여덟 마리가 있다고 누군가 말한다.
en,dev_b,primary,assertion,quantity,2,False,0,There are three large yellow ducks and four young white cows.,There are three young white cows and four large yellow ducks.
en,dev_b,auxiliary,reported_clause,quantity,2,False,0,Someone says that there are three large yellow ducks and four young white cows.,Someone says that there are three young white cows and four large yellow ducks.
de,dev_b,primary,assertion,quantity,2,False,0,Es gibt drei große gelbe Enten und vier junge weiße Kühe.,Es gibt drei junge weiße Kühe und vier große gelbe Enten.
de,dev_b,auxiliary,reported_clause,quantity,2,False,0,"Jemand sagt, dass es drei große gelbe Enten und vier junge weiße Kühe gibt.","Jemand sagt, dass es drei junge weiße Kühe und vier große gelbe Enten gibt."
ko,dev_b,primary,assertion,quantity,2,False,0,큰 노란색 오리 세 마리와 어린 하얀색 소 네 마리가 있다.,어린 하얀색 소 세 마리와 큰 노란색 오리 네 마리가 있다.
ko,dev_b,auxiliary,reported_clause,quantity,2,False,0,큰 노란색 오리 세 마리와 어린 하얀색 소 네 마리가 있다고 누군가 말한다.,어린 하얀색 소 세 마리와 큰 노란색 오리 네 마리가 있다고 누군가 말한다.
en,dev_b,primary,assertion,quantity,2,False,1,There are three large yellow ducks and four young white cows.,There are four young white cows and three large yellow ducks.
en,dev_b,auxiliary,reported_clause,quantity,2,False,1,Someone says that there are three large yellow ducks and four young white cows.,Someone says that there are four young white cows and three large yellow ducks.
de,dev_b,primary,assertion,quantity,2,False,1,Es gibt drei große gelbe Enten und vier junge weiße Kühe.,Es gibt vier junge weiße Kühe und drei große gelbe Enten.
de,dev_b,auxiliary,reported_clause,quantity,2,False,1,"Jemand sagt, dass es drei große gelbe Enten und vier junge weiße Kühe gibt.","Jemand sagt, dass es vier junge weiße Kühe und drei große gelbe Enten gibt."
ko,dev_b,primary,assertion,quantity,2,False,1,큰 노란색 오리 세 마리와 어린 하얀색 소 네 마리가 있다.,어린 하얀색 소 네 마리와 큰 노란색 오리 세 마리가 있다.
ko,dev_b,auxiliary,reported_clause,quantity,2,False,1,큰 노란색 오리 세 마리와 어린 하얀색 소 네 마리가 있다고 누군가 말한다.,어린 하얀색 소 네 마리와 큰 노란색 오리 세 마리가 있다고 누군가 말한다.
en,dev_b,primary,assertion,quantity,2,True,0,There are three young black ducks and five old yellow chickens.,There are three old yellow chickens and five young black ducks.
en,dev_b,auxiliary,reported_clause,quantity,2,True,0,Someone says that there are three young black ducks and five old yellow chickens.,Someone says that there are three old yellow chickens and five young black ducks.
de,dev_b,primary,assertion,quantity,2,True,0,Es gibt drei junge schwarze Enten und fünf alte gelbe Hühner.,Es gibt drei alte gelbe Hühner und fünf junge schwarze Enten.
de,dev_b,auxiliary,reported_clause,quantity,2,True,0,"Jemand sagt, dass es drei junge schwarze Enten und fünf alte gelbe Hühner gibt.","Jemand sagt, dass es drei alte gelbe Hühner und fünf junge schwarze Enten gibt."
ko,dev_b,primary,assertion,quantity,2,True,0,어린 검은색 오리 세 마리와 늙은 노란색 닭 다섯 마리가 있다.,늙은 노란색 닭 세 마리와 어린 검은색 오리 다섯 마리가 있다.
ko,dev_b,auxiliary,reported_clause,quantity,2,True,0,어린 검은색 오리 세 마리와 늙은 노란색 닭 다섯 마리가 있다고 누군가 말한다.,늙은 노란색 닭 세 마리와 어린 검은색 오리 다섯 마리가 있다고 누군가 말한다.
en,dev_b,primary,assertion,quantity,2,True,1,There are three young black ducks and five old yellow chickens.,There are five old yellow chickens and three young black ducks.
en,dev_b,auxiliary,reported_clause,quantity,2,True,1,Someone says that there are three young black ducks and five old yellow chickens.,Someone says that there are five old yellow chickens and three young black ducks.
de,dev_b,primary,assertion,quantity,2,True,1,Es gibt drei junge schwarze Enten und fünf alte gelbe Hühner.,Es gibt fünf alte gelbe Hühner und drei junge schwarze Enten.
de,dev_b,auxiliary,reported_clause,quantity,2,True,1,"Jemand sagt, dass es drei junge schwarze Enten und fünf alte gelbe Hühner gibt.","Jemand sagt, dass es fünf alte gelbe Hühner und drei junge schwarze Enten gibt."
ko,dev_b,primary,assertion,quantity,2,True,1,어린 검은색 오리 세 마리와 늙은 노란색 닭 다섯 마리가 있다.,늙은 노란색 닭 다섯 마리와 어린 검은색 오리 세 마리가 있다.
ko,dev_b,auxiliary,reported_clause,quantity,2,True,1,어린 검은색 오리 세 마리와 늙은 노란색 닭 다섯 마리가 있다고 누군가 말한다.,늙은 노란색 닭 다섯 마리와 어린 검은색 오리 세 마리가 있다고 누군가 말한다.
en,dev_b,primary,assertion,quantity,1,True,0,There are three young white chickens and two small white dogs.,There are three small white dogs and two young white chickens.
en,dev_b,auxiliary,reported_clause,quantity,1,True,0,Someone says that there are three young white chickens and two small white dogs.,Someone says that there are three small white dogs and two young white chickens.
de,dev_b,primary,assertion,quantity,1,True,0,Es gibt drei junge weiße Hühner und zwei kleine weiße Hunde.,Es gibt drei kleine weiße Hunde und zwei junge weiße Hühner.
de,dev_b,auxiliary,reported_clause,quantity,1,True,0,"Jemand sagt, dass es drei junge weiße Hühner und zwei kleine weiße Hunde gibt.","Jemand sagt, dass es drei kleine weiße Hunde und zwei junge weiße Hühner gibt."
ko,dev_b,primary,assertion,quantity,1,True,0,어린 하얀색 닭 세 마리와 작은 하얀색 개 두 마리가 있다.,작은 하얀색 개 세 마리와 어린 하얀색 닭 두 마리가 있다.
ko,dev_b,auxiliary,reported_clause,quantity,1,True,0,어린 하얀색 닭 세 마리와 작은 하얀색 개 두 마리가 있다고 누군가 말한다.,작은 하얀색 개 세 마리와 어린 하얀색 닭 두 마리가 있다고 누군가 말한다.
en,dev_b,primary,assertion,quantity,1,True,1,There are three young white chickens and two small white dogs.,There are two small white dogs and three young white chickens.
en,dev_b,auxiliary,reported_clause,quantity,1,True,1,Someone says that there are three young white chickens and two small white dogs.,Someone says that there are two small white dogs and three young white chickens.
de,dev_b,primary,assertion,quantity,1,True,1,Es gibt drei junge weiße Hühner und zwei kleine weiße Hunde.,Es gibt zwei kleine weiße Hunde und drei junge weiße Hühner.
de,dev_b,auxiliary,reported_clause,quantity,1,True,1,"Jemand sagt, dass es drei junge weiße Hühner und zwei kleine weiße Hunde gibt.","Jemand sagt, dass es zwei kleine weiße Hunde und drei junge weiße Hühner gibt."
ko,dev_b,primary,assertion,quantity,1,True,1,어린 하얀색 닭 세 마리와 작은 하얀색 개 두 마리가 있다.,작은 하얀색 개 두 마리와 어린 하얀색 닭 세 마리가 있다.
ko,dev_b,auxiliary,reported_clause,quantity,1,True,1,어린 하얀색 닭 세 마리와 작은 하얀색 개 두 마리가 있다고 누군가 말한다.,작은 하얀색 개 두 마리와 어린 하얀색 닭 세 마리가 있다고 누군가 말한다.
en,test,primary,assertion,roles,2,False,0,The large red fox follows the young red bear and the young red bear sees the large red fox.,The young red bear is seen by the large red fox and the large red fox is followed by the young red bear.
en,test,auxiliary,conditional,roles,2,False,0,"If the large red fox follows the young red bear and the young red bear sees the large red fox, a bell rings.","If the young red bear is seen by the large red fox and the large red fox is followed by the young red bear, a bell rings."
de,test,primary,assertion,roles,2,False,0,Der große rote Fuchs verfolgt den jungen roten Bären und der junge rote Bär sieht den großen roten Fuchs.,Der junge rote Bär wird von dem großen roten Fuchs gesehen und der große rote Fuchs wird von dem jungen roten Bären verfolgt.
de,test,auxiliary,conditional,roles,2,False,0,"Wenn der große rote Fuchs den jungen roten Bären verfolgt und der junge rote Bär den großen roten Fuchs sieht, klingelt eine Glocke.","Wenn der junge rote Bär von dem großen roten Fuchs gesehen wird und der große rote Fuchs von dem jungen roten Bären verfolgt wird, klingelt eine Glocke."
ko,test,primary,assertion,roles,2,False,0,큰 빨간색 여우가 어린 빨간색 곰을 뒤따른다는 것과 어린 빨간색 곰이 큰 빨간색 여우를 본다는 것이 모두 사실이다.,어린 빨간색 곰을 큰 빨간색 여우가 본다는 것과 큰 빨간색 여우를 어린 빨간색 곰이 뒤따른다는 것이 모두 사실이다.
ko,test,auxiliary,conditional,roles,2,False,0,만약 큰 빨간색 여우가 어린 빨간색 곰을 뒤따른다는 것과 어린 빨간색 곰이 큰 빨간색 여우를 본다는 것이 모두 사실이라면 종이 울린다.,만약 어린 빨간색 곰을 큰 빨간색 여우가 본다는 것과 큰 빨간색 여우를 어린 빨간색 곰이 뒤따른다는 것이 모두 사실이라면 종이 울린다.
en,test,primary,assertion,roles,2,False,1,The large red fox follows the young red bear and the young red bear sees the large red fox.,The young red bear is followed by the large red fox and the large red fox is seen by the young red bear.
en,test,auxiliary,conditional,roles,2,False,1,"If the large red fox follows the young red bear and the young red bear sees the large red fox, a bell rings.","If the young red bear is followed by the large red fox and the large red fox is seen by the young red bear, a bell rings."
de,test,primary,assertion,roles,2,False,1,Der große rote Fuchs verfolgt den jungen roten Bären und der junge rote Bär sieht den großen roten Fuchs.,Der junge rote Bär wird von dem großen roten Fuchs verfolgt und der große rote Fuchs wird von dem jungen roten Bären gesehen.
de,test,auxiliary,conditional,roles,2,False,1,"Wenn der große rote Fuchs den jungen roten Bären verfolgt und der junge rote Bär den großen roten Fuchs sieht, klingelt eine Glocke.","Wenn der junge rote Bär von dem großen roten Fuchs verfolgt wird und der große rote Fuchs von dem jungen roten Bären gesehen wird, klingelt eine Glocke."
ko,test,primary,assertion,roles,2,False,1,큰 빨간색 여우가 어린 빨간색 곰을 뒤따른다는 것과 어린 빨간색 곰이 큰 빨간색 여우를 본다는 것이 모두 사실이다.,어린 빨간색 곰을 큰 빨간색 여우가 뒤따른다는 것과 큰 빨간색 여우를 어린 빨간색 곰이 본다는 것이 모두 사실이다.
ko,test,auxiliary,conditional,roles,2,False,1,만약 큰 빨간색 여우가 어린 빨간색 곰을 뒤따른다는 것과 어린 빨간색 곰이 큰 빨간색 여우를 본다는 것이 모두 사실이라면 종이 울린다.,만약 어린 빨간색 곰을 큰 빨간색 여우가 뒤따른다는 것과 큰 빨간색 여우를 어린 빨간색 곰이 본다는 것이 모두 사실이라면 종이 울린다.
en,test,primary,assertion,roles,0,False,0,The large green dog sees the old white cow and the old white cow follows the large green dog.,The old white cow is followed by the large green dog and the large green dog is seen by the old white cow.
en,test,auxiliary,conditional,roles,0,False,0,"If the large green dog sees the old white cow and the old white cow follows the large green dog, a bell rings.","If the old white cow is followed by the large green dog and the large green dog is seen by the old white cow, a bell rings."
de,test,primary,assertion,roles,0,False,0,Der große grüne Hund sieht die alte weiße Kuh und die alte weiße Kuh verfolgt den großen grünen Hund.,Die alte weiße Kuh wird von dem großen grünen Hund verfolgt und der große grüne Hund wird von der alten weißen Kuh gesehen.
de,test,auxiliary,conditional,roles,0,False,0,"Wenn der große grüne Hund die alte weiße Kuh sieht und die alte weiße Kuh den großen grünen Hund verfolgt, klingelt eine Glocke.","Wenn die alte weiße Kuh von dem großen grünen Hund verfolgt wird und der große grüne Hund von der alten weißen Kuh gesehen wird, klingelt eine Glocke."
ko,test,primary,assertion,roles,0,False,0,큰 초록색 개가 늙은 하얀색 소를 본다는 것과 늙은 하얀색 소가 큰 초록색 개를 뒤따른다는 것이 모두 사실이다.,늙은 하얀색 소를 큰 초록색 개가 뒤따른다는 것과 큰 초록색 개를 늙은 하얀색 소가 본다는 것이 모두 사실이다.
ko,test,auxiliary,conditional,roles,0,False,0,만약 큰 초록색 개가 늙은 하얀색 소를 본다는 것과 늙은 하얀색 소가 큰 초록색 개를 뒤따른다는 것이 모두 사실이라면 종이 울린다.,만약 늙은 하얀색 소를 큰 초록색 개가 뒤따른다는 것과 큰 초록색 개를 늙은 하얀색 소가 본다는 것이 모두 사실이라면 종이 울린다.
en,test,primary,assertion,roles,0,False,1,The large green dog sees the old white cow and the old white cow follows the large green dog.,The old white cow is seen by the large green dog and the large green dog is followed by the old white cow.
en,test,auxiliary,conditional,roles,0,False,1,"If the large green dog sees the old white cow and the old white cow follows the large green dog, a bell rings.","If the old white cow is seen by the large green dog and the large green dog is followed by the old white cow, a bell rings."
de,test,primary,assertion,roles,0,False,1,Der große grüne Hund sieht die alte weiße Kuh und die alte weiße Kuh verfolgt den großen grünen Hund.,Die alte weiße Kuh wird von dem großen grünen Hund gesehen und der große grüne Hund wird von der alten weißen Kuh verfolgt.
de,test,auxiliary,conditional,roles,0,False,1,"Wenn der große grüne Hund die alte weiße Kuh sieht und die alte weiße Kuh den großen grünen Hund verfolgt, klingelt eine Glocke.","Wenn die alte weiße Kuh von dem großen grünen Hund gesehen wird und der große grüne Hund von der alten weißen Kuh verfolgt wird, klingelt eine Glocke."
ko,test,primary,assertion,roles,0,False,1,큰 초록색 개가 늙은 하얀색 소를 본다는 것과 늙은 하얀색 소가 큰 초록색 개를 뒤따른다는 것이 모두 사실이다.,늙은 하얀색 소를 큰 초록색 개가 본다는 것과 큰 초록색 개를 늙은 하얀색 소가 뒤따른다는 것이 모두 사실이다.
ko,test,auxiliary,conditional,roles,0,False,1,만약 큰 초록색 개가 늙은 하얀색 소를 본다는 것과 늙은 하얀색 소가 큰 초록색 개를 뒤따른다는 것이 모두 사실이라면 종이 울린다.,만약 늙은 하얀색 소를 큰 초록색 개가 본다는 것과 큰 초록색 개를 늙은 하얀색 소가 뒤따른다는 것이 모두 사실이라면 종이 울린다.
en,test,primary,assertion,roles,1,False,0,The large white duck greets the young blue bear and the young blue bear follows the large white duck.,The young blue bear is followed by the large white duck and the large white duck is greeted by the young blue bear.
en,test,auxiliary,conditional,roles,1,False,0,"If the large white duck greets the young blue bear and the young blue bear follows the large white duck, a bell rings.","If the young blue bear is followed by the large white duck and the large white duck is greeted by the young blue bear, a bell rings."
de,test,primary,assertion,roles,1,False,0,Die große weiße Ente grüßt den jungen blauen Bären und der junge blaue Bär verfolgt die große weiße Ente.,Der junge blaue Bär wird von der großen weißen Ente verfolgt und die große weiße Ente wird von dem jungen blauen Bären gegrüßt.
de,test,auxiliary,conditional,roles,1,False,0,"Wenn die große weiße Ente den jungen blauen Bären grüßt und der junge blaue Bär die große weiße Ente verfolgt, klingelt eine Glocke.","Wenn der junge blaue Bär von der großen weißen Ente verfolgt wird und die große weiße Ente von dem jungen blauen Bären gegrüßt wird, klingelt eine Glocke."
ko,test,primary,assertion,roles,1,False,0,큰 하얀색 오리가 어린 파란색 곰을 반긴다는 것과 어린 파란색 곰이 큰 하얀색 오리를 뒤따른다는 것이 모두 사실이다.,어린 파란색 곰을 큰 하얀색 오리가 뒤따른다는 것과 큰 하얀색 오리를 어린 파란색 곰이 반긴다는 것이 모두 사실이다.
ko,test,auxiliary,conditional,roles,1,False,0,만약 큰 하얀색 오리가 어린 파란색 곰을 반긴다는 것과 어린 파란색 곰이 큰 하얀색 오리를 뒤따른다는 것이 모두 사실이라면 종이 울린다.,만약 어린 파란색 곰을 큰 하얀색 오리가 뒤따른다는 것과 큰 하얀색 오리를 어린 파란색 곰이 반긴다는 것이 모두 사실이라면 종이 울린다.
en,test,primary,assertion,roles,1,False,1,The large white duck greets the young blue bear and the young blue bear follows the large white duck.,The young blue bear is greeted by the large white duck and the large white duck is followed by the young blue bear.
en,test,auxiliary,conditional,roles,1,False,1,"If the large white duck greets the young blue bear and the young blue bear follows the large white duck, a bell rings.","If the young blue bear is greeted by the large white duck and the large white duck is followed by the young blue bear, a bell rings."
de,test,primary,assertion,roles,1,False,1,Die große weiße Ente grüßt den jungen blauen Bären und der junge blaue Bär verfolgt die große weiße Ente.,Der junge blaue Bär wird von der großen weißen Ente gegrüßt und die große weiße Ente wird von dem jungen blauen Bären verfolgt.
de,test,auxiliary,conditional,roles,1,False,1,"Wenn die große weiße Ente den jungen blauen Bären grüßt und der junge blaue Bär die große weiße Ente verfolgt, klingelt eine Glocke.","Wenn der junge blaue Bär von der großen weißen Ente gegrüßt wird und die große weiße Ente von dem jungen blauen Bären verfolgt wird, klingelt eine Glocke."
ko,test,primary,assertion,roles,1,False,1,큰 하얀색 오리가 어린 파란색 곰을 반긴다는 것과 어린 파란색 곰이 큰 하얀색 오리를 뒤따른다는 것이 모두 사실이다.,어린 파란색 곰을 큰 하얀색 오리가 반긴다는 것과 큰 하얀색 오리를 어린 파란색 곰이 뒤따른다는 것이 모두 사실이다.
ko,test,auxiliary,conditional,roles,1,False,1,만약 큰 하얀색 오리가 어린 파란색 곰을 반긴다는 것과 어린 파란색 곰이 큰 하얀색 오리를 뒤따른다는 것이 모두 사실이라면 종이 울린다.,만약 어린 파란색 곰을 큰 하얀색 오리가 반긴다는 것과 큰 하얀색 오리를 어린 파란색 곰이 뒤따른다는 것이 모두 사실이라면 종이 울린다.
en,test,primary,assertion,negation,1,True,0,The small yellow lion does not greet the young black bear and the young black bear greets the small yellow lion.,The young black bear is greeted by the small yellow lion and the small yellow lion is not greeted by the young black bear.
en,test,auxiliary,conditional,negation,1,True,0,"If the small yellow lion does not greet the young black bear and the young black bear greets the small yellow lion, a bell rings.","If the young black bear is greeted by the small yellow lion and the small yellow lion is not greeted by the young black bear, a bell rings."
de,test,primary,assertion,negation,1,True,0,Der kleine gelbe Löwe grüßt den jungen schwarzen Bären nicht und der junge schwarze Bär grüßt den kleinen gelben Löwen.,Der junge schwarze Bär wird von dem kleinen gelben Löwen gegrüßt und der kleine gelbe Löwe wird nicht von dem jungen schwarzen Bären gegrüßt.
de,test,auxiliary,conditional,negation,1,True,0,"Wenn der kleine gelbe Löwe den jungen schwarzen Bären nicht grüßt und der junge schwarze Bär den kleinen gelben Löwen grüßt, klingelt eine Glocke.","Wenn der junge schwarze Bär von dem kleinen gelben Löwen gegrüßt wird und der kleine gelbe Löwe nicht von dem jungen schwarzen Bären gegrüßt wird, klingelt eine Glocke."
ko,test,primary,assertion,negation,1,True,0,작은 노란색 사자가 어린 검은색 곰을 반기지 않는다는 것과 어린 검은색 곰이 작은 노란색 사자를 반긴다는 것이 모두 사실이다.,어린 검은색 곰을 작은 노란색 사자가 반긴다는 것과 작은 노란색 사자를 어린 검은색 곰이 반기지 않는다는 것이 모두 사실이다.
ko,test,auxiliary,conditional,negation,1,True,0,만약 작은 노란색 사자가 어린 검은색 곰을 반기지 않는다는 것과 어린 검은색 곰이 작은 노란색 사자를 반긴다는 것이 모두 사실이라면 종이 울린다.,만약 어린 검은색 곰을 작은 노란색 사자가 반긴다는 것과 작은 노란색 사자를 어린 검은색 곰이 반기지 않는다는 것이 모두 사실이라면 종이 울린다.
en,test,primary,assertion,negation,1,True,1,The small yellow lion does not greet the young black bear and the young black bear greets the small yellow lion.,The young black bear is not greeted by the small yellow lion and the small yellow lion is greeted by the young black bear.
en,test,auxiliary,conditional,negation,1,True,1,"If the small yellow lion does not greet the young black bear and the young black bear greets the small yellow lion, a bell rings.","If the young black bear is not greeted by the small yellow lion and the small yellow lion is greeted by the young black bear, a bell rings."
de,test,primary,assertion,negation,1,True,1,Der kleine gelbe Löwe grüßt den jungen schwarzen Bären nicht und der junge schwarze Bär grüßt den kleinen gelben Löwen.,Der junge schwarze Bär wird nicht von dem kleinen gelben Löwen gegrüßt und der kleine gelbe Löwe wird von dem jungen schwarzen Bären gegrüßt.
de,test,auxiliary,conditional,negation,1,True,1,"Wenn der kleine gelbe Löwe den jungen schwarzen Bären nicht grüßt und der junge schwarze Bär den kleinen gelben Löwen grüßt, klingelt eine Glocke.","Wenn der junge schwarze Bär nicht von dem kleinen gelben Löwen gegrüßt wird und der kleine gelbe Löwe von dem jungen schwarzen Bären gegrüßt wird, klingelt eine Glocke."
ko,test,primary,assertion,negation,1,True,1,작은 노란색 사자가 어린 검은색 곰을 반기지 않는다는 것과 어린 검은색 곰이 작은 노란색 사자를 반긴다는 것이 모두 사실이다.,어린 검은색 곰을 작은 노란색 사자가 반기지 않는다는 것과 작은 노란색 사자를 어린 검은색 곰이 반긴다는 것이 모두 사실이다.
ko,test,auxiliary,conditional,negation,1,True,1,만약 작은 노란색 사자가 어린 검은색 곰을 반기지 않는다는 것과 어린 검은색 곰이 작은 노란색 사자를 반긴다는 것이 모두 사실이라면 종이 울린다.,만약 어린 검은색 곰을 작은 노란색 사자가 반기지 않는다는 것과 작은 노란색 사자를 어린 검은색 곰이 반긴다는 것이 모두 사실이라면 종이 울린다.
en,test,primary,assertion,negation,0,True,0,The small white lion does not see the small green cow and the small green cow sees the small white lion.,The small green cow is seen by the small white lion and the small white lion is not seen by the small green cow.
en,test,auxiliary,conditional,negation,0,True,0,"If the small white lion does not see the small green cow and the small green cow sees the small white lion, a bell rings.","If the small green cow is seen by the small white lion and the small white lion is not seen by the small green cow, a bell rings."
de,test,primary,assertion,negation,0,True,0,Der kleine weiße Löwe sieht die kleine grüne Kuh nicht und die kleine grüne Kuh sieht den kleinen weißen Löwen.,Die kleine grüne Kuh wird von dem kleinen weißen Löwen gesehen und der kleine weiße Löwe wird nicht von der kleinen grünen Kuh gesehen.
de,test,auxiliary,conditional,negation,0,True,0,"Wenn der kleine weiße Löwe die kleine grüne Kuh nicht sieht und die kleine grüne Kuh den kleinen weißen Löwen sieht, klingelt eine Glocke.","Wenn die kleine grüne Kuh von dem kleinen weißen Löwen gesehen wird und der kleine weiße Löwe nicht von der kleinen grünen Kuh gesehen wird, klingelt eine Glocke."
ko,test,primary,assertion,negation,0,True,0,작은 하얀색 사자가 작은 초록색 소를 보지 않는다는 것과 작은 초록색 소가 작은 하얀색 사자를 본다는 것이 모두 사실이다.,작은 초록색 소를 작은 하얀색 사자가 본다는 것과 작은 하얀색 사자를 작은 초록색 소가 보지 않는다는 것이 모두 사실이다.
ko,test,auxiliary,conditional,negation,0,True,0,만약 작은 하얀색 사자가 작은 초록색 소를 보지 않는다는 것과 작은 초록색 소가 작은 하얀색 사자를 본다는 것이 모두 사실이라면 종이 울린다.,만약 작은 초록색 소를 작은 하얀색 사자가 본다는 것과 작은 하얀색 사자를 작은 초록색 소가 보지 않는다는 것이 모두 사실이라면 종이 울린다.
en,test,primary,assertion,negation,0,True,1,The small white lion does not see the small green cow and the small green cow sees the small white lion.,The small green cow is not seen by the small white lion and the small white lion is seen by the small green cow.
en,test,auxiliary,conditional,negation,0,True,1,"If the small white lion does not see the small green cow and the small green cow sees the small white lion, a bell rings.","If the small green cow is not seen by the small white lion and the small white lion is seen by the small green cow, a bell rings."
de,test,primary,assertion,negation,0,True,1,Der kleine weiße Löwe sieht die kleine grüne Kuh nicht und die kleine grüne Kuh sieht den kleinen weißen Löwen.,Die kleine grüne Kuh wird nicht von dem kleinen weißen Löwen gesehen und der kleine weiße Löwe wird von der kleinen grünen Kuh gesehen.
de,test,auxiliary,conditional,negation,0,True,1,"Wenn der kleine weiße Löwe die kleine grüne Kuh nicht sieht und die kleine grüne Kuh den kleinen weißen Löwen sieht, klingelt eine Glocke.","Wenn die kleine grüne Kuh nicht von dem kleinen weißen Löwen gesehen wird und der kleine weiße Löwe von der kleinen grünen Kuh gesehen wird, klingelt eine Glocke."
ko,test,primary,assertion,negation,0,True,1,작은 하얀색 사자가 작은 초록색 소를 보지 않는다는 것과 작은 초록색 소가 작은 하얀색 사자를 본다는 것이 모두 사실이다.,작은 초록색 소를 작은 하얀색 사자가 보지 않는다는 것과 작은 하얀색 사자를 작은 초록색 소가 본다는 것이 모두 사실이다.
ko,test,auxiliary,conditional,negation,0,True,1,만약 작은 하얀색 사자가 작은 초록색 소를 보지 않는다는 것과 작은 초록색 소가 작은 하얀색 사자를 본다는 것이 모두 사실이라면 종이 울린다.,만약 작은 초록색 소를 작은 하얀색 사자가 보지 않는다는 것과 작은 하얀색 사자를 작은 초록색 소가 본다는 것이 모두 사실이라면 종이 울린다.
en,test,primary,assertion,negation,2,False,0,The large white mouse follows the large blue dog and the large blue dog does not follow the large white mouse.,The large blue dog is not followed by the large white mouse and the large white mouse is followed by the large blue dog.
en,test,auxiliary,conditional,negation,2,False,0,"If the large white mouse follows the large blue dog and the large blue dog does not follow the large white mouse, a bell rings.","If the large blue dog is not followed by the large white mouse and the large white mouse is followed by the large blue dog, a bell rings."
de,test,primary,assertion,negation,2,False,0,Die große weiße Maus verfolgt den großen blauen Hund und der große blaue Hund verfolgt die große weiße Maus nicht.,Der große blaue Hund wird nicht von der großen weißen Maus verfolgt und die große weiße Maus wird von dem großen blauen Hund verfolgt.
de,test,auxiliary,conditional,negation,2,False,0,"Wenn die große weiße Maus den großen blauen Hund verfolgt und der große blaue Hund die große weiße Maus nicht verfolgt, klingelt eine Glocke.","Wenn der große blaue Hund nicht von der großen weißen Maus verfolgt wird und die große weiße Maus von dem großen blauen Hund verfolgt wird, klingelt eine Glocke."
ko,test,primary,assertion,negation,2,False,0,큰 하얀색 쥐가 큰 파란색 개를 뒤따른다는 것과 큰 파란색 개가 큰 하얀색 쥐를 뒤따르지 않는다는 것이 모두 사실이다.,큰 파란색 개를 큰 하얀색 쥐가 뒤따르지 않는다는 것과 큰 하얀색 쥐를 큰 파란색 개가 뒤따른다는 것이 모두 사실이다.
ko,test,auxiliary,conditional,negation,2,False,0,만약 큰 하얀색 쥐가 큰 파란색 개를 뒤따른다는 것과 큰 파란색 개가 큰 하얀색 쥐를 뒤따르지 않는다는 것이 모두 사실이라면 종이 울린다.,만약 큰 파란색 개를 큰 하얀색 쥐가 뒤따르지 않는다는 것과 큰 하얀색 쥐를 큰 파란색 개가 뒤따른다는 것이 모두 사실이라면 종이 울린다.
en,test,primary,assertion,negation,2,False,1,The large white mouse follows the large blue dog and the large blue dog does not follow the large white mouse.,The large blue dog is followed by the large white mouse and the large white mouse is not followed by the large blue dog.
en,test,auxiliary,conditional,negation,2,False,1,"If the large white mouse follows the large blue dog and the large blue dog does not follow the large white mouse, a bell rings.","If the large blue dog is followed by the large white mouse and the large white mouse is not followed by the large blue dog, a bell rings."
de,test,primary,assertion,negation,2,False,1,Die große weiße Maus verfolgt den großen blauen Hund und der große blaue Hund verfolgt die große weiße Maus nicht.,Der große blaue Hund wird von der großen weißen Maus verfolgt und die große weiße Maus wird nicht von dem großen blauen Hund verfolgt.
de,test,auxiliary,conditional,negation,2,False,1,"Wenn die große weiße Maus den großen blauen Hund verfolgt und der große blaue Hund die große weiße Maus nicht verfolgt, klingelt eine Glocke.","Wenn der große blaue Hund von der großen weißen Maus verfolgt wird und die große weiße Maus nicht von dem großen blauen Hund verfolgt wird, klingelt eine Glocke."
ko,test,primary,assertion,negation,2,False,1,큰 하얀색 쥐가 큰 파란색 개를 뒤따른다는 것과 큰 파란색 개가 큰 하얀색 쥐를 뒤따르지 않는다는 것이 모두 사실이다.,큰 파란색 개를 큰 하얀색 쥐가 뒤따른다는 것과 큰 하얀색 쥐를 큰 파란색 개가 뒤따르지 않는다는 것이 모두 사실이다.
ko,test,auxiliary,conditional,negation,2,False,1,만약 큰 하얀색 쥐가 큰 파란색 개를 뒤따른다는 것과 큰 파란색 개가 큰 하얀색 쥐를 뒤따르지 않는다는 것이 모두 사실이라면 종이 울린다.,만약 큰 파란색 개를 큰 하얀색 쥐가 뒤따른다는 것과 큰 하얀색 쥐를 큰 파란색 개가 뒤따르지 않는다는 것이 모두 사실이라면 종이 울린다.
en,test,primary,assertion,negation,0,False,0,The large green rabbit sees the old white dog and the old white dog does not see the large green rabbit.,The old white dog is not seen by the large green rabbit and the large green rabbit is seen by the old white dog.
en,test,auxiliary,conditional,negation,0,False,0,"If the large green rabbit sees the old white dog and the old white dog does not see the large green rabbit, a bell rings.","If the old white dog is not seen by the large green rabbit and the large green rabbit is seen by the old white dog, a bell rings."
de,test,primary,assertion,negation,0,False,0,Das große grüne Kaninchen sieht den alten weißen Hund und der alte weiße Hund sieht das große grüne Kaninchen nicht.,Der alte weiße Hund wird nicht von dem großen grünen Kaninchen gesehen und das große grüne Kaninchen wird von dem alten weißen Hund gesehen.
de,test,auxiliary,conditional,negation,0,False,0,"Wenn das große grüne Kaninchen den alten weißen Hund sieht und der alte weiße Hund das große grüne Kaninchen nicht sieht, klingelt eine Glocke.","Wenn der alte weiße Hund nicht von dem großen grünen Kaninchen gesehen wird und das große grüne Kaninchen von dem alten weißen Hund gesehen wird, klingelt eine Glocke."
ko,test,primary,assertion,negation,0,False,0,큰 초록색 토끼가 늙은 하얀색 개를 본다는 것과 늙은 하얀색 개가 큰 초록색 토끼를 보지 않는다는 것이 모두 사실이다.,늙은 하얀색 개를 큰 초록색 토끼가 보지 않는다는 것과 큰 초록색 토끼를 늙은 하얀색 개가 본다는 것이 모두 사실이다.
ko,test,auxiliary,conditional,negation,0,False,0,만약 큰 초록색 토끼가 늙은 하얀색 개를 본다는 것과 늙은 하얀색 개가 큰 초록색 토끼를 보지 않는다는 것이 모두 사실이라면 종이 울린다.,만약 늙은 하얀색 개를 큰 초록색 토끼가 보지 않는다는 것과 큰 초록색 토끼를 늙은 하얀색 개가 본다는 것이 모두 사실이라면 종이 울린다.
en,test,primary,assertion,negation,0,False,1,The large green rabbit sees the old white dog and the old white dog does not see the large green rabbit.,The old white dog is seen by the large green rabbit and the large green rabbit is not seen by the old white dog.
en,test,auxiliary,conditional,negation,0,False,1,"If the large green rabbit sees the old white dog and the old white dog does not see the large green rabbit, a bell rings.","If the old white dog is seen by the large green rabbit and the large green rabbit is not seen by the old white dog, a bell rings."
de,test,primary,assertion,negation,0,False,1,Das große grüne Kaninchen sieht den alten weißen Hund und der alte weiße Hund sieht das große grüne Kaninchen nicht.,Der alte weiße Hund wird von dem großen grünen Kaninchen gesehen und das große grüne Kaninchen wird nicht von dem alten weißen Hund gesehen.
de,test,auxiliary,conditional,negation,0,False,1,"Wenn das große grüne Kaninchen den alten weißen Hund sieht und der alte weiße Hund das große grüne Kaninchen nicht sieht, klingelt eine Glocke.","Wenn der alte weiße Hund von dem großen grünen Kaninchen gesehen wird und das große grüne Kaninchen nicht von dem alten weißen Hund gesehen wird, klingelt eine Glocke."
ko,test,primary,assertion,negation,0,False,1,큰 초록색 토끼가 늙은 하얀색 개를 본다는 것과 늙은 하얀색 개가 큰 초록색 토끼를 보지 않는다는 것이 모두 사실이다.,늙은 하얀색 개를 큰 초록색 토끼가 본다는 것과 큰 초록색 토끼를 늙은 하얀색 개가 보지 않는다는 것이 모두 사실이다.
ko,test,auxiliary,conditional,negation,0,False,1,만약 큰 초록색 토끼가 늙은 하얀색 개를 본다는 것과 늙은 하얀색 개가 큰 초록색 토끼를 보지 않는다는 것이 모두 사실이라면 종이 울린다.,만약 늙은 하얀색 개를 큰 초록색 토끼가 본다는 것과 큰 초록색 토끼를 늙은 하얀색 개가 보지 않는다는 것이 모두 사실이라면 종이 울린다.
en,test,primary,assertion,negation,2,True,0,The small red chicken does not follow the old blue mouse and the old blue mouse follows the small red chicken.,The old blue mouse is followed by the small red chicken and the small red chicken is not followed by the old blue mouse.
en,test,auxiliary,conditional,negation,2,True,0,"If the small red chicken does not follow the old blue mouse and the old blue mouse follows the small red chicken, a bell rings.","If the old blue mouse is followed by the small red chicken and the small red chicken is not followed by the old blue mouse, a bell rings."
de,test,primary,assertion,negation,2,True,0,Das kleine rote Huhn verfolgt die alte blaue Maus nicht und die alte blaue Maus verfolgt das kleine rote Huhn.,Die alte blaue Maus wird von dem kleinen roten Huhn verfolgt und das kleine rote Huhn wird nicht von der alten blauen Maus verfolgt.
de,test,auxiliary,conditional,negation,2,True,0,"Wenn das kleine rote Huhn die alte blaue Maus nicht verfolgt und die alte blaue Maus das kleine rote Huhn verfolgt, klingelt eine Glocke.","Wenn die alte blaue Maus von dem kleinen roten Huhn verfolgt wird und das kleine rote Huhn nicht von der alten blauen Maus verfolgt wird, klingelt eine Glocke."
ko,test,primary,assertion,negation,2,True,0,작은 빨간색 닭이 늙은 파란색 쥐를 뒤따르지 않는다는 것과 늙은 파란색 쥐가 작은 빨간색 닭을 뒤따른다는 것이 모두 사실이다.,늙은 파란색 쥐를 작은 빨간색 닭이 뒤따른다는 것과 작은 빨간색 닭을 늙은 파란색 쥐가 뒤따르지 않는다는 것이 모두 사실이다.
ko,test,auxiliary,conditional,negation,2,True,0,만약 작은 빨간색 닭이 늙은 파란색 쥐를 뒤따르지 않는다는 것과 늙은 파란색 쥐가 작은 빨간색 닭을 뒤따른다는 것이 모두 사실이라면 종이 울린다.,만약 늙은 파란색 쥐를 작은 빨간색 닭이 뒤따른다는 것과 작은 빨간색 닭을 늙은 파란색 쥐가 뒤따르지 않는다는 것이 모두 사실이라면 종이 울린다.
en,test,primary,assertion,negation,2,True,1,The small red chicken does not follow the old blue mouse and the old blue mouse follows the small red chicken.,The old blue mouse is not followed by the small red chicken and the small red chicken is followed by the old blue mouse.
en,test,auxiliary,conditional,negation,2,True,1,"If the small red chicken does not follow the old blue mouse and the old blue mouse follows the small red chicken, a bell rings.","If the old blue mouse is not followed by the small red chicken and the small red chicken is followed by the old blue mouse, a bell rings."
de,test,primary,assertion,negation,2,True,1,Das kleine rote Huhn verfolgt die alte blaue Maus nicht und die alte blaue Maus verfolgt das kleine rote Huhn.,Die alte blaue Maus wird nicht von dem kleinen roten Huhn verfolgt und das kleine rote Huhn wird von der alten blauen Maus verfolgt.
de,test,auxiliary,conditional,negation,2,True,1,"Wenn das kleine rote Huhn die alte blaue Maus nicht verfolgt und die alte blaue Maus das kleine rote Huhn verfolgt, klingelt eine Glocke.","Wenn die alte blaue Maus nicht von dem kleinen roten Huhn verfolgt wird und das kleine rote Huhn von der alten blauen Maus verfolgt wird, klingelt eine Glocke."
ko,test,primary,assertion,negation,2,True,1,작은 빨간색 닭이 늙은 파란색 쥐를 뒤따르지 않는다는 것과 늙은 파란색 쥐가 작은 빨간색 닭을 뒤따른다는 것이 모두 사실이다.,늙은 파란색 쥐를 작은 빨간색 닭이 뒤따르지 않는다는 것과 작은 빨간색 닭을 늙은 파란색 쥐가 뒤따른다는 것이 모두 사실이다.
ko,test,auxiliary,conditional,negation,2,True,1,만약 작은 빨간색 닭이 늙은 파란색 쥐를 뒤따르지 않는다는 것과 늙은 파란색 쥐가 작은 빨간색 닭을 뒤따른다는 것이 모두 사실이라면 종이 울린다.,만약 늙은 파란색 쥐를 작은 빨간색 닭이 뒤따르지 않는다는 것과 작은 빨간색 닭을 늙은 파란색 쥐가 뒤따른다는 것이 모두 사실이라면 종이 울린다.
en,test,primary,assertion,negation,1,False,0,The young red sheep greets the old blue sheep and the old blue sheep does not greet the young red sheep.,The old blue sheep is not greeted by the young red sheep and the young red sheep is greeted by the old blue sheep.
en,test,auxiliary,conditional,negation,1,False,0,"If the young red sheep greets the old blue sheep and the old blue sheep does not greet the young red sheep, a bell rings.","If the old blue sheep is not greeted by the young red sheep and the young red sheep is greeted by the old blue sheep, a bell rings."
de,test,primary,assertion,negation,1,False,0,Das junge rote Schaf grüßt das alte blaue Schaf und das alte blaue Schaf grüßt das junge rote Schaf nicht.,Das alte blaue Schaf wird nicht von dem jungen roten Schaf gegrüßt und das junge rote Schaf wird von dem alten blauen Schaf gegrüßt.
de,test,auxiliary,conditional,negation,1,False,0,"Wenn das junge rote Schaf das alte blaue Schaf grüßt und das alte blaue Schaf das junge rote Schaf nicht grüßt, klingelt eine Glocke.","Wenn das alte blaue Schaf nicht von dem jungen roten Schaf gegrüßt wird und das junge rote Schaf von dem alten blauen Schaf gegrüßt wird, klingelt eine Glocke."
ko,test,primary,assertion,negation,1,False,0,어린 빨간색 양이 늙은 파란색 양을 반긴다는 것과 늙은 파란색 양이 어린 빨간색 양을 반기지 않는다는 것이 모두 사실이다.,늙은 파란색 양을 어린 빨간색 양이 반기지 않는다는 것과 어린 빨간색 양을 늙은 파란색 양이 반긴다는 것이 모두 사실이다.
ko,test,auxiliary,conditional,negation,1,False,0,만약 어린 빨간색 양이 늙은 파란색 양을 반긴다는 것과 늙은 파란색 양이 어린 빨간색 양을 반기지 않는다는 것이 모두 사실이라면 종이 울린다.,만약 늙은 파란색 양을 어린 빨간색 양이 반기지 않는다는 것과 어린 빨간색 양을 늙은 파란색 양이 반긴다는 것이 모두 사실이라면 종이 울린다.
en,test,primary,assertion,negation,1,False,1,The young red sheep greets the old blue sheep and the old blue sheep does not greet the young red sheep.,The old blue sheep is greeted by the young red sheep and the young red sheep is not greeted by the old blue sheep.
en,test,auxiliary,conditional,negation,1,False,1,"If the young red sheep greets the old blue sheep and the old blue sheep does not greet the young red sheep, a bell rings.","If the old blue sheep is greeted by the young red sheep and the young red sheep is not greeted by the old blue sheep, a bell rings."
de,test,primary,assertion,negation,1,False,1,Das junge rote Schaf grüßt das alte blaue Schaf und das alte blaue Schaf grüßt das junge rote Schaf nicht.,Das alte blaue Schaf wird von dem jungen roten Schaf gegrüßt und das junge rote Schaf wird nicht von dem alten blauen Schaf gegrüßt.
de,test,auxiliary,conditional,negation,1,False,1,"Wenn das junge rote Schaf das alte blaue Schaf grüßt und das alte blaue Schaf das junge rote Schaf nicht grüßt, klingelt eine Glocke.","Wenn das alte blaue Schaf von dem jungen roten Schaf gegrüßt wird und das junge rote Schaf nicht von dem alten blauen Schaf gegrüßt wird, klingelt eine Glocke."
ko,test,primary,assertion,negation,1,False,1,어린 빨간색 양이 늙은 파란색 양을 반긴다는 것과 늙은 파란색 양이 어린 빨간색 양을 반기지 않는다는 것이 모두 사실이다.,늙은 파란색 양을 어린 빨간색 양이 반긴다는 것과 어린 빨간색 양을 늙은 파란색 양이 반기지 않는다는 것이 모두 사실이다.
ko,test,auxiliary,conditional,negation,1,False,1,만약 어린 빨간색 양이 늙은 파란색 양을 반긴다는 것과 늙은 파란색 양이 어린 빨간색 양을 반기지 않는다는 것이 모두 사실이라면 종이 울린다.,만약 늙은 파란색 양을 어린 빨간색 양이 반긴다는 것과 어린 빨간색 양을 늙은 파란색 양이 반기지 않는다는 것이 모두 사실이라면 종이 울린다.
en,test,primary,assertion,space,0,False,0,The large red bear is below the small blue lion and the small red horse is above the young white bear.,The small blue lion is below the large red bear and the young white bear is above the small red horse.
en,test,auxiliary,conditional,space,0,False,0,"If the large red bear is below the small blue lion and the small red horse is above the young white bear, a bell rings.","If the small blue lion is below the large red bear and the young white bear is above the small red horse, a bell rings."
de,test,primary,assertion,space,0,False,0,Der große rote Bär ist unter dem kleinen blauen Löwen und das kleine rote Pferd ist über dem jungen weißen Bären.,Der kleine blaue Löwe ist unter dem großen roten Bären und der junge weiße Bär ist über dem kleinen roten Pferd.
de,test,auxiliary,conditional,space,0,False,0,"Wenn der große rote Bär unter dem kleinen blauen Löwen ist und das kleine rote Pferd über dem jungen weißen Bären ist, klingelt eine Glocke.","Wenn der kleine blaue Löwe unter dem großen roten Bären ist und der junge weiße Bär über dem kleinen roten Pferd ist, klingelt eine Glocke."
ko,test,primary,assertion,space,0,False,0,큰 빨간색 곰이 작은 파란색 사자의 아래에 있다는 것과 작은 빨간색 말이 어린 하얀색 곰의 위에 있다는 것이 모두 사실이다.,작은 파란색 사자가 큰 빨간색 곰의 아래에 있다는 것과 어린 하얀색 곰이 작은 빨간색 말의 위에 있다는 것이 모두 사실이다.
ko,test,auxiliary,conditional,space,0,False,0,만약 큰 빨간색 곰이 작은 파란색 사자의 아래에 있다는 것과 작은 빨간색 말이 어린 하얀색 곰의 위에 있다는 것이 모두 사실이라면 종이 울린다.,만약 작은 파란색 사자가 큰 빨간색 곰의 아래에 있다는 것과 어린 하얀색 곰이 작은 빨간색 말의 위에 있다는 것이 모두 사실이라면 종이 울린다.
en,test,primary,assertion,space,0,False,1,The large red bear is below the small blue lion and the small red horse is above the young white bear.,The small blue lion is above the large red bear and the young white bear is below the small red horse.
en,test,auxiliary,conditional,space,0,False,1,"If the large red bear is below the small blue lion and the small red horse is above the young white bear, a bell rings.","If the small blue lion is above the large red bear and the young white bear is below the small red horse, a bell rings."
de,test,primary,assertion,space,0,False,1,Der große rote Bär ist unter dem kleinen blauen Löwen und das kleine rote Pferd ist über dem jungen weißen Bären.,Der kleine blaue Löwe ist über dem großen roten Bären und der junge weiße Bär ist unter dem kleinen roten Pferd.
de,test,auxiliary,conditional,space,0,False,1,"Wenn der große rote Bär unter dem kleinen blauen Löwen ist und das kleine rote Pferd über dem jungen weißen Bären ist, klingelt eine Glocke.","Wenn der kleine blaue Löwe über dem großen roten Bären ist und der junge weiße Bär unter dem kleinen roten Pferd ist, klingelt eine Glocke."
ko,test,primary,assertion,space,0,False,1,큰 빨간색 곰이 작은 파란색 사자의 아래에 있다는 것과 작은 빨간색 말이 어린 하얀색 곰의 위에 있다는 것이 모두 사실이다.,작은 파란색 사자가 큰 빨간색 곰의 위에 있다는 것과 어린 하얀색 곰이 작은 빨간색 말의 아래에 있다는 것이 모두 사실이다.
ko,test,auxiliary,conditional,space,0,False,1,만약 큰 빨간색 곰이 작은 파란색 사자의 아래에 있다는 것과 작은 빨간색 말이 어린 하얀색 곰의 위에 있다는 것이 모두 사실이라면 종이 울린다.,만약 작은 파란색 사자가 큰 빨간색 곰의 위에 있다는 것과 어린 하얀색 곰이 작은 빨간색 말의 아래에 있다는 것이 모두 사실이라면 종이 울린다.
en,test,primary,assertion,space,1,False,0,The small black lion is to the right of the old blue cat and the young green cat is to the left of the young red sheep.,The old blue cat is to the right of the small black lion and the young red sheep is to the left of the young green cat.
en,test,auxiliary,conditional,space,1,False,0,"If the small black lion is to the right of the old blue cat and the young green cat is to the left of the young red sheep, a bell rings.","If the old blue cat is to the right of the small black lion and the young red sheep is to the left of the young green cat, a bell rings."
de,test,primary,assertion,space,1,False,0,Der kleine schwarze Löwe ist rechts von der alten blauen Katze und die junge grüne Katze ist links von dem jungen roten Schaf.,Die alte blaue Katze ist rechts von dem kleinen schwarzen Löwen und das junge rote Schaf ist links von der jungen grünen Katze.
de,test,auxiliary,conditional,space,1,False,0,"Wenn der kleine schwarze Löwe rechts von der alten blauen Katze ist und die junge grüne Katze links von dem jungen roten Schaf ist, klingelt eine Glocke.","Wenn die alte blaue Katze rechts von dem kleinen schwarzen Löwen ist und das junge rote Schaf links von der jungen grünen Katze ist, klingelt eine Glocke."
ko,test,primary,assertion,space,1,False,0,작은 검은색 사자가 늙은 파란색 고양이의 오른쪽에 있다는 것과 어린 초록색 고양이가 어린 빨간색 양의 왼쪽에 있다는 것이 모두 사실이다.,늙은 파란색 고양이가 작은 검은색 사자의 오른쪽에 있다는 것과 어린 빨간색 양이 어린 초록색 고양이의 왼쪽에 있다는 것이 모두 사실이다.
ko,test,auxiliary,conditional,space,1,False,0,만약 작은 검은색 사자가 늙은 파란색 고양이의 오른쪽에 있다는 것과 어린 초록색 고양이가 어린 빨간색 양의 왼쪽에 있다는 것이 모두 사실이라면 종이 울린다.,만약 늙은 파란색 고양이가 작은 검은색 사자의 오른쪽에 있다는 것과 어린 빨간색 양이 어린 초록색 고양이의 왼쪽에 있다는 것이 모두 사실이라면 종이 울린다.
en,test,primary,assertion,space,1,False,1,The small black lion is to the right of the old blue cat and the young green cat is to the left of the young red sheep.,The old blue cat is to the left of the small black lion and the young red sheep is to the right of the young green cat.
en,test,auxiliary,conditional,space,1,False,1,"If the small black lion is to the right of the old blue cat and the young green cat is to the left of the young red sheep, a bell rings.","If the old blue cat is to the left of the small black lion and the young red sheep is to the right of the young green cat, a bell rings."
de,test,primary,assertion,space,1,False,1,Der kleine schwarze Löwe ist rechts von der alten blauen Katze und die junge grüne Katze ist links von dem jungen roten Schaf.,Die alte blaue Katze ist links von dem kleinen schwarzen Löwen und das junge rote Schaf ist rechts von der jungen grünen Katze.
de,test,auxiliary,conditional,space,1,False,1,"Wenn der kleine schwarze Löwe rechts von der alten blauen Katze ist und die junge grüne Katze links von dem jungen roten Schaf ist, klingelt eine Glocke.","Wenn die alte blaue Katze links von dem kleinen schwarzen Löwen ist und das junge rote Schaf rechts von der jungen grünen Katze ist, klingelt eine Glocke."
ko,test,primary,assertion,space,1,False,1,작은 검은색 사자가 늙은 파란색 고양이의 오른쪽에 있다는 것과 어린 초록색 고양이가 어린 빨간색 양의 왼쪽에 있다는 것이 모두 사실이다.,늙은 파란색 고양이가 작은 검은색 사자의 왼쪽에 있다는 것과 어린 빨간색 양이 어린 초록색 고양이의 오른쪽에 있다는 것이 모두 사실이다.
ko,test,auxiliary,conditional,space,1,False,1,만약 작은 검은색 사자가 늙은 파란색 고양이의 오른쪽에 있다는 것과 어린 초록색 고양이가 어린 빨간색 양의 왼쪽에 있다는 것이 모두 사실이라면 종이 울린다.,만약 늙은 파란색 고양이가 작은 검은색 사자의 왼쪽에 있다는 것과 어린 빨간색 양이 어린 초록색 고양이의 오른쪽에 있다는 것이 모두 사실이라면 종이 울린다.
en,test,primary,assertion,space,2,False,0,The large blue lion is to the right of the large yellow rabbit and the young blue horse is to the left of the large white cow.,The large yellow rabbit is to the right of the large blue lion and the large white cow is to the left of the young blue horse.
en,test,auxiliary,conditional,space,2,False,0,"If the large blue lion is to the right of the large yellow rabbit and the young blue horse is to the left of the large white cow, a bell rings.","If the large yellow rabbit is to the right of the large blue lion and the large white cow is to the left of the young blue horse, a bell rings."
de,test,primary,assertion,space,2,False,0,Der große blaue Löwe ist rechts von dem großen gelben Kaninchen und das junge blaue Pferd ist links von der großen weißen Kuh.,Das große gelbe Kaninchen ist rechts von dem großen blauen Löwen und die große weiße Kuh ist links von dem jungen blauen Pferd.
de,test,auxiliary,conditional,space,2,False,0,"Wenn der große blaue Löwe rechts von dem großen gelben Kaninchen ist und das junge blaue Pferd links von der großen weißen Kuh ist, klingelt eine Glocke.","Wenn das große gelbe Kaninchen rechts von dem großen blauen Löwen ist und die große weiße Kuh links von dem jungen blauen Pferd ist, klingelt eine Glocke."
ko,test,primary,assertion,space,2,False,0,큰 파란색 사자가 큰 노란색 토끼의 오른쪽에 있다는 것과 어린 파란색 말이 큰 하얀색 소의 왼쪽에 있다는 것이 모두 사실이다.,큰 노란색 토끼가 큰 파란색 사자의 오른쪽에 있다는 것과 큰 하얀색 소가 어린 파란색 말의 왼쪽에 있다는 것이 모두 사실이다.
ko,test,auxiliary,conditional,space,2,False,0,만약 큰 파란색 사자가 큰 노란색 토끼의 오른쪽에 있다는 것과 어린 파란색 말이 큰 하얀색 소의 왼쪽에 있다는 것이 모두 사실이라면 종이 울린다.,만약 큰 노란색 토끼가 큰 파란색 사자의 오른쪽에 있다는 것과 큰 하얀색 소가 어린 파란색 말의 왼쪽에 있다는 것이 모두 사실이라면 종이 울린다.
en,test,primary,assertion,space,2,False,1,The large blue lion is to the right of the large yellow rabbit and the young blue horse is to the left of the large white cow.,The large yellow rabbit is to the left of the large blue lion and the large white cow is to the right of the young blue horse.
en,test,auxiliary,conditional,space,2,False,1,"If the large blue lion is to the right of the large yellow rabbit and the young blue horse is to the left of the large white cow, a bell rings.","If the large yellow rabbit is to the left of the large blue lion and the large white cow is to the right of the young blue horse, a bell rings."
de,test,primary,assertion,space,2,False,1,Der große blaue Löwe ist rechts von dem großen gelben Kaninchen und das junge blaue Pferd ist links von der großen weißen Kuh.,Das große gelbe Kaninchen ist links von dem großen blauen Löwen und die große weiße Kuh ist rechts von dem jungen blauen Pferd.
de,test,auxiliary,conditional,space,2,False,1,"Wenn der große blaue Löwe rechts von dem großen gelben Kaninchen ist und das junge blaue Pferd links von der großen weißen Kuh ist, klingelt eine Glocke.","Wenn das große gelbe Kaninchen links von dem großen blauen Löwen ist und die große weiße Kuh rechts von dem jungen blauen Pferd ist, klingelt eine Glocke."
ko,test,primary,assertion,space,2,False,1,큰 파란색 사자가 큰 노란색 토끼의 오른쪽에 있다는 것과 어린 파란색 말이 큰 하얀색 소의 왼쪽에 있다는 것이 모두 사실이다.,큰 노란색 토끼가 큰 파란색 사자의 왼쪽에 있다는 것과 큰 하얀색 소가 어린 파란색 말의 오른쪽에 있다는 것이 모두 사실이다.
ko,test,auxiliary,conditional,space,2,False,1,만약 큰 파란색 사자가 큰 노란색 토끼의 오른쪽에 있다는 것과 어린 파란색 말이 큰 하얀색 소의 왼쪽에 있다는 것이 모두 사실이라면 종이 울린다.,만약 큰 노란색 토끼가 큰 파란색 사자의 왼쪽에 있다는 것과 큰 하얀색 소가 어린 파란색 말의 오른쪽에 있다는 것이 모두 사실이라면 종이 울린다.
en,test,primary,assertion,space,1,True,0,The large green cat is in front of the old blue bear and the small yellow horse is behind the young red rabbit.,The old blue bear is in front of the large green cat and the young red rabbit is behind the small yellow horse.
en,test,auxiliary,conditional,space,1,True,0,"If the large green cat is in front of the old blue bear and the small yellow horse is behind the young red rabbit, a bell rings.","If the old blue bear is in front of the large green cat and the young red rabbit is behind the small yellow horse, a bell rings."
de,test,primary,assertion,space,1,True,0,Die große grüne Katze ist vor dem alten blauen Bären und das kleine gelbe Pferd ist hinter dem jungen roten Kaninchen.,Der alte blaue Bär ist vor der großen grünen Katze und das junge rote Kaninchen ist hinter dem kleinen gelben Pferd.
de,test,auxiliary,conditional,space,1,True,0,"Wenn die große grüne Katze vor dem alten blauen Bären ist und das kleine gelbe Pferd hinter dem jungen roten Kaninchen ist, klingelt eine Glocke.","Wenn der alte blaue Bär vor der großen grünen Katze ist und das junge rote Kaninchen hinter dem kleinen gelben Pferd ist, klingelt eine Glocke."
ko,test,primary,assertion,space,1,True,0,큰 초록색 고양이가 늙은 파란색 곰의 앞에 있다는 것과 작은 노란색 말이 어린 빨간색 토끼의 뒤에 있다는 것이 모두 사실이다.,늙은 파란색 곰이 큰 초록색 고양이의 앞에 있다는 것과 어린 빨간색 토끼가 작은 노란색 말의 뒤에 있다는 것이 모두 사실이다.
ko,test,auxiliary,conditional,space,1,True,0,만약 큰 초록색 고양이가 늙은 파란색 곰의 앞에 있다는 것과 작은 노란색 말이 어린 빨간색 토끼의 뒤에 있다는 것이 모두 사실이라면 종이 울린다.,만약 늙은 파란색 곰이 큰 초록색 고양이의 앞에 있다는 것과 어린 빨간색 토끼가 작은 노란색 말의 뒤에 있다는 것이 모두 사실이라면 종이 울린다.
en,test,primary,assertion,space,1,True,1,The large green cat is in front of the old blue bear and the small yellow horse is behind the young red rabbit.,The old blue bear is behind the large green cat and the young red rabbit is in front of the small yellow horse.
en,test,auxiliary,conditional,space,1,True,1,"If the large green cat is in front of the old blue bear and the small yellow horse is behind the young red rabbit, a bell rings.","If the old blue bear is behind the large green cat and the young red rabbit is in front of the small yellow horse, a bell rings."
de,test,primary,assertion,space,1,True,1,Die große grüne Katze ist vor dem alten blauen Bären und das kleine gelbe Pferd ist hinter dem jungen roten Kaninchen.,Der alte blaue Bär ist hinter der großen grünen Katze und das junge rote Kaninchen ist vor dem kleinen gelben Pferd.
de,test,auxiliary,conditional,space,1,True,1,"Wenn die große grüne Katze vor dem alten blauen Bären ist und das kleine gelbe Pferd hinter dem jungen roten Kaninchen ist, klingelt eine Glocke.","Wenn der alte blaue Bär hinter der großen grünen Katze ist und das junge rote Kaninchen vor dem kleinen gelben Pferd ist, klingelt eine Glocke."
ko,test,primary,assertion,space,1,True,1,큰 초록색 고양이가 늙은 파란색 곰의 앞에 있다는 것과 작은 노란색 말이 어린 빨간색 토끼의 뒤에 있다는 것이 모두 사실이다.,늙은 파란색 곰이 큰 초록색 고양이의 뒤에 있다는 것과 어린 빨간색 토끼가 작은 노란색 말의 앞에 있다는 것이 모두 사실이다.
ko,test,auxiliary,conditional,space,1,True,1,만약 큰 초록색 고양이가 늙은 파란색 곰의 앞에 있다는 것과 작은 노란색 말이 어린 빨간색 토끼의 뒤에 있다는 것이 모두 사실이라면 종이 울린다.,만약 늙은 파란색 곰이 큰 초록색 고양이의 뒤에 있다는 것과 어린 빨간색 토끼가 작은 노란색 말의 앞에 있다는 것이 모두 사실이라면 종이 울린다.
en,test,primary,assertion,space,2,True,0,The small yellow cow is to the right of the large blue rabbit and the small white bear is to the left of the large black sheep.,The large blue rabbit is to the right of the small yellow cow and the large black sheep is to the left of the small white bear.
en,test,auxiliary,conditional,space,2,True,0,"If the small yellow cow is to the right of the large blue rabbit and the small white bear is to the left of the large black sheep, a bell rings.","If the large blue rabbit is to the right of the small yellow cow and the large black sheep is to the left of the small white bear, a bell rings."
de,test,primary,assertion,space,2,True,0,Die kleine gelbe Kuh ist rechts von dem großen blauen Kaninchen und der kleine weiße Bär ist links von dem großen schwarzen Schaf.,Das große blaue Kaninchen ist rechts von der kleinen gelben Kuh und das große schwarze Schaf ist links von dem kleinen weißen Bären.
de,test,auxiliary,conditional,space,2,True,0,"Wenn die kleine gelbe Kuh rechts von dem großen blauen Kaninchen ist und der kleine weiße Bär links von dem großen schwarzen Schaf ist, klingelt eine Glocke.","Wenn das große blaue Kaninchen rechts von der kleinen gelben Kuh ist und das große schwarze Schaf links von dem kleinen weißen Bären ist, klingelt eine Glocke."
ko,test,primary,assertion,space,2,True,0,작은 노란색 소가 큰 파란색 토끼의 오른쪽에 있다는 것과 작은 하얀색 곰이 큰 검은색 양의 왼쪽에 있다는 것이 모두 사실이다.,큰 파란색 토끼가 작은 노란색 소의 오른쪽에 있다는 것과 큰 검은색 양이 작은 하얀색 곰의 왼쪽에 있다는 것이 모두 사실이다.
ko,test,auxiliary,conditional,space,2,True,0,만약 작은 노란색 소가 큰 파란색 토끼의 오른쪽에 있다는 것과 작은 하얀색 곰이 큰 검은색 양의 왼쪽에 있다는 것이 모두 사실이라면 종이 울린다.,만약 큰 파란색 토끼가 작은 노란색 소의 오른쪽에 있다는 것과 큰 검은색 양이 작은 하얀색 곰의 왼쪽에 있다는 것이 모두 사실이라면 종이 울린다.
en,test,primary,assertion,space,2,True,1,The small yellow cow is to the right of the large blue rabbit and the small white bear is to the left of the large black sheep.,The large blue rabbit is to the left of the small yellow cow and the large black sheep is to the right of the small white bear.
en,test,auxiliary,conditional,space,2,True,1,"If the small yellow cow is to the right of the large blue rabbit and the small white bear is to the left of the large black sheep, a bell rings.","If the large blue rabbit is to the left of the small yellow cow and the large black sheep is to the right of the small white bear, a bell rings."
de,test,primary,assertion,space,2,True,1,Die kleine gelbe Kuh ist rechts von dem großen blauen Kaninchen und der kleine weiße Bär ist links von dem großen schwarzen Schaf.,Das große blaue Kaninchen ist links von der kleinen gelben Kuh und das große schwarze Schaf ist rechts von dem kleinen weißen Bären.
de,test,auxiliary,conditional,space,2,True,1,"Wenn die kleine gelbe Kuh rechts von dem großen blauen Kaninchen ist und der kleine weiße Bär links von dem großen schwarzen Schaf ist, klingelt eine Glocke.","Wenn das große blaue Kaninchen links von der kleinen gelben Kuh ist und das große schwarze Schaf rechts von dem kleinen weißen Bären ist, klingelt eine Glocke."
ko,test,primary,assertion,space,2,True,1,작은 노란색 소가 큰 파란색 토끼의 오른쪽에 있다는 것과 작은 하얀색 곰이 큰 검은색 양의 왼쪽에 있다는 것이 모두 사실이다.,큰 파란색 토끼가 작은 노란색 소의 왼쪽에 있다는 것과 큰 검은색 양이 작은 하얀색 곰의 오른쪽에 있다는 것이 모두 사실이다.
ko,test,auxiliary,conditional,space,2,True,1,만약 작은 노란색 소가 큰 파란색 토끼의 오른쪽에 있다는 것과 작은 하얀색 곰이 큰 검은색 양의 왼쪽에 있다는 것이 모두 사실이라면 종이 울린다.,만약 큰 파란색 토끼가 작은 노란색 소의 왼쪽에 있다는 것과 큰 검은색 양이 작은 하얀색 곰의 오른쪽에 있다는 것이 모두 사실이라면 종이 울린다.
en,test,primary,assertion,space,0,True,0,The large yellow fox is above the old black fox and the old white rabbit is below the small white dog.,The old black fox is above the large yellow fox and the small white dog is below the old white rabbit.
en,test,auxiliary,conditional,space,0,True,0,"If the large yellow fox is above the old black fox and the old white rabbit is below the small white dog, a bell rings.","If the old black fox is above the large yellow fox and the small white dog is below the old white rabbit, a bell rings."
de,test,primary,assertion,space,0,True,0,Der große gelbe Fuchs ist über dem alten schwarzen Fuchs und das alte weiße Kaninchen ist unter dem kleinen weißen Hund.,Der alte schwarze Fuchs ist über dem großen gelben Fuchs und der kleine weiße Hund ist unter dem alten weißen Kaninchen.
de,test,auxiliary,conditional,space,0,True,0,"Wenn der große gelbe Fuchs über dem alten schwarzen Fuchs ist und das alte weiße Kaninchen unter dem kleinen weißen Hund ist, klingelt eine Glocke.","Wenn der alte schwarze Fuchs über dem großen gelben Fuchs ist und der kleine weiße Hund unter dem alten weißen Kaninchen ist, klingelt eine Glocke."
ko,test,primary,assertion,space,0,True,0,큰 노란색 여우가 늙은 검은색 여우의 위에 있다는 것과 늙은 하얀색 토끼가 작은 하얀색 개의 아래에 있다는 것이 모두 사실이다.,늙은 검은색 여우가 큰 노란색 여우의 위에 있다는 것과 작은 하얀색 개가 늙은 하얀색 토끼의 아래에 있다는 것이 모두 사실이다.
ko,test,auxiliary,conditional,space,0,True,0,만약 큰 노란색 여우가 늙은 검은색 여우의 위에 있다는 것과 늙은 하얀색 토끼가 작은 하얀색 개의 아래에 있다는 것이 모두 사실이라면 종이 울린다.,만약 늙은 검은색 여우가 큰 노란색 여우의 위에 있다는 것과 작은 하얀색 개가 늙은 하얀색 토끼의 아래에 있다는 것이 모두 사실이라면 종이 울린다.
en,test,primary,assertion,space,0,True,1,The large yellow fox is above the old black fox and the old white rabbit is below the small white dog.,The old black fox is below the large yellow fox and the small white dog is above the old white rabbit.
en,test,auxiliary,conditional,space,0,True,1,"If the large yellow fox is above the old black fox and the old white rabbit is below the small white dog, a bell rings.","If the old black fox is below the large yellow fox and the small white dog is above the old white rabbit, a bell rings."
de,test,primary,assertion,space,0,True,1,Der große gelbe Fuchs ist über dem alten schwarzen Fuchs und das alte weiße Kaninchen ist unter dem kleinen weißen Hund.,Der alte schwarze Fuchs ist unter dem großen gelben Fuchs und der kleine weiße Hund ist über dem alten weißen Kaninchen.
de,test,auxiliary,conditional,space,0,True,1,"Wenn der große gelbe Fuchs über dem alten schwarzen Fuchs ist und das alte weiße Kaninchen unter dem kleinen weißen Hund ist, klingelt eine Glocke.","Wenn der alte schwarze Fuchs unter dem großen gelben Fuchs ist und der kleine weiße Hund über dem alten weißen Kaninchen ist, klingelt eine Glocke."
ko,test,primary,assertion,space,0,True,1,큰 노란색 여우가 늙은 검은색 여우의 위에 있다는 것과 늙은 하얀색 토끼가 작은 하얀색 개의 아래에 있다는 것이 모두 사실이다.,늙은 검은색 여우가 큰 노란색 여우의 아래에 있다는 것과 작은 하얀색 개가 늙은 하얀색 토끼의 위에 있다는 것이 모두 사실이다.
ko,test,auxiliary,conditional,space,0,True,1,만약 큰 노란색 여우가 늙은 검은색 여우의 위에 있다는 것과 늙은 하얀색 토끼가 작은 하얀색 개의 아래에 있다는 것이 모두 사실이라면 종이 울린다.,만약 늙은 검은색 여우가 큰 노란색 여우의 아래에 있다는 것과 작은 하얀색 개가 늙은 하얀색 토끼의 위에 있다는 것이 모두 사실이라면 종이 울린다.
en,test,primary,assertion,quantity,0,False,0,There are two small yellow foxes and four old black foxes.,There are two old black foxes and four small yellow foxes.
en,test,auxiliary,conditional,quantity,0,False,0,"If there are two small yellow foxes and four old black foxes, a bell rings.","If there are two old black foxes and four small yellow foxes, a bell rings."
de,test,primary,assertion,quantity,0,False,0,Es gibt zwei kleine gelbe Füchse und vier alte schwarze Füchse.,Es gibt zwei alte schwarze Füchse und vier kleine gelbe Füchse.
de,test,auxiliary,conditional,quantity,0,False,0,"Wenn es zwei kleine gelbe Füchse und vier alte schwarze Füchse gibt, klingelt eine Glocke.","Wenn es zwei alte schwarze Füchse und vier kleine gelbe Füchse gibt, klingelt eine Glocke."
ko,test,primary,assertion,quantity,0,False,0,작은 노란색 여우 두 마리와 늙은 검은색 여우 네 마리가 있다.,늙은 검은색 여우 두 마리와 작은 노란색 여우 네 마리가 있다.
ko,test,auxiliary,conditional,quantity,0,False,0,만약 작은 노란색 여우 두 마리와 늙은 검은색 여우 네 마리가 있다면 종이 울린다.,만약 늙은 검은색 여우 두 마리와 작은 노란색 여우 네 마리가 있다면 종이 울린다.
en,test,primary,assertion,quantity,0,False,1,There are two small yellow foxes and four old black foxes.,There are four old black foxes and two small yellow foxes.
en,test,auxiliary,conditional,quantity,0,False,1,"If there are two small yellow foxes and four old black foxes, a bell rings.","If there are four old black foxes and two small yellow foxes, a bell rings."
de,test,primary,assertion,quantity,0,False,1,Es gibt zwei kleine gelbe Füchse und vier alte schwarze Füchse.,Es gibt vier alte schwarze Füchse und zwei kleine gelbe Füchse.
de,test,auxiliary,conditional,quantity,0,False,1,"Wenn es zwei kleine gelbe Füchse und vier alte schwarze Füchse gibt, klingelt eine Glocke.","Wenn es vier alte schwarze Füchse und zwei kleine gelbe Füchse gibt, klingelt eine Glocke."
ko,test,primary,assertion,quantity,0,False,1,작은 노란색 여우 두 마리와 늙은 검은색 여우 네 마리가 있다.,늙은 검은색 여우 네 마리와 작은 노란색 여우 두 마리가 있다.
ko,test,auxiliary,conditional,quantity,0,False,1,만약 작은 노란색 여우 두 마리와 늙은 검은색 여우 네 마리가 있다면 종이 울린다.,만약 늙은 검은색 여우 네 마리와 작은 노란색 여우 두 마리가 있다면 종이 울린다.
en,test,primary,assertion,quantity,2,False,0,There are two large green lions and five large red ducks.,There are two large red ducks and five large green lions.
en,test,auxiliary,conditional,quantity,2,False,0,"If there are two large green lions and five large red ducks, a bell rings.","If there are two large red ducks and five large green lions, a bell rings."
de,test,primary,assertion,quantity,2,False,0,Es gibt zwei große grüne Löwen und fünf große rote Enten.,Es gibt zwei große rote Enten und fünf große grüne Löwen.
de,test,auxiliary,conditional,quantity,2,False,0,"Wenn es zwei große grüne Löwen und fünf große rote Enten gibt, klingelt eine Glocke.","Wenn es zwei große rote Enten und fünf große grüne Löwen gibt, klingelt eine Glocke."
ko,test,primary,assertion,quantity,2,False,0,큰 초록색 사자 두 마리와 큰 빨간색 오리 다섯 마리가 있다.,큰 빨간색 오리 두 마리와 큰 초록색 사자 다섯 마리가 있다.
ko,test,auxiliary,conditional,quantity,2,False,0,만약 큰 초록색 사자 두 마리와 큰 빨간색 오리 다섯 마리가 있다면 종이 울린다.,만약 큰 빨간색 오리 두 마리와 큰 초록색 사자 다섯 마리가 있다면 종이 울린다.
en,test,primary,assertion,quantity,2,False,1,There are two large green lions and five large red ducks.,There are five large red ducks and two large green lions.
en,test,auxiliary,conditional,quantity,2,False,1,"If there are two large green lions and five large red ducks, a bell rings.","If there are five large red ducks and two large green lions, a bell rings."
de,test,primary,assertion,quantity,2,False,1,Es gibt zwei große grüne Löwen und fünf große rote Enten.,Es gibt fünf große rote Enten und zwei große grüne Löwen.
de,test,auxiliary,conditional,quantity,2,False,1,"Wenn es zwei große grüne Löwen und fünf große rote Enten gibt, klingelt eine Glocke.","Wenn es fünf große rote Enten und zwei große grüne Löwen gibt, klingelt eine Glocke."
ko,test,primary,assertion,quantity,2,False,1,큰 초록색 사자 두 마리와 큰 빨간색 오리 다섯 마리가 있다.,큰 빨간색 오리 다섯 마리와 큰 초록색 사자 두 마리가 있다.
ko,test,auxiliary,conditional,quantity,2,False,1,만약 큰 초록색 사자 두 마리와 큰 빨간색 오리 다섯 마리가 있다면 종이 울린다.,만약 큰 빨간색 오리 다섯 마리와 큰 초록색 사자 두 마리가 있다면 종이 울린다.
en,test,primary,assertion,quantity,2,True,0,There are seven small green mice and two small red cows.,There are seven small red cows and two small green mice.
en,test,auxiliary,conditional,quantity,2,True,0,"If there are seven small green mice and two small red cows, a bell rings.","If there are seven small red cows and two small green mice, a bell rings."
de,test,primary,assertion,quantity,2,True,0,Es gibt sieben kleine grüne Mäuse und zwei kleine rote Kühe.,Es gibt sieben kleine rote Kühe und zwei kleine grüne Mäuse.
de,test,auxiliary,conditional,quantity,2,True,0,"Wenn es sieben kleine grüne Mäuse und zwei kleine rote Kühe gibt, klingelt eine Glocke.","Wenn es sieben kleine rote Kühe und zwei kleine grüne Mäuse gibt, klingelt eine Glocke."
ko,test,primary,assertion,quantity,2,True,0,작은 초록색 쥐 일곱 마리와 작은 빨간색 소 두 마리가 있다.,작은 빨간색 소 일곱 마리와 작은 초록색 쥐 두 마리가 있다.
ko,test,auxiliary,conditional,quantity,2,True,0,만약 작은 초록색 쥐 일곱 마리와 작은 빨간색 소 두 마리가 있다면 종이 울린다.,만약 작은 빨간색 소 일곱 마리와 작은 초록색 쥐 두 마리가 있다면 종이 울린다.
en,test,primary,assertion,quantity,2,True,1,There are seven small green mice and two small red cows.,There are two small red cows and seven small green mice.
en,test,auxiliary,conditional,quantity,2,True,1,"If there are seven small green mice and two small red cows, a bell rings.","If there are two small red cows and seven small green mice, a bell rings."
de,test,primary,assertion,quantity,2,True,1,Es gibt sieben kleine grüne Mäuse und zwei kleine rote Kühe.,Es gibt zwei kleine rote Kühe und sieben kleine grüne Mäuse.
de,test,auxiliary,conditional,quantity,2,True,1,"Wenn es sieben kleine grüne Mäuse und zwei kleine rote Kühe gibt, klingelt eine Glocke.","Wenn es zwei kleine rote Kühe und sieben kleine grüne Mäuse gibt, klingelt eine Glocke."
ko,test,primary,assertion,quantity,2,True,1,작은 초록색 쥐 일곱 마리와 작은 빨간색 소 두 마리가 있다.,작은 빨간색 소 두 마리와 작은 초록색 쥐 일곱 마리가 있다.
ko,test,auxiliary,conditional,quantity,2,True,1,만약 작은 초록색 쥐 일곱 마리와 작은 빨간색 소 두 마리가 있다면 종이 울린다.,만약 작은 빨간색 소 두 마리와 작은 초록색 쥐 일곱 마리가 있다면 종이 울린다.
en,test,primary,assertion,quantity,1,True,0,There are six large white mice and seven small blue sheep.,There are six small blue sheep and seven large white mice.
en,test,auxiliary,conditional,quantity,1,True,0,"If there are six large white mice and seven small blue sheep, a bell rings.","If there are six small blue sheep and seven large white mice, a bell rings."
de,test,primary,assertion,quantity,1,True,0,Es gibt sechs große weiße Mäuse und sieben kleine blaue Schafe.,Es gibt sechs kleine blaue Schafe und sieben große weiße Mäuse.
de,test,auxiliary,conditional,quantity,1,True,0,"Wenn es sechs große weiße Mäuse und sieben kleine blaue Schafe gibt, klingelt eine Glocke.","Wenn es sechs kleine blaue Schafe und sieben große weiße Mäuse gibt, klingelt eine Glocke."
ko,test,primary,assertion,quantity,1,True,0,큰 하얀색 쥐 여섯 마리와 작은 파란색 양 일곱 마리가 있다.,작은 파란색 양 여섯 마리와 큰 하얀색 쥐 일곱 마리가 있다.
ko,test,auxiliary,conditional,quantity,1,True,0,만약 큰 하얀색 쥐 여섯 마리와 작은 파란색 양 일곱 마리가 있다면 종이 울린다.,만약 작은 파란색 양 여섯 마리와 큰 하얀색 쥐 일곱 마리가 있다면 종이 울린다.
en,test,primary,assertion,quantity,1,True,1,There are six large white mice and seven small blue sheep.,There are seven small blue sheep and six large white mice.
en,test,auxiliary,conditional,quantity,1,True,1,"If there are six large white mice and seven small blue sheep, a bell rings.","If there are seven small blue sheep and six large white mice, a bell rings."
de,test,primary,assertion,quantity,1,True,1,Es gibt sechs große weiße Mäuse und sieben kleine blaue Schafe.,Es gibt sieben kleine blaue Schafe und sechs große weiße Mäuse.
de,test,auxiliary,conditional,quantity,1,True,1,"Wenn es sechs große weiße Mäuse und sieben kleine blaue Schafe gibt, klingelt eine Glocke.","Wenn es sieben kleine blaue Schafe und sechs große weiße Mäuse gibt, klingelt eine Glocke."
ko,test,primary,assertion,quantity,1,True,1,큰 하얀색 쥐 여섯 마리와 작은 파란색 양 일곱 마리가 있다.,작은 파란색 양 일곱 마리와 큰 하얀색 쥐 여섯 마리가 있다.
ko,test,auxiliary,conditional,quantity,1,True,1,만약 큰 하얀색 쥐 여섯 마리와 작은 파란색 양 일곱 마리가 있다면 종이 울린다.,만약 작은 파란색 양 일곱 마리와 큰 하얀색 쥐 여섯 마리가 있다면 종이 울린다.
en,test,primary,assertion,quantity,1,False,0,There are two small black bears and eight small yellow bears.,There are two small yellow bears and eight small black bears.
en,test,auxiliary,conditional,quantity,1,False,0,"If there are two small black bears and eight small yellow bears, a bell rings.","If there are two small yellow bears and eight small black bears, a bell rings."
de,test,primary,assertion,quantity,1,False,0,Es gibt zwei kleine schwarze Bären und acht kleine gelbe Bären.,Es gibt zwei kleine gelbe Bären und acht kleine schwarze Bären.
de,test,auxiliary,conditional,quantity,1,False,0,"Wenn es zwei kleine schwarze Bären und acht kleine gelbe Bären gibt, klingelt eine Glocke.","Wenn es zwei kleine gelbe Bären und acht kleine schwarze Bären gibt, klingelt eine Glocke."
ko,test,primary,assertion,quantity,1,False,0,작은 검은색 곰 두 마리와 작은 노란색 곰 여덟 마리가 있다.,작은 노란색 곰 두 마리와 작은 검은색 곰 여덟 마리가 있다.
ko,test,auxiliary,conditional,quantity,1,False,0,만약 작은 검은색 곰 두 마리와 작은 노란색 곰 여덟 마리가 있다면 종이 울린다.,만약 작은 노란색 곰 두 마리와 작은 검은색 곰 여덟 마리가 있다면 종이 울린다.
en,test,primary,assertion,quantity,1,False,1,There are two small black bears and eight small yellow bears.,There are eight small yellow bears and two small black bears.
en,test,auxiliary,conditional,quantity,1,False,1,"If there are two small black bears and eight small yellow bears, a bell rings.","If there are eight small yellow bears and two small black bears, a bell rings."
de,test,primary,assertion,quantity,1,False,1,Es gibt zwei kleine schwarze Bären und acht kleine gelbe Bären.,Es gibt acht kleine gelbe Bären und zwei kleine schwarze Bären.
de,test,auxiliary,conditional,quantity,1,False,1,"Wenn es zwei kleine schwarze Bären und acht kleine gelbe Bären gibt, klingelt eine Glocke.","Wenn es acht kleine gelbe Bären und zwei kleine schwarze Bären gibt, klingelt eine Glocke."
ko,test,primary,assertion,quantity,1,False,1,작은 검은색 곰 두 마리와 작은 노란색 곰 여덟 마리가 있다.,작은 노란색 곰 여덟 마리와 작은 검은색 곰 두 마리가 있다.
ko,test,auxiliary,conditional,quantity,1,False,1,만약 작은 검은색 곰 두 마리와 작은 노란색 곰 여덟 마리가 있다면 종이 울린다.,만약 작은 노란색 곰 여덟 마리와 작은 검은색 곰 두 마리가 있다면 종이 울린다.
en,test,primary,assertion,quantity,0,True,0,There are four old green mice and six large red horses.,There are four large red horses and six old green mice.
en,test,auxiliary,conditional,quantity,0,True,0,"If there are four old green mice and six large red horses, a bell rings.","If there are four large red horses and six old green mice, a bell rings."
de,test,primary,assertion,quantity,0,True,0,Es gibt vier alte grüne Mäuse und sechs große rote Pferde.,Es gibt vier große rote Pferde und sechs alte grüne Mäuse.
de,test,auxiliary,conditional,quantity,0,True,0,"Wenn es vier alte grüne Mäuse und sechs große rote Pferde gibt, klingelt eine Glocke.","Wenn es vier große rote Pferde und sechs alte grüne Mäuse gibt, klingelt eine Glocke."
ko,test,primary,assertion,quantity,0,True,0,늙은 초록색 쥐 네 마리와 큰 빨간색 말 여섯 마리가 있다.,큰 빨간색 말 네 마리와 늙은 초록색 쥐 여섯 마리가 있다.
ko,test,auxiliary,conditional,quantity,0,True,0,만약 늙은 초록색 쥐 네 마리와 큰 빨간색 말 여섯 마리가 있다면 종이 울린다.,만약 큰 빨간색 말 네 마리와 늙은 초록색 쥐 여섯 마리가 있다면 종이 울린다.
en,test,primary,assertion,quantity,0,True,1,There are four old green mice and six large red horses.,There are six large red horses and four old green mice.
en,test,auxiliary,conditional,quantity,0,True,1,"If there are four old green mice and six large red horses, a bell rings.","If there are six large red horses and four old green mice, a bell rings."
de,test,primary,assertion,quantity,0,True,1,Es gibt vier alte grüne Mäuse und sechs große rote Pferde.,Es gibt sechs große rote Pferde und vier alte grüne Mäuse.
de,test,auxiliary,conditional,quantity,0,True,1,"Wenn es vier alte grüne Mäuse und sechs große rote Pferde gibt, klingelt eine Glocke.","Wenn es sechs große rote Pferde und vier alte grüne Mäuse gibt, klingelt eine Glocke."
ko,test,primary,assertion,quantity,0,True,1,늙은 초록색 쥐 네 마리와 큰 빨간색 말 여섯 마리가 있다.,큰 빨간색 말 여섯 마리와 늙은 초록색 쥐 네 마리가 있다.
ko,test,auxiliary,conditional,quantity,0,True,1,만약 늙은 초록색 쥐 네 마리와 큰 빨간색 말 여섯 마리가 있다면 종이 울린다.,만약 큰 빨간색 말 여섯 마리와 늙은 초록색 쥐 네 마리가 있다면 종이 울린다.
