id,language,split,task,sentence_a,sentence_b,label,reviewer,judged_label,fluent,comment
b504b21863197a90768524729d4f6d844a495c9351ebb0c6138fed3c15bdeb0f:0:en,en,train,roles,The large blue cow greets the large blue cat and the large blue cat follows the large blue cow.,The large blue cat is followed by the large blue cow and the large blue cow is greeted by the large blue cat.,0,reviewer_1,,,
b504b21863197a90768524729d4f6d844a495c9351ebb0c6138fed3c15bdeb0f:0:en,en,train,roles,The large blue cow greets the large blue cat and the large blue cat follows the large blue cow.,The large blue cat is followed by the large blue cow and the large blue cow is greeted by the large blue cat.,0,reviewer_2,,,
70d26e38cae30d52f676101761970064b38386dabaf86f626a6b55170ecf5c5e:1:en,en,train,roles,The small blue bear greets the small green fox and the small green fox follows the small blue bear.,The small green fox is greeted by the small blue bear and the small blue bear is followed by the small green fox.,1,reviewer_1,,,
70d26e38cae30d52f676101761970064b38386dabaf86f626a6b55170ecf5c5e:1:en,en,train,roles,The small blue bear greets the small green fox and the small green fox follows the small blue bear.,The small green fox is greeted by the small blue bear and the small blue bear is followed by the small green fox.,1,reviewer_2,,,
9f6a5b74a7fc59af8dee90937b51fd00b063151cafdede56e5a0efa031bcecc3:0:en,en,train,negation,The large yellow horse does not greet the small black sheep and the small black sheep greets the large yellow horse.,The small black sheep is greeted by the large yellow horse and the large yellow horse is not greeted by the small black sheep.,0,reviewer_1,,,
9f6a5b74a7fc59af8dee90937b51fd00b063151cafdede56e5a0efa031bcecc3:0:en,en,train,negation,The large yellow horse does not greet the small black sheep and the small black sheep greets the large yellow horse.,The small black sheep is greeted by the large yellow horse and the large yellow horse is not greeted by the small black sheep.,0,reviewer_2,,,
6d39bf701de16d4b50127c69d43e9a6ce66060aa4907cac57e4c67ad5eefae8b:1:en,en,train,negation,The old white dog greets the young black lion and the young black lion does not greet the old white dog.,The young black lion is greeted by the old white dog and the old white dog is not greeted by the young black lion.,1,reviewer_1,,,
6d39bf701de16d4b50127c69d43e9a6ce66060aa4907cac57e4c67ad5eefae8b:1:en,en,train,negation,The old white dog greets the young black lion and the young black lion does not greet the old white dog.,The young black lion is greeted by the old white dog and the old white dog is not greeted by the young black lion.,1,reviewer_2,,,
b9131cd0c20eb17256726c76b4e89ea9a46d585a1e41b4e73efce1aace4f31e5:0:en,en,train,space,The young blue cow is in front of the small yellow bear and the young yellow mouse is behind the young yellow cow.,The small yellow bear is in front of the young blue cow and the young yellow cow is behind the young yellow mouse.,0,reviewer_1,,,
b9131cd0c20eb17256726c76b4e89ea9a46d585a1e41b4e73efce1aace4f31e5:0:en,en,train,space,The young blue cow is in front of the small yellow bear and the young yellow mouse is behind the young yellow cow.,The small yellow bear is in front of the young blue cow and the young yellow cow is behind the young yellow mouse.,0,reviewer_2,,,
cde6e2cc7e4fc8713a4b8d9a49444721141309fc22ea980343c7c4400e8ac7e8:1:en,en,train,space,The young red bear is behind the old green bear and the young white rabbit is in front of the large black bear.,The old green bear is in front of the young red bear and the large black bear is behind the young white rabbit.,1,reviewer_1,,,
cde6e2cc7e4fc8713a4b8d9a49444721141309fc22ea980343c7c4400e8ac7e8:1:en,en,train,space,The young red bear is behind the old green bear and the young white rabbit is in front of the large black bear.,The old green bear is in front of the young red bear and the large black bear is behind the young white rabbit.,1,reviewer_2,,,
cfd0de74fec371af159f3abaebd4e110c78449fc315f2cb92fe4e88f30f3d845:0:en,en,train,quantity,There are eight small yellow cats and four young white cows.,There are eight young white cows and four small yellow cats.,0,reviewer_1,,,
cfd0de74fec371af159f3abaebd4e110c78449fc315f2cb92fe4e88f30f3d845:0:en,en,train,quantity,There are eight small yellow cats and four young white cows.,There are eight young white cows and four small yellow cats.,0,reviewer_2,,,
6998f6680d73b098a9915a5651e5018e1b3ff933fbdd04109657a3876c62a8d6:1:en,en,train,quantity,There are two small blue foxes and six small white rabbits.,There are six small white rabbits and two small blue foxes.,1,reviewer_1,,,
6998f6680d73b098a9915a5651e5018e1b3ff933fbdd04109657a3876c62a8d6:1:en,en,train,quantity,There are two small blue foxes and six small white rabbits.,There are six small white rabbits and two small blue foxes.,1,reviewer_2,,,
cf079a413db262c68d3e5289af5f22c9e8dd027f1a55f072111c4f920785d1af:0:en,en,dev_a,roles,The small red lion follows the young black duck and the young black duck greets the small red lion.,The young black duck is greeted by the small red lion and the small red lion is followed by the young black duck.,0,reviewer_1,,,
cf079a413db262c68d3e5289af5f22c9e8dd027f1a55f072111c4f920785d1af:0:en,en,dev_a,roles,The small red lion follows the young black duck and the young black duck greets the small red lion.,The young black duck is greeted by the small red lion and the small red lion is followed by the young black duck.,0,reviewer_2,,,
0963eb095614e3fca75820a1c8810460831c95bc6a2a7d346e03a59ea426f357:1:en,en,dev_a,roles,The large red rabbit sees the large green horse and the large green horse follows the large red rabbit.,The large green horse is seen by the large red rabbit and the large red rabbit is followed by the large green horse.,1,reviewer_1,,,
0963eb095614e3fca75820a1c8810460831c95bc6a2a7d346e03a59ea426f357:1:en,en,dev_a,roles,The large red rabbit sees the large green horse and the large green horse follows the large red rabbit.,The large green horse is seen by the large red rabbit and the large red rabbit is followed by the large green horse.,1,reviewer_2,,,
ced7b2ad2555656df7cfbb1207a1e2b12cce6254140a5c547683c8c428a47d98:0:en,en,dev_a,negation,The old blue cow sees the young white cow and the young white cow does not see the old blue cow.,The young white cow is not seen by the old blue cow and the old blue cow is seen by the young white cow.,0,reviewer_1,,,
ced7b2ad2555656df7cfbb1207a1e2b12cce6254140a5c547683c8c428a47d98:0:en,en,dev_a,negation,The old blue cow sees the young white cow and the young white cow does not see the old blue cow.,The young white cow is not seen by the old blue cow and the old blue cow is seen by the young white cow.,0,reviewer_2,,,
5428470df2998d0e37983b9d6e4b106c19fd6d5489013087d2764143f2162a46:1:en,en,dev_a,negation,The small white rabbit sees the small green dog and the small green dog does not see the small white rabbit.,The small green dog is seen by the small white rabbit and the small white rabbit is not seen by the small green dog.,1,reviewer_1,,,
5428470df2998d0e37983b9d6e4b106c19fd6d5489013087d2764143f2162a46:1:en,en,dev_a,negation,The small white rabbit sees the small green dog and the small green dog does not see the small white rabbit.,The small green dog is seen by the small white rabbit and the small white rabbit is not seen by the small green dog.,1,reviewer_2,,,
1fe5584927b7c81b58d061986a8678aa0224a83141370f5df623db428a43078f:0:en,en,dev_a,space,The large blue dog is to the right of the old red sheep and the young blue bear is to the left of the small red mouse.,The old red sheep is to the right of the large blue dog and the small red mouse is to the left of the young blue bear.,0,reviewer_1,,,
1fe5584927b7c81b58d061986a8678aa0224a83141370f5df623db428a43078f:0:en,en,dev_a,space,The large blue dog is to the right of the old red sheep and the young blue bear is to the left of the small red mouse.,The old red sheep is to the right of the large blue dog and the small red mouse is to the left of the young blue bear.,0,reviewer_2,,,
036854c5f1b75f0d7cb18a01d9b007003f7d1af2ce575447c168706e586c368b:1:en,en,dev_a,space,The small green mouse is below the large white cat and the young blue duck is above the small white bear.,The large white cat is above the small green mouse and the small white bear is below the young blue duck.,1,reviewer_1,,,
036854c5f1b75f0d7cb18a01d9b007003f7d1af2ce575447c168706e586c368b:1:en,en,dev_a,space,The small green mouse is below the large white cat and the young blue duck is above the small white bear.,The large white cat is above the small green mouse and the small white bear is below the young blue duck.,1,reviewer_2,,,
5c5fed4d7133c6dcfb7da77c17c4ec1f3a9f7b0e693efb826d6f416c5774e41c:0:en,en,dev_a,quantity,There are five young yellow cows and eight old red cows.,There are five old red cows and eight young yellow cows.,0,reviewer_1,,,
5c5fed4d7133c6dcfb7da77c17c4ec1f3a9f7b0e693efb826d6f416c5774e41c:0:en,en,dev_a,quantity,There are five young yellow cows and eight old red cows.,There are five old red cows and eight young yellow cows.,0,reviewer_2,,,
0738e2c58f18051bd12f8ee9caf7a3d049472ac7af10db29135ea044cf7ba700:1:en,en,dev_a,quantity,There are two small yellow dogs and seven young white cats.,There are seven young white cats and two small yellow dogs.,1,reviewer_1,,,
0738e2c58f18051bd12f8ee9caf7a3d049472ac7af10db29135ea044cf7ba700:1:en,en,dev_a,quantity,There are two small yellow dogs and seven young white cats.,There are seven young white cats and two small yellow dogs.,1,reviewer_2,,,
df35aba66b04ab2ed321ada12075dec8a26366dc85d080b67a9e7f1e95e4b99c:0:en,en,dev_b,roles,The old blue rabbit sees the small red horse and the small red horse follows the old blue rabbit.,The small red horse is followed by the old blue rabbit and the old blue rabbit is seen by the small red horse.,0,reviewer_1,,,
df35aba66b04ab2ed321ada12075dec8a26366dc85d080b67a9e7f1e95e4b99c:0:en,en,dev_b,roles,The old blue rabbit sees the small red horse and the small red horse follows the old blue rabbit.,The small red horse is followed by the old blue rabbit and the old blue rabbit is seen by the small red horse.,0,reviewer_2,,,
1c9523d66de8ea5133cef18ce81873b7138b885b3b4f524aa1b2c7b3d28614c9:1:en,en,dev_b,roles,The small green mouse follows the old black duck and the old black duck greets the small green mouse.,The old black duck is followed by the small green mouse and the small green mouse is greeted by the old black duck.,1,reviewer_1,,,
1c9523d66de8ea5133cef18ce81873b7138b885b3b4f524aa1b2c7b3d28614c9:1:en,en,dev_b,roles,The small green mouse follows the old black duck and the old black duck greets the small green mouse.,The old black duck is followed by the small green mouse and the small green mouse is greeted by the old black duck.,1,reviewer_2,,,
a903ceaa8b71e309041b7b3c47a63d12dd60c5ecd2424476e5f4eae9656de73b:0:en,en,dev_b,negation,The small yellow sheep does not follow the old blue hen and the old blue hen follows the small yellow sheep.,The old blue hen is followed by the small yellow sheep and the small yellow sheep is not followed by the old blue hen.,0,reviewer_1,,,
a903ceaa8b71e309041b7b3c47a63d12dd60c5ecd2424476e5f4eae9656de73b:0:en,en,dev_b,negation,The small yellow sheep does not follow the old blue hen and the old blue hen follows the small yellow sheep.,The old blue hen is followed by the small yellow sheep and the small yellow sheep is not followed by the old blue hen.,0,reviewer_2,,,
27703fa214e348ad8648ce68ba2e9cd1cc806045dc0b78332d3294a565fa4917:1:en,en,dev_b,negation,The young blue dog follows the small black rabbit and the small black rabbit does not follow the young blue dog.,The small black rabbit is followed by the young blue dog and the young blue dog is not followed by the small black rabbit.,1,reviewer_1,,,
27703fa214e348ad8648ce68ba2e9cd1cc806045dc0b78332d3294a565fa4917:1:en,en,dev_b,negation,The young blue dog follows the small black rabbit and the small black rabbit does not follow the young blue dog.,The small black rabbit is followed by the young blue dog and the young blue dog is not followed by the small black rabbit.,1,reviewer_2,,,
610c3c12aefd3d675af6c8492d6ebb4ca8c8b0bea828fdcb3ee16adf1e41f30c:0:en,en,dev_b,space,The young blue dog is in front of the young yellow cat and the old yellow sheep is behind the small red duck.,The young yellow cat is in front of the young blue dog and the small red duck is behind the old yellow sheep.,0,reviewer_1,,,
610c3c12aefd3d675af6c8492d6ebb4ca8c8b0bea828fdcb3ee16adf1e41f30c:0:en,en,dev_b,space,The young blue dog is in front of the young yellow cat and the old yellow sheep is behind the small red duck.,The young yellow cat is in front of the young blue dog and the small red duck is behind the old yellow sheep.,0,reviewer_2,,,
e5314536e60e8830206ab7412fc37eacec2893f28befa3029878782201391cb7:1:en,en,dev_b,space,The old white sheep is behind the small white bear and the small black bear is in front of the small black hen.,The small white bear is in front of the old white sheep and the small black hen is behind the small black bear.,1,reviewer_1,,,
e5314536e60e8830206ab7412fc37eacec2893f28befa3029878782201391cb7:1:en,en,dev_b,space,The old white sheep is behind the small white bear and the small black bear is in front of the small black hen.,The small white bear is in front of the old white sheep and the small black hen is behind the small black bear.,1,reviewer_2,,,
1e8cad120919e3ee4c3808174ea80b62c1175f767cf30d01f1ddd22c3b2473bb:0:en,en,dev_b,quantity,There are five small blue cats and eight large red bears.,There are five large red bears and eight small blue cats.,0,reviewer_1,,,
1e8cad120919e3ee4c3808174ea80b62c1175f767cf30d01f1ddd22c3b2473bb:0:en,en,dev_b,quantity,There are five small blue cats and eight large red bears.,There are five large red bears and eight small blue cats.,0,reviewer_2,,,
900f1d329d8c5caa029be3f359e000909a88ac8a2957f469dfac77788c37ec3d:1:en,en,dev_b,quantity,There are six old red rabbits and eight old blue lions.,There are eight old blue lions and six old red rabbits.,1,reviewer_1,,,
900f1d329d8c5caa029be3f359e000909a88ac8a2957f469dfac77788c37ec3d:1:en,en,dev_b,quantity,There are six old red rabbits and eight old blue lions.,There are eight old blue lions and six old red rabbits.,1,reviewer_2,,,
e779f6df53d5805495e8abc48054489e1d2c43872c2756c7e3f8a47b99c9004e:0:en,en,test,roles,The small blue rabbit follows the young blue cow and the young blue cow sees the small blue rabbit.,The young blue cow is seen by the small blue rabbit and the small blue rabbit is followed by the young blue cow.,0,reviewer_1,,,
e779f6df53d5805495e8abc48054489e1d2c43872c2756c7e3f8a47b99c9004e:0:en,en,test,roles,The small blue rabbit follows the young blue cow and the young blue cow sees the small blue rabbit.,The young blue cow is seen by the small blue rabbit and the small blue rabbit is followed by the young blue cow.,0,reviewer_2,,,
69fda73f672373d0124e244da2c1d651ab4661cebd8d22c4d3fc602cf08c31dc:1:en,en,test,roles,The young yellow hen follows the small black mouse and the small black mouse sees the young yellow hen.,The small black mouse is followed by the young yellow hen and the young yellow hen is seen by the small black mouse.,1,reviewer_1,,,
69fda73f672373d0124e244da2c1d651ab4661cebd8d22c4d3fc602cf08c31dc:1:en,en,test,roles,The young yellow hen follows the small black mouse and the small black mouse sees the young yellow hen.,The small black mouse is followed by the young yellow hen and the young yellow hen is seen by the small black mouse.,1,reviewer_2,,,
bdab2afb375f7bddbe211f95c27d83c002dee4318f0b7cc9caeb5cfec2982c51:0:en,en,test,negation,The large white horse sees the old blue duck and the old blue duck does not see the large white horse.,The old blue duck is not seen by the large white horse and the large white horse is seen by the old blue duck.,0,reviewer_1,,,
bdab2afb375f7bddbe211f95c27d83c002dee4318f0b7cc9caeb5cfec2982c51:0:en,en,test,negation,The large white horse sees the old blue duck and the old blue duck does not see the large white horse.,The old blue duck is not seen by the large white horse and the large white horse is seen by the old blue duck.,0,reviewer_2,,,
7a1cfbb3065201cbd9bb2d671b5aeb44a52132234f27259915554ffe9f3fc7e0:1:en,en,test,negation,The old white rabbit greets the large blue rabbit and the large blue rabbit does not greet the old white rabbit.,The large blue rabbit is greeted by the old white rabbit and the old white rabbit is not greeted by the large blue rabbit.,1,reviewer_1,,,
7a1cfbb3065201cbd9bb2d671b5aeb44a52132234f27259915554ffe9f3fc7e0:1:en,en,test,negation,The old white rabbit greets the large blue rabbit and the large blue rabbit does not greet the old white rabbit.,The large blue rabbit is greeted by the old white rabbit and the old white rabbit is not greeted by the large blue rabbit.,1,reviewer_2,,,
4880e3d31031a29db321ad51175fcb6866929426bd5cc3e4ab0a9d275c4b9785:0:en,en,test,space,The young yellow mouse is above the old green sheep and the old blue fox is below the old red cat.,The old green sheep is above the young yellow mouse and the old red cat is below the old blue fox.,0,reviewer_1,,,
4880e3d31031a29db321ad51175fcb6866929426bd5cc3e4ab0a9d275c4b9785:0:en,en,test,space,The young yellow mouse is above the old green sheep and the old blue fox is below the old red cat.,The old green sheep is above the young yellow mouse and the old red cat is below the old blue fox.,0,reviewer_2,,,
301edba7ab71c0fa38e3e30f801085de775d85855a1109c0236db02ae4f397b8:1:en,en,test,space,The small white lion is behind the young red hen and the small black cow is in front of the old green cow.,The young red hen is in front of the small white lion and the old green cow is behind the small black cow.,1,reviewer_1,,,
301edba7ab71c0fa38e3e30f801085de775d85855a1109c0236db02ae4f397b8:1:en,en,test,space,The small white lion is behind the young red hen and the small black cow is in front of the old green cow.,The young red hen is in front of the small white lion and the old green cow is behind the small black cow.,1,reviewer_2,,,
450dd2e352a094af74e8e789da70c30398aebd4beb58dee94bdcf1f6e7a39fbe:0:en,en,test,quantity,There are six old yellow horses and five young black ducks.,There are six young black ducks and five old yellow horses.,0,reviewer_1,,,
450dd2e352a094af74e8e789da70c30398aebd4beb58dee94bdcf1f6e7a39fbe:0:en,en,test,quantity,There are six old yellow horses and five young black ducks.,There are six young black ducks and five old yellow horses.,0,reviewer_2,,,
0d40a4430f5443b761c390fbd86f249974df844d5f28ff3ca59169a670ba691b:1:en,en,test,quantity,There are eight old yellow sheep and seven small black lions.,There are seven small black lions and eight old yellow sheep.,1,reviewer_1,,,
0d40a4430f5443b761c390fbd86f249974df844d5f28ff3ca59169a670ba691b:1:en,en,test,quantity,There are eight old yellow sheep and seven small black lions.,There are seven small black lions and eight old yellow sheep.,1,reviewer_2,,,
9e004300a599f0e15ea84d5cea6ce31ebddecea286d6f4f77695e9b95b663c06:0:en,en,train,roles,The small black cow greets the small blue hen and the small blue hen follows the small black cow.,The small blue hen is followed by the small black cow and the small black cow is greeted by the small blue hen.,0,reviewer_1,,,
9e004300a599f0e15ea84d5cea6ce31ebddecea286d6f4f77695e9b95b663c06:0:en,en,train,roles,The small black cow greets the small blue hen and the small blue hen follows the small black cow.,The small blue hen is followed by the small black cow and the small black cow is greeted by the small blue hen.,0,reviewer_2,,,
8934978cbaaaf9e013e60fdcd8e7b1ff5d213ea00dd5c62884e600e56986303a:1:en,en,train,roles,The old red cat sees the large black fox and the large black fox follows the old red cat.,The large black fox is seen by the old red cat and the old red cat is followed by the large black fox.,1,reviewer_1,,,
8934978cbaaaf9e013e60fdcd8e7b1ff5d213ea00dd5c62884e600e56986303a:1:en,en,train,roles,The old red cat sees the large black fox and the large black fox follows the old red cat.,The large black fox is seen by the old red cat and the old red cat is followed by the large black fox.,1,reviewer_2,,,
ae957b70ee5925614c3840ad28b35db2991c2e4f0c63028ab69759b5d5b71769:0:en,en,train,negation,The small red cat does not follow the young white bear and the young white bear follows the small red cat.,The young white bear is followed by the small red cat and the small red cat is not followed by the young white bear.,0,reviewer_1,,,
ae957b70ee5925614c3840ad28b35db2991c2e4f0c63028ab69759b5d5b71769:0:en,en,train,negation,The small red cat does not follow the young white bear and the young white bear follows the small red cat.,The young white bear is followed by the small red cat and the small red cat is not followed by the young white bear.,0,reviewer_2,,,
3a6484d0fa8305b1115b1b0bffdc92873dfb43247c6a8cc1eb746b3f66ea6777:1:en,en,train,negation,The old red bear does not greet the large blue cat and the large blue cat greets the old red bear.,The large blue cat is not greeted by the old red bear and the old red bear is greeted by the large blue cat.,1,reviewer_1,,,
3a6484d0fa8305b1115b1b0bffdc92873dfb43247c6a8cc1eb746b3f66ea6777:1:en,en,train,negation,The old red bear does not greet the large blue cat and the large blue cat greets the old red bear.,The large blue cat is not greeted by the old red bear and the old red bear is greeted by the large blue cat.,1,reviewer_2,,,
58aaed946aa9b6bd87d57f327dafcd5ea9eda2983afd2c5999f2473b27bd59ec:0:en,en,train,space,The young red cat is to the right of the large white cow and the large green rabbit is to the left of the young red rabbit.,The large white cow is to the right of the young red cat and the young red rabbit is to the left of the large green rabbit.,0,reviewer_1,,,
58aaed946aa9b6bd87d57f327dafcd5ea9eda2983afd2c5999f2473b27bd59ec:0:en,en,train,space,The young red cat is to the right of the large white cow and the large green rabbit is to the left of the young red rabbit.,The large white cow is to the right of the young red cat and the young red rabbit is to the left of the large green rabbit.,0,reviewer_2,,,
529c013c52c520e68cf651aec15edadf785c42c1c97bf2761aca3f7a527393c8:1:en,en,train,space,The large blue cow is above the young yellow dog and the young black bear is below the small white duck.,The young yellow dog is below the large blue cow and the small white duck is above the young black bear.,1,reviewer_1,,,
529c013c52c520e68cf651aec15edadf785c42c1c97bf2761aca3f7a527393c8:1:en,en,train,space,The large blue cow is above the young yellow dog and the young black bear is below the small white duck.,The young yellow dog is below the large blue cow and the small white duck is above the young black bear.,1,reviewer_2,,,
ac05bd3446d37f2bde6661c9d0992cd5840551a0cbddab2d375689279e4f3c48:0:en,en,train,quantity,There are four old red cows and five small white foxes.,There are four small white foxes and five old red cows.,0,reviewer_1,,,
ac05bd3446d37f2bde6661c9d0992cd5840551a0cbddab2d375689279e4f3c48:0:en,en,train,quantity,There are four old red cows and five small white foxes.,There are four small white foxes and five old red cows.,0,reviewer_2,,,
a6ccfc14d04bc3cb00aa443ff1edf7a391f524051d4eb5b98f4796150e5cb7b1:1:en,en,train,quantity,There are seven small blue lions and eight young yellow horses.,There are eight young yellow horses and seven small blue lions.,1,reviewer_1,,,
a6ccfc14d04bc3cb00aa443ff1edf7a391f524051d4eb5b98f4796150e5cb7b1:1:en,en,train,quantity,There are seven small blue lions and eight young yellow horses.,There are eight young yellow horses and seven small blue lions.,1,reviewer_2,,,
af982171ef114bfa9859c58c5a54f4cca66aaffbf76570520508ab9de8aadf02:0:en,en,dev_a,roles,The large blue horse sees the old green duck and the old green duck follows the large blue horse.,The old green duck is followed by the large blue horse and the large blue horse is seen by the old green duck.,0,reviewer_1,,,
af982171ef114bfa9859c58c5a54f4cca66aaffbf76570520508ab9de8aadf02:0:en,en,dev_a,roles,The large blue horse sees the old green duck and the old green duck follows the large blue horse.,The old green duck is followed by the large blue horse and the large blue horse is seen by the old green duck.,0,reviewer_2,,,
58d8bc7549959326858407fb20cc62cbd21e9036e720153619a1b8a957937ff2:1:en,en,dev_a,roles,The old blue dog greets the young blue cow and the young blue cow sees the old blue dog.,The young blue cow is greeted by the old blue dog and the old blue dog is seen by the young blue cow.,1,reviewer_1,,,
58d8bc7549959326858407fb20cc62cbd21e9036e720153619a1b8a957937ff2:1:en,en,dev_a,roles,The old blue dog greets the young blue cow and the young blue cow sees the old blue dog.,The young blue cow is greeted by the old blue dog and the old blue dog is seen by the young blue cow.,1,reviewer_2,,,
cf01edd93d6e9021fd9c67e97fcd6660641ebb01293c7d95ece96cf8f9a4816f:0:en,en,dev_a,negation,The old red cat does not greet the young yellow duck and the young yellow duck greets the old red cat.,The young yellow duck is greeted by the old red cat and the old red cat is not greeted by the young yellow duck.,0,reviewer_1,,,
cf01edd93d6e9021fd9c67e97fcd6660641ebb01293c7d95ece96cf8f9a4816f:0:en,en,dev_a,negation,The old red cat does not greet the young yellow duck and the young yellow duck greets the old red cat.,The young yellow duck is greeted by the old red cat and the old red cat is not greeted by the young yellow duck.,0,reviewer_2,,,
0f1462b936deb23a9065eab85732eb6ee082af96a3c8753b14632420474bd87e:1:en,en,dev_a,negation,The young blue lion does not greet the large black lion and the large black lion greets the young blue lion.,The large black lion is not greeted by the young blue lion and the young blue lion is greeted by the large black lion.,1,reviewer_1,,,
0f1462b936deb23a9065eab85732eb6ee082af96a3c8753b14632420474bd87e:1:en,en,dev_a,negation,The young blue lion does not greet the large black lion and the large black lion greets the young blue lion.,The large black lion is not greeted by the young blue lion and the young blue lion is greeted by the large black lion.,1,reviewer_2,,,
4ff52e71503f50650e9ec71f0a6ad96e3d8d4bfe52f2a549e697265119d04e2d:0:en,en,dev_a,space,The old green dog is above the small yellow mouse and the young black duck is below the young blue sheep.,The small yellow mouse is above the old green dog and the young blue sheep is below the young black duck.,0,reviewer_1,,,
4ff52e71503f50650e9ec71f0a6ad96e3d8d4bfe52f2a549e697265119d04e2d:0:en,en,dev_a,space,The old green dog is above the small yellow mouse and the young black duck is below the young blue sheep.,The small yellow mouse is above the old green dog and the young blue sheep is below the young black duck.,0,reviewer_2,,,
cdb94dfd1cabf5459d836b3d28ba9d6f933ad87e6694221a2f0a88021adcb387:1:en,en,dev_a,space,The old yellow bear is to the left of the small green bear and the large red rabbit is to the right of the small green lion.,The small green bear is to the right of the old yellow bear and the small green lion is to the left of the large red rabbit.,1,reviewer_1,,,
cdb94dfd1cabf5459d836b3d28ba9d6f933ad87e6694221a2f0a88021adcb387:1:en,en,dev_a,space,The old yellow bear is to the left of the small green bear and the large red rabbit is to the right of the small green lion.,The small green bear is to the right of the old yellow bear and the small green lion is to the left of the large red rabbit.,1,reviewer_2,,,
e857ba2925cb3c22243d62eee4581707f351703c41777ec9b84831a5cecd832f:0:en,en,dev_a,quantity,There are three young black hens and five young green bears.,There are three young green bears and five young black hens.,0,reviewer_1,,,
e857ba2925cb3c22243d62eee4581707f351703c41777ec9b84831a5cecd832f:0:en,en,dev_a,quantity,There are three young black hens and five young green bears.,There are three young green bears and five young black hens.,0,reviewer_2,,,
ad8f2905ec12b8ba12d72841e8a1eae08acf7868a89189b2e7786421f78245e4:1:en,en,dev_a,quantity,There are six old red bears and five old black bears.,There are five old black bears and six old red bears.,1,reviewer_1,,,
ad8f2905ec12b8ba12d72841e8a1eae08acf7868a89189b2e7786421f78245e4:1:en,en,dev_a,quantity,There are six old red bears and five old black bears.,There are five old black bears and six old red bears.,1,reviewer_2,,,
1746ca6a82adbe32b4376d54904fe2c58aad16e35e483fc4950709e1abfa2898:0:en,en,dev_b,roles,The large black mouse sees the small black bear and the small black bear greets the large black mouse.,The small black bear is greeted by the large black mouse and the large black mouse is seen by the small black bear.,0,reviewer_1,,,
1746ca6a82adbe32b4376d54904fe2c58aad16e35e483fc4950709e1abfa2898:0:en,en,dev_b,roles,The large black mouse sees the small black bear and the small black bear greets the large black mouse.,The small black bear is greeted by the large black mouse and the large black mouse is seen by the small black bear.,0,reviewer_2,,,
99576d3ef0b31687410f220800ea503725bb5815df5b4583de0105d40b802cb5:1:en,en,dev_b,roles,The old green sheep sees the old white cat and the old white cat greets the old green sheep.,The old white cat is seen by the old green sheep and the old green sheep is greeted by the old white cat.,1,reviewer_1,,,
99576d3ef0b31687410f220800ea503725bb5815df5b4583de0105d40b802cb5:1:en,en,dev_b,roles,The old green sheep sees the old white cat and the old white cat greets the old green sheep.,The old white cat is seen by the old green sheep and the old green sheep is greeted by the old white cat.,1,reviewer_2,,,
fcd5cb86da5c8db5b33e9bef1b2559820b72eabb38e5f421b28885146f616652:0:en,en,dev_b,negation,The small yellow mouse follows the large green hen and the large green hen does not follow the small yellow mouse.,The large green hen is not followed by the small yellow mouse and the small yellow mouse is followed by the large green hen.,0,reviewer_1,,,
fcd5cb86da5c8db5b33e9bef1b2559820b72eabb38e5f421b28885146f616652:0:en,en,dev_b,negation,The small yellow mouse follows the large green hen and the large green hen does not follow the small yellow mouse.,The large green hen is not followed by the small yellow mouse and the small yellow mouse is followed by the large green hen.,0,reviewer_2,,,
edbb0c1248add78b5a87b722f82bbe7cc5bff4d8b21d6c3d06886c5345fb59ee:1:en,en,dev_b,negation,The large yellow cow does not greet the old white lion and the old white lion greets the large yellow cow.,The old white lion is not greeted by the large yellow cow and the large yellow cow is greeted by the old white lion.,1,reviewer_1,,,
edbb0c1248add78b5a87b722f82bbe7cc5bff4d8b21d6c3d06886c5345fb59ee:1:en,en,dev_b,negation,The large yellow cow does not greet the old white lion and the old white lion greets the large yellow cow.,The old white lion is not greeted by the large yellow cow and the large yellow cow is greeted by the old white lion.,1,reviewer_2,,,
e671bd52e5e72ecbfe8d636ee146d6bfbc632ee90df4981a0bfaaadf778bd543:0:en,en,dev_b,space,The young red dog is to the right of the large white rabbit and the small blue hen is to the left of the young yellow hen.,The large white rabbit is to the right of the young red dog and the young yellow hen is to the left of the small blue hen.,0,reviewer_1,,,
e671bd52e5e72ecbfe8d636ee146d6bfbc632ee90df4981a0bfaaadf778bd543:0:en,en,dev_b,space,The young red dog is to the right of the large white rabbit and the small blue hen is to the left of the young yellow hen.,The large white rabbit is to the right of the young red dog and the young yellow hen is to the left of the small blue hen.,0,reviewer_2,,,
8bb92c46a5905e2ceae3f769e22fb189edf730e94313decd4f0c68b0313baf94:1:en,en,dev_b,space,The large black rabbit is above the old yellow mouse and the old white mouse is below the large yellow horse.,The old yellow mouse is below the large black rabbit and the large yellow horse is above the old white mouse.,1,reviewer_1,,,
8bb92c46a5905e2ceae3f769e22fb189edf730e94313decd4f0c68b0313baf94:1:en,en,dev_b,space,The large black rabbit is above the old yellow mouse and the old white mouse is below the large yellow horse.,The old yellow mouse is below the large black rabbit and the large yellow horse is above the old white mouse.,1,reviewer_2,,,
9681a7b27c9ce97a3edf91fe5938a1f396c991ceba793163f754414ad5cfb978:0:en,en,dev_b,quantity,There are three young red horses and five small black cats.,There are three small black cats and five young red horses.,0,reviewer_1,,,
9681a7b27c9ce97a3edf91fe5938a1f396c991ceba793163f754414ad5cfb978:0:en,en,dev_b,quantity,There are three young red horses and five small black cats.,There are three small black cats and five young red horses.,0,reviewer_2,,,
ffb0ac0e22209f388da85ff7487ac0d3f114b0d06f0044a8ec0a1e6e32a8a2d0:1:en,en,dev_b,quantity,There are five small white hens and two young yellow mice.,There are two young yellow mice and five small white hens.,1,reviewer_1,,,
ffb0ac0e22209f388da85ff7487ac0d3f114b0d06f0044a8ec0a1e6e32a8a2d0:1:en,en,dev_b,quantity,There are five small white hens and two young yellow mice.,There are two young yellow mice and five small white hens.,1,reviewer_2,,,
f3732b07a5ce730857afaa6214c35a5234d0199037a56775fac28a3479b311d4:0:en,en,test,roles,The young black horse sees the small white duck and the small white duck greets the young black horse.,The small white duck is greeted by the young black horse and the young black horse is seen by the small white duck.,0,reviewer_1,,,
f3732b07a5ce730857afaa6214c35a5234d0199037a56775fac28a3479b311d4:0:en,en,test,roles,The young black horse sees the small white duck and the small white duck greets the young black horse.,The small white duck is greeted by the young black horse and the young black horse is seen by the small white duck.,0,reviewer_2,,,
115dc6d366af003789a1e356fd238fec26525597e9a44494c988a43b2387e036:1:en,en,test,roles,The large white dog follows the large red mouse and the large red mouse greets the large white dog.,The large red mouse is followed by the large white dog and the large white dog is greeted by the large red mouse.,1,reviewer_1,,,
115dc6d366af003789a1e356fd238fec26525597e9a44494c988a43b2387e036:1:en,en,test,roles,The large white dog follows the large red mouse and the large red mouse greets the large white dog.,The large red mouse is followed by the large white dog and the large white dog is greeted by the large red mouse.,1,reviewer_2,,,
9947023379ab4a3317c67ff2025aa7ae7ed7e353faffb592f713d7df30f68359:0:en,en,test,negation,The large blue sheep does not see the old black rabbit and the old black rabbit sees the large blue sheep.,The old black rabbit is seen by the large blue sheep and the large blue sheep is not seen by the old black rabbit.,0,reviewer_1,,,
9947023379ab4a3317c67ff2025aa7ae7ed7e353faffb592f713d7df30f68359:0:en,en,test,negation,The large blue sheep does not see the old black rabbit and the old black rabbit sees the large blue sheep.,The old black rabbit is seen by the large blue sheep and the large blue sheep is not seen by the old black rabbit.,0,reviewer_2,,,
f41f50c3e7da267d329bee98ab9021d3d8e66371081984e15e6bf434ac697628:1:en,en,test,negation,The small white lion does not see the small green cow and the small green cow sees the small white lion.,The small green cow is not seen by the small white lion and the small white lion is seen by the small green cow.,1,reviewer_1,,,
f41f50c3e7da267d329bee98ab9021d3d8e66371081984e15e6bf434ac697628:1:en,en,test,negation,The small white lion does not see the small green cow and the small green cow sees the small white lion.,The small green cow is not seen by the small white lion and the small white lion is seen by the small green cow.,1,reviewer_2,,,
431370af44b603691cf78ef72223f53b60864c8f8b03a4b0721ce6f4855f3527:0:en,en,test,space,The small red hen is to the right of the large blue hen and the small blue hen is to the left of the young yellow hen.,The large blue hen is to the right of the small red hen and the young yellow hen is to the left of the small blue hen.,0,reviewer_1,,,
431370af44b603691cf78ef72223f53b60864c8f8b03a4b0721ce6f4855f3527:0:en,en,test,space,The small red hen is to the right of the large blue hen and the small blue hen is to the left of the young yellow hen.,The large blue hen is to the right of the small red hen and the young yellow hen is to the left of the small blue hen.,0,reviewer_2,,,
28f228df6aaaf51de72d355288255adf8b774066fc4559d5d085d3107af1f11a:1:en,en,test,space,The large white hen is behind the young white hen and the young red horse is in front of the small green lion.,The young white hen is in front of the large white hen and the small green lion is behind the young red horse.,1,reviewer_1,,,
28f228df6aaaf51de72d355288255adf8b774066fc4559d5d085d3107af1f11a:1:en,en,test,space,The large white hen is behind the young white hen and the young red horse is in front of the small green lion.,The young white hen is in front of the large white hen and the small green lion is behind the young red horse.,1,reviewer_2,,,
c89068b36d829f9b0755ceed4f4f928fe46eb12c9c5df03fce3e7e833e022a52:0:en,en,test,quantity,There are five old white dogs and eight small black foxes.,There are five small black foxes and eight old white dogs.,0,reviewer_1,,,
c89068b36d829f9b0755ceed4f4f928fe46eb12c9c5df03fce3e7e833e022a52:0:en,en,test,quantity,There are five old white dogs and eight small black foxes.,There are five small black foxes and eight old white dogs.,0,reviewer_2,,,
223505af29ad8c866e7ba1ec4f756e9526404f1c41cf5023fbb9c214dd5c27f4:1:en,en,test,quantity,There are eight large yellow hens and five large yellow foxes.,There are five large yellow foxes and eight large yellow hens.,1,reviewer_1,,,
223505af29ad8c866e7ba1ec4f756e9526404f1c41cf5023fbb9c214dd5c27f4:1:en,en,test,quantity,There are eight large yellow hens and five large yellow foxes.,There are five large yellow foxes and eight large yellow hens.,1,reviewer_2,,,
235d3b945b3b076a0f9bea9e6d9edd73f2396ac3741eb09936ddb370e714db60:0:en,en,train,roles,The small red rabbit follows the large yellow cow and the large yellow cow sees the small red rabbit.,The large yellow cow is seen by the small red rabbit and the small red rabbit is followed by the large yellow cow.,0,reviewer_1,,,
235d3b945b3b076a0f9bea9e6d9edd73f2396ac3741eb09936ddb370e714db60:0:en,en,train,roles,The small red rabbit follows the large yellow cow and the large yellow cow sees the small red rabbit.,The large yellow cow is seen by the small red rabbit and the small red rabbit is followed by the large yellow cow.,0,reviewer_2,,,
610e81e8d0fda0cb1b328ed5e3c20766675dcb5f114fcbe701118e798965e1b7:1:en,en,train,roles,The large black cat sees the old blue rabbit and the old blue rabbit greets the large black cat.,The old blue rabbit is seen by the large black cat and the large black cat is greeted by the old blue rabbit.,1,reviewer_1,,,
610e81e8d0fda0cb1b328ed5e3c20766675dcb5f114fcbe701118e798965e1b7:1:en,en,train,roles,The large black cat sees the old blue rabbit and the old blue rabbit greets the large black cat.,The old blue rabbit is seen by the large black cat and the large black cat is greeted by the old blue rabbit.,1,reviewer_2,,,
f5f5325c166c3c341b82dd91f2512281e86f74d638292ecdd94971ba53c9a6e8:0:en,en,train,negation,The young yellow dog follows the young green mouse and the young green mouse does not follow the young yellow dog.,The young green mouse is not followed by the young yellow dog and the young yellow dog is followed by the young green mouse.,0,reviewer_1,,,
f5f5325c166c3c341b82dd91f2512281e86f74d638292ecdd94971ba53c9a6e8:0:en,en,train,negation,The young yellow dog follows the young green mouse and the young green mouse does not follow the young yellow dog.,The young green mouse is not followed by the young yellow dog and the young yellow dog is followed by the young green mouse.,0,reviewer_2,,,
7f0f811c5d6c5f63a2c8bc862165f187fba38de732613be7fad056916ff3061e:1:en,en,train,negation,The old black duck does not follow the old green mouse and the old green mouse follows the old black duck.,The old green mouse is not followed by the old black duck and the old black duck is followed by the old green mouse.,1,reviewer_1,,,
7f0f811c5d6c5f63a2c8bc862165f187fba38de732613be7fad056916ff3061e:1:en,en,train,negation,The old black duck does not follow the old green mouse and the old green mouse follows the old black duck.,The old green mouse is not followed by the old black duck and the old black duck is followed by the old green mouse.,1,reviewer_2,,,
f32b071039ce3c49a68f32054019cd2654f873a44790b6cd045a3db65de7f1b5:0:en,en,train,space,The large black duck is below the small white duck and the small yellow sheep is above the small black cow.,The small white duck is below the large black duck and the small black cow is above the small yellow sheep.,0,reviewer_1,,,
f32b071039ce3c49a68f32054019cd2654f873a44790b6cd045a3db65de7f1b5:0:en,en,train,space,The large black duck is below the small white duck and the small yellow sheep is above the small black cow.,The small white duck is below the large black duck and the small black cow is above the small yellow sheep.,0,reviewer_2,,,
ab66a854acc3a793de4dedb159c3d51b6031249a245e8748f7cb48c870263979:1:en,en,train,space,The old yellow rabbit is to the left of the young black bear and the small yellow horse is to the right of the large green cat.,The young black bear is to the right of the old yellow rabbit and the large green cat is to the left of the small yellow horse.,1,reviewer_1,,,
ab66a854acc3a793de4dedb159c3d51b6031249a245e8748f7cb48c870263979:1:en,en,train,space,The old yellow rabbit is to the left of the young black bear and the small yellow horse is to the right of the large green cat.,The young black bear is to the right of the old yellow rabbit and the large green cat is to the left of the small yellow horse.,1,reviewer_2,,,
f7b9a4ecbe21f49b39224d687ec8e256ed5c54f3c450ffd086e374e22ca617a8:0:en,en,train,quantity,There are five small green cows and two small red rabbits.,There are five small red rabbits and two small green cows.,0,reviewer_1,,,
f7b9a4ecbe21f49b39224d687ec8e256ed5c54f3c450ffd086e374e22ca617a8:0:en,en,train,quantity,There are five small green cows and two small red rabbits.,There are five small red rabbits and two small green cows.,0,reviewer_2,,,
208565e043e5f9e5a86da3b9fe84f0f14ffca5d1a898fe849fc1ddcd9f72e6a9:1:en,en,train,quantity,There are seven small blue ducks and five old black horses.,There are five old black horses and seven small blue ducks.,1,reviewer_1,,,
208565e043e5f9e5a86da3b9fe84f0f14ffca5d1a898fe849fc1ddcd9f72e6a9:1:en,en,train,quantity,There are seven small blue ducks and five old black horses.,There are five old black horses and seven small blue ducks.,1,reviewer_2,,,
455fd9d92b7a09cbd9e93f2b616f39b44f0e952e8dda81266bff231125472995:0:en,en,dev_a,roles,The large green hen follows the small black hen and the small black hen greets the large green hen.,The small black hen is greeted by the large green hen and the large green hen is followed by the small black hen.,0,reviewer_1,,,
455fd9d92b7a09cbd9e93f2b616f39b44f0e952e8dda81266bff231125472995:0:en,en,dev_a,roles,The large green hen follows the small black hen and the small black hen greets the large green hen.,The small black hen is greeted by the large green hen and the large green hen is followed by the small black hen.,0,reviewer_2,,,
c6afb331144d9a1c922d44b4ff9d20f3aaa63447f7c10f79996d99f560e76c4b:1:en,en,dev_a,roles,The small black duck follows the small black mouse and the small black mouse sees the small black duck.,The small black mouse is followed by the small black duck and the small black duck is seen by the small black mouse.,1,reviewer_1,,,
c6afb331144d9a1c922d44b4ff9d20f3aaa63447f7c10f79996d99f560e76c4b:1:en,en,dev_a,roles,The small black duck follows the small black mouse and the small black mouse sees the small black duck.,The small black mouse is followed by the small black duck and the small black duck is seen by the small black mouse.,1,reviewer_2,,,
4787cb59ca9b15649afdcbb57e31d59547075e8e78c5cfb07cb5cfae9e456066:0:en,en,dev_a,negation,The large yellow rabbit does not follow the old green rabbit and the old green rabbit follows the large yellow rabbit.,The old green rabbit is followed by the large yellow rabbit and the large yellow rabbit is not followed by the old green rabbit.,0,reviewer_1,,,
4787cb59ca9b15649afdcbb57e31d59547075e8e78c5cfb07cb5cfae9e456066:0:en,en,dev_a,negation,The large yellow rabbit does not follow the old green rabbit and the old green rabbit follows the large yellow rabbit.,The old green rabbit is followed by the large yellow rabbit and the large yellow rabbit is not followed by the old green rabbit.,0,reviewer_2,,,
d56a1681aac383dfc89fdf49a887907e2531ff6cf89a34ad4ff0ce14cee32fe4:1:en,en,dev_a,negation,The small black mouse does not see the large yellow hen and the large yellow hen sees the small black mouse.,The large yellow hen is not seen by the small black mouse and the small black mouse is seen by the large yellow hen.,1,reviewer_1,,,
d56a1681aac383dfc89fdf49a887907e2531ff6cf89a34ad4ff0ce14cee32fe4:1:en,en,dev_a,negation,The small black mouse does not see the large yellow hen and the large yellow hen sees the small black mouse.,The large yellow hen is not seen by the small black mouse and the small black mouse is seen by the large yellow hen.,1,reviewer_2,,,
0975db05ad1325cf9179c4fffed4003ba086aeb1bfe65419a3fdcb831d84b104:0:en,en,dev_a,space,The old black cat is above the young black cow and the young white cat is below the old green horse.,The young black cow is above the old black cat and the old green horse is below the young white cat.,0,reviewer_1,,,
0975db05ad1325cf9179c4fffed4003ba086aeb1bfe65419a3fdcb831d84b104:0:en,en,dev_a,space,The old black cat is above the young black cow and the young white cat is below the old green horse.,The young black cow is above the old black cat and the old green horse is below the young white cat.,0,reviewer_2,,,
18f338d578e57d422c78287f0b4051143cb91bbf6a38c13da6cfe936ddd18f90:1:en,en,dev_a,space,The large green fox is in front of the small white bear and the large black rabbit is behind the small white sheep.,The small white bear is behind the large green fox and the small white sheep is in front of the large black rabbit.,1,reviewer_1,,,
18f338d578e57d422c78287f0b4051143cb91bbf6a38c13da6cfe936ddd18f90:1:en,en,dev_a,space,The large green fox is in front of the small white bear and the large black rabbit is behind the small white sheep.,The small white bear is behind the large green fox and the small white sheep is in front of the large black rabbit.,1,reviewer_2,,,
8cebd775e6cb83d290fc9514300e327850c528639f9bcd7adaf4391ff945d277:0:en,en,dev_a,quantity,There are six young yellow horses and four young yellow bears.,There are six young yellow bears and four young yellow horses.,0,reviewer_1,,,
8cebd775e6cb83d290fc9514300e327850c528639f9bcd7adaf4391ff945d277:0:en,en,dev_a,quantity,There are six young yellow horses and four young yellow bears.,There are six young yellow bears and four young yellow horses.,0,reviewer_2,,,
7bf435098c8cda155be5d030194dbf530d3702f3177baa1768b95a17406516db:1:en,en,dev_a,quantity,There are five old yellow sheep and seven small yellow foxes.,There are seven small yellow foxes and five old yellow sheep.,1,reviewer_1,,,
7bf435098c8cda155be5d030194dbf530d3702f3177baa1768b95a17406516db:1:en,en,dev_a,quantity,There are five old yellow sheep and seven small yellow foxes.,There are seven small yellow foxes and five old yellow sheep.,1,reviewer_2,,,
0fe030f26760410e84f0dedc4bdfc4d7f6c5b8e677027412ca62cd6c13fcc649:0:en,en,dev_b,roles,The old red rabbit sees the small blue hen and the small blue hen greets the old red rabbit.,The small blue hen is greeted by the old red rabbit and the old red rabbit is seen by the small blue hen.,0,reviewer_1,,,
0fe030f26760410e84f0dedc4bdfc4d7f6c5b8e677027412ca62cd6c13fcc649:0:en,en,dev_b,roles,The old red rabbit sees the small blue hen and the small blue hen greets the old red rabbit.,The small blue hen is greeted by the old red rabbit and the old red rabbit is seen by the small blue hen.,0,reviewer_2,,,
745d9c22a0b6f755649d9cb1c62258b490c46699594f9481c375bda2797b58e3:1:en,en,dev_b,roles,The large red duck follows the old green duck and the old green duck sees the large red duck.,The old green duck is followed by the large red duck and the large red duck is seen by the old green duck.,1,reviewer_1,,,
745d9c22a0b6f755649d9cb1c62258b490c46699594f9481c375bda2797b58e3:1:en,en,dev_b,roles,The large red duck follows the old green duck and the old green duck sees the large red duck.,The old green duck is followed by the large red duck and the large red duck is seen by the old green duck.,1,reviewer_2,,,
3f2ccd3a805375ccd3c97953b6d0de57c15519398148b39130c493ce4e6c3c2f:0:en,en,dev_b,negation,The small yellow cow greets the small blue dog and the small blue dog does not greet the small yellow cow.,The small blue dog is not greeted by the small yellow cow and the small yellow cow is greeted by the small blue dog.,0,reviewer_1,,,
3f2ccd3a805375ccd3c97953b6d0de57c15519398148b39130c493ce4e6c3c2f:0:en,en,dev_b,negation,The small yellow cow greets the small blue dog and the small blue dog does not greet the small yellow cow.,The small blue dog is not greeted by the small yellow cow and the small yellow cow is greeted by the small blue dog.,0,reviewer_2,,,
64392feed5131e832353ac0eeb7f784869794f4d0c9c3cfb92fcdc64676d600d:1:en,en,dev_b,negation,The large green dog greets the young blue rabbit and the young blue rabbit does not greet the large green dog.,The young blue rabbit is greeted by the large green dog and the large green dog is not greeted by the young blue rabbit.,1,reviewer_1,,,
64392feed5131e832353ac0eeb7f784869794f4d0c9c3cfb92fcdc64676d600d:1:en,en,dev_b,negation,The large green dog greets the young blue rabbit and the young blue rabbit does not greet the large green dog.,The young blue rabbit is greeted by the large green dog and the large green dog is not greeted by the young blue rabbit.,1,reviewer_2,,,
55aea33a86dc32fe68963a886e35bfc82332c545c46ea2351a8cf08d004bdf9a:0:en,en,dev_b,space,The small green sheep is to the right of the young black cow and the small black cow is to the left of the young black lion.,The young black cow is to the right of the small green sheep and the young black lion is to the left of the small black cow.,0,reviewer_1,,,
55aea33a86dc32fe68963a886e35bfc82332c545c46ea2351a8cf08d004bdf9a:0:en,en,dev_b,space,The small green sheep is to the right of the young black cow and the small black cow is to the left of the young black lion.,The young black cow is to the right of the small green sheep and the young black lion is to the left of the small black cow.,0,reviewer_2,,,
c571afca9e155d8b9f9bf219db3863b58670b6597afdac27f644d9be34c1b781:1:en,en,dev_b,space,The old blue duck is to the right of the small white mouse and the small blue rabbit is to the left of the large yellow cow.,The small white mouse is to the left of the old blue duck and the large yellow cow is to the right of the small blue rabbit.,1,reviewer_1,,,
c571afca9e155d8b9f9bf219db3863b58670b6597afdac27f644d9be34c1b781:1:en,en,dev_b,space,The old blue duck is to the right of the small white mouse and the small blue rabbit is to the left of the large yellow cow.,The small white mouse is to the left of the old blue duck and the large yellow cow is to the right of the small blue rabbit.,1,reviewer_2,,,
e0a6269afabf0225b066c2c5d13ea7489246fea5a9bdedc107afbd081ca3d5f1:0:en,en,dev_b,quantity,There are six large red cats and seven young blue dogs.,There are six young blue dogs and seven large red cats.,0,reviewer_1,,,
e0a6269afabf0225b066c2c5d13ea7489246fea5a9bdedc107afbd081ca3d5f1:0:en,en,dev_b,quantity,There are six large red cats and seven young blue dogs.,There are six young blue dogs and seven large red cats.,0,reviewer_2,,,
1e3d580a02f06d0ffc3f1c6b5eebb65c5fff5e1aa0b6f81ba34112dfe18c8a42:1:en,en,dev_b,quantity,There are four large black foxes and six small green cows.,There are six small green cows and four large black foxes.,1,reviewer_1,,,
1e3d580a02f06d0ffc3f1c6b5eebb65c5fff5e1aa0b6f81ba34112dfe18c8a42:1:en,en,dev_b,quantity,There are four large black foxes and six small green cows.,There are six small green cows and four large black foxes.,1,reviewer_2,,,
7692363ffd89364faa38a786d8b7afca4c19d44ac7e72bc92b57c87864074b39:0:en,en,test,roles,The large black bear sees the young red lion and the young red lion follows the large black bear.,The young red lion is followed by the large black bear and the large black bear is seen by the young red lion.,0,reviewer_1,,,
7692363ffd89364faa38a786d8b7afca4c19d44ac7e72bc92b57c87864074b39:0:en,en,test,roles,The large black bear sees the young red lion and the young red lion follows the large black bear.,The young red lion is followed by the large black bear and the large black bear is seen by the young red lion.,0,reviewer_2,,,
d36822df445c7f4241a08edd2a8bdc2481af017d278188774c930765a729a0f2:1:en,en,test,roles,The small green horse sees the large green rabbit and the large green rabbit follows the small green horse.,The large green rabbit is seen by the small green horse and the small green horse is followed by the large green rabbit.,1,reviewer_1,,,
d36822df445c7f4241a08edd2a8bdc2481af017d278188774c930765a729a0f2:1:en,en,test,roles,The small green horse sees the large green rabbit and the large green rabbit follows the small green horse.,The large green rabbit is seen by the small green horse and the small green horse is followed by the large green rabbit.,1,reviewer_2,,,
c047ba1f02336e2bfca81178baab2c588de9bfb281375d89c1e3594103c071b8:0:en,en,test,negation,The large white bear does not greet the small red hen and the small red hen greets the large white bear.,The small red hen is greeted by the large white bear and the large white bear is not greeted by the small red hen.,0,reviewer_1,,,
c047ba1f02336e2bfca81178baab2c588de9bfb281375d89c1e3594103c071b8:0:en,en,test,negation,The large white bear does not greet the small red hen and the small red hen greets the large white bear.,The small red hen is greeted by the large white bear and the large white bear is not greeted by the small red hen.,0,reviewer_2,,,
a3d97ddf45f35ac183a3f0cea6de9ae197915cf2f0aab9e5f067fe2788705d81:1:en,en,test,negation,The young white duck does not follow the old red dog and the old red dog follows the young white duck.,The old red dog is not followed by the young white duck and the young white duck is followed by the old red dog.,1,reviewer_1,,,
a3d97ddf45f35ac183a3f0cea6de9ae197915cf2f0aab9e5f067fe2788705d81:1:en,en,test,negation,The young white duck does not follow the old red dog and the old red dog follows the young white duck.,The old red dog is not followed by the young white duck and the young white duck is followed by the old red dog.,1,reviewer_2,,,
11a9fadbd106bd0f0dec9f01d2a6b4c8cc8967596e628fb8c118b83beec63bd6:0:en,en,test,space,The old white dog is in front of the small red dog and the young green rabbit is behind the old blue dog.,The small red dog is in front of the old white dog and the old blue dog is behind the young green rabbit.,0,reviewer_1,,,
11a9fadbd106bd0f0dec9f01d2a6b4c8cc8967596e628fb8c118b83beec63bd6:0:en,en,test,space,The old white dog is in front of the small red dog and the young green rabbit is behind the old blue dog.,The small red dog is in front of the old white dog and the old blue dog is behind the young green rabbit.,0,reviewer_2,,,
afc97fa39a703b3c404aed67ed25f046efb9c69788375efa3388b8029f127aad:1:en,en,test,space,The small red rabbit is below the old white duck and the old white lion is above the small green rabbit.,The old white duck is above the small red rabbit and the small green rabbit is below the old white lion.,1,reviewer_1,,,
afc97fa39a703b3c404aed67ed25f046efb9c69788375efa3388b8029f127aad:1:en,en,test,space,The small red rabbit is below the old white duck and the old white lion is above the small green rabbit.,The old white duck is above the small red rabbit and the small green rabbit is below the old white lion.,1,reviewer_2,,,
94573a9785578295ebca7e0676fe90bd45a0101c54ad2fc9e89330d4c6cc8f1f:0:en,en,test,quantity,There are four young red hens and three small yellow horses.,There are four small yellow horses and three young red hens.,0,reviewer_1,,,
94573a9785578295ebca7e0676fe90bd45a0101c54ad2fc9e89330d4c6cc8f1f:0:en,en,test,quantity,There are four young red hens and three small yellow horses.,There are four small yellow horses and three young red hens.,0,reviewer_2,,,
b05e2047455c567083fc2d92c4a9ab4a4fda6356e642f49fa17aa410e9c6ebfe:1:en,en,test,quantity,There are three large blue bears and five small red lions.,There are five small red lions and three large blue bears.,1,reviewer_1,,,
b05e2047455c567083fc2d92c4a9ab4a4fda6356e642f49fa17aa410e9c6ebfe:1:en,en,test,quantity,There are three large blue bears and five small red lions.,There are five small red lions and three large blue bears.,1,reviewer_2,,,
ac509ce4c103565f06063991ce1a8d00c0c4002afba58efe4136cef66e65aa34:0:en,en,train,roles,The small yellow cow sees the large black cat and the large black cat follows the small yellow cow.,The large black cat is followed by the small yellow cow and the small yellow cow is seen by the large black cat.,0,reviewer_1,,,
ac509ce4c103565f06063991ce1a8d00c0c4002afba58efe4136cef66e65aa34:0:en,en,train,roles,The small yellow cow sees the large black cat and the large black cat follows the small yellow cow.,The large black cat is followed by the small yellow cow and the small yellow cow is seen by the large black cat.,0,reviewer_2,,,
71a3a960a36b51959e74be3dbeed2239ddd253f2dd40584384f56d8d8e2d774a:1:en,en,train,roles,The young black mouse greets the small black cow and the small black cow sees the young black mouse.,The small black cow is greeted by the young black mouse and the young black mouse is seen by the small black cow.,1,reviewer_1,,,
71a3a960a36b51959e74be3dbeed2239ddd253f2dd40584384f56d8d8e2d774a:1:en,en,train,roles,The young black mouse greets the small black cow and the small black cow sees the young black mouse.,The small black cow is greeted by the young black mouse and the young black mouse is seen by the small black cow.,1,reviewer_2,,,
2f803bc09977d177065c91e07f8a092436387f4aa9f144e8f04369ec57830bea:0:en,en,train,negation,The young yellow bear greets the young yellow horse and the young yellow horse does not greet the young yellow bear.,The young yellow horse is not greeted by the young yellow bear and the young yellow bear is greeted by the young yellow horse.,0,reviewer_1,,,
2f803bc09977d177065c91e07f8a092436387f4aa9f144e8f04369ec57830bea:0:en,en,train,negation,The young yellow bear greets the young yellow horse and the young yellow horse does not greet the young yellow bear.,The young yellow horse is not greeted by the young yellow bear and the young yellow bear is greeted by the young yellow horse.,0,reviewer_2,,,
c84b6ff4de84cfc8bf6dd65bd6ad92a8e545f48b7a747a6cf58201fd6aee7277:1:en,en,train,negation,The large blue dog does not see the old white hen and the old white hen sees the large blue dog.,The old white hen is not seen by the large blue dog and the large blue dog is seen by the old white hen.,1,reviewer_1,,,
c84b6ff4de84cfc8bf6dd65bd6ad92a8e545f48b7a747a6cf58201fd6aee7277:1:en,en,train,negation,The large blue dog does not see the old white hen and the old white hen sees the large blue dog.,The old white hen is not seen by the large blue dog and the large blue dog is seen by the old white hen.,1,reviewer_2,,,
84416600117ec1965e8d2b6cb9138fb256953533d1b33d59d63dcd2ee3cfaf8d:0:en,en,train,space,The small black cow is to the left of the young black lion and the old yellow fox is to the right of the small red horse.,The young black lion is to the left of the small black cow and the small red horse is to the right of the old yellow fox.,0,reviewer_1,,,
84416600117ec1965e8d2b6cb9138fb256953533d1b33d59d63dcd2ee3cfaf8d:0:en,en,train,space,The small black cow is to the left of the young black lion and the old yellow fox is to the right of the small red horse.,The young black lion is to the left of the small black cow and the small red horse is to the right of the old yellow fox.,0,reviewer_2,,,
0a5f3c7423515ef444edcdc64bd8c5223e8d47a8acab69f9dc499f7fd3c23502:1:en,en,train,space,The old blue horse is below the large yellow cow and the small black bear is above the small blue cow.,The large yellow cow is above the old blue horse and the small blue cow is below the small black bear.,1,reviewer_1,,,
0a5f3c7423515ef444edcdc64bd8c5223e8d47a8acab69f9dc499f7fd3c23502:1:en,en,train,space,The old blue horse is below the large yellow cow and the small black bear is above the small blue cow.,The large yellow cow is above the old blue horse and the small blue cow is below the small black bear.,1,reviewer_2,,,
1de2c10cc12d736cf02e8bc3944fd187017554ff8df4db849f51afadae327ad7:0:en,en,train,quantity,There are seven old green cats and five young blue lions.,There are seven young blue lions and five old green cats.,0,reviewer_1,,,
1de2c10cc12d736cf02e8bc3944fd187017554ff8df4db849f51afadae327ad7:0:en,en,train,quantity,There are seven old green cats and five young blue lions.,There are seven young blue lions and five old green cats.,0,reviewer_2,,,
c7a5404cafb589ffad39dba90ea33007f176dbfdb45618695ac268efc19e5b75:1:en,en,train,quantity,There are four young green ducks and three young yellow dogs.,There are three young yellow dogs and four young green ducks.,1,reviewer_1,,,
c7a5404cafb589ffad39dba90ea33007f176dbfdb45618695ac268efc19e5b75:1:en,en,train,quantity,There are four young green ducks and three young yellow dogs.,There are three young yellow dogs and four young green ducks.,1,reviewer_2,,,
541332993f7174ff4ee9e5c8e2d10309a460321e85d6c0e297d98228bbc2db2b:0:en,en,dev_a,roles,The large yellow lion greets the small black cat and the small black cat sees the large yellow lion.,The small black cat is seen by the large yellow lion and the large yellow lion is greeted by the small black cat.,0,reviewer_1,,,
541332993f7174ff4ee9e5c8e2d10309a460321e85d6c0e297d98228bbc2db2b:0:en,en,dev_a,roles,The large yellow lion greets the small black cat and the small black cat sees the large yellow lion.,The small black cat is seen by the large yellow lion and the large yellow lion is greeted by the small black cat.,0,reviewer_2,,,
23653a59ff668c78de80deb26b3db9edbcb710164cc75cf2054b6578006c45b2:1:en,en,dev_a,roles,The small white hen follows the small green dog and the small green dog greets the small white hen.,The small green dog is followed by the small white hen and the small white hen is greeted by the small green dog.,1,reviewer_1,,,
23653a59ff668c78de80deb26b3db9edbcb710164cc75cf2054b6578006c45b2:1:en,en,dev_a,roles,The small white hen follows the small green dog and the small green dog greets the small white hen.,The small green dog is followed by the small white hen and the small white hen is greeted by the small green dog.,1,reviewer_2,,,
edf1bc4963bbc9104d27bdffe105bffef596e6836dfd19a0bc91886974f66c5b:0:en,en,dev_a,negation,The small green hen greets the young white cow and the young white cow does not greet the small green hen.,The young white cow is not greeted by the small green hen and the small green hen is greeted by the young white cow.,0,reviewer_1,,,
edf1bc4963bbc9104d27bdffe105bffef596e6836dfd19a0bc91886974f66c5b:0:en,en,dev_a,negation,The small green hen greets the young white cow and the young white cow does not greet the small green hen.,The young white cow is not greeted by the small green hen and the small green hen is greeted by the young white cow.,0,reviewer_2,,,
38d65319ebb0a384dd5529548c00b1d963a57a5e49f301d37411a11466019203:1:en,en,dev_a,negation,The small yellow rabbit does not follow the young black cat and the young black cat follows the small yellow rabbit.,The young black cat is not followed by the small yellow rabbit and the small yellow rabbit is followed by the young black cat.,1,reviewer_1,,,
38d65319ebb0a384dd5529548c00b1d963a57a5e49f301d37411a11466019203:1:en,en,dev_a,negation,The small yellow rabbit does not follow the young black cat and the young black cat follows the small yellow rabbit.,The young black cat is not followed by the small yellow rabbit and the small yellow rabbit is followed by the young black cat.,1,reviewer_2,,,
f32634c1db12c645156235157ce624cb3dc8adc5311c13e95bd991d680d28519:0:en,en,dev_a,space,The large black lion is behind the young green sheep and the young yellow cow is in front of the small white cow.,The young green sheep is behind the large black lion and the small white cow is in front of the young yellow cow.,0,reviewer_1,,,
f32634c1db12c645156235157ce624cb3dc8adc5311c13e95bd991d680d28519:0:en,en,dev_a,space,The large black lion is behind the young green sheep and the young yellow cow is in front of the small white cow.,The young green sheep is behind the large black lion and the small white cow is in front of the young yellow cow.,0,reviewer_2,,,
920ca4693a66a4d0f8b831f6d60a81141ef1281bb1c1615797911d2d1d980931:1:en,en,dev_a,space,The large blue dog is to the right of the small white hen and the small yellow mouse is to the left of the young red hen.,The small white hen is to the left of the large blue dog and the young red hen is to the right of the small yellow mouse.,1,reviewer_1,,,
920ca4693a66a4d0f8b831f6d60a81141ef1281bb1c1615797911d2d1d980931:1:en,en,dev_a,space,The large blue dog is to the right of the small white hen and the small yellow mouse is to the left of the young red hen.,The small white hen is to the left of the large blue dog and the young red hen is to the right of the small yellow mouse.,1,reviewer_2,,,
b171e38df93a401d14db4580557a21cf4e978a4e7e75a4ddcbaf3edd545ed58e:0:en,en,dev_a,quantity,There are five small red horses and four old blue dogs.,There are five old blue dogs and four small red horses.,0,reviewer_1,,,
b171e38df93a401d14db4580557a21cf4e978a4e7e75a4ddcbaf3edd545ed58e:0:en,en,dev_a,quantity,There are five small red horses and four old blue dogs.,There are five old blue dogs and four small red horses.,0,reviewer_2,,,
702a13698b563fb0070256d920313e4c64426beb534241f8425ced6b024e35cf:1:en,en,dev_a,quantity,There are four large white dogs and eight old black horses.,There are eight old black horses and four large white dogs.,1,reviewer_1,,,
702a13698b563fb0070256d920313e4c64426beb534241f8425ced6b024e35cf:1:en,en,dev_a,quantity,There are four large white dogs and eight old black horses.,There are eight old black horses and four large white dogs.,1,reviewer_2,,,
1647dc02c40f46a0f31e436f4d5fb947e2809780156c50b6e322c2bd313ada47:0:en,en,dev_b,roles,The small black cow follows the old red cat and the old red cat greets the small black cow.,The old red cat is greeted by the small black cow and the small black cow is followed by the old red cat.,0,reviewer_1,,,
1647dc02c40f46a0f31e436f4d5fb947e2809780156c50b6e322c2bd313ada47:0:en,en,dev_b,roles,The small black cow follows the old red cat and the old red cat greets the small black cow.,The old red cat is greeted by the small black cow and the small black cow is followed by the old red cat.,0,reviewer_2,,,
192b99960decd73596b5c0cdc66b90cca529f61a01e81bdd4ad11fc8d380b6de:1:en,en,dev_b,roles,The large black duck sees the small red rabbit and the small red rabbit greets the large black duck.,The small red rabbit is seen by the large black duck and the large black duck is greeted by the small red rabbit.,1,reviewer_1,,,
192b99960decd73596b5c0cdc66b90cca529f61a01e81bdd4ad11fc8d380b6de:1:en,en,dev_b,roles,The large black duck sees the small red rabbit and the small red rabbit greets the large black duck.,The small red rabbit is seen by the large black duck and the large black duck is greeted by the small red rabbit.,1,reviewer_2,,,
78e28c624b71b4d05c198da13283d18d3d7f821fa4cd7463a786df60004d141e:0:en,en,dev_b,negation,The old blue dog does not follow the young yellow sheep and the young yellow sheep follows the old blue dog.,The young yellow sheep is followed by the old blue dog and the old blue dog is not followed by the young yellow sheep.,0,reviewer_1,,,
78e28c624b71b4d05c198da13283d18d3d7f821fa4cd7463a786df60004d141e:0:en,en,dev_b,negation,The old blue dog does not follow the young yellow sheep and the young yellow sheep follows the old blue dog.,The young yellow sheep is followed by the old blue dog and the old blue dog is not followed by the young yellow sheep.,0,reviewer_2,,,
a82cadaed5aaa6d7fdc0643802693ab9ed53d2dc32713c37082e87101415e55f:1:en,en,dev_b,negation,The small blue lion greets the small white rabbit and the small white rabbit does not greet the small blue lion.,The small white rabbit is greeted by the small blue lion and the small blue lion is not greeted by the small white rabbit.,1,reviewer_1,,,
a82cadaed5aaa6d7fdc0643802693ab9ed53d2dc32713c37082e87101415e55f:1:en,en,dev_b,negation,The small blue lion greets the small white rabbit and the small white rabbit does not greet the small blue lion.,The small white rabbit is greeted by the small blue lion and the small blue lion is not greeted by the small white rabbit.,1,reviewer_2,,,
b2aa30ae86831fbfa5b7f0d5b524096954dc1f98bf586181013c1f5e17bb4ba0:0:en,en,dev_b,space,The old yellow rabbit is behind the small blue dog and the large black lion is in front of the old green fox.,The small blue dog is behind the old yellow rabbit and the old green fox is in front of the large black lion.,0,reviewer_1,,,
b2aa30ae86831fbfa5b7f0d5b524096954dc1f98bf586181013c1f5e17bb4ba0:0:en,en,dev_b,space,The old yellow rabbit is behind the small blue dog and the large black lion is in front of the old green fox.,The small blue dog is behind the old yellow rabbit and the old green fox is in front of the large black lion.,0,reviewer_2,,,
57a83226b47a5af68886bb51517c007a5bf6ca3bf02fcef88cef1775559adb3d:1:en,en,dev_b,space,The young white rabbit is below the old blue horse and the old blue bear is above the small black bear.,The old blue horse is above the young white rabbit and the small black bear is below the old blue bear.,1,reviewer_1,,,
57a83226b47a5af68886bb51517c007a5bf6ca3bf02fcef88cef1775559adb3d:1:en,en,dev_b,space,The young white rabbit is below the old blue horse and the old blue bear is above the small black bear.,The old blue horse is above the young white rabbit and the small black bear is below the old blue bear.,1,reviewer_2,,,
e614426a6498d35989d15faffeb73a6ae911635a0c4663850fedf9f23db730e2:0:en,en,dev_b,quantity,There are two large white bears and three old yellow sheep.,There are two old yellow sheep and three large white bears.,0,reviewer_1,,,
e614426a6498d35989d15faffeb73a6ae911635a0c4663850fedf9f23db730e2:0:en,en,dev_b,quantity,There are two large white bears and three old yellow sheep.,There are two old yellow sheep and three large white bears.,0,reviewer_2,,,
6495f0468170f9279908dde5398c727327a4964d31d996c0a43b0d0eca9d035e:1:en,en,dev_b,quantity,There are two large white bears and three old black ducks.,There are three old black ducks and two large white bears.,1,reviewer_1,,,
6495f0468170f9279908dde5398c727327a4964d31d996c0a43b0d0eca9d035e:1:en,en,dev_b,quantity,There are two large white bears and three old black ducks.,There are three old black ducks and two large white bears.,1,reviewer_2,,,
1b323abb7b76c2b2793f87b8ee05dcdeac1b3aef5bab6e053b97018419b8a2c9:0:en,en,test,roles,The old white sheep follows the young red rabbit and the young red rabbit sees the old white sheep.,The young red rabbit is seen by the old white sheep and the old white sheep is followed by the young red rabbit.,0,reviewer_1,,,
1b323abb7b76c2b2793f87b8ee05dcdeac1b3aef5bab6e053b97018419b8a2c9:0:en,en,test,roles,The old white sheep follows the young red rabbit and the young red rabbit sees the old white sheep.,The young red rabbit is seen by the old white sheep and the old white sheep is followed by the young red rabbit.,0,reviewer_2,,,
b97214939f6422065e9735ec8702245c869a86e0341e425967a317da7e0cee75:1:en,en,test,roles,The young blue bear sees the old green bear and the old green bear greets the young blue bear.,The old green bear is seen by the young blue bear and the young blue bear is greeted by the old green bear.,1,reviewer_1,,,
b97214939f6422065e9735ec8702245c869a86e0341e425967a317da7e0cee75:1:en,en,test,roles,The young blue bear sees the old green bear and the old green bear greets the young blue bear.,The old green bear is seen by the young blue bear and the young blue bear is greeted by the old green bear.,1,reviewer_2,,,
22718207d83c3cbe7e0efff5f33e8815aea2519219e7fdb89e1da766f1a62a38:0:en,en,test,negation,The small yellow duck sees the large blue horse and the large blue horse does not see the small yellow duck.,The large blue horse is not seen by the small yellow duck and the small yellow duck is seen by the large blue horse.,0,reviewer_1,,,
22718207d83c3cbe7e0efff5f33e8815aea2519219e7fdb89e1da766f1a62a38:0:en,en,test,negation,The small yellow duck sees the large blue horse and the large blue horse does not see the small yellow duck.,The large blue horse is not seen by the small yellow duck and the small yellow duck is seen by the large blue horse.,0,reviewer_2,,,
bfc6394bc1d240141c13b78077d0a5eeafd4060c8881fc6a1d071f79402186f2:1:en,en,test,negation,The old black horse sees the young white sheep and the young white sheep does not see the old black horse.,The young white sheep is seen by the old black horse and the old black horse is not seen by the young white sheep.,1,reviewer_1,,,
bfc6394bc1d240141c13b78077d0a5eeafd4060c8881fc6a1d071f79402186f2:1:en,en,test,negation,The old black horse sees the young white sheep and the young white sheep does not see the old black horse.,The young white sheep is seen by the old black horse and the old black horse is not seen by the young white sheep.,1,reviewer_2,,,
83ae737bec3233f617eb08acab664cff675a39e51993ae5a167653976bfc3fd8:0:en,en,test,space,The old blue mouse is to the right of the old yellow lion and the large yellow fox is to the left of the old green lion.,The old yellow lion is to the right of the old blue mouse and the old green lion is to the left of the large yellow fox.,0,reviewer_1,,,
83ae737bec3233f617eb08acab664cff675a39e51993ae5a167653976bfc3fd8:0:en,en,test,space,The old blue mouse is to the right of the old yellow lion and the large yellow fox is to the left of the old green lion.,The old yellow lion is to the right of the old blue mouse and the old green lion is to the left of the large yellow fox.,0,reviewer_2,,,
ef5c6bf74fde5fc1ca40074470725a80db58e62efa1efc3a0c28282d78383c8b:1:en,en,test,space,The old blue cow is to the right of the small yellow bear and the young yellow sheep is to the left of the large green sheep.,The small yellow bear is to the left of the old blue cow and the large green sheep is to the right of the young yellow sheep.,1,reviewer_1,,,
ef5c6bf74fde5fc1ca40074470725a80db58e62efa1efc3a0c28282d78383c8b:1:en,en,test,space,The old blue cow is to the right of the small yellow bear and the young yellow sheep is to the left of the large green sheep.,The small yellow bear is to the left of the old blue cow and the large green sheep is to the right of the young yellow sheep.,1,reviewer_2,,,
4ce2a9ab4bc06e8e1b680a46f8ea5b53ebb08926856f36b3bcbc953411e9224a:0:en,en,test,quantity,There are seven small green mice and four old white lions.,There are seven old white lions and four small green mice.,0,reviewer_1,,,
4ce2a9ab4bc06e8e1b680a46f8ea5b53ebb08926856f36b3bcbc953411e9224a:0:en,en,test,quantity,There are seven small green mice and four old white lions.,There are seven old white lions and four small green mice.,0,reviewer_2,,,
c5bdaacbb1c4b3764844fd9f43b61c87574dcb948e40e9362b2ba2c0628bd105:1:en,en,test,quantity,There are eight young yellow rabbits and two young green rabbits.,There are two young green rabbits and eight young yellow rabbits.,1,reviewer_1,,,
c5bdaacbb1c4b3764844fd9f43b61c87574dcb948e40e9362b2ba2c0628bd105:1:en,en,test,quantity,There are eight young yellow rabbits and two young green rabbits.,There are two young green rabbits and eight young yellow rabbits.,1,reviewer_2,,,
b5f8a64c76359caa03c57e403c8aa85d5e0555cc82242cabf76d76ddc8786efd:0:en,en,train,roles,The small green lion sees the young red sheep and the young red sheep greets the small green lion.,The young red sheep is greeted by the small green lion and the small green lion is seen by the young red sheep.,0,reviewer_1,,,
b5f8a64c76359caa03c57e403c8aa85d5e0555cc82242cabf76d76ddc8786efd:0:en,en,train,roles,The small green lion sees the young red sheep and the young red sheep greets the small green lion.,The young red sheep is greeted by the small green lion and the small green lion is seen by the young red sheep.,0,reviewer_2,,,
9da577503ed31794fb0755ff5f86084d618331b90eec974e7b4494a4275f7fae:1:en,en,train,roles,The small red cow sees the small blue hen and the small blue hen follows the small red cow.,The small blue hen is seen by the small red cow and the small red cow is followed by the small blue hen.,1,reviewer_1,,,
9da577503ed31794fb0755ff5f86084d618331b90eec974e7b4494a4275f7fae:1:en,en,train,roles,The small red cow sees the small blue hen and the small blue hen follows the small red cow.,The small blue hen is seen by the small red cow and the small red cow is followed by the small blue hen.,1,reviewer_2,,,
c1e7a37cc67b5bbc93bcad0a51cb26530ec30b9b43225eee147e06c97add75ee:0:en,en,train,negation,The large black cow does not greet the old yellow cat and the old yellow cat greets the large black cow.,The old yellow cat is greeted by the large black cow and the large black cow is not greeted by the old yellow cat.,0,reviewer_1,,,
c1e7a37cc67b5bbc93bcad0a51cb26530ec30b9b43225eee147e06c97add75ee:0:en,en,train,negation,The large black cow does not greet the old yellow cat and the old yellow cat greets the large black cow.,The old yellow cat is greeted by the large black cow and the large black cow is not greeted by the old yellow cat.,0,reviewer_2,,,
95ed68a46916b5c3381174eff443335702336c6d29fb1a2f73fc69c5eb9a0011:1:en,en,train,negation,The large red hen does not follow the young blue cow and the young blue cow follows the large red hen.,The young blue cow is not followed by the large red hen and the large red hen is followed by the young blue cow.,1,reviewer_1,,,
95ed68a46916b5c3381174eff443335702336c6d29fb1a2f73fc69c5eb9a0011:1:en,en,train,negation,The large red hen does not follow the young blue cow and the young blue cow follows the large red hen.,The young blue cow is not followed by the large red hen and the large red hen is followed by the young blue cow.,1,reviewer_2,,,
761f2a10f3517f4c4e795f94f29896d439760f5a308707b16cb574516eeb5a98:0:en,en,train,space,The small red rabbit is below the small blue duck and the small white mouse is above the small blue horse.,The small blue duck is below the small red rabbit and the small blue horse is above the small white mouse.,0,reviewer_1,,,
761f2a10f3517f4c4e795f94f29896d439760f5a308707b16cb574516eeb5a98:0:en,en,train,space,The small red rabbit is below the small blue duck and the small white mouse is above the small blue horse.,The small blue duck is below the small red rabbit and the small blue horse is above the small white mouse.,0,reviewer_2,,,
cd96e3b4df90204351a42adcaeac4de896675529a2fe8f779b395a15fb5eaa89:1:en,en,train,space,The young green lion is to the left of the small green bear and the large red fox is to the right of the small black rabbit.,The small green bear is to the right of the young green lion and the small black rabbit is to the left of the large red fox.,1,reviewer_1,,,
cd96e3b4df90204351a42adcaeac4de896675529a2fe8f779b395a15fb5eaa89:1:en,en,train,space,The young green lion is to the left of the small green bear and the large red fox is to the right of the small black rabbit.,The small green bear is to the right of the young green lion and the small black rabbit is to the left of the large red fox.,1,reviewer_2,,,
2a60e3d0ce33d116c94646ea986faa95254073740450853e15bf44db46a23de1:0:en,en,train,quantity,There are seven large black mice and four old red rabbits.,There are seven old red rabbits and four large black mice.,0,reviewer_1,,,
2a60e3d0ce33d116c94646ea986faa95254073740450853e15bf44db46a23de1:0:en,en,train,quantity,There are seven large black mice and four old red rabbits.,There are seven old red rabbits and four large black mice.,0,reviewer_2,,,
b57717281fab523896a13e86c3ba0e17f297c14639c09d0a2975d91efa6e9a22:1:en,en,train,quantity,There are six small black mice and five large red bears.,There are five large red bears and six small black mice.,1,reviewer_1,,,
b57717281fab523896a13e86c3ba0e17f297c14639c09d0a2975d91efa6e9a22:1:en,en,train,quantity,There are six small black mice and five large red bears.,There are five large red bears and six small black mice.,1,reviewer_2,,,
38a1c0fd9858459da3332751fd9d5e8af89b16393ae67c6528be11d39e4bc64c:0:en,en,dev_a,roles,The large blue fox follows the old blue lion and the old blue lion greets the large blue fox.,The old blue lion is greeted by the large blue fox and the large blue fox is followed by the old blue lion.,0,reviewer_1,,,
38a1c0fd9858459da3332751fd9d5e8af89b16393ae67c6528be11d39e4bc64c:0:en,en,dev_a,roles,The large blue fox follows the old blue lion and the old blue lion greets the large blue fox.,The old blue lion is greeted by the large blue fox and the large blue fox is followed by the old blue lion.,0,reviewer_2,,,
0e4592410e9f989c9d8b7a2870a6ee7e21d07ee6cd345124b4870cbb2fd930da:1:en,en,dev_a,roles,The old red hen sees the old red mouse and the old red mouse greets the old red hen.,The old red mouse is seen by the old red hen and the old red hen is greeted by the old red mouse.,1,reviewer_1,,,
0e4592410e9f989c9d8b7a2870a6ee7e21d07ee6cd345124b4870cbb2fd930da:1:en,en,dev_a,roles,The old red hen sees the old red mouse and the old red mouse greets the old red hen.,The old red mouse is seen by the old red hen and the old red hen is greeted by the old red mouse.,1,reviewer_2,,,
2e690c155b0c5c5893569c71c6954b85fb67c1d6290dce838a2f5253bb5fe650:0:en,en,dev_a,negation,The young yellow rabbit does not see the large red bear and the large red bear sees the young yellow rabbit.,The large red bear is seen by the young yellow rabbit and the young yellow rabbit is not seen by the large red bear.,0,reviewer_1,,,
2e690c155b0c5c5893569c71c6954b85fb67c1d6290dce838a2f5253bb5fe650:0:en,en,dev_a,negation,The young yellow rabbit does not see the large red bear and the large red bear sees the young yellow rabbit.,The large red bear is seen by the young yellow rabbit and the young yellow rabbit is not seen by the large red bear.,0,reviewer_2,,,
29ca35ed1fcf67427fe6613b8cb7b9c826afc740e603ef9806876f4f7bfb6618:1:en,en,dev_a,negation,The young red mouse does not follow the large blue dog and the large blue dog follows the young red mouse.,The large blue dog is not followed by the young red mouse and the young red mouse is followed by the large blue dog.,1,reviewer_1,,,
29ca35ed1fcf67427fe6613b8cb7b9c826afc740e603ef9806876f4f7bfb6618:1:en,en,dev_a,negation,The young red mouse does not follow the large blue dog and the large blue dog follows the young red mouse.,The large blue dog is not followed by the young red mouse and the young red mouse is followed by the large blue dog.,1,reviewer_2,,,
d336bb2d67fb7a9938bbba332535df3bfe502ce1061c42283e8a3fa00228f422:0:en,en,dev_a,space,The old black fox is to the right of the young black cow and the young red cat is to the left of the young black horse.,The young black cow is to the right of the old black fox and the young black horse is to the left of the young red cat.,0,reviewer_1,,,
d336bb2d67fb7a9938bbba332535df3bfe502ce1061c42283e8a3fa00228f422:0:en,en,dev_a,space,The old black fox is to the right of the young black cow and the young red cat is to the left of the young black horse.,The young black cow is to the right of the old black fox and the young black horse is to the left of the young red cat.,0,reviewer_2,,,
54aa2b959334f4699f236e39334d009f5d7f3f36bedcee1132786a324fccd2eb:1:en,en,dev_a,space,The young yellow fox is behind the small blue duck and the young yellow lion is in front of the young blue bear.,The small blue duck is in front of the young yellow fox and the young blue bear is behind the young yellow lion.,1,reviewer_1,,,
54aa2b959334f4699f236e39334d009f5d7f3f36bedcee1132786a324fccd2eb:1:en,en,dev_a,space,The young yellow fox is behind the small blue duck and the young yellow lion is in front of the young blue bear.,The small blue duck is in front of the young yellow fox and the young blue bear is behind the young yellow lion.,1,reviewer_2,,,
afd8d6b9be9bdbaac32bdcfaf455b16fcc3227a390dd5bcb7fb520470f159925:0:en,en,dev_a,quantity,There are seven old black sheep and three small black hens.,There are seven small black hens and three old black sheep.,0,reviewer_1,,,
afd8d6b9be9bdbaac32bdcfaf455b16fcc3227a390dd5bcb7fb520470f159925:0:en,en,dev_a,quantity,There are seven old black sheep and three small black hens.,There are seven small black hens and three old black sheep.,0,reviewer_2,,,
93614149ad00c1adcb131a1e4bab902a1b4d49077569c04c4530c4024ee7d620:1:en,en,dev_a,quantity,There are four large white mice and six young white bears.,There are six young white bears and four large white mice.,1,reviewer_1,,,
93614149ad00c1adcb131a1e4bab902a1b4d49077569c04c4530c4024ee7d620:1:en,en,dev_a,quantity,There are four large white mice and six young white bears.,There are six young white bears and four large white mice.,1,reviewer_2,,,
5543df3a1fbbc2607f8a806e24999c53ac6e46277deaf2c8cd98cfd2a889d213:0:en,en,dev_b,roles,The old blue lion greets the old black horse and the old black horse follows the old blue lion.,The old black horse is followed by the old blue lion and the old blue lion is greeted by the old black horse.,0,reviewer_1,,,
5543df3a1fbbc2607f8a806e24999c53ac6e46277deaf2c8cd98cfd2a889d213:0:en,en,dev_b,roles,The old blue lion greets the old black horse and the old black horse follows the old blue lion.,The old black horse is followed by the old blue lion and the old blue lion is greeted by the old black horse.,0,reviewer_2,,,
e030ce5a3b6e5e4a885ea26b36eab8f794ac42daeefd13ab0ef646b4796479b0:1:en,en,dev_b,roles,The small white cow follows the small white duck and the small white duck greets the small white cow.,The small white duck is followed by the small white cow and the small white cow is greeted by the small white duck.,1,reviewer_1,,,
e030ce5a3b6e5e4a885ea26b36eab8f794ac42daeefd13ab0ef646b4796479b0:1:en,en,dev_b,roles,The small white cow follows the small white duck and the small white duck greets the small white cow.,The small white duck is followed by the small white cow and the small white cow is greeted by the small white duck.,1,reviewer_2,,,
34f1b6be93d4b46b0771c1d22977716257074c35c6dfdd9ec7c8d5cb73392805:0:en,en,dev_b,negation,The small green cat does not see the young black hen and the young black hen sees the small green cat.,The young black hen is seen by the small green cat and the small green cat is not seen by the young black hen.,0,reviewer_1,,,
34f1b6be93d4b46b0771c1d22977716257074c35c6dfdd9ec7c8d5cb73392805:0:en,en,dev_b,negation,The small green cat does not see the young black hen and the young black hen sees the small green cat.,The young black hen is seen by the small green cat and the small green cat is not seen by the young black hen.,0,reviewer_2,,,
857cf432cd99720b0db4fb44ae268f223aaf63f7092a3205db6af9a7479e37c3:1:en,en,dev_b,negation,The old black cat does not see the large black cow and the large black cow sees the old black cat.,The large black cow is not seen by the old black cat and the old black cat is seen by the large black cow.,1,reviewer_1,,,
857cf432cd99720b0db4fb44ae268f223aaf63f7092a3205db6af9a7479e37c3:1:en,en,dev_b,negation,The old black cat does not see the large black cow and the large black cow sees the old black cat.,The large black cow is not seen by the old black cat and the old black cat is seen by the large black cow.,1,reviewer_2,,,
d6b1b7a61aee92dd82af9f208d66031aba3641e457bd58dc02bffd1706b6f697:0:en,en,dev_b,space,The large green duck is to the right of the old black horse and the young black dog is to the left of the old green duck.,The old black horse is to the right of the large green duck and the old green duck is to the left of the young black dog.,0,reviewer_1,,,
d6b1b7a61aee92dd82af9f208d66031aba3641e457bd58dc02bffd1706b6f697:0:en,en,dev_b,space,The large green duck is to the right of the old black horse and the young black dog is to the left of the old green duck.,The old black horse is to the right of the large green duck and the old green duck is to the left of the young black dog.,0,reviewer_2,,,
61d1122aa760fe6a2fb2dd9fed4b12ba2943995ee4375c2fc0b630458beba5ad:1:en,en,dev_b,space,The young white duck is behind the old black fox and the old red duck is in front of the small green cat.,The old black fox is in front of the young white duck and the small green cat is behind the old red duck.,1,reviewer_1,,,
61d1122aa760fe6a2fb2dd9fed4b12ba2943995ee4375c2fc0b630458beba5ad:1:en,en,dev_b,space,The young white duck is behind the old black fox and the old red duck is in front of the small green cat.,The old black fox is in front of the young white duck and the small green cat is behind the old red duck.,1,reviewer_2,,,
dfc00d0e391644bed75d36461cc65e6e9795e2da9666cc150019e8f8fcb6b479:0:en,en,dev_b,quantity,There are eight small blue lions and three young blue bears.,There are eight young blue bears and three small blue lions.,0,reviewer_1,,,
dfc00d0e391644bed75d36461cc65e6e9795e2da9666cc150019e8f8fcb6b479:0:en,en,dev_b,quantity,There are eight small blue lions and three young blue bears.,There are eight young blue bears and three small blue lions.,0,reviewer_2,,,
97672aeea7fe1e6332c6ed85216a6976515d6ab81114008fa6b4eb578e284eba:1:en,en,dev_b,quantity,There are four old white rabbits and eight large red rabbits.,There are eight large red rabbits and four old white rabbits.,1,reviewer_1,,,
97672aeea7fe1e6332c6ed85216a6976515d6ab81114008fa6b4eb578e284eba:1:en,en,dev_b,quantity,There are four old white rabbits and eight large red rabbits.,There are eight large red rabbits and four old white rabbits.,1,reviewer_2,,,
9dd4544fd39a106acedfe2d2a102b0cb885eeae5aace2a532e2b988efef22c17:0:en,en,test,roles,The small blue hen greets the old green hen and the old green hen follows the small blue hen.,The old green hen is followed by the small blue hen and the small blue hen is greeted by the old green hen.,0,reviewer_1,,,
9dd4544fd39a106acedfe2d2a102b0cb885eeae5aace2a532e2b988efef22c17:0:en,en,test,roles,The small blue hen greets the old green hen and the old green hen follows the small blue hen.,The old green hen is followed by the small blue hen and the small blue hen is greeted by the old green hen.,0,reviewer_2,,,
eef6c7d3e1357d07cc995719a15b9c4fb18ea68c94a214f68ade1a6b17126b63:1:en,en,test,roles,The small blue cat sees the young red cat and the young red cat greets the small blue cat.,The young red cat is seen by the small blue cat and the small blue cat is greeted by the young red cat.,1,reviewer_1,,,
eef6c7d3e1357d07cc995719a15b9c4fb18ea68c94a214f68ade1a6b17126b63:1:en,en,test,roles,The small blue cat sees the young red cat and the young red cat greets the small blue cat.,The young red cat is seen by the small blue cat and the small blue cat is greeted by the young red cat.,1,reviewer_2,,,
75bea2971143641046722d1131097872a2115b5472d070d025a63dc594c3064a:0:en,en,test,negation,The large white mouse follows the small black fox and the small black fox does not follow the large white mouse.,The small black fox is not followed by the large white mouse and the large white mouse is followed by the small black fox.,0,reviewer_1,,,
75bea2971143641046722d1131097872a2115b5472d070d025a63dc594c3064a:0:en,en,test,negation,The large white mouse follows the small black fox and the small black fox does not follow the large white mouse.,The small black fox is not followed by the large white mouse and the large white mouse is followed by the small black fox.,0,reviewer_2,,,
29b94d5f9d79083a4f2cbf13520bb2f66458ee32f53337204b609216871e779b:1:en,en,test,negation,The young black cat does not greet the large yellow cow and the large yellow cow greets the young black cat.,The large yellow cow is not greeted by the young black cat and the young black cat is greeted by the large yellow cow.,1,reviewer_1,,,
29b94d5f9d79083a4f2cbf13520bb2f66458ee32f53337204b609216871e779b:1:en,en,test,negation,The young black cat does not greet the large yellow cow and the large yellow cow greets the young black cat.,The large yellow cow is not greeted by the young black cat and the young black cat is greeted by the large yellow cow.,1,reviewer_2,,,
32811d2f7a2b5b09059e3fbb4334030644bf1453231bb216b8339cb8fc4430bf:0:en,en,test,space,The large white mouse is to the right of the small green duck and the young red cow is to the left of the old red dog.,The small green duck is to the right of the large white mouse and the old red dog is to the left of the young red cow.,0,reviewer_1,,,
32811d2f7a2b5b09059e3fbb4334030644bf1453231bb216b8339cb8fc4430bf:0:en,en,test,space,The large white mouse is to the right of the small green duck and the young red cow is to the left of the old red dog.,The small green duck is to the right of the large white mouse and the old red dog is to the left of the young red cow.,0,reviewer_2,,,
140a68d7f60ab8f8af21dbba7e045802cace64b53f6444526a39bbb21ae78348:1:en,en,test,space,The small yellow mouse is above the young green hen and the small green horse is below the large red sheep.,The young green hen is below the small yellow mouse and the large red sheep is above the small green horse.,1,reviewer_1,,,
140a68d7f60ab8f8af21dbba7e045802cace64b53f6444526a39bbb21ae78348:1:en,en,test,space,The small yellow mouse is above the young green hen and the small green horse is below the large red sheep.,The young green hen is below the small yellow mouse and the large red sheep is above the small green horse.,1,reviewer_2,,,
186b9b4b00895cb4315970e0ab0ca29f406ea2b77f262adff68d753f419a4d8a:0:en,en,test,quantity,There are six old yellow rabbits and four small yellow horses.,There are six small yellow horses and four old yellow rabbits.,0,reviewer_1,,,
186b9b4b00895cb4315970e0ab0ca29f406ea2b77f262adff68d753f419a4d8a:0:en,en,test,quantity,There are six old yellow rabbits and four small yellow horses.,There are six small yellow horses and four old yellow rabbits.,0,reviewer_2,,,
5976eeb75a74e4a3b568020b5889fe5495b9dfca1570f1e9c3fad57017853e6e:1:en,en,test,quantity,There are six large yellow horses and four large blue horses.,There are four large blue horses and six large yellow horses.,1,reviewer_1,,,
5976eeb75a74e4a3b568020b5889fe5495b9dfca1570f1e9c3fad57017853e6e:1:en,en,test,quantity,There are six large yellow horses and four large blue horses.,There are four large blue horses and six large yellow horses.,1,reviewer_2,,,
6c43d7dc19c3de5e383845e1a263f069abf0e03ac9b85cd8d98d91c51a4e54c5:0:en,en,train,roles,The young red lion greets the young black hen and the young black hen sees the young red lion.,The young black hen is seen by the young red lion and the young red lion is greeted by the young black hen.,0,reviewer_1,,,
6c43d7dc19c3de5e383845e1a263f069abf0e03ac9b85cd8d98d91c51a4e54c5:0:en,en,train,roles,The young red lion greets the young black hen and the young black hen sees the young red lion.,The young black hen is seen by the young red lion and the young red lion is greeted by the young black hen.,0,reviewer_2,,,
5e48a7249273d6f435d7f9b6d16ad18dbf666bc78e69c15fee27e739c111608b:1:en,en,train,roles,The small yellow horse sees the young green hen and the young green hen greets the small yellow horse.,The young green hen is seen by the small yellow horse and the small yellow horse is greeted by the young green hen.,1,reviewer_1,,,
5e48a7249273d6f435d7f9b6d16ad18dbf666bc78e69c15fee27e739c111608b:1:en,en,train,roles,The small yellow horse sees the young green hen and the young green hen greets the small yellow horse.,The young green hen is seen by the small yellow horse and the small yellow horse is greeted by the young green hen.,1,reviewer_2,,,
860b99989d01fb90d0afe51c558adb554138be5c6212998e019e16b600ffd076:0:en,en,train,negation,The old red sheep follows the young white hen and the young white hen does not follow the old red sheep.,The young white hen is not followed by the old red sheep and the old red sheep is followed by the young white hen.,0,reviewer_1,,,
860b99989d01fb90d0afe51c558adb554138be5c6212998e019e16b600ffd076:0:en,en,train,negation,The old red sheep follows the young white hen and the young white hen does not follow the old red sheep.,The young white hen is not followed by the old red sheep and the old red sheep is followed by the young white hen.,0,reviewer_2,,,
f9af66944c35aa4e25957c4172954f13417b4d8458511ab2cebef98b8316c3d0:1:en,en,train,negation,The young green dog does not see the small white fox and the small white fox sees the young green dog.,The small white fox is not seen by the young green dog and the young green dog is seen by the small white fox.,1,reviewer_1,,,
f9af66944c35aa4e25957c4172954f13417b4d8458511ab2cebef98b8316c3d0:1:en,en,train,negation,The young green dog does not see the small white fox and the small white fox sees the young green dog.,The small white fox is not seen by the young green dog and the young green dog is seen by the small white fox.,1,reviewer_2,,,
b53c8c28cda3f9cb05c8237b65d07b84a874ac399dade3589637fe45a8735fda:0:en,en,train,space,The small black horse is below the small yellow fox and the old black fox is above the small green mouse.,The small yellow fox is below the small black horse and the small green mouse is above the old black fox.,0,reviewer_1,,,
b53c8c28cda3f9cb05c8237b65d07b84a874ac399dade3589637fe45a8735fda:0:en,en,train,space,The small black horse is below the small yellow fox and the old black fox is above the small green mouse.,The small yellow fox is below the small black horse and the small green mouse is above the old black fox.,0,reviewer_2,,,
b70ec8d4dec5ad57e3e6577aaf9a791415e4c6d6704719551361c69fbc61771c:1:en,en,train,space,The young green mouse is to the right of the old white cat and the large white hen is to the left of the old black hen.,The old white cat is to the left of the young green mouse and the old black hen is to the right of the large white hen.,1,reviewer_1,,,
b70ec8d4dec5ad57e3e6577aaf9a791415e4c6d6704719551361c69fbc61771c:1:en,en,train,space,The young green mouse is to the right of the old white cat and the large white hen is to the left of the old black hen.,The old white cat is to the left of the young green mouse and the old black hen is to the right of the large white hen.,1,reviewer_2,,,
8c8745f07eeb5ee6aedde9b6bdb24160670ee3232c47cbdfdb90f7a30a620101:0:en,en,train,quantity,There are two young red hens and eight large green ducks.,There are two large green ducks and eight young red hens.,0,reviewer_1,,,
8c8745f07eeb5ee6aedde9b6bdb24160670ee3232c47cbdfdb90f7a30a620101:0:en,en,train,quantity,There are two young red hens and eight large green ducks.,There are two large green ducks and eight young red hens.,0,reviewer_2,,,
5b5e9e788f781d96a2e3e1ef2dc0c6fba2a606316d282fd23ead65b79023f217:1:en,en,train,quantity,There are seven small green lions and six young black lions.,There are six young black lions and seven small green lions.,1,reviewer_1,,,
5b5e9e788f781d96a2e3e1ef2dc0c6fba2a606316d282fd23ead65b79023f217:1:en,en,train,quantity,There are seven small green lions and six young black lions.,There are six young black lions and seven small green lions.,1,reviewer_2,,,
5779283d228367d8729959771deb6cbcf5b2de819c0ba9b6de792e9c6f9c7ad3:0:en,en,dev_a,roles,The small yellow mouse follows the large green lion and the large green lion greets the small yellow mouse.,The large green lion is greeted by the small yellow mouse and the small yellow mouse is followed by the large green lion.,0,reviewer_1,,,
5779283d228367d8729959771deb6cbcf5b2de819c0ba9b6de792e9c6f9c7ad3:0:en,en,dev_a,roles,The small yellow mouse follows the large green lion and the large green lion greets the small yellow mouse.,The large green lion is greeted by the small yellow mouse and the small yellow mouse is followed by the large green lion.,0,reviewer_2,,,
9ab94035a8c78c2262982e2e7bd90a9ff4473a332b1b646582c0ea03e88814f2:1:en,en,dev_a,roles,The small black horse greets the large black lion and the large black lion follows the small black horse.,The large black lion is greeted by the small black horse and the small black horse is followed by the large black lion.,1,reviewer_1,,,
9ab94035a8c78c2262982e2e7bd90a9ff4473a332b1b646582c0ea03e88814f2:1:en,en,dev_a,roles,The small black horse greets the large black lion and the large black lion follows the small black horse.,The large black lion is greeted by the small black horse and the small black horse is followed by the large black lion.,1,reviewer_2,,,
f8a628c10b0d5d2c3f1078a3916de84b998f3d86988cd7f0c77ac8210b810d88:0:en,en,dev_a,negation,The young white dog follows the young green cow and the young green cow does not follow the young white dog.,The young green cow is not followed by the young white dog and the young white dog is followed by the young green cow.,0,reviewer_1,,,
f8a628c10b0d5d2c3f1078a3916de84b998f3d86988cd7f0c77ac8210b810d88:0:en,en,dev_a,negation,The young white dog follows the young green cow and the young green cow does not follow the young white dog.,The young green cow is not followed by the young white dog and the young white dog is followed by the young green cow.,0,reviewer_2,,,
83d284cdb0314ccc47fad19b7e2a5d887357b0be2182ce47e99c9e72f4a208f9:1:en,en,dev_a,negation,The small black horse greets the large red mouse and the large red mouse does not greet the small black horse.,The large red mouse is greeted by the small black horse and the small black horse is not greeted by the large red mouse.,1,reviewer_1,,,
83d284cdb0314ccc47fad19b7e2a5d887357b0be2182ce47e99c9e72f4a208f9:1:en,en,dev_a,negation,The small black horse greets the large red mouse and the large red mouse does not greet the small black horse.,The large red mouse is greeted by the small black horse and the small black horse is not greeted by the large red mouse.,1,reviewer_2,,,
2f5496515c39b83140040f872b0b2e19ec7409a053ded750009ec59f4c636a10:0:en,en,dev_a,space,The old red mouse is below the small white duck and the old yellow bear is above the young white mouse.,The small white duck is below the old red mouse and the young white mouse is above the old yellow bear.,0,reviewer_1,,,
2f5496515c39b83140040f872b0b2e19ec7409a053ded750009ec59f4c636a10:0:en,en,dev_a,space,The old red mouse is below the small white duck and the old yellow bear is above the young white mouse.,The small white duck is below the old red mouse and the young white mouse is above the old yellow bear.,0,reviewer_2,,,
9960bca934eba87400d52872458228d58ceb8272287197c1fdbd3a853c14b413:1:en,en,dev_a,space,The old white rabbit is in front of the large red rabbit and the large blue cow is behind the large blue dog.,The large red rabbit is behind the old white rabbit and the large blue dog is in front of the large blue cow.,1,reviewer_1,,,
9960bca934eba87400d52872458228d58ceb8272287197c1fdbd3a853c14b413:1:en,en,dev_a,space,The old white rabbit is in front of the large red rabbit and the large blue cow is behind the large blue dog.,The large red rabbit is behind the old white rabbit and the large blue dog is in front of the large blue cow.,1,reviewer_2,,,
9bb670ddf4abd55cd675a4f423d737b2ea09afd6b895b833029943313a006748:0:en,en,dev_a,quantity,There are three old yellow cows and two old red hens.,There are three old red hens and two old yellow cows.,0,reviewer_1,,,
9bb670ddf4abd55cd675a4f423d737b2ea09afd6b895b833029943313a006748:0:en,en,dev_a,quantity,There are three old yellow cows and two old red hens.,There are three old red hens and two old yellow cows.,0,reviewer_2,,,
1e968e197307d10b0721007d3f51875067c69aaed3126244fb9a854eb3b50457:1:en,en,dev_a,quantity,There are two small white horses and five young red foxes.,There are five young red foxes and two small white horses.,1,reviewer_1,,,
1e968e197307d10b0721007d3f51875067c69aaed3126244fb9a854eb3b50457:1:en,en,dev_a,quantity,There are two small white horses and five young red foxes.,There are five young red foxes and two small white horses.,1,reviewer_2,,,
59988f7afd689d1de669dc5930976bc39af475482f5f589e4d2e768300973572:0:en,en,dev_b,roles,The small green dog sees the small black fox and the small black fox follows the small green dog.,The small black fox is followed by the small green dog and the small green dog is seen by the small black fox.,0,reviewer_1,,,
59988f7afd689d1de669dc5930976bc39af475482f5f589e4d2e768300973572:0:en,en,dev_b,roles,The small green dog sees the small black fox and the small black fox follows the small green dog.,The small black fox is followed by the small green dog and the small green dog is seen by the small black fox.,0,reviewer_2,,,
ceda37feb17e3ee2fa4f99fd7a0bb645d8009580d9013a3f370d15d0902b49c4:1:en,en,dev_b,roles,The old green duck follows the young blue rabbit and the young blue rabbit greets the old green duck.,The young blue rabbit is followed by the old green duck and the old green duck is greeted by the young blue rabbit.,1,reviewer_1,,,
ceda37feb17e3ee2fa4f99fd7a0bb645d8009580d9013a3f370d15d0902b49c4:1:en,en,dev_b,roles,The old green duck follows the young blue rabbit and the young blue rabbit greets the old green duck.,The young blue rabbit is followed by the old green duck and the old green duck is greeted by the young blue rabbit.,1,reviewer_2,,,
8ea1502e93b30d7c502c0451ba6dd90ec7ef3ad647e4626ac03da36b0cfa8325:0:en,en,dev_b,negation,The young red horse greets the old black cat and the old black cat does not greet the young red horse.,The old black cat is not greeted by the young red horse and the young red horse is greeted by the old black cat.,0,reviewer_1,,,
8ea1502e93b30d7c502c0451ba6dd90ec7ef3ad647e4626ac03da36b0cfa8325:0:en,en,dev_b,negation,The young red horse greets the old black cat and the old black cat does not greet the young red horse.,The old black cat is not greeted by the young red horse and the young red horse is greeted by the old black cat.,0,reviewer_2,,,
f085bb92b074a868d3256ac5b7db915229a22e4a2cc1aea4cf1b5a969b76aeea:1:en,en,dev_b,negation,The small green hen does not see the old blue hen and the old blue hen sees the small green hen.,The old blue hen is not seen by the small green hen and the small green hen is seen by the old blue hen.,1,reviewer_1,,,
f085bb92b074a868d3256ac5b7db915229a22e4a2cc1aea4cf1b5a969b76aeea:1:en,en,dev_b,negation,The small green hen does not see the old blue hen and the old blue hen sees the small green hen.,The old blue hen is not seen by the small green hen and the small green hen is seen by the old blue hen.,1,reviewer_2,,,
b6b6aa7ef466f9d62b1de5e192bac5c0669b2641659b627584fcefa421b3cced:0:en,en,dev_b,space,The young black bear is above the small black duck and the young red hen is below the large yellow hen.,The small black duck is above the young black bear and the large yellow hen is below the young red hen.,0,reviewer_1,,,
b6b6aa7ef466f9d62b1de5e192bac5c0669b2641659b627584fcefa421b3cced:0:en,en,dev_b,space,The young black bear is above the small black duck and the young red hen is below the large yellow hen.,The small black duck is above the young black bear and the large yellow hen is below the young red hen.,0,reviewer_2,,,
d386da6e38e2071109dd655c6d466310b993cc62d495977801d02a6c088903cf:1:en,en,dev_b,space,The small white lion is below the large green fox and the large red lion is above the young blue hen.,The large green fox is above the small white lion and the young blue hen is below the large red lion.,1,reviewer_1,,,
d386da6e38e2071109dd655c6d466310b993cc62d495977801d02a6c088903cf:1:en,en,dev_b,space,The small white lion is below the large green fox and the large red lion is above the young blue hen.,The large green fox is above the small white lion and the young blue hen is below the large red lion.,1,reviewer_2,,,
c686fd8ab060b7dbcca993135d276f9789a11864b38487376116e1c5e535fc28:0:en,en,dev_b,quantity,There are five old white cats and two old white sheep.,There are five old white sheep and two old white cats.,0,reviewer_1,,,
c686fd8ab060b7dbcca993135d276f9789a11864b38487376116e1c5e535fc28:0:en,en,dev_b,quantity,There are five old white cats and two old white sheep.,There are five old white sheep and two old white cats.,0,reviewer_2,,,
16f3d4ae8e851b44d6abe8f060554315cf37139c686d877bc502eaa4439f7fd0:1:en,en,dev_b,quantity,There are five old green mice and four old red foxes.,There are four old red foxes and five old green mice.,1,reviewer_1,,,
16f3d4ae8e851b44d6abe8f060554315cf37139c686d877bc502eaa4439f7fd0:1:en,en,dev_b,quantity,There are five old green mice and four old red foxes.,There are four old red foxes and five old green mice.,1,reviewer_2,,,
24d10fc3d2ceb2a224fa532cfe2f747957b0b5e4e549d14bcdd00b2c9a0de8b0:0:en,en,test,roles,The young yellow bear sees the small red dog and the small red dog follows the young yellow bear.,The small red dog is followed by the young yellow bear and the young yellow bear is seen by the small red dog.,0,reviewer_1,,,
24d10fc3d2ceb2a224fa532cfe2f747957b0b5e4e549d14bcdd00b2c9a0de8b0:0:en,en,test,roles,The young yellow bear sees the small red dog and the small red dog follows the young yellow bear.,The small red dog is followed by the young yellow bear and the young yellow bear is seen by the small red dog.,0,reviewer_2,,,
839016dffc6ee4b7d1900efff1d2285cbc74d17143a005c8befa0158ecf4e235:1:en,en,test,roles,The small white lion follows the small red duck and the small red duck greets the small white lion.,The small red duck is followed by the small white lion and the small white lion is greeted by the small red duck.,1,reviewer_1,,,
839016dffc6ee4b7d1900efff1d2285cbc74d17143a005c8befa0158ecf4e235:1:en,en,test,roles,The small white lion follows the small red duck and the small red duck greets the small white lion.,The small red duck is followed by the small white lion and the small white lion is greeted by the small red duck.,1,reviewer_2,,,
c02cae3fc5cc9abc7a21ca5687703a2893650fefecf42df246a680adcfc00d3a:0:en,en,test,negation,The young red lion does not greet the old red dog and the old red dog greets the young red lion.,The old red dog is greeted by the young red lion and the young red lion is not greeted by the old red dog.,0,reviewer_1,,,
c02cae3fc5cc9abc7a21ca5687703a2893650fefecf42df246a680adcfc00d3a:0:en,en,test,negation,The young red lion does not greet the old red dog and the old red dog greets the young red lion.,The old red dog is greeted by the young red lion and the young red lion is not greeted by the old red dog.,0,reviewer_2,,,
fb32ef2fc597514664fcdc626c705adf1122bdf00f511a1253d180692ec4df3a:1:en,en,test,negation,The small red fox does not see the young red sheep and the young red sheep sees the small red fox.,The young red sheep is not seen by the small red fox and the small red fox is seen by the young red sheep.,1,reviewer_1,,,
fb32ef2fc597514664fcdc626c705adf1122bdf00f511a1253d180692ec4df3a:1:en,en,test,negation,The small red fox does not see the young red sheep and the young red sheep sees the small red fox.,The young red sheep is not seen by the small red fox and the small red fox is seen by the young red sheep.,1,reviewer_2,,,
7395528baead0f4a058aa91ce019d7c98ed701768cf9b1c6f61d0f30d5e557f4:0:en,en,test,space,The small green duck is to the left of the old black fox and the young red mouse is to the right of the large green horse.,The old black fox is to the left of the small green duck and the large green horse is to the right of the young red mouse.,0,reviewer_1,,,
7395528baead0f4a058aa91ce019d7c98ed701768cf9b1c6f61d0f30d5e557f4:0:en,en,test,space,The small green duck is to the left of the old black fox and the young red mouse is to the right of the large green horse.,The old black fox is to the left of the small green duck and the large green horse is to the right of the young red mouse.,0,reviewer_2,,,
2bd47513cca16098bfef3d1b68d96486456a51a1538ca0ae04836e9b76acc1b8:1:en,en,test,space,The old green duck is in front of the young red fox and the old red rabbit is behind the young white mouse.,The young red fox is behind the old green duck and the young white mouse is in front of the old red rabbit.,1,reviewer_1,,,
2bd47513cca16098bfef3d1b68d96486456a51a1538ca0ae04836e9b76acc1b8:1:en,en,test,space,The old green duck is in front of the young red fox and the old red rabbit is behind the young white mouse.,The young red fox is behind the old green duck and the young white mouse is in front of the old red rabbit.,1,reviewer_2,,,
90939eef28f244b3cdfd89716acb7996f30854ffcd62d36a726e5d254eb33a92:0:en,en,test,quantity,There are two young black hens and eight old yellow rabbits.,There are two old yellow rabbits and eight young black hens.,0,reviewer_1,,,
90939eef28f244b3cdfd89716acb7996f30854ffcd62d36a726e5d254eb33a92:0:en,en,test,quantity,There are two young black hens and eight old yellow rabbits.,There are two old yellow rabbits and eight young black hens.,0,reviewer_2,,,
2095d5bbb20f9fa34efb2e27715c7fbfca0ee525c1d9a2797f03aaa6df4bfd87:1:en,en,test,quantity,There are four young black horses and six old red rabbits.,There are six old red rabbits and four young black horses.,1,reviewer_1,,,
2095d5bbb20f9fa34efb2e27715c7fbfca0ee525c1d9a2797f03aaa6df4bfd87:1:en,en,test,quantity,There are four young black horses and six old red rabbits.,There are six old red rabbits and four young black horses.,1,reviewer_2,,,
4bf0356084d9949ce087a147f3928ecb4705547cdc101ba4fc7e0afa19ee29ca:0:en,en,train,roles,The small blue bear follows the young black bear and the young black bear sees the small blue bear.,The young black bear is seen by the small blue bear and the small blue bear is followed by the young black bear.,0,reviewer_1,,,
4bf0356084d9949ce087a147f3928ecb4705547cdc101ba4fc7e0afa19ee29ca:0:en,en,train,roles,The small blue bear follows the young black bear and the young black bear sees the small blue bear.,The young black bear is seen by the small blue bear and the small blue bear is followed by the young black bear.,0,reviewer_2,,,
71521ae8a40a7a73d45426994315e4b814b10772b803a5a08927c4260a6e70ef:1:en,en,train,roles,The large black bear sees the small green lion and the small green lion greets the large black bear.,The small green lion is seen by the large black bear and the large black bear is greeted by the small green lion.,1,reviewer_1,,,
71521ae8a40a7a73d45426994315e4b814b10772b803a5a08927c4260a6e70ef:1:en,en,train,roles,The large black bear sees the small green lion and the small green lion greets the large black bear.,The small green lion is seen by the large black bear and the large black bear is greeted by the small green lion.,1,reviewer_2,,,
798d249023c6adba35f60c8efae89e43f255f97a167e0c7d0f0cfa68e28625e0:0:en,en,train,negation,The large red hen does not greet the small green hen and the small green hen greets the large red hen.,The small green hen is greeted by the large red hen and the large red hen is not greeted by the small green hen.,0,reviewer_1,,,
798d249023c6adba35f60c8efae89e43f255f97a167e0c7d0f0cfa68e28625e0:0:en,en,train,negation,The large red hen does not greet the small green hen and the small green hen greets the large red hen.,The small green hen is greeted by the large red hen and the large red hen is not greeted by the small green hen.,0,reviewer_2,,,
5433d710acd573da5a34984e9541c9829de27fd3f648b172e537d39a9b67e91a:1:en,en,train,negation,The large black rabbit follows the old yellow hen and the old yellow hen does not follow the large black rabbit.,The old yellow hen is followed by the large black rabbit and the large black rabbit is not followed by the old yellow hen.,1,reviewer_1,,,
5433d710acd573da5a34984e9541c9829de27fd3f648b172e537d39a9b67e91a:1:en,en,train,negation,The large black rabbit follows the old yellow hen and the old yellow hen does not follow the large black rabbit.,The old yellow hen is followed by the large black rabbit and the large black rabbit is not followed by the old yellow hen.,1,reviewer_2,,,
00edc3148fee1d9b948699e3a6a53c925e164d1242e7d00350e831425871964b:0:en,en,train,space,The old black lion is below the large red fox and the young yellow duck is above the young red dog.,The large red fox is below the old black lion and the young red dog is above the young yellow duck.,0,reviewer_1,,,
00edc3148fee1d9b948699e3a6a53c925e164d1242e7d00350e831425871964b:0:en,en,train,space,The old black lion is below the large red fox and the young yellow duck is above the young red dog.,The large red fox is below the old black lion and the young red dog is above the young yellow duck.,0,reviewer_2,,,
c49a4c6c0f0231763c8cd470da0a7a7d1bb83486152ce2299936db4d07766a60:1:en,en,train,space,The young blue hen is to the left of the small yellow lion and the small red cat is to the right of the old green sheep.,The small yellow lion is to the right of the young blue hen and the old green sheep is to the left of the small red cat.,1,reviewer_1,,,
c49a4c6c0f0231763c8cd470da0a7a7d1bb83486152ce2299936db4d07766a60:1:en,en,train,space,The young blue hen is to the left of the small yellow lion and the small red cat is to the right of the old green sheep.,The small yellow lion is to the right of the young blue hen and the old green sheep is to the left of the small red cat.,1,reviewer_2,,,
07bf0f30157703f946c2a5a7d67c52269fa1ccd61f46e27a3c38d0a224c3f0ed:0:en,en,train,quantity,There are three small black horses and eight old white sheep.,There are three old white sheep and eight small black horses.,0,reviewer_1,,,
07bf0f30157703f946c2a5a7d67c52269fa1ccd61f46e27a3c38d0a224c3f0ed:0:en,en,train,quantity,There are three small black horses and eight old white sheep.,There are three old white sheep and eight small black horses.,0,reviewer_2,,,
140251a46e4e189aadef13089b21307301ae68bad889de4f221978fd24249ff4:1:en,en,train,quantity,There are five old white mice and three old yellow mice.,There are three old yellow mice and five old white mice.,1,reviewer_1,,,
140251a46e4e189aadef13089b21307301ae68bad889de4f221978fd24249ff4:1:en,en,train,quantity,There are five old white mice and three old yellow mice.,There are three old yellow mice and five old white mice.,1,reviewer_2,,,
6d4fa7c4dfdf883d0d2e5d0fbf3bb0d6ad59aced432c64946d6d1389cb76300a:0:de,de,train,roles,Das kleine blaue Pferd verfolgt die alte gelbe Katze und die alte gelbe Katze sieht das kleine blaue Pferd.,Die alte gelbe Katze wird von dem kleinen blauen Pferd gesehen und das kleine blaue Pferd wird von der alten gelben Katze verfolgt.,0,reviewer_1,,,
6d4fa7c4dfdf883d0d2e5d0fbf3bb0d6ad59aced432c64946d6d1389cb76300a:0:de,de,train,roles,Das kleine blaue Pferd verfolgt die alte gelbe Katze und die alte gelbe Katze sieht das kleine blaue Pferd.,Die alte gelbe Katze wird von dem kleinen blauen Pferd gesehen und das kleine blaue Pferd wird von der alten gelben Katze verfolgt.,0,reviewer_2,,,
f0b71f4c08413945397a844229176303a9d9d5af2ba5ab2dd115fe3a0d1f9f2e:1:de,de,train,roles,Der kleine blaue Hund sieht die junge blaue Kuh und die junge blaue Kuh grüßt den kleinen blauen Hund.,Die junge blaue Kuh wird von dem kleinen blauen Hund gesehen und der kleine blaue Hund wird von der jungen blauen Kuh gegrüßt.,1,reviewer_1,,,
f0b71f4c08413945397a844229176303a9d9d5af2ba5ab2dd115fe3a0d1f9f2e:1:de,de,train,roles,Der kleine blaue Hund sieht die junge blaue Kuh und die junge blaue Kuh grüßt den kleinen blauen Hund.,Die junge blaue Kuh wird von dem kleinen blauen Hund gesehen und der kleine blaue Hund wird von der jungen blauen Kuh gegrüßt.,1,reviewer_2,,,
fc10142482c64b715919f1116ba975e8e747ac18874ac5948c86fd60c43511a9:0:de,de,train,negation,Das alte schwarze Schaf verfolgt die junge schwarze Maus und die junge schwarze Maus verfolgt das alte schwarze Schaf nicht.,Die junge schwarze Maus wird nicht von dem alten schwarzen Schaf verfolgt und das alte schwarze Schaf wird von der jungen schwarzen Maus verfolgt.,0,reviewer_1,,,
fc10142482c64b715919f1116ba975e8e747ac18874ac5948c86fd60c43511a9:0:de,de,train,negation,Das alte schwarze Schaf verfolgt die junge schwarze Maus und die junge schwarze Maus verfolgt das alte schwarze Schaf nicht.,Die junge schwarze Maus wird nicht von dem alten schwarzen Schaf verfolgt und das alte schwarze Schaf wird von der jungen schwarzen Maus verfolgt.,0,reviewer_2,,,
c8f6eff8ffe4e728abc0ea13dffacfaeed3a2351aa0a47bf21c05a60e7942226:1:de,de,train,negation,Die große rote Kuh grüßt die junge grüne Katze und die junge grüne Katze grüßt die große rote Kuh nicht.,Die junge grüne Katze wird von der großen roten Kuh gegrüßt und die große rote Kuh wird nicht von der jungen grünen Katze gegrüßt.,1,reviewer_1,,,
c8f6eff8ffe4e728abc0ea13dffacfaeed3a2351aa0a47bf21c05a60e7942226:1:de,de,train,negation,Die große rote Kuh grüßt die junge grüne Katze und die junge grüne Katze grüßt die große rote Kuh nicht.,Die junge grüne Katze wird von der großen roten Kuh gegrüßt und die große rote Kuh wird nicht von der jungen grünen Katze gegrüßt.,1,reviewer_2,,,
7bfc41188ac8d8f16828054712e0230a249ac23352160de58ce0720c433b8665:0:de,de,train,space,Das große weiße Kaninchen ist vor der großen blauen Maus und die große weiße Ente ist hinter dem kleinen roten Huhn.,Die große blaue Maus ist vor dem großen weißen Kaninchen und das kleine rote Huhn ist hinter der großen weißen Ente.,0,reviewer_1,,,
7bfc41188ac8d8f16828054712e0230a249ac23352160de58ce0720c433b8665:0:de,de,train,space,Das große weiße Kaninchen ist vor der großen blauen Maus und die große weiße Ente ist hinter dem kleinen roten Huhn.,Die große blaue Maus ist vor dem großen weißen Kaninchen und das kleine rote Huhn ist hinter der großen weißen Ente.,0,reviewer_2,,,
3cc0fdd87ac62d33a36a6a5177d69110d030e63b958299f4a9521d4adff9ca02:1:de,de,train,space,Die große weiße Katze ist oberhalb von der großen blauen Maus und das große weiße Huhn ist unterhalb von der alten weißen Maus.,Die große blaue Maus ist unterhalb von der großen weißen Katze und die alte weiße Maus ist oberhalb von dem großen weißen Huhn.,1,reviewer_1,,,
3cc0fdd87ac62d33a36a6a5177d69110d030e63b958299f4a9521d4adff9ca02:1:de,de,train,space,Die große weiße Katze ist oberhalb von der großen blauen Maus und das große weiße Huhn ist unterhalb von der alten weißen Maus.,Die große blaue Maus ist unterhalb von der großen weißen Katze und die alte weiße Maus ist oberhalb von dem großen weißen Huhn.,1,reviewer_2,,,
1ebe31ecd4270e4442af096b322299f2ef12680605a3e831c57b8683791e3609:0:de,de,train,quantity,Es gibt drei kleine weiße Hunde und zwei alte weiße Katzen.,Es gibt drei alte weiße Katzen und zwei kleine weiße Hunde.,0,reviewer_1,,,
1ebe31ecd4270e4442af096b322299f2ef12680605a3e831c57b8683791e3609:0:de,de,train,quantity,Es gibt drei kleine weiße Hunde und zwei alte weiße Katzen.,Es gibt drei alte weiße Katzen und zwei kleine weiße Hunde.,0,reviewer_2,,,
163f5c50e94ce17abafcddbdb47ab9b0ea6ac70621dc14e9c15ed748d9cc5586:1:de,de,train,quantity,Es gibt zwei alte blaue Mäuse und vier alte weiße Pferde.,Es gibt vier alte weiße Pferde und zwei alte blaue Mäuse.,1,reviewer_1,,,
163f5c50e94ce17abafcddbdb47ab9b0ea6ac70621dc14e9c15ed748d9cc5586:1:de,de,train,quantity,Es gibt zwei alte blaue Mäuse und vier alte weiße Pferde.,Es gibt vier alte weiße Pferde und zwei alte blaue Mäuse.,1,reviewer_2,,,
ad118a85660b715c75795dcddb907fa27bb4e66694f202eb5aaafd4f9e048f31:0:de,de,dev_a,roles,Das kleine gelbe Kaninchen sieht den alten gelben Hund und der alte gelbe Hund verfolgt das kleine gelbe Kaninchen.,Der alte gelbe Hund wird von dem kleinen gelben Kaninchen verfolgt und das kleine gelbe Kaninchen wird von dem alten gelben Hund gesehen.,0,reviewer_1,,,
ad118a85660b715c75795dcddb907fa27bb4e66694f202eb5aaafd4f9e048f31:0:de,de,dev_a,roles,Das kleine gelbe Kaninchen sieht den alten gelben Hund und der alte gelbe Hund verfolgt das kleine gelbe Kaninchen.,Der alte gelbe Hund wird von dem kleinen gelben Kaninchen verfolgt und das kleine gelbe Kaninchen wird von dem alten gelben Hund gesehen.,0,reviewer_2,,,
38a1c0fd9858459da3332751fd9d5e8af89b16393ae67c6528be11d39e4bc64c:1:de,de,dev_a,roles,Der große blaue Fuchs verfolgt den alten blauen Löwen und der alte blaue Löwe grüßt den großen blauen Fuchs.,Der alte blaue Löwe wird von dem großen blauen Fuchs verfolgt und der große blaue Fuchs wird von dem alten blauen Löwen gegrüßt.,1,reviewer_1,,,
38a1c0fd9858459da3332751fd9d5e8af89b16393ae67c6528be11d39e4bc64c:1:de,de,dev_a,roles,Der große blaue Fuchs verfolgt den alten blauen Löwen und der alte blaue Löwe grüßt den großen blauen Fuchs.,Der alte blaue Löwe wird von dem großen blauen Fuchs verfolgt und der große blaue Fuchs wird von dem alten blauen Löwen gegrüßt.,1,reviewer_2,,,
cf01edd93d6e9021fd9c67e97fcd6660641ebb01293c7d95ece96cf8f9a4816f:0:de,de,dev_a,negation,Die alte rote Katze grüßt die junge gelbe Ente nicht und die junge gelbe Ente grüßt die alte rote Katze.,Die junge gelbe Ente wird von der alten roten Katze gegrüßt und die alte rote Katze wird nicht von der jungen gelben Ente gegrüßt.,0,reviewer_1,,,
cf01edd93d6e9021fd9c67e97fcd6660641ebb01293c7d95ece96cf8f9a4816f:0:de,de,dev_a,negation,Die alte rote Katze grüßt die junge gelbe Ente nicht und die junge gelbe Ente grüßt die alte rote Katze.,Die junge gelbe Ente wird von der alten roten Katze gegrüßt und die alte rote Katze wird nicht von der jungen gelben Ente gegrüßt.,0,reviewer_2,,,
e438b4b90ff5918a77f56588da920ff77c9fb47fb0e5efad73925299662c29d0:1:de,de,dev_a,negation,Das kleine schwarze Pferd grüßt den kleinen grünen Löwen und der kleine grüne Löwe grüßt das kleine schwarze Pferd nicht.,Der kleine grüne Löwe wird von dem kleinen schwarzen Pferd gegrüßt und das kleine schwarze Pferd wird nicht von dem kleinen grünen Löwen gegrüßt.,1,reviewer_1,,,
e438b4b90ff5918a77f56588da920ff77c9fb47fb0e5efad73925299662c29d0:1:de,de,dev_a,negation,Das kleine schwarze Pferd grüßt den kleinen grünen Löwen und der kleine grüne Löwe grüßt das kleine schwarze Pferd nicht.,Der kleine grüne Löwe wird von dem kleinen schwarzen Pferd gegrüßt und das kleine schwarze Pferd wird nicht von dem kleinen grünen Löwen gegrüßt.,1,reviewer_2,,,
8ee868c9fa21296209bfa25f77d6ad016d7d0386068a57e9b6e342c1137a87ac:0:de,de,dev_a,space,Das alte schwarze Huhn ist unterhalb von dem alten schwarzen Pferd und der junge grüne Fuchs ist oberhalb von dem großen blauen Schaf.,Das alte schwarze Pferd ist unterhalb von dem alten schwarzen Huhn und das große blaue Schaf ist oberhalb von dem jungen grünen Fuchs.,0,reviewer_1,,,
8ee868c9fa21296209bfa25f77d6ad016d7d0386068a57e9b6e342c1137a87ac:0:de,de,dev_a,space,Das alte schwarze Huhn ist unterhalb von dem alten schwarzen Pferd und der junge grüne Fuchs ist oberhalb von dem großen blauen Schaf.,Das alte schwarze Pferd ist unterhalb von dem alten schwarzen Huhn und das große blaue Schaf ist oberhalb von dem jungen grünen Fuchs.,0,reviewer_2,,,
222498bd5e7200a76f416f1b1fe43565b312f8ba76654db6d6c57a3f52d41895:1:de,de,dev_a,space,Der alte gelbe Löwe ist hinter der großen schwarzen Kuh und der junge gelbe Fuchs ist vor dem großen roten Huhn.,Die große schwarze Kuh ist vor dem alten gelben Löwen und das große rote Huhn ist hinter dem jungen gelben Fuchs.,1,reviewer_1,,,
222498bd5e7200a76f416f1b1fe43565b312f8ba76654db6d6c57a3f52d41895:1:de,de,dev_a,space,Der alte gelbe Löwe ist hinter der großen schwarzen Kuh und der junge gelbe Fuchs ist vor dem großen roten Huhn.,Die große schwarze Kuh ist vor dem alten gelben Löwen und das große rote Huhn ist hinter dem jungen gelben Fuchs.,1,reviewer_2,,,
a99102655e606bf991a3cac0e0e0fb920876a5e453823a7bbdd4c97608cc577f:0:de,de,dev_a,quantity,Es gibt fünf junge grüne Kaninchen und sieben große gelbe Füchse.,Es gibt fünf große gelbe Füchse und sieben junge grüne Kaninchen.,0,reviewer_1,,,
a99102655e606bf991a3cac0e0e0fb920876a5e453823a7bbdd4c97608cc577f:0:de,de,dev_a,quantity,Es gibt fünf junge grüne Kaninchen und sieben große gelbe Füchse.,Es gibt fünf große gelbe Füchse und sieben junge grüne Kaninchen.,0,reviewer_2,,,
efc2827dd1e7b90a029a4dd74c1eb6813322f515c97a01f5c28c047e4cef1d2a:1:de,de,dev_a,quantity,Es gibt sieben junge weiße Füchse und fünf kleine schwarze Bären.,Es gibt fünf kleine schwarze Bären und sieben junge weiße Füchse.,1,reviewer_1,,,
efc2827dd1e7b90a029a4dd74c1eb6813322f515c97a01f5c28c047e4cef1d2a:1:de,de,dev_a,quantity,Es gibt sieben junge weiße Füchse und fünf kleine schwarze Bären.,Es gibt fünf kleine schwarze Bären und sieben junge weiße Füchse.,1,reviewer_2,,,
8f254a46eca7c74827f243ce1234888eb9617d526a3e91cb6548f47dcd6d1bd9:0:de,de,dev_b,roles,Der große rote Löwe verfolgt die alte grüne Katze und die alte grüne Katze grüßt den großen roten Löwen.,Die alte grüne Katze wird von dem großen roten Löwen gegrüßt und der große rote Löwe wird von der alten grünen Katze verfolgt.,0,reviewer_1,,,
8f254a46eca7c74827f243ce1234888eb9617d526a3e91cb6548f47dcd6d1bd9:0:de,de,dev_b,roles,Der große rote Löwe verfolgt die alte grüne Katze und die alte grüne Katze grüßt den großen roten Löwen.,Die alte grüne Katze wird von dem großen roten Löwen gegrüßt und der große rote Löwe wird von der alten grünen Katze verfolgt.,0,reviewer_2,,,
717996bed81b41bf07daa1c93fbc510e79e04ba40be3e138faffc7fc64e7ee1f:1:de,de,dev_b,roles,Der große schwarze Hund sieht das alte grüne Schaf und das alte grüne Schaf verfolgt den großen schwarzen Hund.,Das alte grüne Schaf wird von dem großen schwarzen Hund gesehen und der große schwarze Hund wird von dem alten grünen Schaf verfolgt.,1,reviewer_1,,,
717996bed81b41bf07daa1c93fbc510e79e04ba40be3e138faffc7fc64e7ee1f:1:de,de,dev_b,roles,Der große schwarze Hund sieht das alte grüne Schaf und das alte grüne Schaf verfolgt den großen schwarzen Hund.,Das alte grüne Schaf wird von dem großen schwarzen Hund gesehen und der große schwarze Hund wird von dem alten grünen Schaf verfolgt.,1,reviewer_2,,,
d9827ed202b066cf7eea4a5c9f5e7b4f62f30915c9f718b14be519a471d4b14e:0:de,de,dev_b,negation,Die große schwarze Kuh sieht die große rote Katze nicht und die große rote Katze sieht die große schwarze Kuh.,Die große rote Katze wird von der großen schwarzen Kuh gesehen und die große schwarze Kuh wird nicht von der großen roten Katze gesehen.,0,reviewer_1,,,
d9827ed202b066cf7eea4a5c9f5e7b4f62f30915c9f718b14be519a471d4b14e:0:de,de,dev_b,negation,Die große schwarze Kuh sieht die große rote Katze nicht und die große rote Katze sieht die große schwarze Kuh.,Die große rote Katze wird von der großen schwarzen Kuh gesehen und die große schwarze Kuh wird nicht von der großen roten Katze gesehen.,0,reviewer_2,,,
0e045812d0baafb5b2c60c10e824dca52e215ce6681f489b0c064616f1018994:1:de,de,dev_b,negation,Die kleine schwarze Kuh verfolgt den alten gelben Fuchs nicht und der alte gelbe Fuchs verfolgt die kleine schwarze Kuh.,Der alte gelbe Fuchs wird nicht von der kleinen schwarzen Kuh verfolgt und die kleine schwarze Kuh wird von dem alten gelben Fuchs verfolgt.,1,reviewer_1,,,
0e045812d0baafb5b2c60c10e824dca52e215ce6681f489b0c064616f1018994:1:de,de,dev_b,negation,Die kleine schwarze Kuh verfolgt den alten gelben Fuchs nicht und der alte gelbe Fuchs verfolgt die kleine schwarze Kuh.,Der alte gelbe Fuchs wird nicht von der kleinen schwarzen Kuh verfolgt und die kleine schwarze Kuh wird von dem alten gelben Fuchs verfolgt.,1,reviewer_2,,,
e46d8d8e36537522230ae6b8ff59d34a428f67db5aa49e23e8a0e23f0fe6e998:0:de,de,dev_b,space,Das kleine gelbe Kaninchen ist vor dem großen grünen Pferd und das alte grüne Pferd ist hinter dem kleinen schwarzen Huhn.,Das große grüne Pferd ist vor dem kleinen gelben Kaninchen und das kleine schwarze Huhn ist hinter dem alten grünen Pferd.,0,reviewer_1,,,
e46d8d8e36537522230ae6b8ff59d34a428f67db5aa49e23e8a0e23f0fe6e998:0:de,de,dev_b,space,Das kleine gelbe Kaninchen ist vor dem großen grünen Pferd und das alte grüne Pferd ist hinter dem kleinen schwarzen Huhn.,Das große grüne Pferd ist vor dem kleinen gelben Kaninchen und das kleine schwarze Huhn ist hinter dem alten grünen Pferd.,0,reviewer_2,,,
bf7ee1be53611b1fda17d8fb1168ee657f48217ff4062b86e12fbac8b8001839:1:de,de,dev_b,space,Das junge rote Pferd ist rechts von der jungen weißen Maus und der große weiße Fuchs ist links von dem großen gelben Kaninchen.,Die junge weiße Maus ist links von dem jungen roten Pferd und das große gelbe Kaninchen ist rechts von dem großen weißen Fuchs.,1,reviewer_1,,,
bf7ee1be53611b1fda17d8fb1168ee657f48217ff4062b86e12fbac8b8001839:1:de,de,dev_b,space,Das junge rote Pferd ist rechts von der jungen weißen Maus und der große weiße Fuchs ist links von dem großen gelben Kaninchen.,Die junge weiße Maus ist links von dem jungen roten Pferd und das große gelbe Kaninchen ist rechts von dem großen weißen Fuchs.,1,reviewer_2,,,
0ab4021e97c067ca61048877dc603f31de05ac5ca70855c190294d13f8b17768:0:de,de,dev_b,quantity,Es gibt drei große gelbe Hunde und vier junge blaue Schafe.,Es gibt drei junge blaue Schafe und vier große gelbe Hunde.,0,reviewer_1,,,
0ab4021e97c067ca61048877dc603f31de05ac5ca70855c190294d13f8b17768:0:de,de,dev_b,quantity,Es gibt drei große gelbe Hunde und vier junge blaue Schafe.,Es gibt drei junge blaue Schafe und vier große gelbe Hunde.,0,reviewer_2,,,
ba4d6efae986fa65953437aea80193761c62df85caa1ff6eb8deaedf70456585:1:de,de,dev_b,quantity,Es gibt acht junge rote Kaninchen und zwei kleine grüne Löwen.,Es gibt zwei kleine grüne Löwen und acht junge rote Kaninchen.,1,reviewer_1,,,
ba4d6efae986fa65953437aea80193761c62df85caa1ff6eb8deaedf70456585:1:de,de,dev_b,quantity,Es gibt acht junge rote Kaninchen und zwei kleine grüne Löwen.,Es gibt zwei kleine grüne Löwen und acht junge rote Kaninchen.,1,reviewer_2,,,
473aa6efd79a0302ca07bf23dc13ebcbc54bc0588f9191282110a49b4d2df9a7:0:de,de,test,roles,Die große schwarze Ente grüßt das kleine blaue Huhn und das kleine blaue Huhn verfolgt die große schwarze Ente.,Das kleine blaue Huhn wird von der großen schwarzen Ente verfolgt und die große schwarze Ente wird von dem kleinen blauen Huhn gegrüßt.,0,reviewer_1,,,
473aa6efd79a0302ca07bf23dc13ebcbc54bc0588f9191282110a49b4d2df9a7:0:de,de,test,roles,Die große schwarze Ente grüßt das kleine blaue Huhn und das kleine blaue Huhn verfolgt die große schwarze Ente.,Das kleine blaue Huhn wird von der großen schwarzen Ente verfolgt und die große schwarze Ente wird von dem kleinen blauen Huhn gegrüßt.,0,reviewer_2,,,
0778f56b05da708168bef104a50c13336f6dd2cefb1ea5075110df434af847ee:1:de,de,test,roles,Das alte grüne Pferd sieht den jungen gelben Hund und der junge gelbe Hund grüßt das alte grüne Pferd.,Der junge gelbe Hund wird von dem alten grünen Pferd gesehen und das alte grüne Pferd wird von dem jungen gelben Hund gegrüßt.,1,reviewer_1,,,
0778f56b05da708168bef104a50c13336f6dd2cefb1ea5075110df434af847ee:1:de,de,test,roles,Das alte grüne Pferd sieht den jungen gelben Hund und der junge gelbe Hund grüßt das alte grüne Pferd.,Der junge gelbe Hund wird von dem alten grünen Pferd gesehen und das alte grüne Pferd wird von dem jungen gelben Hund gegrüßt.,1,reviewer_2,,,
b2ba49736cfba9e9c81ba1d73ebc721532e4c292fdd9bb2b97301afc29c8b8bf:0:de,de,test,negation,Der junge gelbe Bär verfolgt den jungen blauen Fuchs und der junge blaue Fuchs verfolgt den jungen gelben Bären nicht.,Der junge blaue Fuchs wird nicht von dem jungen gelben Bären verfolgt und der junge gelbe Bär wird von dem jungen blauen Fuchs verfolgt.,0,reviewer_1,,,
b2ba49736cfba9e9c81ba1d73ebc721532e4c292fdd9bb2b97301afc29c8b8bf:0:de,de,test,negation,Der junge gelbe Bär verfolgt den jungen blauen Fuchs und der junge blaue Fuchs verfolgt den jungen gelben Bären nicht.,Der junge blaue Fuchs wird nicht von dem jungen gelben Bären verfolgt und der junge gelbe Bär wird von dem jungen blauen Fuchs verfolgt.,0,reviewer_2,,,
9947023379ab4a3317c67ff2025aa7ae7ed7e353faffb592f713d7df30f68359:1:de,de,test,negation,Das große blaue Schaf sieht das alte schwarze Kaninchen nicht und das alte schwarze Kaninchen sieht das große blaue Schaf.,Das alte schwarze Kaninchen wird nicht von dem großen blauen Schaf gesehen und das große blaue Schaf wird von dem alten schwarzen Kaninchen gesehen.,1,reviewer_1,,,
9947023379ab4a3317c67ff2025aa7ae7ed7e353faffb592f713d7df30f68359:1:de,de,test,negation,Das große blaue Schaf sieht das alte schwarze Kaninchen nicht und das alte schwarze Kaninchen sieht das große blaue Schaf.,Das alte schwarze Kaninchen wird nicht von dem großen blauen Schaf gesehen und das große blaue Schaf wird von dem alten schwarzen Kaninchen gesehen.,1,reviewer_2,,,
44a849ab157b2869dbc3f562db921e72bcb499b000ac691c4733878eed6bfda4:0:de,de,test,space,Das kleine grüne Huhn ist rechts von der großen roten Ente und das alte schwarze Pferd ist links von der alten grünen Maus.,Die große rote Ente ist rechts von dem kleinen grünen Huhn und die alte grüne Maus ist links von dem alten schwarzen Pferd.,0,reviewer_1,,,
44a849ab157b2869dbc3f562db921e72bcb499b000ac691c4733878eed6bfda4:0:de,de,test,space,Das kleine grüne Huhn ist rechts von der großen roten Ente und das alte schwarze Pferd ist links von der alten grünen Maus.,Die große rote Ente ist rechts von dem kleinen grünen Huhn und die alte grüne Maus ist links von dem alten schwarzen Pferd.,0,reviewer_2,,,
b1b80f473f96cbf3b4b16355e157badd77843ae35f035bf55bcd39b13210579c:1:de,de,test,space,Der junge gelbe Bär ist links von dem alten grünen Schaf und der kleine grüne Fuchs ist rechts von der kleinen weißen Kuh.,Das alte grüne Schaf ist rechts von dem jungen gelben Bären und die kleine weiße Kuh ist links von dem kleinen grünen Fuchs.,1,reviewer_1,,,
b1b80f473f96cbf3b4b16355e157badd77843ae35f035bf55bcd39b13210579c:1:de,de,test,space,Der junge gelbe Bär ist links von dem alten grünen Schaf und der kleine grüne Fuchs ist rechts von der kleinen weißen Kuh.,Das alte grüne Schaf ist rechts von dem jungen gelben Bären und die kleine weiße Kuh ist links von dem kleinen grünen Fuchs.,1,reviewer_2,,,
109ceaff93ed57e3a287bfa6e26b924f85bfd65e39a7c7b1fcb0d2184457cad0:0:de,de,test,quantity,Es gibt drei junge rote Bären und vier alte blaue Pferde.,Es gibt drei alte blaue Pferde und vier junge rote Bären.,0,reviewer_1,,,
109ceaff93ed57e3a287bfa6e26b924f85bfd65e39a7c7b1fcb0d2184457cad0:0:de,de,test,quantity,Es gibt drei junge rote Bären und vier alte blaue Pferde.,Es gibt drei alte blaue Pferde und vier junge rote Bären.,0,reviewer_2,,,
d9cff6430bbc54677d87ab36ffd655f6a0047371cf9b1106798bfd9bba34be98:1:de,de,test,quantity,Es gibt zwei alte schwarze Katzen und sieben große rote Kaninchen.,Es gibt sieben große rote Kaninchen und zwei alte schwarze Katzen.,1,reviewer_1,,,
d9cff6430bbc54677d87ab36ffd655f6a0047371cf9b1106798bfd9bba34be98:1:de,de,test,quantity,Es gibt zwei alte schwarze Katzen und sieben große rote Kaninchen.,Es gibt sieben große rote Kaninchen und zwei alte schwarze Katzen.,1,reviewer_2,,,
3b5aec240ad205a6df28e7ab6a94f481c7b3b2c3ec646a6069e12b1b0fcb65b2:0:de,de,train,roles,Die kleine gelbe Maus sieht das große rote Schaf und das große rote Schaf verfolgt die kleine gelbe Maus.,Das große rote Schaf wird von der kleinen gelben Maus verfolgt und die kleine gelbe Maus wird von dem großen roten Schaf gesehen.,0,reviewer_1,,,
3b5aec240ad205a6df28e7ab6a94f481c7b3b2c3ec646a6069e12b1b0fcb65b2:0:de,de,train,roles,Die kleine gelbe Maus sieht das große rote Schaf und das große rote Schaf verfolgt die kleine gelbe Maus.,Das große rote Schaf wird von der kleinen gelben Maus verfolgt und die kleine gelbe Maus wird von dem großen roten Schaf gesehen.,0,reviewer_2,,,
b23a3f00f73ff645e92e06c75574e84e322c656463c93dc00736598286be232f:1:de,de,train,roles,Der große gelbe Bär sieht den kleinen gelben Bären und der kleine gelbe Bär verfolgt den großen gelben Bären.,Der kleine gelbe Bär wird von dem großen gelben Bären gesehen und der große gelbe Bär wird von dem kleinen gelben Bären verfolgt.,1,reviewer_1,,,
b23a3f00f73ff645e92e06c75574e84e322c656463c93dc00736598286be232f:1:de,de,train,roles,Der große gelbe Bär sieht den kleinen gelben Bären und der kleine gelbe Bär verfolgt den großen gelben Bären.,Der kleine gelbe Bär wird von dem großen gelben Bären gesehen und der große gelbe Bär wird von dem kleinen gelben Bären verfolgt.,1,reviewer_2,,,
50f4e99c6037b4338049ee21e92dc01d1b3ae68d09ce33d0f19bb1d79b110398:0:de,de,train,negation,Das junge blaue Kaninchen sieht das große blaue Pferd und das große blaue Pferd sieht das junge blaue Kaninchen nicht.,Das große blaue Pferd wird nicht von dem jungen blauen Kaninchen gesehen und das junge blaue Kaninchen wird von dem großen blauen Pferd gesehen.,0,reviewer_1,,,
50f4e99c6037b4338049ee21e92dc01d1b3ae68d09ce33d0f19bb1d79b110398:0:de,de,train,negation,Das junge blaue Kaninchen sieht das große blaue Pferd und das große blaue Pferd sieht das junge blaue Kaninchen nicht.,Das große blaue Pferd wird nicht von dem jungen blauen Kaninchen gesehen und das junge blaue Kaninchen wird von dem großen blauen Pferd gesehen.,0,reviewer_2,,,
8168bde06143bfc68aa2b378e131511061ddfafd921478c47876d23a4dec1f40:1:de,de,train,negation,Der alte rote Hund grüßt den jungen weißen Hund nicht und der junge weiße Hund grüßt den alten roten Hund.,Der junge weiße Hund wird nicht von dem alten roten Hund gegrüßt und der alte rote Hund wird von dem jungen weißen Hund gegrüßt.,1,reviewer_1,,,
8168bde06143bfc68aa2b378e131511061ddfafd921478c47876d23a4dec1f40:1:de,de,train,negation,Der alte rote Hund grüßt den jungen weißen Hund nicht und der junge weiße Hund grüßt den alten roten Hund.,Der junge weiße Hund wird nicht von dem alten roten Hund gegrüßt und der alte rote Hund wird von dem jungen weißen Hund gegrüßt.,1,reviewer_2,,,
dc12dea8439a509c93688d51b5cd3c59983f8b09a66f69e80b3874ef3cb746a4:0:de,de,train,space,Der große weiße Hund ist links von der kleinen roten Maus und der alte schwarze Löwe ist rechts von dem alten gelben Pferd.,Die kleine rote Maus ist links von dem großen weißen Hund und das alte gelbe Pferd ist rechts von dem alten schwarzen Löwen.,0,reviewer_1,,,
dc12dea8439a509c93688d51b5cd3c59983f8b09a66f69e80b3874ef3cb746a4:0:de,de,train,space,Der große weiße Hund ist links von der kleinen roten Maus und der alte schwarze Löwe ist rechts von dem alten gelben Pferd.,Die kleine rote Maus ist links von dem großen weißen Hund und das alte gelbe Pferd ist rechts von dem alten schwarzen Löwen.,0,reviewer_2,,,
3d41e21409aa3aafcdbbf3c3324a9bd1ee64309c86e8d94ded65cd7796c404ac:1:de,de,train,space,Das alte blaue Huhn ist hinter dem großen blauen Huhn und das kleine grüne Huhn ist vor der kleinen gelben Katze.,Das große blaue Huhn ist vor dem alten blauen Huhn und die kleine gelbe Katze ist hinter dem kleinen grünen Huhn.,1,reviewer_1,,,
3d41e21409aa3aafcdbbf3c3324a9bd1ee64309c86e8d94ded65cd7796c404ac:1:de,de,train,space,Das alte blaue Huhn ist hinter dem großen blauen Huhn und das kleine grüne Huhn ist vor der kleinen gelben Katze.,Das große blaue Huhn ist vor dem alten blauen Huhn und die kleine gelbe Katze ist hinter dem kleinen grünen Huhn.,1,reviewer_2,,,
0acb2c74d997b173d4609ea56177208ebbd81f1312ddc6254a1ba60fa73c6899:0:de,de,train,quantity,Es gibt vier alte rote Enten und drei junge blaue Hunde.,Es gibt vier junge blaue Hunde und drei alte rote Enten.,0,reviewer_1,,,
0acb2c74d997b173d4609ea56177208ebbd81f1312ddc6254a1ba60fa73c6899:0:de,de,train,quantity,Es gibt vier alte rote Enten und drei junge blaue Hunde.,Es gibt vier junge blaue Hunde und drei alte rote Enten.,0,reviewer_2,,,
2c054680714bef74a908b95f736fd2fb231433ba3ea4bc62382c408a2a3b9668:1:de,de,train,quantity,Es gibt sechs junge weiße Hühner und acht große weiße Füchse.,Es gibt acht große weiße Füchse und sechs junge weiße Hühner.,1,reviewer_1,,,
2c054680714bef74a908b95f736fd2fb231433ba3ea4bc62382c408a2a3b9668:1:de,de,train,quantity,Es gibt sechs junge weiße Hühner und acht große weiße Füchse.,Es gibt acht große weiße Füchse und sechs junge weiße Hühner.,1,reviewer_2,,,
ba80fd4165bf1b215213676848bf1c65d45fa87519586588e541a40b18598a94:0:de,de,dev_a,roles,Der junge rote Fuchs sieht das junge rote Huhn und das junge rote Huhn grüßt den jungen roten Fuchs.,Das junge rote Huhn wird von dem jungen roten Fuchs gegrüßt und der junge rote Fuchs wird von dem jungen roten Huhn gesehen.,0,reviewer_1,,,
ba80fd4165bf1b215213676848bf1c65d45fa87519586588e541a40b18598a94:0:de,de,dev_a,roles,Der junge rote Fuchs sieht das junge rote Huhn und das junge rote Huhn grüßt den jungen roten Fuchs.,Das junge rote Huhn wird von dem jungen roten Fuchs gegrüßt und der junge rote Fuchs wird von dem jungen roten Huhn gesehen.,0,reviewer_2,,,
84a09751886a8d10c884ee1d94a0ce3ac9f7bd5b8ee1d4097fce65497383185e:1:de,de,dev_a,roles,Das alte blaue Pferd verfolgt den kleinen gelben Fuchs und der kleine gelbe Fuchs sieht das alte blaue Pferd.,Der kleine gelbe Fuchs wird von dem alten blauen Pferd verfolgt und das alte blaue Pferd wird von dem kleinen gelben Fuchs gesehen.,1,reviewer_1,,,
84a09751886a8d10c884ee1d94a0ce3ac9f7bd5b8ee1d4097fce65497383185e:1:de,de,dev_a,roles,Das alte blaue Pferd verfolgt den kleinen gelben Fuchs und der kleine gelbe Fuchs sieht das alte blaue Pferd.,Der kleine gelbe Fuchs wird von dem alten blauen Pferd verfolgt und das alte blaue Pferd wird von dem kleinen gelben Fuchs gesehen.,1,reviewer_2,,,
90d755ade2070c9dbf3ef6b7fbf62ae764ccdf6eab8674654f92b56f987f42df:0:de,de,dev_a,negation,Die junge blaue Ente verfolgt die junge rote Maus nicht und die junge rote Maus verfolgt die junge blaue Ente.,Die junge rote Maus wird von der jungen blauen Ente verfolgt und die junge blaue Ente wird nicht von der jungen roten Maus verfolgt.,0,reviewer_1,,,
90d755ade2070c9dbf3ef6b7fbf62ae764ccdf6eab8674654f92b56f987f42df:0:de,de,dev_a,negation,Die junge blaue Ente verfolgt die junge rote Maus nicht und die junge rote Maus verfolgt die junge blaue Ente.,Die junge rote Maus wird von der jungen blauen Ente verfolgt und die junge blaue Ente wird nicht von der jungen roten Maus verfolgt.,0,reviewer_2,,,
ffb3792d4360cf72a5e8183f8407e1925d9615579ce5d85a49cb860d162cd336:1:de,de,dev_a,negation,Die junge rote Maus verfolgt den jungen blauen Bären und der junge blaue Bär verfolgt die junge rote Maus nicht.,Der junge blaue Bär wird von der jungen roten Maus verfolgt und die junge rote Maus wird nicht von dem jungen blauen Bären verfolgt.,1,reviewer_1,,,
ffb3792d4360cf72a5e8183f8407e1925d9615579ce5d85a49cb860d162cd336:1:de,de,dev_a,negation,Die junge rote Maus verfolgt den jungen blauen Bären und der junge blaue Bär verfolgt die junge rote Maus nicht.,Der junge blaue Bär wird von der jungen roten Maus verfolgt und die junge rote Maus wird nicht von dem jungen blauen Bären verfolgt.,1,reviewer_2,,,
797f8cf58de82e0fe2e47490b87f74d4363869c913604cee390b73524501fc42:0:de,de,dev_a,space,Der kleine blaue Fuchs ist rechts von dem alten blauen Löwen und die kleine rote Katze ist links von dem alten blauen Bären.,Der alte blaue Löwe ist rechts von dem kleinen blauen Fuchs und der alte blaue Bär ist links von der kleinen roten Katze.,0,reviewer_1,,,
797f8cf58de82e0fe2e47490b87f74d4363869c913604cee390b73524501fc42:0:de,de,dev_a,space,Der kleine blaue Fuchs ist rechts von dem alten blauen Löwen und die kleine rote Katze ist links von dem alten blauen Bären.,Der alte blaue Löwe ist rechts von dem kleinen blauen Fuchs und der alte blaue Bär ist links von der kleinen roten Katze.,0,reviewer_2,,,
0df90e7d728841eacb291d2acf22585387a010c5baf1957ac2fde8a7b4b7a752:1:de,de,dev_a,space,Die alte weiße Maus ist links von der kleinen blauen Maus und die junge blaue Maus ist rechts von dem großen grünen Kaninchen.,Die kleine blaue Maus ist rechts von der alten weißen Maus und das große grüne Kaninchen ist links von der jungen blauen Maus.,1,reviewer_1,,,
0df90e7d728841eacb291d2acf22585387a010c5baf1957ac2fde8a7b4b7a752:1:de,de,dev_a,space,Die alte weiße Maus ist links von der kleinen blauen Maus und die junge blaue Maus ist rechts von dem großen grünen Kaninchen.,Die kleine blaue Maus ist rechts von der alten weißen Maus und das große grüne Kaninchen ist links von der jungen blauen Maus.,1,reviewer_2,,,
36110985e5617e1b66b235a8890a2107b51aa6cf86ba3e083d44ea2e3a5a6451:0:de,de,dev_a,quantity,Es gibt sieben alte schwarze Enten und sechs junge rote Mäuse.,Es gibt sieben junge rote Mäuse und sechs alte schwarze Enten.,0,reviewer_1,,,
36110985e5617e1b66b235a8890a2107b51aa6cf86ba3e083d44ea2e3a5a6451:0:de,de,dev_a,quantity,Es gibt sieben alte schwarze Enten und sechs junge rote Mäuse.,Es gibt sieben junge rote Mäuse und sechs alte schwarze Enten.,0,reviewer_2,,,
ad8f2905ec12b8ba12d72841e8a1eae08acf7868a89189b2e7786421f78245e4:1:de,de,dev_a,quantity,Es gibt sechs alte rote Bären und fünf alte schwarze Bären.,Es gibt fünf alte schwarze Bären und sechs alte rote Bären.,1,reviewer_1,,,
ad8f2905ec12b8ba12d72841e8a1eae08acf7868a89189b2e7786421f78245e4:1:de,de,dev_a,quantity,Es gibt sechs alte rote Bären und fünf alte schwarze Bären.,Es gibt fünf alte schwarze Bären und sechs alte rote Bären.,1,reviewer_2,,,
22db5226356c04b02b21920a7bd4a989494ff0b54522bb4403e3812987ba32a6:0:de,de,dev_b,roles,Die junge weiße Ente sieht den großen weißen Fuchs und der große weiße Fuchs verfolgt die junge weiße Ente.,Der große weiße Fuchs wird von der jungen weißen Ente verfolgt und die junge weiße Ente wird von dem großen weißen Fuchs gesehen.,0,reviewer_1,,,
22db5226356c04b02b21920a7bd4a989494ff0b54522bb4403e3812987ba32a6:0:de,de,dev_b,roles,Die junge weiße Ente sieht den großen weißen Fuchs und der große weiße Fuchs verfolgt die junge weiße Ente.,Der große weiße Fuchs wird von der jungen weißen Ente verfolgt und die junge weiße Ente wird von dem großen weißen Fuchs gesehen.,0,reviewer_2,,,
38fb7d825c89be9c318d565aa9183f2f6389b9fa8bba06ca7694f86f6db23aa1:1:de,de,dev_b,roles,Der alte grüne Bär verfolgt die große schwarze Ente und die große schwarze Ente sieht den alten grünen Bären.,Die große schwarze Ente wird von dem alten grünen Bären verfolgt und der alte grüne Bär wird von der großen schwarzen Ente gesehen.,1,reviewer_1,,,
38fb7d825c89be9c318d565aa9183f2f6389b9fa8bba06ca7694f86f6db23aa1:1:de,de,dev_b,roles,Der alte grüne Bär verfolgt die große schwarze Ente und die große schwarze Ente sieht den alten grünen Bären.,Die große schwarze Ente wird von dem alten grünen Bären verfolgt und der alte grüne Bär wird von der großen schwarzen Ente gesehen.,1,reviewer_2,,,
d6eeba6ae3c67da7152ab5bb5523b7be7e7ed7f671cdd155b8fe44128bac80a0:0:de,de,dev_b,negation,Das junge weiße Schaf verfolgt das junge weiße Kaninchen nicht und das junge weiße Kaninchen verfolgt das junge weiße Schaf.,Das junge weiße Kaninchen wird von dem jungen weißen Schaf verfolgt und das junge weiße Schaf wird nicht von dem jungen weißen Kaninchen verfolgt.,0,reviewer_1,,,
d6eeba6ae3c67da7152ab5bb5523b7be7e7ed7f671cdd155b8fe44128bac80a0:0:de,de,dev_b,negation,Das junge weiße Schaf verfolgt das junge weiße Kaninchen nicht und das junge weiße Kaninchen verfolgt das junge weiße Schaf.,Das junge weiße Kaninchen wird von dem jungen weißen Schaf verfolgt und das junge weiße Schaf wird nicht von dem jungen weißen Kaninchen verfolgt.,0,reviewer_2,,,
a72a38d2f4d48d18c561a27518cbc73ad2b7f11433024161a1d6b4f05870dfcd:1:de,de,dev_b,negation,Die große schwarze Kuh grüßt die große schwarze Ente und die große schwarze Ente grüßt die große schwarze Kuh nicht.,Die große schwarze Ente wird von der großen schwarzen Kuh gegrüßt und die große schwarze Kuh wird nicht von der großen schwarzen Ente gegrüßt.,1,reviewer_1,,,
a72a38d2f4d48d18c561a27518cbc73ad2b7f11433024161a1d6b4f05870dfcd:1:de,de,dev_b,negation,Die große schwarze Kuh grüßt die große schwarze Ente und die große schwarze Ente grüßt die große schwarze Kuh nicht.,Die große schwarze Ente wird von der großen schwarzen Kuh gegrüßt und die große schwarze Kuh wird nicht von der großen schwarzen Ente gegrüßt.,1,reviewer_2,,,
84b0392a91836afcb01c6d4284278898b269ef39e3ea21aa3dab0e6aa004e4ed:0:de,de,dev_b,space,Die alte blaue Ente ist links von dem jungen grünen Fuchs und die kleine weiße Maus ist rechts von dem kleinen grünen Fuchs.,Der junge grüne Fuchs ist links von der alten blauen Ente und der kleine grüne Fuchs ist rechts von der kleinen weißen Maus.,0,reviewer_1,,,
84b0392a91836afcb01c6d4284278898b269ef39e3ea21aa3dab0e6aa004e4ed:0:de,de,dev_b,space,Die alte blaue Ente ist links von dem jungen grünen Fuchs und die kleine weiße Maus ist rechts von dem kleinen grünen Fuchs.,Der junge grüne Fuchs ist links von der alten blauen Ente und der kleine grüne Fuchs ist rechts von der kleinen weißen Maus.,0,reviewer_2,,,
d86fcaee8669b843d5173aacd21a5eb3bb782aaaaae2893ea7e79caa50e7d42f:1:de,de,dev_b,space,Der alte gelbe Hund ist links von der jungen grünen Katze und die große grüne Ente ist rechts von dem großen blauen Kaninchen.,Die junge grüne Katze ist rechts von dem alten gelben Hund und das große blaue Kaninchen ist links von der großen grünen Ente.,1,reviewer_1,,,
d86fcaee8669b843d5173aacd21a5eb3bb782aaaaae2893ea7e79caa50e7d42f:1:de,de,dev_b,space,Der alte gelbe Hund ist links von der jungen grünen Katze und die große grüne Ente ist rechts von dem großen blauen Kaninchen.,Die junge grüne Katze ist rechts von dem alten gelben Hund und das große blaue Kaninchen ist links von der großen grünen Ente.,1,reviewer_2,,,
6a59ee6adf9f5c24abf49c816061b2895e38f2266c9dad799e0f3a84d47b8fcc:0:de,de,dev_b,quantity,Es gibt zwei junge rote Enten und sieben große grüne Füchse.,Es gibt zwei große grüne Füchse und sieben junge rote Enten.,0,reviewer_1,,,
6a59ee6adf9f5c24abf49c816061b2895e38f2266c9dad799e0f3a84d47b8fcc:0:de,de,dev_b,quantity,Es gibt zwei junge rote Enten und sieben große grüne Füchse.,Es gibt zwei große grüne Füchse und sieben junge rote Enten.,0,reviewer_2,,,
bb1725de29ea39a14ed32bb937b2f43a290235b7bd3081968e1f227fc32f770b:1:de,de,dev_b,quantity,Es gibt acht große rote Löwen und drei alte blaue Füchse.,Es gibt drei alte blaue Füchse und acht große rote Löwen.,1,reviewer_1,,,
bb1725de29ea39a14ed32bb937b2f43a290235b7bd3081968e1f227fc32f770b:1:de,de,dev_b,quantity,Es gibt acht große rote Löwen und drei alte blaue Füchse.,Es gibt drei alte blaue Füchse und acht große rote Löwen.,1,reviewer_2,,,
fd3aaffbbefe2e867626e9f77bd28c9407e7503614602c6a899a98de08095b2c:0:de,de,test,roles,Das große rote Pferd sieht die kleine schwarze Ente und die kleine schwarze Ente grüßt das große rote Pferd.,Die kleine schwarze Ente wird von dem großen roten Pferd gegrüßt und das große rote Pferd wird von der kleinen schwarzen Ente gesehen.,0,reviewer_1,,,
fd3aaffbbefe2e867626e9f77bd28c9407e7503614602c6a899a98de08095b2c:0:de,de,test,roles,Das große rote Pferd sieht die kleine schwarze Ente und die kleine schwarze Ente grüßt das große rote Pferd.,Die kleine schwarze Ente wird von dem großen roten Pferd gegrüßt und das große rote Pferd wird von der kleinen schwarzen Ente gesehen.,0,reviewer_2,,,
a61242bb7b8b355a3cb27dfca5d3c78c2cc5b6d9728fabf9a510d48827c3893b:1:de,de,test,roles,Der große gelbe Fuchs grüßt den kleinen schwarzen Fuchs und der kleine schwarze Fuchs sieht den großen gelben Fuchs.,Der kleine schwarze Fuchs wird von dem großen gelben Fuchs gegrüßt und der große gelbe Fuchs wird von dem kleinen schwarzen Fuchs gesehen.,1,reviewer_1,,,
a61242bb7b8b355a3cb27dfca5d3c78c2cc5b6d9728fabf9a510d48827c3893b:1:de,de,test,roles,Der große gelbe Fuchs grüßt den kleinen schwarzen Fuchs und der kleine schwarze Fuchs sieht den großen gelben Fuchs.,Der kleine schwarze Fuchs wird von dem großen gelben Fuchs gegrüßt und der große gelbe Fuchs wird von dem kleinen schwarzen Fuchs gesehen.,1,reviewer_2,,,
f4f3c4e711ddc265406bcfced1b5e7949888fcf3adc391ef7d2157291b832630:0:de,de,test,negation,Die kleine rote Maus verfolgt das junge weiße Pferd und das junge weiße Pferd verfolgt die kleine rote Maus nicht.,Das junge weiße Pferd wird nicht von der kleinen roten Maus verfolgt und die kleine rote Maus wird von dem jungen weißen Pferd verfolgt.,0,reviewer_1,,,
f4f3c4e711ddc265406bcfced1b5e7949888fcf3adc391ef7d2157291b832630:0:de,de,test,negation,Die kleine rote Maus verfolgt das junge weiße Pferd und das junge weiße Pferd verfolgt die kleine rote Maus nicht.,Das junge weiße Pferd wird nicht von der kleinen roten Maus verfolgt und die kleine rote Maus wird von dem jungen weißen Pferd verfolgt.,0,reviewer_2,,,
d696428faa1e0a4800a1cf2d13c82cb3e2176dd99a8990627c6b1f373e6598ab:1:de,de,test,negation,Die große blaue Ente sieht die alte blaue Maus nicht und die alte blaue Maus sieht die große blaue Ente.,Die alte blaue Maus wird nicht von der großen blauen Ente gesehen und die große blaue Ente wird von der alten blauen Maus gesehen.,1,reviewer_1,,,
d696428faa1e0a4800a1cf2d13c82cb3e2176dd99a8990627c6b1f373e6598ab:1:de,de,test,negation,Die große blaue Ente sieht die alte blaue Maus nicht und die alte blaue Maus sieht die große blaue Ente.,Die alte blaue Maus wird nicht von der großen blauen Ente gesehen und die große blaue Ente wird von der alten blauen Maus gesehen.,1,reviewer_2,,,
1a04de9f2dc42b649702ceb1a208738e8b842b906f689e07b3e4ee2ceee5f073:0:de,de,test,space,Die junge schwarze Katze ist oberhalb von dem kleinen blauen Pferd und das junge rote Schaf ist unterhalb von der kleinen schwarzen Maus.,Das kleine blaue Pferd ist oberhalb von der jungen schwarzen Katze und die kleine schwarze Maus ist unterhalb von dem jungen roten Schaf.,0,reviewer_1,,,
1a04de9f2dc42b649702ceb1a208738e8b842b906f689e07b3e4ee2ceee5f073:0:de,de,test,space,Die junge schwarze Katze ist oberhalb von dem kleinen blauen Pferd und das junge rote Schaf ist unterhalb von der kleinen schwarzen Maus.,Das kleine blaue Pferd ist oberhalb von der jungen schwarzen Katze und die kleine schwarze Maus ist unterhalb von dem jungen roten Schaf.,0,reviewer_2,,,
36e4cc3febc38c3c114431b968e075ebbd3312f2b320e7a71a23c7dce97e2644:1:de,de,test,space,Das kleine weiße Huhn ist oberhalb von dem alten roten Kaninchen und die große gelbe Katze ist unterhalb von dem jungen schwarzen Fuchs.,Das alte rote Kaninchen ist unterhalb von dem kleinen weißen Huhn und der junge schwarze Fuchs ist oberhalb von der großen gelben Katze.,1,reviewer_1,,,
36e4cc3febc38c3c114431b968e075ebbd3312f2b320e7a71a23c7dce97e2644:1:de,de,test,space,Das kleine weiße Huhn ist oberhalb von dem alten roten Kaninchen und die große gelbe Katze ist unterhalb von dem jungen schwarzen Fuchs.,Das alte rote Kaninchen ist unterhalb von dem kleinen weißen Huhn und der junge schwarze Fuchs ist oberhalb von der großen gelben Katze.,1,reviewer_2,,,
d6692eafb133b099f4e20fb1bd52810722398563ee92a1ce1e998077ea857209:0:de,de,test,quantity,Es gibt drei große grüne Bären und sechs alte grüne Hühner.,Es gibt drei alte grüne Hühner und sechs große grüne Bären.,0,reviewer_1,,,
d6692eafb133b099f4e20fb1bd52810722398563ee92a1ce1e998077ea857209:0:de,de,test,quantity,Es gibt drei große grüne Bären und sechs alte grüne Hühner.,Es gibt drei alte grüne Hühner und sechs große grüne Bären.,0,reviewer_2,,,
d6c7557ba8075bd71435143189824582e5788dbd7afa583e3ea4587a0db26c4e:1:de,de,test,quantity,Es gibt vier kleine schwarze Schafe und acht kleine blaue Hunde.,Es gibt acht kleine blaue Hunde und vier kleine schwarze Schafe.,1,reviewer_1,,,
d6c7557ba8075bd71435143189824582e5788dbd7afa583e3ea4587a0db26c4e:1:de,de,test,quantity,Es gibt vier kleine schwarze Schafe und acht kleine blaue Hunde.,Es gibt acht kleine blaue Hunde und vier kleine schwarze Schafe.,1,reviewer_2,,,
93f19484a126fcb4a728d89bc9b1e06de6e2783f672b8e30ec74e402dc2f3906:0:de,de,train,roles,Der alte gelbe Hund sieht die kleine schwarze Kuh und die kleine schwarze Kuh grüßt den alten gelben Hund.,Die kleine schwarze Kuh wird von dem alten gelben Hund gegrüßt und der alte gelbe Hund wird von der kleinen schwarzen Kuh gesehen.,0,reviewer_1,,,
93f19484a126fcb4a728d89bc9b1e06de6e2783f672b8e30ec74e402dc2f3906:0:de,de,train,roles,Der alte gelbe Hund sieht die kleine schwarze Kuh und die kleine schwarze Kuh grüßt den alten gelben Hund.,Die kleine schwarze Kuh wird von dem alten gelben Hund gegrüßt und der alte gelbe Hund wird von der kleinen schwarzen Kuh gesehen.,0,reviewer_2,,,
ca39b494709b5cca6cfcaf00a95e1eee66befc98349d8c1dfa0403dd1d3259ec:1:de,de,train,roles,Der alte rote Fuchs grüßt den alten blauen Löwen und der alte blaue Löwe verfolgt den alten roten Fuchs.,Der alte blaue Löwe wird von dem alten roten Fuchs gegrüßt und der alte rote Fuchs wird von dem alten blauen Löwen verfolgt.,1,reviewer_1,,,
ca39b494709b5cca6cfcaf00a95e1eee66befc98349d8c1dfa0403dd1d3259ec:1:de,de,train,roles,Der alte rote Fuchs grüßt den alten blauen Löwen und der alte blaue Löwe verfolgt den alten roten Fuchs.,Der alte blaue Löwe wird von dem alten roten Fuchs gegrüßt und der alte rote Fuchs wird von dem alten blauen Löwen verfolgt.,1,reviewer_2,,,
d873f210b442ad4c4dad5bc7c2d78d0851360ed50a3756145c6b6f05c1a72e91:0:de,de,train,negation,Das junge weiße Kaninchen verfolgt den großen grünen Bären und der große grüne Bär verfolgt das junge weiße Kaninchen nicht.,Der große grüne Bär wird nicht von dem jungen weißen Kaninchen verfolgt und das junge weiße Kaninchen wird von dem großen grünen Bären verfolgt.,0,reviewer_1,,,
d873f210b442ad4c4dad5bc7c2d78d0851360ed50a3756145c6b6f05c1a72e91:0:de,de,train,negation,Das junge weiße Kaninchen verfolgt den großen grünen Bären und der große grüne Bär verfolgt das junge weiße Kaninchen nicht.,Der große grüne Bär wird nicht von dem jungen weißen Kaninchen verfolgt und das junge weiße Kaninchen wird von dem großen grünen Bären verfolgt.,0,reviewer_2,,,
1a56a4f8664b750c4fd4e16f7b62ac31a5699c3d10111a5e3e99a657bbb85711:1:de,de,train,negation,Das alte grüne Schaf verfolgt den alten weißen Hund nicht und der alte weiße Hund verfolgt das alte grüne Schaf.,Der alte weiße Hund wird nicht von dem alten grünen Schaf verfolgt und das alte grüne Schaf wird von dem alten weißen Hund verfolgt.,1,reviewer_1,,,
1a56a4f8664b750c4fd4e16f7b62ac31a5699c3d10111a5e3e99a657bbb85711:1:de,de,train,negation,Das alte grüne Schaf verfolgt den alten weißen Hund nicht und der alte weiße Hund verfolgt das alte grüne Schaf.,Der alte weiße Hund wird nicht von dem alten grünen Schaf verfolgt und das alte grüne Schaf wird von dem alten weißen Hund verfolgt.,1,reviewer_2,,,
6d4b37d487a132524ed5142f5e3cc5f897462abcec2273b9d4bcf599c489539e:0:de,de,train,space,Der kleine blaue Bär ist rechts von dem alten schwarzen Hund und die kleine weiße Kuh ist links von dem alten grünen Pferd.,Der alte schwarze Hund ist rechts von dem kleinen blauen Bären und das alte grüne Pferd ist links von der kleinen weißen Kuh.,0,reviewer_1,,,
6d4b37d487a132524ed5142f5e3cc5f897462abcec2273b9d4bcf599c489539e:0:de,de,train,space,Der kleine blaue Bär ist rechts von dem alten schwarzen Hund und die kleine weiße Kuh ist links von dem alten grünen Pferd.,Der alte schwarze Hund ist rechts von dem kleinen blauen Bären und das alte grüne Pferd ist links von der kleinen weißen Kuh.,0,reviewer_2,,,
2e5d126c07d7007f22517b816d5ca0577866fa6a0996c4a05b1d90989db25df1:1:de,de,train,space,Der junge rote Fuchs ist oberhalb von dem jungen blauen Bären und die große rote Maus ist unterhalb von dem großen gelben Huhn.,Der junge blaue Bär ist unterhalb von dem jungen roten Fuchs und das große gelbe Huhn ist oberhalb von der großen roten Maus.,1,reviewer_1,,,
2e5d126c07d7007f22517b816d5ca0577866fa6a0996c4a05b1d90989db25df1:1:de,de,train,space,Der junge rote Fuchs ist oberhalb von dem jungen blauen Bären und die große rote Maus ist unterhalb von dem großen gelben Huhn.,Der junge blaue Bär ist unterhalb von dem jungen roten Fuchs und das große gelbe Huhn ist oberhalb von der großen roten Maus.,1,reviewer_2,,,
0b73c2e0089fc549ba4bc413865fefc0f029e671639d92dc4edf43282eb80e8d:0:de,de,train,quantity,Es gibt vier kleine weiße Füchse und sieben junge grüne Katzen.,Es gibt vier junge grüne Katzen und sieben kleine weiße Füchse.,0,reviewer_1,,,
0b73c2e0089fc549ba4bc413865fefc0f029e671639d92dc4edf43282eb80e8d:0:de,de,train,quantity,Es gibt vier kleine weiße Füchse und sieben junge grüne Katzen.,Es gibt vier junge grüne Katzen und sieben kleine weiße Füchse.,0,reviewer_2,,,
0c0d1af8d488efae8fec5e5a2577bc5eb4de4445d6022c7ceb407690cfe0c44d:1:de,de,train,quantity,Es gibt sechs alte grüne Hunde und vier große gelbe Füchse.,Es gibt vier große gelbe Füchse und sechs alte grüne Hunde.,1,reviewer_1,,,
0c0d1af8d488efae8fec5e5a2577bc5eb4de4445d6022c7ceb407690cfe0c44d:1:de,de,train,quantity,Es gibt sechs alte grüne Hunde und vier große gelbe Füchse.,Es gibt vier große gelbe Füchse und sechs alte grüne Hunde.,1,reviewer_2,,,
6684908dcd2364e738f90ac2de3d1be0b9df0b9488cbde9f8a2556990c0af809:0:de,de,dev_a,roles,Der große rote Löwe verfolgt den jungen roten Bären und der junge rote Bär grüßt den großen roten Löwen.,Der junge rote Bär wird von dem großen roten Löwen gegrüßt und der große rote Löwe wird von dem jungen roten Bären verfolgt.,0,reviewer_1,,,
6684908dcd2364e738f90ac2de3d1be0b9df0b9488cbde9f8a2556990c0af809:0:de,de,dev_a,roles,Der große rote Löwe verfolgt den jungen roten Bären und der junge rote Bär grüßt den großen roten Löwen.,Der junge rote Bär wird von dem großen roten Löwen gegrüßt und der große rote Löwe wird von dem jungen roten Bären verfolgt.,0,reviewer_2,,,
97f45715e51be4a6c47e0b26670300aca6cbd5d2f9f0bee76200f95a44a68a05:1:de,de,dev_a,roles,Die kleine schwarze Maus sieht die kleine weiße Katze und die kleine weiße Katze verfolgt die kleine schwarze Maus.,Die kleine weiße Katze wird von der kleinen schwarzen Maus gesehen und die kleine schwarze Maus wird von der kleinen weißen Katze verfolgt.,1,reviewer_1,,,
97f45715e51be4a6c47e0b26670300aca6cbd5d2f9f0bee76200f95a44a68a05:1:de,de,dev_a,roles,Die kleine schwarze Maus sieht die kleine weiße Katze und die kleine weiße Katze verfolgt die kleine schwarze Maus.,Die kleine weiße Katze wird von der kleinen schwarzen Maus gesehen und die kleine schwarze Maus wird von der kleinen weißen Katze verfolgt.,1,reviewer_2,,,
99bd8f2918b6a57314742519c54dd2db3b8b771825e8aaf7a8dc2c8e7fd4a41f:0:de,de,dev_a,negation,Das kleine schwarze Schaf grüßt den großen roten Löwen und der große rote Löwe grüßt das kleine schwarze Schaf nicht.,Der große rote Löwe wird nicht von dem kleinen schwarzen Schaf gegrüßt und das kleine schwarze Schaf wird von dem großen roten Löwen gegrüßt.,0,reviewer_1,,,
99bd8f2918b6a57314742519c54dd2db3b8b771825e8aaf7a8dc2c8e7fd4a41f:0:de,de,dev_a,negation,Das kleine schwarze Schaf grüßt den großen roten Löwen und der große rote Löwe grüßt das kleine schwarze Schaf nicht.,Der große rote Löwe wird nicht von dem kleinen schwarzen Schaf gegrüßt und das kleine schwarze Schaf wird von dem großen roten Löwen gegrüßt.,0,reviewer_2,,,
4b91b93df86107ffab360c015266dfd2224224109e8cef0a8047767fa8d7d252:1:de,de,dev_a,negation,Der große rote Hund grüßt den alten schwarzen Bären nicht und der alte schwarze Bär grüßt den großen roten Hund.,Der alte schwarze Bär wird nicht von dem großen roten Hund gegrüßt und der große rote Hund wird von dem alten schwarzen Bären gegrüßt.,1,reviewer_1,,,
4b91b93df86107ffab360c015266dfd2224224109e8cef0a8047767fa8d7d252:1:de,de,dev_a,negation,Der große rote Hund grüßt den alten schwarzen Bären nicht und der alte schwarze Bär grüßt den großen roten Hund.,Der alte schwarze Bär wird nicht von dem großen roten Hund gegrüßt und der große rote Hund wird von dem alten schwarzen Bären gegrüßt.,1,reviewer_2,,,
cdb94dfd1cabf5459d836b3d28ba9d6f933ad87e6694221a2f0a88021adcb387:0:de,de,dev_a,space,Der alte gelbe Bär ist links von dem kleinen grünen Bären und das große rote Kaninchen ist rechts von dem kleinen grünen Löwen.,Der kleine grüne Bär ist links von dem alten gelben Bären und der kleine grüne Löwe ist rechts von dem großen roten Kaninchen.,0,reviewer_1,,,
cdb94dfd1cabf5459d836b3d28ba9d6f933ad87e6694221a2f0a88021adcb387:0:de,de,dev_a,space,Der alte gelbe Bär ist links von dem kleinen grünen Bären und das große rote Kaninchen ist rechts von dem kleinen grünen Löwen.,Der kleine grüne Bär ist links von dem alten gelben Bären und der kleine grüne Löwe ist rechts von dem großen roten Kaninchen.,0,reviewer_2,,,
2a57dcb9aa305d6fbf6ab19a2b7ca57afd5993f123cfc17e978e313a8097b905:1:de,de,dev_a,space,Das junge gelbe Pferd ist unterhalb von dem jungen blauen Huhn und das junge blaue Kaninchen ist oberhalb von dem kleinen roten Pferd.,Das junge blaue Huhn ist oberhalb von dem jungen gelben Pferd und das kleine rote Pferd ist unterhalb von dem jungen blauen Kaninchen.,1,reviewer_1,,,
2a57dcb9aa305d6fbf6ab19a2b7ca57afd5993f123cfc17e978e313a8097b905:1:de,de,dev_a,space,Das junge gelbe Pferd ist unterhalb von dem jungen blauen Huhn und das junge blaue Kaninchen ist oberhalb von dem kleinen roten Pferd.,Das junge blaue Huhn ist oberhalb von dem jungen gelben Pferd und das kleine rote Pferd ist unterhalb von dem jungen blauen Kaninchen.,1,reviewer_2,,,
8a68a1856cb45a8198c44f004eb23efeaab58e6e0cc7a30d1be9b49e2914034d:0:de,de,dev_a,quantity,Es gibt vier junge blaue Mäuse und zwei junge blaue Füchse.,Es gibt vier junge blaue Füchse und zwei junge blaue Mäuse.,0,reviewer_1,,,
8a68a1856cb45a8198c44f004eb23efeaab58e6e0cc7a30d1be9b49e2914034d:0:de,de,dev_a,quantity,Es gibt vier junge blaue Mäuse und zwei junge blaue Füchse.,Es gibt vier junge blaue Füchse und zwei junge blaue Mäuse.,0,reviewer_2,,,
702a13698b563fb0070256d920313e4c64426beb534241f8425ced6b024e35cf:1:de,de,dev_a,quantity,Es gibt vier große weiße Hunde und acht alte schwarze Pferde.,Es gibt acht alte schwarze Pferde und vier große weiße Hunde.,1,reviewer_1,,,
702a13698b563fb0070256d920313e4c64426beb534241f8425ced6b024e35cf:1:de,de,dev_a,quantity,Es gibt vier große weiße Hunde und acht alte schwarze Pferde.,Es gibt acht alte schwarze Pferde und vier große weiße Hunde.,1,reviewer_2,,,
ad0c87b624d01420fdf4c7db5d8b5aab18608329af880cb7ad77a20c9cd71c11:0:de,de,dev_b,roles,Die alte weiße Maus grüßt den großen roten Fuchs und der große rote Fuchs sieht die alte weiße Maus.,Der große rote Fuchs wird von der alten weißen Maus gesehen und die alte weiße Maus wird von dem großen roten Fuchs gegrüßt.,0,reviewer_1,,,
ad0c87b624d01420fdf4c7db5d8b5aab18608329af880cb7ad77a20c9cd71c11:0:de,de,dev_b,roles,Die alte weiße Maus grüßt den großen roten Fuchs und der große rote Fuchs sieht die alte weiße Maus.,Der große rote Fuchs wird von der alten weißen Maus gesehen und die alte weiße Maus wird von dem großen roten Fuchs gegrüßt.,0,reviewer_2,,,
64470666713ffbf11132224e84a5142c373cf80e1818d0cabb6229f7f7d92efa:1:de,de,dev_b,roles,Die große schwarze Katze grüßt das kleine blaue Pferd und das kleine blaue Pferd sieht die große schwarze Katze.,Das kleine blaue Pferd wird von der großen schwarzen Katze gegrüßt und die große schwarze Katze wird von dem kleinen blauen Pferd gesehen.,1,reviewer_1,,,
64470666713ffbf11132224e84a5142c373cf80e1818d0cabb6229f7f7d92efa:1:de,de,dev_b,roles,Die große schwarze Katze grüßt das kleine blaue Pferd und das kleine blaue Pferd sieht die große schwarze Katze.,Das kleine blaue Pferd wird von der großen schwarzen Katze gegrüßt und die große schwarze Katze wird von dem kleinen blauen Pferd gesehen.,1,reviewer_2,,,
167c2f7e0e878897816a1c7c9fccaf40230fe901b66b71d8117e16036e773717:0:de,de,dev_b,negation,Das große weiße Kaninchen grüßt den kleinen grünen Löwen und der kleine grüne Löwe grüßt das große weiße Kaninchen nicht.,Der kleine grüne Löwe wird nicht von dem großen weißen Kaninchen gegrüßt und das große weiße Kaninchen wird von dem kleinen grünen Löwen gegrüßt.,0,reviewer_1,,,
167c2f7e0e878897816a1c7c9fccaf40230fe901b66b71d8117e16036e773717:0:de,de,dev_b,negation,Das große weiße Kaninchen grüßt den kleinen grünen Löwen und der kleine grüne Löwe grüßt das große weiße Kaninchen nicht.,Der kleine grüne Löwe wird nicht von dem großen weißen Kaninchen gegrüßt und das große weiße Kaninchen wird von dem kleinen grünen Löwen gegrüßt.,0,reviewer_2,,,
e8ca19aaaafbb8c5d9511faaf9aed4462e1fec42968ea3eaf8b7af7a5e244183:1:de,de,dev_b,negation,Die kleine weiße Katze sieht den kleinen weißen Löwen und der kleine weiße Löwe sieht die kleine weiße Katze nicht.,Der kleine weiße Löwe wird von der kleinen weißen Katze gesehen und die kleine weiße Katze wird nicht von dem kleinen weißen Löwen gesehen.,1,reviewer_1,,,
e8ca19aaaafbb8c5d9511faaf9aed4462e1fec42968ea3eaf8b7af7a5e244183:1:de,de,dev_b,negation,Die kleine weiße Katze sieht den kleinen weißen Löwen und der kleine weiße Löwe sieht die kleine weiße Katze nicht.,Der kleine weiße Löwe wird von der kleinen weißen Katze gesehen und die kleine weiße Katze wird nicht von dem kleinen weißen Löwen gesehen.,1,reviewer_2,,,
e889b0de78cfaeb80f03c4521e5c045405001d8af0082d51f59b99c713d74036:0:de,de,dev_b,space,Der kleine schwarze Bär ist rechts von dem jungen schwarzen Fuchs und die junge blaue Ente ist links von dem großen schwarzen Kaninchen.,Der junge schwarze Fuchs ist rechts von dem kleinen schwarzen Bären und das große schwarze Kaninchen ist links von der jungen blauen Ente.,0,reviewer_1,,,
e889b0de78cfaeb80f03c4521e5c045405001d8af0082d51f59b99c713d74036:0:de,de,dev_b,space,Der kleine schwarze Bär ist rechts von dem jungen schwarzen Fuchs und die junge blaue Ente ist links von dem großen schwarzen Kaninchen.,Der junge schwarze Fuchs ist rechts von dem kleinen schwarzen Bären und das große schwarze Kaninchen ist links von der jungen blauen Ente.,0,reviewer_2,,,
9ef7f8ca2d532b218796870d68553c1a0dfea7aa208cc75b885c5ddd9d0113a7:1:de,de,dev_b,space,Das alte gelbe Kaninchen ist links von dem alten roten Bären und das junge rote Kaninchen ist rechts von dem jungen roten Fuchs.,Der alte rote Bär ist rechts von dem alten gelben Kaninchen und der junge rote Fuchs ist links von dem jungen roten Kaninchen.,1,reviewer_1,,,
9ef7f8ca2d532b218796870d68553c1a0dfea7aa208cc75b885c5ddd9d0113a7:1:de,de,dev_b,space,Das alte gelbe Kaninchen ist links von dem alten roten Bären und das junge rote Kaninchen ist rechts von dem jungen roten Fuchs.,Der alte rote Bär ist rechts von dem alten gelben Kaninchen und der junge rote Fuchs ist links von dem jungen roten Kaninchen.,1,reviewer_2,,,
396940f24846c2fe5040370004762b9c7034e9c6683148ea0a0c772ab2ae0dea:0:de,de,dev_b,quantity,Es gibt acht große blaue Schafe und sechs große gelbe Hühner.,Es gibt acht große gelbe Hühner und sechs große blaue Schafe.,0,reviewer_1,,,
396940f24846c2fe5040370004762b9c7034e9c6683148ea0a0c772ab2ae0dea:0:de,de,dev_b,quantity,Es gibt acht große blaue Schafe und sechs große gelbe Hühner.,Es gibt acht große gelbe Hühner und sechs große blaue Schafe.,0,reviewer_2,,,
b07657ca97589f1cfc5eafe6c9ee79557754b8dfe234eab86b3546eae76363d4:1:de,de,dev_b,quantity,Es gibt sieben große blaue Hunde und drei große schwarze Füchse.,Es gibt drei große schwarze Füchse und sieben große blaue Hunde.,1,reviewer_1,,,
b07657ca97589f1cfc5eafe6c9ee79557754b8dfe234eab86b3546eae76363d4:1:de,de,dev_b,quantity,Es gibt sieben große blaue Hunde und drei große schwarze Füchse.,Es gibt drei große schwarze Füchse und sieben große blaue Hunde.,1,reviewer_2,,,
6a5a8a5b1f87a8cfa3a740dedc4462742c661477a99515b048b95946d0588375:0:de,de,test,roles,Das alte grüne Pferd sieht den großen grünen Löwen und der große grüne Löwe verfolgt das alte grüne Pferd.,Der große grüne Löwe wird von dem alten grünen Pferd verfolgt und das alte grüne Pferd wird von dem großen grünen Löwen gesehen.,0,reviewer_1,,,
6a5a8a5b1f87a8cfa3a740dedc4462742c661477a99515b048b95946d0588375:0:de,de,test,roles,Das alte grüne Pferd sieht den großen grünen Löwen und der große grüne Löwe verfolgt das alte grüne Pferd.,Der große grüne Löwe wird von dem alten grünen Pferd verfolgt und das alte grüne Pferd wird von dem großen grünen Löwen gesehen.,0,reviewer_2,,,
68f34a8ff25d1fa5c8108a11bff647af3db756a57b8de99cf8baba1f8875dde0:1:de,de,test,roles,Der alte rote Löwe sieht das alte weiße Huhn und das alte weiße Huhn grüßt den alten roten Löwen.,Das alte weiße Huhn wird von dem alten roten Löwen gesehen und der alte rote Löwe wird von dem alten weißen Huhn gegrüßt.,1,reviewer_1,,,
68f34a8ff25d1fa5c8108a11bff647af3db756a57b8de99cf8baba1f8875dde0:1:de,de,test,roles,Der alte rote Löwe sieht das alte weiße Huhn und das alte weiße Huhn grüßt den alten roten Löwen.,Das alte weiße Huhn wird von dem alten roten Löwen gesehen und der alte rote Löwe wird von dem alten weißen Huhn gegrüßt.,1,reviewer_2,,,
2e78f27fb028f3ba5f607e1905e37361389164f4588c5528df18e4d6bf96a0b9:0:de,de,test,negation,Die junge rote Kuh verfolgt den großen weißen Bären und der große weiße Bär verfolgt die junge rote Kuh nicht.,Der große weiße Bär wird nicht von der jungen roten Kuh verfolgt und die junge rote Kuh wird von dem großen weißen Bären verfolgt.,0,reviewer_1,,,
2e78f27fb028f3ba5f607e1905e37361389164f4588c5528df18e4d6bf96a0b9:0:de,de,test,negation,Die junge rote Kuh verfolgt den großen weißen Bären und der große weiße Bär verfolgt die junge rote Kuh nicht.,Der große weiße Bär wird nicht von der jungen roten Kuh verfolgt und die junge rote Kuh wird von dem großen weißen Bären verfolgt.,0,reviewer_2,,,
581abbe306fbec8488eb0ab2b511433595648d22c1e82d774e69f0a0745b8f72:1:de,de,test,negation,Das alte blaue Pferd verfolgt die junge grüne Katze und die junge grüne Katze verfolgt das alte blaue Pferd nicht.,Die junge grüne Katze wird von dem alten blauen Pferd verfolgt und das alte blaue Pferd wird nicht von der jungen grünen Katze verfolgt.,1,reviewer_1,,,
581abbe306fbec8488eb0ab2b511433595648d22c1e82d774e69f0a0745b8f72:1:de,de,test,negation,Das alte blaue Pferd verfolgt die junge grüne Katze und die junge grüne Katze verfolgt das alte blaue Pferd nicht.,Die junge grüne Katze wird von dem alten blauen Pferd verfolgt und das alte blaue Pferd wird nicht von der jungen grünen Katze verfolgt.,1,reviewer_2,,,
87dd37dfef889c68324e3784037ab19b22e4bf9fe81e2b2cd2ecbf4883cbbb8b:0:de,de,test,space,Die alte schwarze Kuh ist hinter dem großen blauen Löwen und das kleine schwarze Schaf ist vor der jungen roten Kuh.,Der große blaue Löwe ist hinter der alten schwarzen Kuh und die junge rote Kuh ist vor dem kleinen schwarzen Schaf.,0,reviewer_1,,,
87dd37dfef889c68324e3784037ab19b22e4bf9fe81e2b2cd2ecbf4883cbbb8b:0:de,de,test,space,Die alte schwarze Kuh ist hinter dem großen blauen Löwen und das kleine schwarze Schaf ist vor der jungen roten Kuh.,Der große blaue Löwe ist hinter der alten schwarzen Kuh und die junge rote Kuh ist vor dem kleinen schwarzen Schaf.,0,reviewer_2,,,
d87cbd9ffb9a5a582045fe5900a6099569cb7a95d747ba8503bce3bc08c498d8:1:de,de,test,space,Die alte weiße Katze ist unterhalb von dem jungen blauen Bären und die junge schwarze Kuh ist oberhalb von dem jungen roten Huhn.,Der junge blaue Bär ist oberhalb von der alten weißen Katze und das junge rote Huhn ist unterhalb von der jungen schwarzen Kuh.,1,reviewer_1,,,
d87cbd9ffb9a5a582045fe5900a6099569cb7a95d747ba8503bce3bc08c498d8:1:de,de,test,space,Die alte weiße Katze ist unterhalb von dem jungen blauen Bären und die junge schwarze Kuh ist oberhalb von dem jungen roten Huhn.,Der junge blaue Bär ist oberhalb von der alten weißen Katze und das junge rote Huhn ist unterhalb von der jungen schwarzen Kuh.,1,reviewer_2,,,
cb4d42cbb109e7a4c4db1c265461781918072ee0ac53324d5cb43ea3cee74ddf:0:de,de,test,quantity,Es gibt fünf große rote Enten und vier große weiße Hunde.,Es gibt fünf große weiße Hunde und vier große rote Enten.,0,reviewer_1,,,
cb4d42cbb109e7a4c4db1c265461781918072ee0ac53324d5cb43ea3cee74ddf:0:de,de,test,quantity,Es gibt fünf große rote Enten und vier große weiße Hunde.,Es gibt fünf große weiße Hunde und vier große rote Enten.,0,reviewer_2,,,
108312b3ff0066ba96517eb1cf1afa2755476a3e49139bdb5a399d58049bc325:1:de,de,test,quantity,Es gibt zwei kleine blaue Mäuse und acht kleine gelbe Enten.,Es gibt acht kleine gelbe Enten und zwei kleine blaue Mäuse.,1,reviewer_1,,,
108312b3ff0066ba96517eb1cf1afa2755476a3e49139bdb5a399d58049bc325:1:de,de,test,quantity,Es gibt zwei kleine blaue Mäuse und acht kleine gelbe Enten.,Es gibt acht kleine gelbe Enten und zwei kleine blaue Mäuse.,1,reviewer_2,,,
ac013e50301dcdfbb17e26bdfccd1102596474c4af08d52ddcd23fc277774b27:0:de,de,train,roles,Das junge gelbe Kaninchen verfolgt das kleine grüne Schaf und das kleine grüne Schaf grüßt das junge gelbe Kaninchen.,Das kleine grüne Schaf wird von dem jungen gelben Kaninchen gegrüßt und das junge gelbe Kaninchen wird von dem kleinen grünen Schaf verfolgt.,0,reviewer_1,,,
ac013e50301dcdfbb17e26bdfccd1102596474c4af08d52ddcd23fc277774b27:0:de,de,train,roles,Das junge gelbe Kaninchen verfolgt das kleine grüne Schaf und das kleine grüne Schaf grüßt das junge gelbe Kaninchen.,Das kleine grüne Schaf wird von dem jungen gelben Kaninchen gegrüßt und das junge gelbe Kaninchen wird von dem kleinen grünen Schaf verfolgt.,0,reviewer_2,,,
9b7bd408522d841656cf6dcf9c6a33f10c7919913a6b25963e5907797e720305:1:de,de,train,roles,Das große grüne Huhn sieht den kleinen gelben Bären und der kleine gelbe Bär verfolgt das große grüne Huhn.,Der kleine gelbe Bär wird von dem großen grünen Huhn gesehen und das große grüne Huhn wird von dem kleinen gelben Bären verfolgt.,1,reviewer_1,,,
9b7bd408522d841656cf6dcf9c6a33f10c7919913a6b25963e5907797e720305:1:de,de,train,roles,Das große grüne Huhn sieht den kleinen gelben Bären und der kleine gelbe Bär verfolgt das große grüne Huhn.,Der kleine gelbe Bär wird von dem großen grünen Huhn gesehen und das große grüne Huhn wird von dem kleinen gelben Bären verfolgt.,1,reviewer_2,,,
3dff0720bc74888e6758adbb2234fa6bc7d0804905b8772c2f24c7b835211981:0:de,de,train,negation,Der alte blaue Hund grüßt das große schwarze Schaf und das große schwarze Schaf grüßt den alten blauen Hund nicht.,Das große schwarze Schaf wird nicht von dem alten blauen Hund gegrüßt und der alte blaue Hund wird von dem großen schwarzen Schaf gegrüßt.,0,reviewer_1,,,
3dff0720bc74888e6758adbb2234fa6bc7d0804905b8772c2f24c7b835211981:0:de,de,train,negation,Der alte blaue Hund grüßt das große schwarze Schaf und das große schwarze Schaf grüßt den alten blauen Hund nicht.,Das große schwarze Schaf wird nicht von dem alten blauen Hund gegrüßt und der alte blaue Hund wird von dem großen schwarzen Schaf gegrüßt.,0,reviewer_2,,,
8124d9bc667316b5ad90b547068df8173718ae78934e5a909a3148a48af484a2:1:de,de,train,negation,Die alte blaue Kuh sieht die alte weiße Maus und die alte weiße Maus sieht die alte blaue Kuh nicht.,Die alte weiße Maus wird von der alten blauen Kuh gesehen und die alte blaue Kuh wird nicht von der alten weißen Maus gesehen.,1,reviewer_1,,,
8124d9bc667316b5ad90b547068df8173718ae78934e5a909a3148a48af484a2:1:de,de,train,negation,Die alte blaue Kuh sieht die alte weiße Maus und die alte weiße Maus sieht die alte blaue Kuh nicht.,Die alte weiße Maus wird von der alten blauen Kuh gesehen und die alte blaue Kuh wird nicht von der alten weißen Maus gesehen.,1,reviewer_2,,,
4d7979748fd9225a60149069132870badaf0895da44b485044631a8e746245ad:0:de,de,train,space,Die große blaue Kuh ist links von der jungen blauen Kuh und das junge blaue Huhn ist rechts von der jungen roten Katze.,Die junge blaue Kuh ist links von der großen blauen Kuh und die junge rote Katze ist rechts von dem jungen blauen Huhn.,0,reviewer_1,,,
4d7979748fd9225a60149069132870badaf0895da44b485044631a8e746245ad:0:de,de,train,space,Die große blaue Kuh ist links von der jungen blauen Kuh und das junge blaue Huhn ist rechts von der jungen roten Katze.,Die junge blaue Kuh ist links von der großen blauen Kuh und die junge rote Katze ist rechts von dem jungen blauen Huhn.,0,reviewer_2,,,
66e1ecf0acfc31e9873d9c2e89f1064dc9cb44a62451ef548aeb2ae28e7c247d:1:de,de,train,space,Das alte rote Kaninchen ist unterhalb von der jungen schwarzen Maus und die kleine schwarze Katze ist oberhalb von dem jungen schwarzen Huhn.,Die junge schwarze Maus ist oberhalb von dem alten roten Kaninchen und das junge schwarze Huhn ist unterhalb von der kleinen schwarzen Katze.,1,reviewer_1,,,
66e1ecf0acfc31e9873d9c2e89f1064dc9cb44a62451ef548aeb2ae28e7c247d:1:de,de,train,space,Das alte rote Kaninchen ist unterhalb von der jungen schwarzen Maus und die kleine schwarze Katze ist oberhalb von dem jungen schwarzen Huhn.,Die junge schwarze Maus ist oberhalb von dem alten roten Kaninchen und das junge schwarze Huhn ist unterhalb von der kleinen schwarzen Katze.,1,reviewer_2,,,
2cb172200470393fd8e854402dad7d07da476d643c93acbbf0c025711bee02a7:0:de,de,train,quantity,Es gibt sieben kleine blaue Pferde und drei kleine schwarze Bären.,Es gibt sieben kleine schwarze Bären und drei kleine blaue Pferde.,0,reviewer_1,,,
2cb172200470393fd8e854402dad7d07da476d643c93acbbf0c025711bee02a7:0:de,de,train,quantity,Es gibt sieben kleine blaue Pferde und drei kleine schwarze Bären.,Es gibt sieben kleine schwarze Bären und drei kleine blaue Pferde.,0,reviewer_2,,,
de4fad1418562c5906bec7f87c39c38d09c90b31abc11ba7104ecc836a12be85:1:de,de,train,quantity,Es gibt vier junge rote Pferde und drei große gelbe Schafe.,Es gibt drei große gelbe Schafe und vier junge rote Pferde.,1,reviewer_1,,,
de4fad1418562c5906bec7f87c39c38d09c90b31abc11ba7104ecc836a12be85:1:de,de,train,quantity,Es gibt vier junge rote Pferde und drei große gelbe Schafe.,Es gibt drei große gelbe Schafe und vier junge rote Pferde.,1,reviewer_2,,,
9fe1bce9fd8a9d81da45a63f2eaddd88c75ff90fe13add360270c2f74d44a824:0:de,de,dev_a,roles,Der alte blaue Bär verfolgt die alte blaue Kuh und die alte blaue Kuh grüßt den alten blauen Bären.,Die alte blaue Kuh wird von dem alten blauen Bären gegrüßt und der alte blaue Bär wird von der alten blauen Kuh verfolgt.,0,reviewer_1,,,
9fe1bce9fd8a9d81da45a63f2eaddd88c75ff90fe13add360270c2f74d44a824:0:de,de,dev_a,roles,Der alte blaue Bär verfolgt die alte blaue Kuh und die alte blaue Kuh grüßt den alten blauen Bären.,Die alte blaue Kuh wird von dem alten blauen Bären gegrüßt und der alte blaue Bär wird von der alten blauen Kuh verfolgt.,0,reviewer_2,,,
65f93ebddd101478ec6f3cf28ad6ff1aced6b9d40a55ca4e9fe10d258bb828f0:1:de,de,dev_a,roles,Das große schwarze Kaninchen verfolgt die junge weiße Katze und die junge weiße Katze sieht das große schwarze Kaninchen.,Die junge weiße Katze wird von dem großen schwarzen Kaninchen verfolgt und das große schwarze Kaninchen wird von der jungen weißen Katze gesehen.,1,reviewer_1,,,
65f93ebddd101478ec6f3cf28ad6ff1aced6b9d40a55ca4e9fe10d258bb828f0:1:de,de,dev_a,roles,Das große schwarze Kaninchen verfolgt die junge weiße Katze und die junge weiße Katze sieht das große schwarze Kaninchen.,Die junge weiße Katze wird von dem großen schwarzen Kaninchen verfolgt und das große schwarze Kaninchen wird von der jungen weißen Katze gesehen.,1,reviewer_2,,,
47ed996935f7dd1a2fe6bd05fadfbd64ae30827556e113ee67890e45df28f431:0:de,de,dev_a,negation,Die junge schwarze Kuh verfolgt die junge weiße Kuh und die junge weiße Kuh verfolgt die junge schwarze Kuh nicht.,Die junge weiße Kuh wird nicht von der jungen schwarzen Kuh verfolgt und die junge schwarze Kuh wird von der jungen weißen Kuh verfolgt.,0,reviewer_1,,,
47ed996935f7dd1a2fe6bd05fadfbd64ae30827556e113ee67890e45df28f431:0:de,de,dev_a,negation,Die junge schwarze Kuh verfolgt die junge weiße Kuh und die junge weiße Kuh verfolgt die junge schwarze Kuh nicht.,Die junge weiße Kuh wird nicht von der jungen schwarzen Kuh verfolgt und die junge schwarze Kuh wird von der jungen weißen Kuh verfolgt.,0,reviewer_2,,,
7e30bc215078075f29abbf2aed1e6f5cd7929d36b0272aca1d471f7155b08691:1:de,de,dev_a,negation,Die alte weiße Ente verfolgt den jungen grünen Hund und der junge grüne Hund verfolgt die alte weiße Ente nicht.,Der junge grüne Hund wird von der alten weißen Ente verfolgt und die alte weiße Ente wird nicht von dem jungen grünen Hund verfolgt.,1,reviewer_1,,,
7e30bc215078075f29abbf2aed1e6f5cd7929d36b0272aca1d471f7155b08691:1:de,de,dev_a,negation,Die alte weiße Ente verfolgt den jungen grünen Hund und der junge grüne Hund verfolgt die alte weiße Ente nicht.,Der junge grüne Hund wird von der alten weißen Ente verfolgt und die alte weiße Ente wird nicht von dem jungen grünen Hund verfolgt.,1,reviewer_2,,,
a99070f9e2354c7b27012cc55afd4327b5dd81e50e3d5d1b4881b76612414db3:0:de,de,dev_a,space,Die große schwarze Maus ist vor der jungen grünen Maus und die große weiße Katze ist hinter dem jungen roten Fuchs.,Die junge grüne Maus ist vor der großen schwarzen Maus und der junge rote Fuchs ist hinter der großen weißen Katze.,0,reviewer_1,,,
a99070f9e2354c7b27012cc55afd4327b5dd81e50e3d5d1b4881b76612414db3:0:de,de,dev_a,space,Die große schwarze Maus ist vor der jungen grünen Maus und die große weiße Katze ist hinter dem jungen roten Fuchs.,Die junge grüne Maus ist vor der großen schwarzen Maus und der junge rote Fuchs ist hinter der großen weißen Katze.,0,reviewer_2,,,
bd693bf96461407a2f4664aab3ba882f8a70800ceeecbabb36af0c65778398f8:1:de,de,dev_a,space,Die alte rote Kuh ist oberhalb von der großen grünen Maus und der alte rote Fuchs ist unterhalb von dem alten weißen Hund.,Die große grüne Maus ist unterhalb von der alten roten Kuh und der alte weiße Hund ist oberhalb von dem alten roten Fuchs.,1,reviewer_1,,,
bd693bf96461407a2f4664aab3ba882f8a70800ceeecbabb36af0c65778398f8:1:de,de,dev_a,space,Die alte rote Kuh ist oberhalb von der großen grünen Maus und der alte rote Fuchs ist unterhalb von dem alten weißen Hund.,Die große grüne Maus ist unterhalb von der alten roten Kuh und der alte weiße Hund ist oberhalb von dem alten roten Fuchs.,1,reviewer_2,,,
b0cec765ba0f805d7a574d58fcdfaa1d9c8539c7664d424d9b423660b4c03a9b:0:de,de,dev_a,quantity,Es gibt sechs junge blaue Katzen und drei kleine schwarze Füchse.,Es gibt sechs kleine schwarze Füchse und drei junge blaue Katzen.,0,reviewer_1,,,
b0cec765ba0f805d7a574d58fcdfaa1d9c8539c7664d424d9b423660b4c03a9b:0:de,de,dev_a,quantity,Es gibt sechs junge blaue Katzen und drei kleine schwarze Füchse.,Es gibt sechs kleine schwarze Füchse und drei junge blaue Katzen.,0,reviewer_2,,,
ba3691d5e5cccb2a411e7a94fd1e7ea3493afd0622da1ea57cba3663f92543c9:1:de,de,dev_a,quantity,Es gibt sechs junge weiße Hunde und zwei alte gelbe Pferde.,Es gibt zwei alte gelbe Pferde und sechs junge weiße Hunde.,1,reviewer_1,,,
ba3691d5e5cccb2a411e7a94fd1e7ea3493afd0622da1ea57cba3663f92543c9:1:de,de,dev_a,quantity,Es gibt sechs junge weiße Hunde und zwei alte gelbe Pferde.,Es gibt zwei alte gelbe Pferde und sechs junge weiße Hunde.,1,reviewer_2,,,
72e7adfe9fcce2f37c7636a30629dfdd99b79c8d8cb1bdd59155f6ff03dd0bde:0:de,de,dev_b,roles,Das große rote Kaninchen sieht den großen roten Hund und der große rote Hund grüßt das große rote Kaninchen.,Der große rote Hund wird von dem großen roten Kaninchen gegrüßt und das große rote Kaninchen wird von dem großen roten Hund gesehen.,0,reviewer_1,,,
72e7adfe9fcce2f37c7636a30629dfdd99b79c8d8cb1bdd59155f6ff03dd0bde:0:de,de,dev_b,roles,Das große rote Kaninchen sieht den großen roten Hund und der große rote Hund grüßt das große rote Kaninchen.,Der große rote Hund wird von dem großen roten Kaninchen gegrüßt und das große rote Kaninchen wird von dem großen roten Hund gesehen.,0,reviewer_2,,,
e64c6d4e6232958488cf9d50d571f8707cd4f3df4992e0058e9d57aba407a3a9:1:de,de,dev_b,roles,Der kleine rote Fuchs sieht den großen grünen Hund und der große grüne Hund verfolgt den kleinen roten Fuchs.,Der große grüne Hund wird von dem kleinen roten Fuchs gesehen und der kleine rote Fuchs wird von dem großen grünen Hund verfolgt.,1,reviewer_1,,,
e64c6d4e6232958488cf9d50d571f8707cd4f3df4992e0058e9d57aba407a3a9:1:de,de,dev_b,roles,Der kleine rote Fuchs sieht den großen grünen Hund und der große grüne Hund verfolgt den kleinen roten Fuchs.,Der große grüne Hund wird von dem kleinen roten Fuchs gesehen und der kleine rote Fuchs wird von dem großen grünen Hund verfolgt.,1,reviewer_2,,,
ae51403e584dc2a638e3b1f8f8df3a880a06a7b04a2a04328336b7a7e2aadac0:0:de,de,dev_b,negation,Die große blaue Maus grüßt die alte weiße Kuh und die alte weiße Kuh grüßt die große blaue Maus nicht.,Die alte weiße Kuh wird nicht von der großen blauen Maus gegrüßt und die große blaue Maus wird von der alten weißen Kuh gegrüßt.,0,reviewer_1,,,
ae51403e584dc2a638e3b1f8f8df3a880a06a7b04a2a04328336b7a7e2aadac0:0:de,de,dev_b,negation,Die große blaue Maus grüßt die alte weiße Kuh und die alte weiße Kuh grüßt die große blaue Maus nicht.,Die alte weiße Kuh wird nicht von der großen blauen Maus gegrüßt und die große blaue Maus wird von der alten weißen Kuh gegrüßt.,0,reviewer_2,,,
35205cfe7eeedc02925dbdfe3c2e15d02a595fda67ba5d2a6f4eab7fba0a896c:1:de,de,dev_b,negation,Die alte schwarze Ente sieht den kleinen gelben Bären nicht und der kleine gelbe Bär sieht die alte schwarze Ente.,Der kleine gelbe Bär wird nicht von der alten schwarzen Ente gesehen und die alte schwarze Ente wird von dem kleinen gelben Bären gesehen.,1,reviewer_1,,,
35205cfe7eeedc02925dbdfe3c2e15d02a595fda67ba5d2a6f4eab7fba0a896c:1:de,de,dev_b,negation,Die alte schwarze Ente sieht den kleinen gelben Bären nicht und der kleine gelbe Bär sieht die alte schwarze Ente.,Der kleine gelbe Bär wird nicht von der alten schwarzen Ente gesehen und die alte schwarze Ente wird von dem kleinen gelben Bären gesehen.,1,reviewer_2,,,
7a0fa45aeee0aab7b00bd634fb376ff5e145987a2d6ef7f1e762f0d106499211:0:de,de,dev_b,space,Die große blaue Maus ist links von dem jungen schwarzen Kaninchen und der große schwarze Fuchs ist rechts von der kleinen gelben Katze.,Das junge schwarze Kaninchen ist links von der großen blauen Maus und die kleine gelbe Katze ist rechts von dem großen schwarzen Fuchs.,0,reviewer_1,,,
7a0fa45aeee0aab7b00bd634fb376ff5e145987a2d6ef7f1e762f0d106499211:0:de,de,dev_b,space,Die große blaue Maus ist links von dem jungen schwarzen Kaninchen und der große schwarze Fuchs ist rechts von der kleinen gelben Katze.,Das junge schwarze Kaninchen ist links von der großen blauen Maus und die kleine gelbe Katze ist rechts von dem großen schwarzen Fuchs.,0,reviewer_2,,,
299e96c6b7a101252d82b5b5bd40abc35b0b2905382104eae704962c9f86dd73:1:de,de,dev_b,space,Der junge rote Bär ist links von der großen schwarzen Maus und der große weiße Bär ist rechts von dem großen gelben Pferd.,Die große schwarze Maus ist rechts von dem jungen roten Bären und das große gelbe Pferd ist links von dem großen weißen Bären.,1,reviewer_1,,,
299e96c6b7a101252d82b5b5bd40abc35b0b2905382104eae704962c9f86dd73:1:de,de,dev_b,space,Der junge rote Bär ist links von der großen schwarzen Maus und der große weiße Bär ist rechts von dem großen gelben Pferd.,Die große schwarze Maus ist rechts von dem jungen roten Bären und das große gelbe Pferd ist links von dem großen weißen Bären.,1,reviewer_2,,,
102d7012246af69ddc0d8b9bf8fe6b14a0b4fee44603dfaa40af32dab5e96931:0:de,de,dev_b,quantity,Es gibt fünf junge grüne Hunde und vier alte grüne Kühe.,Es gibt fünf alte grüne Kühe und vier junge grüne Hunde.,0,reviewer_1,,,
102d7012246af69ddc0d8b9bf8fe6b14a0b4fee44603dfaa40af32dab5e96931:0:de,de,dev_b,quantity,Es gibt fünf junge grüne Hunde und vier alte grüne Kühe.,Es gibt fünf alte grüne Kühe und vier junge grüne Hunde.,0,reviewer_2,,,
f1aeaa0ef1facdfef4aabf664a2639ac1d691e1e07aac92c7d43355fc9122954:1:de,de,dev_b,quantity,Es gibt zwei junge blaue Bären und acht große schwarze Bären.,Es gibt acht große schwarze Bären und zwei junge blaue Bären.,1,reviewer_1,,,
f1aeaa0ef1facdfef4aabf664a2639ac1d691e1e07aac92c7d43355fc9122954:1:de,de,dev_b,quantity,Es gibt zwei junge blaue Bären und acht große schwarze Bären.,Es gibt acht große schwarze Bären und zwei junge blaue Bären.,1,reviewer_2,,,
22e4d33308cb92a8a33ea29db12dbf898f9e84f183d8fcaab58a3564cf7727dd:0:de,de,test,roles,Der alte gelbe Fuchs verfolgt die alte blaue Maus und die alte blaue Maus grüßt den alten gelben Fuchs.,Die alte blaue Maus wird von dem alten gelben Fuchs gegrüßt und der alte gelbe Fuchs wird von der alten blauen Maus verfolgt.,0,reviewer_1,,,
22e4d33308cb92a8a33ea29db12dbf898f9e84f183d8fcaab58a3564cf7727dd:0:de,de,test,roles,Der alte gelbe Fuchs verfolgt die alte blaue Maus und die alte blaue Maus grüßt den alten gelben Fuchs.,Die alte blaue Maus wird von dem alten gelben Fuchs gegrüßt und der alte gelbe Fuchs wird von der alten blauen Maus verfolgt.,0,reviewer_2,,,
6c1f814bc5c6ae8073f8d8bbfdad4eb9552bd93a035b66d5b603db7d95eed433:1:de,de,test,roles,Der alte weiße Löwe verfolgt die alte weiße Katze und die alte weiße Katze sieht den alten weißen Löwen.,Die alte weiße Katze wird von dem alten weißen Löwen verfolgt und der alte weiße Löwe wird von der alten weißen Katze gesehen.,1,reviewer_1,,,
6c1f814bc5c6ae8073f8d8bbfdad4eb9552bd93a035b66d5b603db7d95eed433:1:de,de,test,roles,Der alte weiße Löwe verfolgt die alte weiße Katze und die alte weiße Katze sieht den alten weißen Löwen.,Die alte weiße Katze wird von dem alten weißen Löwen verfolgt und der alte weiße Löwe wird von der alten weißen Katze gesehen.,1,reviewer_2,,,
aaa247e3d6176039c63710b0e3f8f6e60a9b5c633370e731fa10a68bbe73f20a:0:de,de,test,negation,Die alte schwarze Ente grüßt das große grüne Schaf nicht und das große grüne Schaf grüßt die alte schwarze Ente.,Das große grüne Schaf wird von der alten schwarzen Ente gegrüßt und die alte schwarze Ente wird nicht von dem großen grünen Schaf gegrüßt.,0,reviewer_1,,,
aaa247e3d6176039c63710b0e3f8f6e60a9b5c633370e731fa10a68bbe73f20a:0:de,de,test,negation,Die alte schwarze Ente grüßt das große grüne Schaf nicht und das große grüne Schaf grüßt die alte schwarze Ente.,Das große grüne Schaf wird von der alten schwarzen Ente gegrüßt und die alte schwarze Ente wird nicht von dem großen grünen Schaf gegrüßt.,0,reviewer_2,,,
cafa8a0f073b67d25bef4c9f2410bd20c55a6acb13a6294dd4c983e01c44e3f7:1:de,de,test,negation,Das alte gelbe Huhn verfolgt den jungen roten Löwen nicht und der junge rote Löwe verfolgt das alte gelbe Huhn.,Der junge rote Löwe wird nicht von dem alten gelben Huhn verfolgt und das alte gelbe Huhn wird von dem jungen roten Löwen verfolgt.,1,reviewer_1,,,
cafa8a0f073b67d25bef4c9f2410bd20c55a6acb13a6294dd4c983e01c44e3f7:1:de,de,test,negation,Das alte gelbe Huhn verfolgt den jungen roten Löwen nicht und der junge rote Löwe verfolgt das alte gelbe Huhn.,Der junge rote Löwe wird nicht von dem alten gelben Huhn verfolgt und das alte gelbe Huhn wird von dem jungen roten Löwen verfolgt.,1,reviewer_2,,,
bfe42a77d0efb2122603d45c6d3c8755f8853222fbddfc65cda6f013305363db:0:de,de,test,space,Der junge grüne Hund ist rechts von dem kleinen blauen Schaf und der kleine weiße Hund ist links von dem alten weißen Löwen.,Das kleine blaue Schaf ist rechts von dem jungen grünen Hund und der alte weiße Löwe ist links von dem kleinen weißen Hund.,0,reviewer_1,,,
bfe42a77d0efb2122603d45c6d3c8755f8853222fbddfc65cda6f013305363db:0:de,de,test,space,Der junge grüne Hund ist rechts von dem kleinen blauen Schaf und der kleine weiße Hund ist links von dem alten weißen Löwen.,Das kleine blaue Schaf ist rechts von dem jungen grünen Hund und der alte weiße Löwe ist links von dem kleinen weißen Hund.,0,reviewer_2,,,
cbc1f623211e501cd23b8c339bf9ca60acddfd3ea6424a0e84d8443aa65ff9bc:1:de,de,test,space,Das große rote Pferd ist unterhalb von dem großen weißen Löwen und das junge grüne Schaf ist oberhalb von der kleinen roten Kuh.,Der große weiße Löwe ist oberhalb von dem großen roten Pferd und die kleine rote Kuh ist unterhalb von dem jungen grünen Schaf.,1,reviewer_1,,,
cbc1f623211e501cd23b8c339bf9ca60acddfd3ea6424a0e84d8443aa65ff9bc:1:de,de,test,space,Das große rote Pferd ist unterhalb von dem großen weißen Löwen und das junge grüne Schaf ist oberhalb von der kleinen roten Kuh.,Der große weiße Löwe ist oberhalb von dem großen roten Pferd und die kleine rote Kuh ist unterhalb von dem jungen grünen Schaf.,1,reviewer_2,,,
ef76d14fb475b016866fd37d7f1c02abe7a1cba3a1bef3adce6a890a2c2ca8b4:0:de,de,test,quantity,Es gibt sieben kleine weiße Enten und drei junge blaue Hunde.,Es gibt sieben junge blaue Hunde und drei kleine weiße Enten.,0,reviewer_1,,,
ef76d14fb475b016866fd37d7f1c02abe7a1cba3a1bef3adce6a890a2c2ca8b4:0:de,de,test,quantity,Es gibt sieben kleine weiße Enten und drei junge blaue Hunde.,Es gibt sieben junge blaue Hunde und drei kleine weiße Enten.,0,reviewer_2,,,
53ecd91b3ea025909b50fc6317230415e2b644395e7d2501ccae3f812cdb2324:1:de,de,test,quantity,Es gibt drei kleine rote Kaninchen und sieben große grüne Hühner.,Es gibt sieben große grüne Hühner und drei kleine rote Kaninchen.,1,reviewer_1,,,
53ecd91b3ea025909b50fc6317230415e2b644395e7d2501ccae3f812cdb2324:1:de,de,test,quantity,Es gibt drei kleine rote Kaninchen und sieben große grüne Hühner.,Es gibt sieben große grüne Hühner und drei kleine rote Kaninchen.,1,reviewer_2,,,
00082614df3e0c68ff09a9dae04c41d204a7a5d8242194f3976fb8a1ca055f2a:0:de,de,train,roles,Der große blaue Fuchs grüßt den jungen roten Fuchs und der junge rote Fuchs sieht den großen blauen Fuchs.,Der junge rote Fuchs wird von dem großen blauen Fuchs gesehen und der große blaue Fuchs wird von dem jungen roten Fuchs gegrüßt.,0,reviewer_1,,,
00082614df3e0c68ff09a9dae04c41d204a7a5d8242194f3976fb8a1ca055f2a:0:de,de,train,roles,Der große blaue Fuchs grüßt den jungen roten Fuchs und der junge rote Fuchs sieht den großen blauen Fuchs.,Der junge rote Fuchs wird von dem großen blauen Fuchs gesehen und der große blaue Fuchs wird von dem jungen roten Fuchs gegrüßt.,0,reviewer_2,,,
21bdea04392344a913161b2e21558a99f800b88a1ebcb8144e7c5eecc890ee4c:1:de,de,train,roles,Der kleine grüne Löwe verfolgt die große blaue Ente und die große blaue Ente grüßt den kleinen grünen Löwen.,Die große blaue Ente wird von dem kleinen grünen Löwen verfolgt und der kleine grüne Löwe wird von der großen blauen Ente gegrüßt.,1,reviewer_1,,,
21bdea04392344a913161b2e21558a99f800b88a1ebcb8144e7c5eecc890ee4c:1:de,de,train,roles,Der kleine grüne Löwe verfolgt die große blaue Ente und die große blaue Ente grüßt den kleinen grünen Löwen.,Die große blaue Ente wird von dem kleinen grünen Löwen verfolgt und der kleine grüne Löwe wird von der großen blauen Ente gegrüßt.,1,reviewer_2,,,
1ea0922041c6ebcf35a56e8ace1c1999c5deee2b6e7f01cac9a0a87d876822ca:0:de,de,train,negation,Der alte weiße Bär grüßt die große schwarze Kuh nicht und die große schwarze Kuh grüßt den alten weißen Bären.,Die große schwarze Kuh wird von dem alten weißen Bären gegrüßt und der alte weiße Bär wird nicht von der großen schwarzen Kuh gegrüßt.,0,reviewer_1,,,
1ea0922041c6ebcf35a56e8ace1c1999c5deee2b6e7f01cac9a0a87d876822ca:0:de,de,train,negation,Der alte weiße Bär grüßt die große schwarze Kuh nicht und die große schwarze Kuh grüßt den alten weißen Bären.,Die große schwarze Kuh wird von dem alten weißen Bären gegrüßt und der alte weiße Bär wird nicht von der großen schwarzen Kuh gegrüßt.,0,reviewer_2,,,
9d73d2144594037f233c60529539b77046df3ce1a499ab2cbe53e520ebed8887:1:de,de,train,negation,Das junge gelbe Kaninchen sieht das junge grüne Kaninchen nicht und das junge grüne Kaninchen sieht das junge gelbe Kaninchen.,Das junge grüne Kaninchen wird nicht von dem jungen gelben Kaninchen gesehen und das junge gelbe Kaninchen wird von dem jungen grünen Kaninchen gesehen.,1,reviewer_1,,,
9d73d2144594037f233c60529539b77046df3ce1a499ab2cbe53e520ebed8887:1:de,de,train,negation,Das junge gelbe Kaninchen sieht das junge grüne Kaninchen nicht und das junge grüne Kaninchen sieht das junge gelbe Kaninchen.,Das junge grüne Kaninchen wird nicht von dem jungen gelben Kaninchen gesehen und das junge gelbe Kaninchen wird von dem jungen grünen Kaninchen gesehen.,1,reviewer_2,,,
600cd3d0aa448d98e9064822cfbb93c4319966d0cb624c8d42d494e6b86cb709:0:de,de,train,space,Der alte rote Hund ist links von der großen grünen Ente und das junge schwarze Kaninchen ist rechts von dem alten blauen Schaf.,Die große grüne Ente ist links von dem alten roten Hund und das alte blaue Schaf ist rechts von dem jungen schwarzen Kaninchen.,0,reviewer_1,,,
600cd3d0aa448d98e9064822cfbb93c4319966d0cb624c8d42d494e6b86cb709:0:de,de,train,space,Der alte rote Hund ist links von der großen grünen Ente und das junge schwarze Kaninchen ist rechts von dem alten blauen Schaf.,Die große grüne Ente ist links von dem alten roten Hund und das alte blaue Schaf ist rechts von dem jungen schwarzen Kaninchen.,0,reviewer_2,,,
3dab01404379c20f23b73d607d6ebb978360b79fc10a0263363c5e02bb0e7297:1:de,de,train,space,Das alte gelbe Huhn ist links von dem alten schwarzen Hund und der alte grüne Löwe ist rechts von dem großen schwarzen Pferd.,Der alte schwarze Hund ist rechts von dem alten gelben Huhn und das große schwarze Pferd ist links von dem alten grünen Löwen.,1,reviewer_1,,,
3dab01404379c20f23b73d607d6ebb978360b79fc10a0263363c5e02bb0e7297:1:de,de,train,space,Das alte gelbe Huhn ist links von dem alten schwarzen Hund und der alte grüne Löwe ist rechts von dem großen schwarzen Pferd.,Der alte schwarze Hund ist rechts von dem alten gelben Huhn und das große schwarze Pferd ist links von dem alten grünen Löwen.,1,reviewer_2,,,
f9e75bb839ec174f049ebde967d91da7d77d83fb2810d1ef440bf57e0101453c:0:de,de,train,quantity,Es gibt fünf alte gelbe Katzen und sechs alte blaue Bären.,Es gibt fünf alte blaue Bären und sechs alte gelbe Katzen.,0,reviewer_1,,,
f9e75bb839ec174f049ebde967d91da7d77d83fb2810d1ef440bf57e0101453c:0:de,de,train,quantity,Es gibt fünf alte gelbe Katzen und sechs alte blaue Bären.,Es gibt fünf alte blaue Bären und sechs alte gelbe Katzen.,0,reviewer_2,,,
4943b08cc1b36d7d8b16e0d8d1db1e4f7d6a51d61f6a5b6d48f52808fd08d5ab:1:de,de,train,quantity,Es gibt sechs alte schwarze Mäuse und sieben junge grüne Pferde.,Es gibt sieben junge grüne Pferde und sechs alte schwarze Mäuse.,1,reviewer_1,,,
4943b08cc1b36d7d8b16e0d8d1db1e4f7d6a51d61f6a5b6d48f52808fd08d5ab:1:de,de,train,quantity,Es gibt sechs alte schwarze Mäuse und sieben junge grüne Pferde.,Es gibt sieben junge grüne Pferde und sechs alte schwarze Mäuse.,1,reviewer_2,,,
673422ddf13705cdeed03f3970f93fef9a08005818ddc39b82de1fbb68b53164:0:de,de,dev_a,roles,Das kleine rote Schaf sieht das junge gelbe Schaf und das junge gelbe Schaf grüßt das kleine rote Schaf.,Das junge gelbe Schaf wird von dem kleinen roten Schaf gegrüßt und das kleine rote Schaf wird von dem jungen gelben Schaf gesehen.,0,reviewer_1,,,
673422ddf13705cdeed03f3970f93fef9a08005818ddc39b82de1fbb68b53164:0:de,de,dev_a,roles,Das kleine rote Schaf sieht das junge gelbe Schaf und das junge gelbe Schaf grüßt das kleine rote Schaf.,Das junge gelbe Schaf wird von dem kleinen roten Schaf gegrüßt und das kleine rote Schaf wird von dem jungen gelben Schaf gesehen.,0,reviewer_2,,,
62615f198ab18e13ddfa817e2fd95f97e93b0e7777d3f3eb984aaab0b0de2ed1:1:de,de,dev_a,roles,Das junge schwarze Pferd verfolgt das alte grüne Schaf und das alte grüne Schaf sieht das junge schwarze Pferd.,Das alte grüne Schaf wird von dem jungen schwarzen Pferd verfolgt und das junge schwarze Pferd wird von dem alten grünen Schaf gesehen.,1,reviewer_1,,,
62615f198ab18e13ddfa817e2fd95f97e93b0e7777d3f3eb984aaab0b0de2ed1:1:de,de,dev_a,roles,Das junge schwarze Pferd verfolgt das alte grüne Schaf und das alte grüne Schaf sieht das junge schwarze Pferd.,Das alte grüne Schaf wird von dem jungen schwarzen Pferd verfolgt und das junge schwarze Pferd wird von dem alten grünen Schaf gesehen.,1,reviewer_2,,,
e851b1b5cdd2c20e4a288d649350df9ee79dcffc8798eacdbca13d5c4a7dad21:0:de,de,dev_a,negation,Der alte rote Hund verfolgt das große rote Kaninchen und das große rote Kaninchen verfolgt den alten roten Hund nicht.,Das große rote Kaninchen wird nicht von dem alten roten Hund verfolgt und der alte rote Hund wird von dem großen roten Kaninchen verfolgt.,0,reviewer_1,,,
e851b1b5cdd2c20e4a288d649350df9ee79dcffc8798eacdbca13d5c4a7dad21:0:de,de,dev_a,negation,Der alte rote Hund verfolgt das große rote Kaninchen und das große rote Kaninchen verfolgt den alten roten Hund nicht.,Das große rote Kaninchen wird nicht von dem alten roten Hund verfolgt und der alte rote Hund wird von dem großen roten Kaninchen verfolgt.,0,reviewer_2,,,
3727fca93a8a99f76aeecdfd0367c60fa54d813e1e1ea6ed163927518fb4661a:1:de,de,dev_a,negation,Der große weiße Hund grüßt das junge blaue Pferd und das junge blaue Pferd grüßt den großen weißen Hund nicht.,Das junge blaue Pferd wird von dem großen weißen Hund gegrüßt und der große weiße Hund wird nicht von dem jungen blauen Pferd gegrüßt.,1,reviewer_1,,,
3727fca93a8a99f76aeecdfd0367c60fa54d813e1e1ea6ed163927518fb4661a:1:de,de,dev_a,negation,Der große weiße Hund grüßt das junge blaue Pferd und das junge blaue Pferd grüßt den großen weißen Hund nicht.,Das junge blaue Pferd wird von dem großen weißen Hund gegrüßt und der große weiße Hund wird nicht von dem jungen blauen Pferd gegrüßt.,1,reviewer_2,,,
f32634c1db12c645156235157ce624cb3dc8adc5311c13e95bd991d680d28519:0:de,de,dev_a,space,Der große schwarze Löwe ist hinter dem jungen grünen Schaf und die junge gelbe Kuh ist vor der kleinen weißen Kuh.,Das junge grüne Schaf ist hinter dem großen schwarzen Löwen und die kleine weiße Kuh ist vor der jungen gelben Kuh.,0,reviewer_1,,,
f32634c1db12c645156235157ce624cb3dc8adc5311c13e95bd991d680d28519:0:de,de,dev_a,space,Der große schwarze Löwe ist hinter dem jungen grünen Schaf und die junge gelbe Kuh ist vor der kleinen weißen Kuh.,Das junge grüne Schaf ist hinter dem großen schwarzen Löwen und die kleine weiße Kuh ist vor der jungen gelben Kuh.,0,reviewer_2,,,
43c210591f0716697363d5163359f75e3f058adebd5eaed8d0e9c77c45089caf:1:de,de,dev_a,space,Die junge blaue Maus ist links von der jungen roten Kuh und das große weiße Schaf ist rechts von dem jungen blauen Fuchs.,Die junge rote Kuh ist rechts von der jungen blauen Maus und der junge blaue Fuchs ist links von dem großen weißen Schaf.,1,reviewer_1,,,
43c210591f0716697363d5163359f75e3f058adebd5eaed8d0e9c77c45089caf:1:de,de,dev_a,space,Die junge blaue Maus ist links von der jungen roten Kuh und das große weiße Schaf ist rechts von dem jungen blauen Fuchs.,Die junge rote Kuh ist rechts von der jungen blauen Maus und der junge blaue Fuchs ist links von dem großen weißen Schaf.,1,reviewer_2,,,
1d22c921d0ccb764967117a726b0d7f4b2b65311cc3c8da645637008400bb969:0:de,de,dev_a,quantity,Es gibt sechs große rote Pferde und drei alte grüne Bären.,Es gibt sechs alte grüne Bären und drei große rote Pferde.,0,reviewer_1,,,
1d22c921d0ccb764967117a726b0d7f4b2b65311cc3c8da645637008400bb969:0:de,de,dev_a,quantity,Es gibt sechs große rote Pferde und drei alte grüne Bären.,Es gibt sechs alte grüne Bären und drei große rote Pferde.,0,reviewer_2,,,
f31ea8bd2f51229e0ba5a8123a0c94ec6481153e95859882b7339c2490a7ba28:1:de,de,dev_a,quantity,Es gibt sechs kleine blaue Hunde und acht alte weiße Kühe.,Es gibt acht alte weiße Kühe und sechs kleine blaue Hunde.,1,reviewer_1,,,
f31ea8bd2f51229e0ba5a8123a0c94ec6481153e95859882b7339c2490a7ba28:1:de,de,dev_a,quantity,Es gibt sechs kleine blaue Hunde und acht alte weiße Kühe.,Es gibt acht alte weiße Kühe und sechs kleine blaue Hunde.,1,reviewer_2,,,
d25882c6973bf9c041015ba7504e2a6077525272025c2f97b0ab04e9d7258bbf:0:de,de,dev_b,roles,Die große schwarze Maus grüßt das große schwarze Schaf und das große schwarze Schaf sieht die große schwarze Maus.,Das große schwarze Schaf wird von der großen schwarzen Maus gesehen und die große schwarze Maus wird von dem großen schwarzen Schaf gegrüßt.,0,reviewer_1,,,
d25882c6973bf9c041015ba7504e2a6077525272025c2f97b0ab04e9d7258bbf:0:de,de,dev_b,roles,Die große schwarze Maus grüßt das große schwarze Schaf und das große schwarze Schaf sieht die große schwarze Maus.,Das große schwarze Schaf wird von der großen schwarzen Maus gesehen und die große schwarze Maus wird von dem großen schwarzen Schaf gegrüßt.,0,reviewer_2,,,
e92f0786667a223d23bbfdf64762b23128b134c6f210f8db6824504b1e6d38ae:1:de,de,dev_b,roles,Die kleine gelbe Kuh sieht die kleine grüne Katze und die kleine grüne Katze verfolgt die kleine gelbe Kuh.,Die kleine grüne Katze wird von der kleinen gelben Kuh gesehen und die kleine gelbe Kuh wird von der kleinen grünen Katze verfolgt.,1,reviewer_1,,,
e92f0786667a223d23bbfdf64762b23128b134c6f210f8db6824504b1e6d38ae:1:de,de,dev_b,roles,Die kleine gelbe Kuh sieht die kleine grüne Katze und die kleine grüne Katze verfolgt die kleine gelbe Kuh.,Die kleine grüne Katze wird von der kleinen gelben Kuh gesehen und die kleine gelbe Kuh wird von der kleinen grünen Katze verfolgt.,1,reviewer_2,,,
deeb7d4254a82a4adc72cdaeee74377379c0ea3d05a10c391cfd441c06b7c07f:0:de,de,dev_b,negation,Das große grüne Schaf sieht das kleine schwarze Huhn nicht und das kleine schwarze Huhn sieht das große grüne Schaf.,Das kleine schwarze Huhn wird von dem großen grünen Schaf gesehen und das große grüne Schaf wird nicht von dem kleinen schwarzen Huhn gesehen.,0,reviewer_1,,,
deeb7d4254a82a4adc72cdaeee74377379c0ea3d05a10c391cfd441c06b7c07f:0:de,de,dev_b,negation,Das große grüne Schaf sieht das kleine schwarze Huhn nicht und das kleine schwarze Huhn sieht das große grüne Schaf.,Das kleine schwarze Huhn wird von dem großen grünen Schaf gesehen und das große grüne Schaf wird nicht von dem kleinen schwarzen Huhn gesehen.,0,reviewer_2,,,
734c8126156396ee3711cd3ec409e01dd36041e3470d16b7d5d61650452bb20c:1:de,de,dev_b,negation,Die kleine rote Katze verfolgt die junge blaue Katze und die junge blaue Katze verfolgt die kleine rote Katze nicht.,Die junge blaue Katze wird von der kleinen roten Katze verfolgt und die kleine rote Katze wird nicht von der jungen blauen Katze verfolgt.,1,reviewer_1,,,
734c8126156396ee3711cd3ec409e01dd36041e3470d16b7d5d61650452bb20c:1:de,de,dev_b,negation,Die kleine rote Katze verfolgt die junge blaue Katze und die junge blaue Katze verfolgt die kleine rote Katze nicht.,Die junge blaue Katze wird von der kleinen roten Katze verfolgt und die kleine rote Katze wird nicht von der jungen blauen Katze verfolgt.,1,reviewer_2,,,
c17371cac3f4d8144422dcd3a8ef869f1d156bbc6f9e02c0faadccd248e64f5f:0:de,de,dev_b,space,Der junge weiße Fuchs ist links von dem alten grünen Fuchs und die große grüne Katze ist rechts von dem jungen roten Bären.,Der alte grüne Fuchs ist links von dem jungen weißen Fuchs und der junge rote Bär ist rechts von der großen grünen Katze.,0,reviewer_1,,,
c17371cac3f4d8144422dcd3a8ef869f1d156bbc6f9e02c0faadccd248e64f5f:0:de,de,dev_b,space,Der junge weiße Fuchs ist links von dem alten grünen Fuchs und die große grüne Katze ist rechts von dem jungen roten Bären.,Der alte grüne Fuchs ist links von dem jungen weißen Fuchs und der junge rote Bär ist rechts von der großen grünen Katze.,0,reviewer_2,,,
1dcabb3eacf0550548e2900301d6e963992c33aab31cb956f75421ca4ce11d60:1:de,de,dev_b,space,Der große schwarze Löwe ist vor dem jungen blauen Fuchs und das kleine blaue Schaf ist hinter dem kleinen blauen Huhn.,Der junge blaue Fuchs ist hinter dem großen schwarzen Löwen und das kleine blaue Huhn ist vor dem kleinen blauen Schaf.,1,reviewer_1,,,
1dcabb3eacf0550548e2900301d6e963992c33aab31cb956f75421ca4ce11d60:1:de,de,dev_b,space,Der große schwarze Löwe ist vor dem jungen blauen Fuchs und das kleine blaue Schaf ist hinter dem kleinen blauen Huhn.,Der junge blaue Fuchs ist hinter dem großen schwarzen Löwen und das kleine blaue Huhn ist vor dem kleinen blauen Schaf.,1,reviewer_2,,,
a91084062c82176178c1d77d1aef5d6dc124dd4f8160e7e4f9b9312b01cd20ff:0:de,de,dev_b,quantity,Es gibt sechs alte blaue Schafe und drei große weiße Hühner.,Es gibt sechs große weiße Hühner und drei alte blaue Schafe.,0,reviewer_1,,,
a91084062c82176178c1d77d1aef5d6dc124dd4f8160e7e4f9b9312b01cd20ff:0:de,de,dev_b,quantity,Es gibt sechs alte blaue Schafe und drei große weiße Hühner.,Es gibt sechs große weiße Hühner und drei alte blaue Schafe.,0,reviewer_2,,,
22da583ed05686e51e1d54a51be853b0641a985f874f691a51dc4226fe5894d3:1:de,de,dev_b,quantity,Es gibt drei kleine weiße Pferde und vier kleine weiße Enten.,Es gibt vier kleine weiße Enten und drei kleine weiße Pferde.,1,reviewer_1,,,
22da583ed05686e51e1d54a51be853b0641a985f874f691a51dc4226fe5894d3:1:de,de,dev_b,quantity,Es gibt drei kleine weiße Pferde und vier kleine weiße Enten.,Es gibt vier kleine weiße Enten und drei kleine weiße Pferde.,1,reviewer_2,,,
1a2982f3c1032dba4c7cf62b1cc579c7da64866c66c793b689118c11952004fd:0:de,de,test,roles,Die kleine grüne Maus verfolgt die alte rote Ente und die alte rote Ente sieht die kleine grüne Maus.,Die alte rote Ente wird von der kleinen grünen Maus gesehen und die kleine grüne Maus wird von der alten roten Ente verfolgt.,0,reviewer_1,,,
1a2982f3c1032dba4c7cf62b1cc579c7da64866c66c793b689118c11952004fd:0:de,de,test,roles,Die kleine grüne Maus verfolgt die alte rote Ente und die alte rote Ente sieht die kleine grüne Maus.,Die alte rote Ente wird von der kleinen grünen Maus gesehen und die kleine grüne Maus wird von der alten roten Ente verfolgt.,0,reviewer_2,,,
24d10fc3d2ceb2a224fa532cfe2f747957b0b5e4e549d14bcdd00b2c9a0de8b0:1:de,de,test,roles,Der junge gelbe Bär sieht den kleinen roten Hund und der kleine rote Hund verfolgt den jungen gelben Bären.,Der kleine rote Hund wird von dem jungen gelben Bären gesehen und der junge gelbe Bär wird von dem kleinen roten Hund verfolgt.,1,reviewer_1,,,
24d10fc3d2ceb2a224fa532cfe2f747957b0b5e4e549d14bcdd00b2c9a0de8b0:1:de,de,test,roles,Der junge gelbe Bär sieht den kleinen roten Hund und der kleine rote Hund verfolgt den jungen gelben Bären.,Der kleine rote Hund wird von dem jungen gelben Bären gesehen und der junge gelbe Bär wird von dem kleinen roten Hund verfolgt.,1,reviewer_2,,,
2efbeb4fdef30988b94f73e319f3e7b6e5b53fa41718d9824553a45f9d4d9c4f:0:de,de,test,negation,Der junge blaue Fuchs sieht den großen schwarzen Hund und der große schwarze Hund sieht den jungen blauen Fuchs nicht.,Der große schwarze Hund wird nicht von dem jungen blauen Fuchs gesehen und der junge blaue Fuchs wird von dem großen schwarzen Hund gesehen.,0,reviewer_1,,,
2efbeb4fdef30988b94f73e319f3e7b6e5b53fa41718d9824553a45f9d4d9c4f:0:de,de,test,negation,Der junge blaue Fuchs sieht den großen schwarzen Hund und der große schwarze Hund sieht den jungen blauen Fuchs nicht.,Der große schwarze Hund wird nicht von dem jungen blauen Fuchs gesehen und der junge blaue Fuchs wird von dem großen schwarzen Hund gesehen.,0,reviewer_2,,,
970d0c6b46eff8d5d176c6562e2b582d0f1f38bddf67f775a07eb486fa432e73:1:de,de,test,negation,Der kleine rote Hund sieht den großen gelben Bären und der große gelbe Bär sieht den kleinen roten Hund nicht.,Der große gelbe Bär wird von dem kleinen roten Hund gesehen und der kleine rote Hund wird nicht von dem großen gelben Bären gesehen.,1,reviewer_1,,,
970d0c6b46eff8d5d176c6562e2b582d0f1f38bddf67f775a07eb486fa432e73:1:de,de,test,negation,Der kleine rote Hund sieht den großen gelben Bären und der große gelbe Bär sieht den kleinen roten Hund nicht.,Der große gelbe Bär wird von dem kleinen roten Hund gesehen und der kleine rote Hund wird nicht von dem großen gelben Bären gesehen.,1,reviewer_2,,,
baeb62df9439dbcccb20bb6c323983619c407e41bbf12472da25a05f0915484b:0:de,de,test,space,Der große weiße Fuchs ist vor dem großen gelben Fuchs und das alte weiße Schaf ist hinter der jungen grünen Maus.,Der große gelbe Fuchs ist vor dem großen weißen Fuchs und die junge grüne Maus ist hinter dem alten weißen Schaf.,0,reviewer_1,,,
baeb62df9439dbcccb20bb6c323983619c407e41bbf12472da25a05f0915484b:0:de,de,test,space,Der große weiße Fuchs ist vor dem großen gelben Fuchs und das alte weiße Schaf ist hinter der jungen grünen Maus.,Der große gelbe Fuchs ist vor dem großen weißen Fuchs und die junge grüne Maus ist hinter dem alten weißen Schaf.,0,reviewer_2,,,
f6f13eb771d8222aff535025326f6345f0a648d06bb5d21b1fe7c08546033c1b:1:de,de,test,space,Die junge gelbe Katze ist oberhalb von dem großen roten Hund und der große grüne Bär ist unterhalb von dem großen grünen Kaninchen.,Der große rote Hund ist unterhalb von der jungen gelben Katze und das große grüne Kaninchen ist oberhalb von dem großen grünen Bären.,1,reviewer_1,,,
f6f13eb771d8222aff535025326f6345f0a648d06bb5d21b1fe7c08546033c1b:1:de,de,test,space,Die junge gelbe Katze ist oberhalb von dem großen roten Hund und der große grüne Bär ist unterhalb von dem großen grünen Kaninchen.,Der große rote Hund ist unterhalb von der jungen gelben Katze und das große grüne Kaninchen ist oberhalb von dem großen grünen Bären.,1,reviewer_2,,,
f0388da338ab82c2a8b97c39e62178ac83552c2ed062187863edcfbeb68d7865:0:de,de,test,quantity,Es gibt sieben große gelbe Hunde und sechs kleine grüne Kühe.,Es gibt sieben kleine grüne Kühe und sechs große gelbe Hunde.,0,reviewer_1,,,
f0388da338ab82c2a8b97c39e62178ac83552c2ed062187863edcfbeb68d7865:0:de,de,test,quantity,Es gibt sieben große gelbe Hunde und sechs kleine grüne Kühe.,Es gibt sieben kleine grüne Kühe und sechs große gelbe Hunde.,0,reviewer_2,,,
40dd2587359915ec44cac5a647a66d3ce56da5b13150c05c82f6d02f18de9f8f:1:de,de,test,quantity,Es gibt zwei alte rote Hunde und drei große grüne Katzen.,Es gibt drei große grüne Katzen und zwei alte rote Hunde.,1,reviewer_1,,,
40dd2587359915ec44cac5a647a66d3ce56da5b13150c05c82f6d02f18de9f8f:1:de,de,test,quantity,Es gibt zwei alte rote Hunde und drei große grüne Katzen.,Es gibt drei große grüne Katzen und zwei alte rote Hunde.,1,reviewer_2,,,
2819a5f823c7ed6fef29bf6af2eaccf687bf9e7ea69315b45c0bb81dd5c3bb05:0:de,de,train,roles,Das alte rote Huhn grüßt die kleine weiße Maus und die kleine weiße Maus sieht das alte rote Huhn.,Die kleine weiße Maus wird von dem alten roten Huhn gesehen und das alte rote Huhn wird von der kleinen weißen Maus gegrüßt.,0,reviewer_1,,,
2819a5f823c7ed6fef29bf6af2eaccf687bf9e7ea69315b45c0bb81dd5c3bb05:0:de,de,train,roles,Das alte rote Huhn grüßt die kleine weiße Maus und die kleine weiße Maus sieht das alte rote Huhn.,Die kleine weiße Maus wird von dem alten roten Huhn gesehen und das alte rote Huhn wird von der kleinen weißen Maus gegrüßt.,0,reviewer_2,,,
01af3ae4a4ef232b0bf6585bf6da2cfbbbdc7cf2134fe39425acbd1ac3e1a9bd:1:de,de,train,roles,Der kleine grüne Fuchs grüßt den kleinen grünen Bären und der kleine grüne Bär verfolgt den kleinen grünen Fuchs.,Der kleine grüne Bär wird von dem kleinen grünen Fuchs gegrüßt und der kleine grüne Fuchs wird von dem kleinen grünen Bären verfolgt.,1,reviewer_1,,,
01af3ae4a4ef232b0bf6585bf6da2cfbbbdc7cf2134fe39425acbd1ac3e1a9bd:1:de,de,train,roles,Der kleine grüne Fuchs grüßt den kleinen grünen Bären und der kleine grüne Bär verfolgt den kleinen grünen Fuchs.,Der kleine grüne Bär wird von dem kleinen grünen Fuchs gegrüßt und der kleine grüne Fuchs wird von dem kleinen grünen Bären verfolgt.,1,reviewer_2,,,
4807bef8d9cc2c7ec82ae3243b00ac1be5b13bba36527eb232c6d494609d9f66:0:de,de,train,negation,Das große weiße Huhn sieht die alte schwarze Katze nicht und die alte schwarze Katze sieht das große weiße Huhn.,Die alte schwarze Katze wird von dem großen weißen Huhn gesehen und das große weiße Huhn wird nicht von der alten schwarzen Katze gesehen.,0,reviewer_1,,,
4807bef8d9cc2c7ec82ae3243b00ac1be5b13bba36527eb232c6d494609d9f66:0:de,de,train,negation,Das große weiße Huhn sieht die alte schwarze Katze nicht und die alte schwarze Katze sieht das große weiße Huhn.,Die alte schwarze Katze wird von dem großen weißen Huhn gesehen und das große weiße Huhn wird nicht von der alten schwarzen Katze gesehen.,0,reviewer_2,,,
3cccea541cc7e06cd6698d08c70f0ae0c7b5250f619f9964c1b6c350cd2fe4bb:1:de,de,train,negation,Die junge blaue Katze grüßt das kleine rote Pferd nicht und das kleine rote Pferd grüßt die junge blaue Katze.,Das kleine rote Pferd wird nicht von der jungen blauen Katze gegrüßt und die junge blaue Katze wird von dem kleinen roten Pferd gegrüßt.,1,reviewer_1,,,
3cccea541cc7e06cd6698d08c70f0ae0c7b5250f619f9964c1b6c350cd2fe4bb:1:de,de,train,negation,Die junge blaue Katze grüßt das kleine rote Pferd nicht und das kleine rote Pferd grüßt die junge blaue Katze.,Das kleine rote Pferd wird nicht von der jungen blauen Katze gegrüßt und die junge blaue Katze wird von dem kleinen roten Pferd gegrüßt.,1,reviewer_2,,,
7b2e49b8e521c1309f234c201fec4a4a740396e27cbe4b8288c0943d6d1f4024:0:de,de,train,space,Das alte grüne Schaf ist rechts von dem jungen weißen Hund und die alte weiße Katze ist links von der kleinen roten Maus.,Der junge weiße Hund ist rechts von dem alten grünen Schaf und die kleine rote Maus ist links von der alten weißen Katze.,0,reviewer_1,,,
7b2e49b8e521c1309f234c201fec4a4a740396e27cbe4b8288c0943d6d1f4024:0:de,de,train,space,Das alte grüne Schaf ist rechts von dem jungen weißen Hund und die alte weiße Katze ist links von der kleinen roten Maus.,Der junge weiße Hund ist rechts von dem alten grünen Schaf und die kleine rote Maus ist links von der alten weißen Katze.,0,reviewer_2,,,
eacb150cb00be3d9c0ca2b37443c337ab754fd98aa9e0279f33d4d6317b83c00:1:de,de,train,space,Die alte grüne Katze ist hinter dem großen schwarzen Huhn und die kleine gelbe Maus ist vor dem großen grünen Pferd.,Das große schwarze Huhn ist vor der alten grünen Katze und das große grüne Pferd ist hinter der kleinen gelben Maus.,1,reviewer_1,,,
eacb150cb00be3d9c0ca2b37443c337ab754fd98aa9e0279f33d4d6317b83c00:1:de,de,train,space,Die alte grüne Katze ist hinter dem großen schwarzen Huhn und die kleine gelbe Maus ist vor dem großen grünen Pferd.,Das große schwarze Huhn ist vor der alten grünen Katze und das große grüne Pferd ist hinter der kleinen gelben Maus.,1,reviewer_2,,,
8431552ccb7ef73715cb877ec7bf31476274c230a2359e71a926465c239843d0:0:de,de,train,quantity,Es gibt zwei kleine weiße Katzen und sechs große schwarze Katzen.,Es gibt zwei große schwarze Katzen und sechs kleine weiße Katzen.,0,reviewer_1,,,
8431552ccb7ef73715cb877ec7bf31476274c230a2359e71a926465c239843d0:0:de,de,train,quantity,Es gibt zwei kleine weiße Katzen und sechs große schwarze Katzen.,Es gibt zwei große schwarze Katzen und sechs kleine weiße Katzen.,0,reviewer_2,,,
180331f00b4d4daec96ffe6e4e0dcacc904234e15ed257d368d40f42e7bebd95:1:de,de,train,quantity,Es gibt zwei große blaue Pferde und sieben große gelbe Hühner.,Es gibt sieben große gelbe Hühner und zwei große blaue Pferde.,1,reviewer_1,,,
180331f00b4d4daec96ffe6e4e0dcacc904234e15ed257d368d40f42e7bebd95:1:de,de,train,quantity,Es gibt zwei große blaue Pferde und sieben große gelbe Hühner.,Es gibt sieben große gelbe Hühner und zwei große blaue Pferde.,1,reviewer_2,,,
6f1d67f5a52a431a6785b2600ade0d3c6f208535c7f1bec69379c8a0ed4758f7:0:de,de,dev_a,roles,Die kleine blaue Kuh sieht das kleine rote Schaf und das kleine rote Schaf verfolgt die kleine blaue Kuh.,Das kleine rote Schaf wird von der kleinen blauen Kuh verfolgt und die kleine blaue Kuh wird von dem kleinen roten Schaf gesehen.,0,reviewer_1,,,
6f1d67f5a52a431a6785b2600ade0d3c6f208535c7f1bec69379c8a0ed4758f7:0:de,de,dev_a,roles,Die kleine blaue Kuh sieht das kleine rote Schaf und das kleine rote Schaf verfolgt die kleine blaue Kuh.,Das kleine rote Schaf wird von der kleinen blauen Kuh verfolgt und die kleine blaue Kuh wird von dem kleinen roten Schaf gesehen.,0,reviewer_2,,,
37d293196af2f6be59d5a86d2b66002a43959122ff971cde3e45dd495f6f63fd:1:de,de,dev_a,roles,Der alte gelbe Bär sieht den alten grünen Hund und der alte grüne Hund grüßt den alten gelben Bären.,Der alte grüne Hund wird von dem alten gelben Bären gesehen und der alte gelbe Bär wird von dem alten grünen Hund gegrüßt.,1,reviewer_1,,,
37d293196af2f6be59d5a86d2b66002a43959122ff971cde3e45dd495f6f63fd:1:de,de,dev_a,roles,Der alte gelbe Bär sieht den alten grünen Hund und der alte grüne Hund grüßt den alten gelben Bären.,Der alte grüne Hund wird von dem alten gelben Bären gesehen und der alte gelbe Bär wird von dem alten grünen Hund gegrüßt.,1,reviewer_2,,,
6e7bd629be9744cd362e108504fc23a1d8ad327d2bea1d228415dda4e9ba56e0:0:de,de,dev_a,negation,Das junge grüne Schaf sieht das kleine weiße Schaf nicht und das kleine weiße Schaf sieht das junge grüne Schaf.,Das kleine weiße Schaf wird von dem jungen grünen Schaf gesehen und das junge grüne Schaf wird nicht von dem kleinen weißen Schaf gesehen.,0,reviewer_1,,,
6e7bd629be9744cd362e108504fc23a1d8ad327d2bea1d228415dda4e9ba56e0:0:de,de,dev_a,negation,Das junge grüne Schaf sieht das kleine weiße Schaf nicht und das kleine weiße Schaf sieht das junge grüne Schaf.,Das kleine weiße Schaf wird von dem jungen grünen Schaf gesehen und das junge grüne Schaf wird nicht von dem kleinen weißen Schaf gesehen.,0,reviewer_2,,,
1edfae4d0546e5b1678bafbf5fe2c8736bd15e305a50b4e008a29f397d6c251e:1:de,de,dev_a,negation,Die alte grüne Kuh grüßt die kleine schwarze Kuh und die kleine schwarze Kuh grüßt die alte grüne Kuh nicht.,Die kleine schwarze Kuh wird von der alten grünen Kuh gegrüßt und die alte grüne Kuh wird nicht von der kleinen schwarzen Kuh gegrüßt.,1,reviewer_1,,,
1edfae4d0546e5b1678bafbf5fe2c8736bd15e305a50b4e008a29f397d6c251e:1:de,de,dev_a,negation,Die alte grüne Kuh grüßt die kleine schwarze Kuh und die kleine schwarze Kuh grüßt die alte grüne Kuh nicht.,Die kleine schwarze Kuh wird von der alten grünen Kuh gegrüßt und die alte grüne Kuh wird nicht von der kleinen schwarzen Kuh gegrüßt.,1,reviewer_2,,,
7d59a801e47446d34553837a45d796f91d155c6802e99dd751bda5e4cde267d6:0:de,de,dev_a,space,Der große weiße Löwe ist hinter der großen blauen Katze und die große rote Kuh ist vor der alten schwarzen Katze.,Die große blaue Katze ist hinter dem großen weißen Löwen und die alte schwarze Katze ist vor der großen roten Kuh.,0,reviewer_1,,,
7d59a801e47446d34553837a45d796f91d155c6802e99dd751bda5e4cde267d6:0:de,de,dev_a,space,Der große weiße Löwe ist hinter der großen blauen Katze und die große rote Kuh ist vor der alten schwarzen Katze.,Die große blaue Katze ist hinter dem großen weißen Löwen und die alte schwarze Katze ist vor der großen roten Kuh.,0,reviewer_2,,,
bf92336d9cd527e9ca679320a176a8d553945ad092a4b5a5ac6705ac672cd4f0:1:de,de,dev_a,space,Die kleine gelbe Ente ist oberhalb von dem alten schwarzen Kaninchen und die junge gelbe Ente ist unterhalb von dem großen schwarzen Bären.,Das alte schwarze Kaninchen ist unterhalb von der kleinen gelben Ente und der große schwarze Bär ist oberhalb von der jungen gelben Ente.,1,reviewer_1,,,
bf92336d9cd527e9ca679320a176a8d553945ad092a4b5a5ac6705ac672cd4f0:1:de,de,dev_a,space,Die kleine gelbe Ente ist oberhalb von dem alten schwarzen Kaninchen und die junge gelbe Ente ist unterhalb von dem großen schwarzen Bären.,Das alte schwarze Kaninchen ist unterhalb von der kleinen gelben Ente und der große schwarze Bär ist oberhalb von der jungen gelben Ente.,1,reviewer_2,,,
702a13698b563fb0070256d920313e4c64426beb534241f8425ced6b024e35cf:0:de,de,dev_a,quantity,Es gibt vier große weiße Hunde und acht alte schwarze Pferde.,Es gibt vier alte schwarze Pferde und acht große weiße Hunde.,0,reviewer_1,,,
702a13698b563fb0070256d920313e4c64426beb534241f8425ced6b024e35cf:0:de,de,dev_a,quantity,Es gibt vier große weiße Hunde und acht alte schwarze Pferde.,Es gibt vier alte schwarze Pferde und acht große weiße Hunde.,0,reviewer_2,,,
f80116919215327b0e0dbdb0449f04b773795a8c10795c74936366f36b168a51:1:de,de,dev_a,quantity,Es gibt sieben junge blaue Kühe und fünf große weiße Pferde.,Es gibt fünf große weiße Pferde und sieben junge blaue Kühe.,1,reviewer_1,,,
f80116919215327b0e0dbdb0449f04b773795a8c10795c74936366f36b168a51:1:de,de,dev_a,quantity,Es gibt sieben junge blaue Kühe und fünf große weiße Pferde.,Es gibt fünf große weiße Pferde und sieben junge blaue Kühe.,1,reviewer_2,,,
49cc80621dd8a7f70c7335e99beeba81802bd0dbfead615e36d103bd82c63337:0:de,de,dev_b,roles,Der kleine rote Hund verfolgt das junge blaue Kaninchen und das junge blaue Kaninchen sieht den kleinen roten Hund.,Das junge blaue Kaninchen wird von dem kleinen roten Hund gesehen und der kleine rote Hund wird von dem jungen blauen Kaninchen verfolgt.,0,reviewer_1,,,
49cc80621dd8a7f70c7335e99beeba81802bd0dbfead615e36d103bd82c63337:0:de,de,dev_b,roles,Der kleine rote Hund verfolgt das junge blaue Kaninchen und das junge blaue Kaninchen sieht den kleinen roten Hund.,Das junge blaue Kaninchen wird von dem kleinen roten Hund gesehen und der kleine rote Hund wird von dem jungen blauen Kaninchen verfolgt.,0,reviewer_2,,,
95882906955f4c4d3e40b6f0a4b6099f0b8c359a1d072eebb7b2a5503ae2100d:1:de,de,dev_b,roles,Das junge gelbe Schaf grüßt das große grüne Schaf und das große grüne Schaf verfolgt das junge gelbe Schaf.,Das große grüne Schaf wird von dem jungen gelben Schaf gegrüßt und das junge gelbe Schaf wird von dem großen grünen Schaf verfolgt.,1,reviewer_1,,,
95882906955f4c4d3e40b6f0a4b6099f0b8c359a1d072eebb7b2a5503ae2100d:1:de,de,dev_b,roles,Das junge gelbe Schaf grüßt das große grüne Schaf und das große grüne Schaf verfolgt das junge gelbe Schaf.,Das große grüne Schaf wird von dem jungen gelben Schaf gegrüßt und das junge gelbe Schaf wird von dem großen grünen Schaf verfolgt.,1,reviewer_2,,,
a77abd3e8dee4112938da65313b6c04aa4ddda1d16e9f42ed8a573515325f544:0:de,de,dev_b,negation,Der junge schwarze Löwe grüßt das alte gelbe Huhn und das alte gelbe Huhn grüßt den jungen schwarzen Löwen nicht.,Das alte gelbe Huhn wird nicht von dem jungen schwarzen Löwen gegrüßt und der junge schwarze Löwe wird von dem alten gelben Huhn gegrüßt.,0,reviewer_1,,,
a77abd3e8dee4112938da65313b6c04aa4ddda1d16e9f42ed8a573515325f544:0:de,de,dev_b,negation,Der junge schwarze Löwe grüßt das alte gelbe Huhn und das alte gelbe Huhn grüßt den jungen schwarzen Löwen nicht.,Das alte gelbe Huhn wird nicht von dem jungen schwarzen Löwen gegrüßt und der junge schwarze Löwe wird von dem alten gelben Huhn gegrüßt.,0,reviewer_2,,,
1cf501e6c34760b4c7df3768798a92b6fb28df2abfc17a0f3868b610e1b5dcd5:1:de,de,dev_b,negation,Das kleine blaue Pferd grüßt den jungen schwarzen Fuchs nicht und der junge schwarze Fuchs grüßt das kleine blaue Pferd.,Der junge schwarze Fuchs wird nicht von dem kleinen blauen Pferd gegrüßt und das kleine blaue Pferd wird von dem jungen schwarzen Fuchs gegrüßt.,1,reviewer_1,,,
1cf501e6c34760b4c7df3768798a92b6fb28df2abfc17a0f3868b610e1b5dcd5:1:de,de,dev_b,negation,Das kleine blaue Pferd grüßt den jungen schwarzen Fuchs nicht und der junge schwarze Fuchs grüßt das kleine blaue Pferd.,Der junge schwarze Fuchs wird nicht von dem kleinen blauen Pferd gegrüßt und das kleine blaue Pferd wird von dem jungen schwarzen Fuchs gegrüßt.,1,reviewer_2,,,
ef7cf16ac574909970b4b25effde45b640ced4265087e642f9df83e1e1234f56:0:de,de,dev_b,space,Der große grüne Bär ist unterhalb von dem großen blauen Bären und das kleine schwarze Schaf ist oberhalb von dem jungen blauen Huhn.,Der große blaue Bär ist unterhalb von dem großen grünen Bären und das junge blaue Huhn ist oberhalb von dem kleinen schwarzen Schaf.,0,reviewer_1,,,
ef7cf16ac574909970b4b25effde45b640ced4265087e642f9df83e1e1234f56:0:de,de,dev_b,space,Der große grüne Bär ist unterhalb von dem großen blauen Bären und das kleine schwarze Schaf ist oberhalb von dem jungen blauen Huhn.,Der große blaue Bär ist unterhalb von dem großen grünen Bären und das junge blaue Huhn ist oberhalb von dem kleinen schwarzen Schaf.,0,reviewer_2,,,
7254433631bc642103d34bc0f1324228be800c3fb65d0994b211882b1c026c07:1:de,de,dev_b,space,Der kleine gelbe Löwe ist rechts von dem kleinen grünen Bären und der kleine blaue Bär ist links von der alten roten Kuh.,Der kleine grüne Bär ist links von dem kleinen gelben Löwen und die alte rote Kuh ist rechts von dem kleinen blauen Bären.,1,reviewer_1,,,
7254433631bc642103d34bc0f1324228be800c3fb65d0994b211882b1c026c07:1:de,de,dev_b,space,Der kleine gelbe Löwe ist rechts von dem kleinen grünen Bären und der kleine blaue Bär ist links von der alten roten Kuh.,Der kleine grüne Bär ist links von dem kleinen gelben Löwen und die alte rote Kuh ist rechts von dem kleinen blauen Bären.,1,reviewer_2,,,
645102a67fe3498effe9b53b1c57f2c7b7259b423a51f8de92eb3cda32ff35db:0:de,de,dev_b,quantity,Es gibt sechs alte blaue Löwen und vier große gelbe Katzen.,Es gibt sechs große gelbe Katzen und vier alte blaue Löwen.,0,reviewer_1,,,
645102a67fe3498effe9b53b1c57f2c7b7259b423a51f8de92eb3cda32ff35db:0:de,de,dev_b,quantity,Es gibt sechs alte blaue Löwen und vier große gelbe Katzen.,Es gibt sechs große gelbe Katzen und vier alte blaue Löwen.,0,reviewer_2,,,
1e3d580a02f06d0ffc3f1c6b5eebb65c5fff5e1aa0b6f81ba34112dfe18c8a42:1:de,de,dev_b,quantity,Es gibt vier große schwarze Füchse und sechs kleine grüne Kühe.,Es gibt sechs kleine grüne Kühe und vier große schwarze Füchse.,1,reviewer_1,,,
1e3d580a02f06d0ffc3f1c6b5eebb65c5fff5e1aa0b6f81ba34112dfe18c8a42:1:de,de,dev_b,quantity,Es gibt vier große schwarze Füchse und sechs kleine grüne Kühe.,Es gibt sechs kleine grüne Kühe und vier große schwarze Füchse.,1,reviewer_2,,,
362c7b4b8661e0a5f925cf2885419ad28d8edc32039014c768d79a17ec59a363:0:de,de,test,roles,Das große schwarze Kaninchen sieht die alte blaue Ente und die alte blaue Ente grüßt das große schwarze Kaninchen.,Die alte blaue Ente wird von dem großen schwarzen Kaninchen gegrüßt und das große schwarze Kaninchen wird von der alten blauen Ente gesehen.,0,reviewer_1,,,
362c7b4b8661e0a5f925cf2885419ad28d8edc32039014c768d79a17ec59a363:0:de,de,test,roles,Das große schwarze Kaninchen sieht die alte blaue Ente und die alte blaue Ente grüßt das große schwarze Kaninchen.,Die alte blaue Ente wird von dem großen schwarzen Kaninchen gegrüßt und das große schwarze Kaninchen wird von der alten blauen Ente gesehen.,0,reviewer_2,,,
798f9e0750bca12dac5110a30460f16c07f588bceac7c2badf64e9c2171115e5:1:de,de,test,roles,Die große rote Katze grüßt den alten weißen Bären und der alte weiße Bär verfolgt die große rote Katze.,Der alte weiße Bär wird von der großen roten Katze gegrüßt und die große rote Katze wird von dem alten weißen Bären verfolgt.,1,reviewer_1,,,
798f9e0750bca12dac5110a30460f16c07f588bceac7c2badf64e9c2171115e5:1:de,de,test,roles,Die große rote Katze grüßt den alten weißen Bären und der alte weiße Bär verfolgt die große rote Katze.,Der alte weiße Bär wird von der großen roten Katze gegrüßt und die große rote Katze wird von dem alten weißen Bären verfolgt.,1,reviewer_2,,,
59e77537c5b28c27abaec0ccaba69e356d94f5a16bdecd265281531ed5b6a607:0:de,de,test,negation,Das junge grüne Schaf verfolgt die alte rote Maus und die alte rote Maus verfolgt das junge grüne Schaf nicht.,Die alte rote Maus wird nicht von dem jungen grünen Schaf verfolgt und das junge grüne Schaf wird von der alten roten Maus verfolgt.,0,reviewer_1,,,
59e77537c5b28c27abaec0ccaba69e356d94f5a16bdecd265281531ed5b6a607:0:de,de,test,negation,Das junge grüne Schaf verfolgt die alte rote Maus und die alte rote Maus verfolgt das junge grüne Schaf nicht.,Die alte rote Maus wird nicht von dem jungen grünen Schaf verfolgt und das junge grüne Schaf wird von der alten roten Maus verfolgt.,0,reviewer_2,,,
29b94d5f9d79083a4f2cbf13520bb2f66458ee32f53337204b609216871e779b:1:de,de,test,negation,Die junge schwarze Katze grüßt die große gelbe Kuh nicht und die große gelbe Kuh grüßt die junge schwarze Katze.,Die große gelbe Kuh wird nicht von der jungen schwarzen Katze gegrüßt und die junge schwarze Katze wird von der großen gelben Kuh gegrüßt.,1,reviewer_1,,,
29b94d5f9d79083a4f2cbf13520bb2f66458ee32f53337204b609216871e779b:1:de,de,test,negation,Die junge schwarze Katze grüßt die große gelbe Kuh nicht und die große gelbe Kuh grüßt die junge schwarze Katze.,Die große gelbe Kuh wird nicht von der jungen schwarzen Katze gegrüßt und die junge schwarze Katze wird von der großen gelben Kuh gegrüßt.,1,reviewer_2,,,
2c5d9087f0c886ffe7f8ed645a3d76ef04e672b6de2e2491ef60b854a5cb2607:0:de,de,test,space,Die kleine schwarze Kuh ist oberhalb von der alten grünen Katze und das kleine schwarze Kaninchen ist unterhalb von dem jungen weißen Huhn.,Die alte grüne Katze ist oberhalb von der kleinen schwarzen Kuh und das junge weiße Huhn ist unterhalb von dem kleinen schwarzen Kaninchen.,0,reviewer_1,,,
2c5d9087f0c886ffe7f8ed645a3d76ef04e672b6de2e2491ef60b854a5cb2607:0:de,de,test,space,Die kleine schwarze Kuh ist oberhalb von der alten grünen Katze und das kleine schwarze Kaninchen ist unterhalb von dem jungen weißen Huhn.,Die alte grüne Katze ist oberhalb von der kleinen schwarzen Kuh und das junge weiße Huhn ist unterhalb von dem kleinen schwarzen Kaninchen.,0,reviewer_2,,,
6c3a543f17096cd61793d9ae69ddf742bd96c7813485f55fbd16e5a007802481:1:de,de,test,space,Die große grüne Katze ist vor dem kleinen blauen Löwen und der junge gelbe Löwe ist hinter dem jungen gelben Schaf.,Der kleine blaue Löwe ist hinter der großen grünen Katze und das junge gelbe Schaf ist vor dem jungen gelben Löwen.,1,reviewer_1,,,
6c3a543f17096cd61793d9ae69ddf742bd96c7813485f55fbd16e5a007802481:1:de,de,test,space,Die große grüne Katze ist vor dem kleinen blauen Löwen und der junge gelbe Löwe ist hinter dem jungen gelben Schaf.,Der kleine blaue Löwe ist hinter der großen grünen Katze und das junge gelbe Schaf ist vor dem jungen gelben Löwen.,1,reviewer_2,,,
6281934fa2a9380a7af857986c9797b113b489a4f5723d5c7b118cdd60df0e4f:0:de,de,test,quantity,Es gibt fünf kleine blaue Mäuse und vier kleine gelbe Kaninchen.,Es gibt fünf kleine gelbe Kaninchen und vier kleine blaue Mäuse.,0,reviewer_1,,,
6281934fa2a9380a7af857986c9797b113b489a4f5723d5c7b118cdd60df0e4f:0:de,de,test,quantity,Es gibt fünf kleine blaue Mäuse und vier kleine gelbe Kaninchen.,Es gibt fünf kleine gelbe Kaninchen und vier kleine blaue Mäuse.,0,reviewer_2,,,
7a78b063c913571f558487769e3bd859f86bc68fe8fca955f52993c9c480fb1e:1:de,de,test,quantity,Es gibt fünf große grüne Mäuse und zwei kleine grüne Füchse.,Es gibt zwei kleine grüne Füchse und fünf große grüne Mäuse.,1,reviewer_1,,,
7a78b063c913571f558487769e3bd859f86bc68fe8fca955f52993c9c480fb1e:1:de,de,test,quantity,Es gibt fünf große grüne Mäuse und zwei kleine grüne Füchse.,Es gibt zwei kleine grüne Füchse und fünf große grüne Mäuse.,1,reviewer_2,,,
0e1a38ecdd1e1ef0ded3f563e9f1f8bc60d5a38a17e5f5312db398dceadd109f:0:de,de,train,roles,Das große grüne Huhn verfolgt das junge weiße Schaf und das junge weiße Schaf sieht das große grüne Huhn.,Das junge weiße Schaf wird von dem großen grünen Huhn gesehen und das große grüne Huhn wird von dem jungen weißen Schaf verfolgt.,0,reviewer_1,,,
0e1a38ecdd1e1ef0ded3f563e9f1f8bc60d5a38a17e5f5312db398dceadd109f:0:de,de,train,roles,Das große grüne Huhn verfolgt das junge weiße Schaf und das junge weiße Schaf sieht das große grüne Huhn.,Das junge weiße Schaf wird von dem großen grünen Huhn gesehen und das große grüne Huhn wird von dem jungen weißen Schaf verfolgt.,0,reviewer_2,,,
7f449a4802b992b3777dd605d59b241b7bf286dcd3be3aa15d6904a43526f7a1:1:de,de,train,roles,Die große grüne Maus verfolgt das junge rote Pferd und das junge rote Pferd grüßt die große grüne Maus.,Das junge rote Pferd wird von der großen grünen Maus verfolgt und die große grüne Maus wird von dem jungen roten Pferd gegrüßt.,1,reviewer_1,,,
7f449a4802b992b3777dd605d59b241b7bf286dcd3be3aa15d6904a43526f7a1:1:de,de,train,roles,Die große grüne Maus verfolgt das junge rote Pferd und das junge rote Pferd grüßt die große grüne Maus.,Das junge rote Pferd wird von der großen grünen Maus verfolgt und die große grüne Maus wird von dem jungen roten Pferd gegrüßt.,1,reviewer_2,,,
8ab5f6b405be02c4217187fd115c6fa1a660637b257e23e22ef8ef2d460e9571:0:de,de,train,negation,Der kleine schwarze Löwe grüßt das junge gelbe Huhn nicht und das junge gelbe Huhn grüßt den kleinen schwarzen Löwen.,Das junge gelbe Huhn wird von dem kleinen schwarzen Löwen gegrüßt und der kleine schwarze Löwe wird nicht von dem jungen gelben Huhn gegrüßt.,0,reviewer_1,,,
8ab5f6b405be02c4217187fd115c6fa1a660637b257e23e22ef8ef2d460e9571:0:de,de,train,negation,Der kleine schwarze Löwe grüßt das junge gelbe Huhn nicht und das junge gelbe Huhn grüßt den kleinen schwarzen Löwen.,Das junge gelbe Huhn wird von dem kleinen schwarzen Löwen gegrüßt und der kleine schwarze Löwe wird nicht von dem jungen gelben Huhn gegrüßt.,0,reviewer_2,,,
001301dcb27d860fbbfe518a168d04ec361e029802455f1dfedd58ec2037fbfd:1:de,de,train,negation,Die große grüne Ente verfolgt das große weiße Schaf nicht und das große weiße Schaf verfolgt die große grüne Ente.,Das große weiße Schaf wird nicht von der großen grünen Ente verfolgt und die große grüne Ente wird von dem großen weißen Schaf verfolgt.,1,reviewer_1,,,
001301dcb27d860fbbfe518a168d04ec361e029802455f1dfedd58ec2037fbfd:1:de,de,train,negation,Die große grüne Ente verfolgt das große weiße Schaf nicht und das große weiße Schaf verfolgt die große grüne Ente.,Das große weiße Schaf wird nicht von der großen grünen Ente verfolgt und die große grüne Ente wird von dem großen weißen Schaf verfolgt.,1,reviewer_2,,,
99d1dda0aeacb8fa94fc0f0058c16b6c84c7c6056a22b35fd122a80e675b9eb8:0:de,de,train,space,Das junge grüne Pferd ist unterhalb von dem alten blauen Kaninchen und die große weiße Katze ist oberhalb von dem kleinen blauen Hund.,Das alte blaue Kaninchen ist unterhalb von dem jungen grünen Pferd und der kleine blaue Hund ist oberhalb von der großen weißen Katze.,0,reviewer_1,,,
99d1dda0aeacb8fa94fc0f0058c16b6c84c7c6056a22b35fd122a80e675b9eb8:0:de,de,train,space,Das junge grüne Pferd ist unterhalb von dem alten blauen Kaninchen und die große weiße Katze ist oberhalb von dem kleinen blauen Hund.,Das alte blaue Kaninchen ist unterhalb von dem jungen grünen Pferd und der kleine blaue Hund ist oberhalb von der großen weißen Katze.,0,reviewer_2,,,
d18f80f8e2da4c9ff55f9a13ca8ed1328831430072a89c7a6fe3c74ba84df37a:1:de,de,train,space,Das alte schwarze Kaninchen ist vor dem jungen gelben Löwen und das große weiße Pferd ist hinter dem alten roten Huhn.,Der junge gelbe Löwe ist hinter dem alten schwarzen Kaninchen und das alte rote Huhn ist vor dem großen weißen Pferd.,1,reviewer_1,,,
d18f80f8e2da4c9ff55f9a13ca8ed1328831430072a89c7a6fe3c74ba84df37a:1:de,de,train,space,Das alte schwarze Kaninchen ist vor dem jungen gelben Löwen und das große weiße Pferd ist hinter dem alten roten Huhn.,Der junge gelbe Löwe ist hinter dem alten schwarzen Kaninchen und das alte rote Huhn ist vor dem großen weißen Pferd.,1,reviewer_2,,,
acddd0fcdadd146787282cc906475c48e4caa4c1e410a09de18fc712f4e9aa20:0:de,de,train,quantity,Es gibt acht junge rote Hunde und drei alte rote Enten.,Es gibt acht alte rote Enten und drei junge rote Hunde.,0,reviewer_1,,,
acddd0fcdadd146787282cc906475c48e4caa4c1e410a09de18fc712f4e9aa20:0:de,de,train,quantity,Es gibt acht junge rote Hunde und drei alte rote Enten.,Es gibt acht alte rote Enten und drei junge rote Hunde.,0,reviewer_2,,,
3a7012140c54e41968ba6bf9d234660e4b89763e632f323885ae0e35c5c421a0:1:de,de,train,quantity,Es gibt sechs alte schwarze Löwen und acht alte blaue Enten.,Es gibt acht alte blaue Enten und sechs alte schwarze Löwen.,1,reviewer_1,,,
3a7012140c54e41968ba6bf9d234660e4b89763e632f323885ae0e35c5c421a0:1:de,de,train,quantity,Es gibt sechs alte schwarze Löwen und acht alte blaue Enten.,Es gibt acht alte blaue Enten und sechs alte schwarze Löwen.,1,reviewer_2,,,
8812de4cd2d272974fd7d2a192c05640a4f6bcda78c569ef72054885f185f902:0:ko,ko,train,roles,큰 하얀 닭이 큰 빨간 쥐를 뒤따른다는 것과 큰 빨간 쥐가 큰 하얀 닭을 맞이한다는 것이 모두 사실이다.,큰 빨간 쥐를 큰 하얀 닭이 맞이한다는 것과 큰 하얀 닭을 큰 빨간 쥐가 뒤따른다는 것이 모두 사실이다.,0,reviewer_1,,,
8812de4cd2d272974fd7d2a192c05640a4f6bcda78c569ef72054885f185f902:0:ko,ko,train,roles,큰 하얀 닭이 큰 빨간 쥐를 뒤따른다는 것과 큰 빨간 쥐가 큰 하얀 닭을 맞이한다는 것이 모두 사실이다.,큰 빨간 쥐를 큰 하얀 닭이 맞이한다는 것과 큰 하얀 닭을 큰 빨간 쥐가 뒤따른다는 것이 모두 사실이다.,0,reviewer_2,,,
7479b498e3f8c17223c1bb584e1264ca0a5c5be608c74a18c06e71f380e2d6a4:1:ko,ko,train,roles,어린 하얀 개가 큰 노란 개를 맞이한다는 것과 큰 노란 개가 어린 하얀 개를 뒤따른다는 것이 모두 사실이다.,큰 노란 개를 어린 하얀 개가 맞이한다는 것과 어린 하얀 개를 큰 노란 개가 뒤따른다는 것이 모두 사실이다.,1,reviewer_1,,,
7479b498e3f8c17223c1bb584e1264ca0a5c5be608c74a18c06e71f380e2d6a4:1:ko,ko,train,roles,어린 하얀 개가 큰 노란 개를 맞이한다는 것과 큰 노란 개가 어린 하얀 개를 뒤따른다는 것이 모두 사실이다.,큰 노란 개를 어린 하얀 개가 맞이한다는 것과 어린 하얀 개를 큰 노란 개가 뒤따른다는 것이 모두 사실이다.,1,reviewer_2,,,
0f8f59cc3883883de39715bdf2636e54c96430edf147746514c65bcd94353dc9:0:ko,ko,train,negation,큰 하얀 말이 작은 하얀 닭을 뒤따른다는 것과 작은 하얀 닭이 큰 하얀 말을 뒤따르지 않는다는 것이 모두 사실이다.,작은 하얀 닭을 큰 하얀 말이 뒤따르지 않는다는 것과 큰 하얀 말을 작은 하얀 닭이 뒤따른다는 것이 모두 사실이다.,0,reviewer_1,,,
0f8f59cc3883883de39715bdf2636e54c96430edf147746514c65bcd94353dc9:0:ko,ko,train,negation,큰 하얀 말이 작은 하얀 닭을 뒤따른다는 것과 작은 하얀 닭이 큰 하얀 말을 뒤따르지 않는다는 것이 모두 사실이다.,작은 하얀 닭을 큰 하얀 말이 뒤따르지 않는다는 것과 큰 하얀 말을 작은 하얀 닭이 뒤따른다는 것이 모두 사실이다.,0,reviewer_2,,,
830a1d34c03be4d025c3f2120e48be07e4aecd133690d1bb2ed4e9944783d637:1:ko,ko,train,negation,작은 노란 양이 늙은 검은 닭을 보지 않는다는 것과 늙은 검은 닭이 작은 노란 양을 본다는 것이 모두 사실이다.,늙은 검은 닭을 작은 노란 양이 보지 않는다는 것과 작은 노란 양을 늙은 검은 닭이 본다는 것이 모두 사실이다.,1,reviewer_1,,,
830a1d34c03be4d025c3f2120e48be07e4aecd133690d1bb2ed4e9944783d637:1:ko,ko,train,negation,작은 노란 양이 늙은 검은 닭을 보지 않는다는 것과 늙은 검은 닭이 작은 노란 양을 본다는 것이 모두 사실이다.,늙은 검은 닭을 작은 노란 양이 보지 않는다는 것과 작은 노란 양을 늙은 검은 닭이 본다는 것이 모두 사실이다.,1,reviewer_2,,,
3c27d304c8db2466367a0c90217dfa7a51aec8e40a9013be3f0c86cb9e027005:0:ko,ko,train,space,큰 빨간 사자는 늙은 노란 토끼의 오른쪽에 있다는 것과 작은 초록색 고양이는 어린 빨간 쥐의 왼쪽에 있다는 것이 모두 사실이다.,늙은 노란 토끼는 큰 빨간 사자의 오른쪽에 있다는 것과 어린 빨간 쥐는 작은 초록색 고양이의 왼쪽에 있다는 것이 모두 사실이다.,0,reviewer_1,,,
3c27d304c8db2466367a0c90217dfa7a51aec8e40a9013be3f0c86cb9e027005:0:ko,ko,train,space,큰 빨간 사자는 늙은 노란 토끼의 오른쪽에 있다는 것과 작은 초록색 고양이는 어린 빨간 쥐의 왼쪽에 있다는 것이 모두 사실이다.,늙은 노란 토끼는 큰 빨간 사자의 오른쪽에 있다는 것과 어린 빨간 쥐는 작은 초록색 고양이의 왼쪽에 있다는 것이 모두 사실이다.,0,reviewer_2,,,
c75c9f2c453ffd19d0fc610cb0036080b46785b007c9dd543cf8e5f51684fbfc:1:ko,ko,train,space,늙은 초록색 소는 늙은 검은 고양이의 뒤에 있다는 것과 어린 초록색 말은 큰 빨간 양의 앞에 있다는 것이 모두 사실이다.,늙은 검은 고양이는 늙은 초록색 소의 앞에 있다는 것과 큰 빨간 양은 어린 초록색 말의 뒤에 있다는 것이 모두 사실이다.,1,reviewer_1,,,
c75c9f2c453ffd19d0fc610cb0036080b46785b007c9dd543cf8e5f51684fbfc:1:ko,ko,train,space,늙은 초록색 소는 늙은 검은 고양이의 뒤에 있다는 것과 어린 초록색 말은 큰 빨간 양의 앞에 있다는 것이 모두 사실이다.,늙은 검은 고양이는 늙은 초록색 소의 앞에 있다는 것과 큰 빨간 양은 어린 초록색 말의 뒤에 있다는 것이 모두 사실이다.,1,reviewer_2,,,
63384478a8e54efa386444eb423f456c708fe5d0bc6753120f69f1dbcedf92e9:0:ko,ko,train,quantity,늙은 빨간 말 네 마리와 어린 검은 소 세 마리가 있다.,어린 검은 소 네 마리와 늙은 빨간 말 세 마리가 있다.,0,reviewer_1,,,
63384478a8e54efa386444eb423f456c708fe5d0bc6753120f69f1dbcedf92e9:0:ko,ko,train,quantity,늙은 빨간 말 네 마리와 어린 검은 소 세 마리가 있다.,어린 검은 소 네 마리와 늙은 빨간 말 세 마리가 있다.,0,reviewer_2,,,
b163d5a8fbfe9d912f9a29d4673ff26e5e8c3eac47cb39dcad43b887b830a743:1:ko,ko,train,quantity,어린 노란 말 두 마리와 어린 노란 소 일곱 마리가 있다.,어린 노란 소 일곱 마리와 어린 노란 말 두 마리가 있다.,1,reviewer_1,,,
b163d5a8fbfe9d912f9a29d4673ff26e5e8c3eac47cb39dcad43b887b830a743:1:ko,ko,train,quantity,어린 노란 말 두 마리와 어린 노란 소 일곱 마리가 있다.,어린 노란 소 일곱 마리와 어린 노란 말 두 마리가 있다.,1,reviewer_2,,,
1e413a79c135ee6a294c78adfaa74cbe85166b7942775965071245c44b0172cc:0:ko,ko,dev_a,roles,작은 노란 고양이가 늙은 검은 말을 뒤따른다는 것과 늙은 검은 말이 작은 노란 고양이를 본다는 것이 모두 사실이다.,늙은 검은 말을 작은 노란 고양이가 본다는 것과 작은 노란 고양이를 늙은 검은 말이 뒤따른다는 것이 모두 사실이다.,0,reviewer_1,,,
1e413a79c135ee6a294c78adfaa74cbe85166b7942775965071245c44b0172cc:0:ko,ko,dev_a,roles,작은 노란 고양이가 늙은 검은 말을 뒤따른다는 것과 늙은 검은 말이 작은 노란 고양이를 본다는 것이 모두 사실이다.,늙은 검은 말을 작은 노란 고양이가 본다는 것과 작은 노란 고양이를 늙은 검은 말이 뒤따른다는 것이 모두 사실이다.,0,reviewer_2,,,
14696a093804549f1aa4960e6b5c92813dafaf0d6637d1e2ab0c3e4a4002cf34:1:ko,ko,dev_a,roles,작은 하얀 고양이가 큰 노란 오리를 뒤따른다는 것과 큰 노란 오리가 작은 하얀 고양이를 본다는 것이 모두 사실이다.,큰 노란 오리를 작은 하얀 고양이가 뒤따른다는 것과 작은 하얀 고양이를 큰 노란 오리가 본다는 것이 모두 사실이다.,1,reviewer_1,,,
14696a093804549f1aa4960e6b5c92813dafaf0d6637d1e2ab0c3e4a4002cf34:1:ko,ko,dev_a,roles,작은 하얀 고양이가 큰 노란 오리를 뒤따른다는 것과 큰 노란 오리가 작은 하얀 고양이를 본다는 것이 모두 사실이다.,큰 노란 오리를 작은 하얀 고양이가 뒤따른다는 것과 작은 하얀 고양이를 큰 노란 오리가 본다는 것이 모두 사실이다.,1,reviewer_2,,,
e0b9e89da21c348957068888e4cae0b63c1579e8be17d8a4f0c93dd2d4e8edb4:0:ko,ko,dev_a,negation,어린 하얀 곰이 작은 노란 닭을 본다는 것과 작은 노란 닭이 어린 하얀 곰을 보지 않는다는 것이 모두 사실이다.,작은 노란 닭을 어린 하얀 곰이 보지 않는다는 것과 어린 하얀 곰을 작은 노란 닭이 본다는 것이 모두 사실이다.,0,reviewer_1,,,
e0b9e89da21c348957068888e4cae0b63c1579e8be17d8a4f0c93dd2d4e8edb4:0:ko,ko,dev_a,negation,어린 하얀 곰이 작은 노란 닭을 본다는 것과 작은 노란 닭이 어린 하얀 곰을 보지 않는다는 것이 모두 사실이다.,작은 노란 닭을 어린 하얀 곰이 보지 않는다는 것과 어린 하얀 곰을 작은 노란 닭이 본다는 것이 모두 사실이다.,0,reviewer_2,,,
2ceea94993dcbe403173185ee1021f03440f65ff21a3270a981622f56b78854a:1:ko,ko,dev_a,negation,작은 하얀 쥐가 늙은 노란 말을 뒤따른다는 것과 늙은 노란 말이 작은 하얀 쥐를 뒤따르지 않는다는 것이 모두 사실이다.,늙은 노란 말을 작은 하얀 쥐가 뒤따른다는 것과 작은 하얀 쥐를 늙은 노란 말이 뒤따르지 않는다는 것이 모두 사실이다.,1,reviewer_1,,,
2ceea94993dcbe403173185ee1021f03440f65ff21a3270a981622f56b78854a:1:ko,ko,dev_a,negation,작은 하얀 쥐가 늙은 노란 말을 뒤따른다는 것과 늙은 노란 말이 작은 하얀 쥐를 뒤따르지 않는다는 것이 모두 사실이다.,늙은 노란 말을 작은 하얀 쥐가 뒤따른다는 것과 작은 하얀 쥐를 늙은 노란 말이 뒤따르지 않는다는 것이 모두 사실이다.,1,reviewer_2,,,
540e55718707072aa33bd35c81449e414f8cdde9b5d4e13dc4e3ced112aac4fe:0:ko,ko,dev_a,space,늙은 노란 사자는 작은 검은 소의 앞에 있다는 것과 늙은 하얀 사자는 큰 파란 소의 뒤에 있다는 것이 모두 사실이다.,작은 검은 소는 늙은 노란 사자의 앞에 있다는 것과 큰 파란 소는 늙은 하얀 사자의 뒤에 있다는 것이 모두 사실이다.,0,reviewer_1,,,
540e55718707072aa33bd35c81449e414f8cdde9b5d4e13dc4e3ced112aac4fe:0:ko,ko,dev_a,space,늙은 노란 사자는 작은 검은 소의 앞에 있다는 것과 늙은 하얀 사자는 큰 파란 소의 뒤에 있다는 것이 모두 사실이다.,작은 검은 소는 늙은 노란 사자의 앞에 있다는 것과 큰 파란 소는 늙은 하얀 사자의 뒤에 있다는 것이 모두 사실이다.,0,reviewer_2,,,
e90c9989d12fcc66c5b451db8225223e84e941d4750d7e3b414c4426b8b66b5d:1:ko,ko,dev_a,space,어린 빨간 쥐는 큰 하얀 개의 아래에 있다는 것과 작은 빨간 사자는 작은 빨간 양의 위에 있다는 것이 모두 사실이다.,큰 하얀 개는 어린 빨간 쥐의 위에 있다는 것과 작은 빨간 양은 작은 빨간 사자의 아래에 있다는 것이 모두 사실이다.,1,reviewer_1,,,
e90c9989d12fcc66c5b451db8225223e84e941d4750d7e3b414c4426b8b66b5d:1:ko,ko,dev_a,space,어린 빨간 쥐는 큰 하얀 개의 아래에 있다는 것과 작은 빨간 사자는 작은 빨간 양의 위에 있다는 것이 모두 사실이다.,큰 하얀 개는 어린 빨간 쥐의 위에 있다는 것과 작은 빨간 양은 작은 빨간 사자의 아래에 있다는 것이 모두 사실이다.,1,reviewer_2,,,
c617be05de084be8c8c2d69864e72810bd329e7ddfc3a9d4ae1556eb0718b0bc:0:ko,ko,dev_a,quantity,늙은 파란 개 네 마리와 작은 초록색 소 다섯 마리가 있다.,작은 초록색 소 네 마리와 늙은 파란 개 다섯 마리가 있다.,0,reviewer_1,,,
c617be05de084be8c8c2d69864e72810bd329e7ddfc3a9d4ae1556eb0718b0bc:0:ko,ko,dev_a,quantity,늙은 파란 개 네 마리와 작은 초록색 소 다섯 마리가 있다.,작은 초록색 소 네 마리와 늙은 파란 개 다섯 마리가 있다.,0,reviewer_2,,,
f41ea8910f58c524ae876a40d797cf4fe113eb0179cb6d21f7a60c6ed71ff73c:1:ko,ko,dev_a,quantity,늙은 빨간 개 일곱 마리와 어린 하얀 토끼 세 마리가 있다.,어린 하얀 토끼 세 마리와 늙은 빨간 개 일곱 마리가 있다.,1,reviewer_1,,,
f41ea8910f58c524ae876a40d797cf4fe113eb0179cb6d21f7a60c6ed71ff73c:1:ko,ko,dev_a,quantity,늙은 빨간 개 일곱 마리와 어린 하얀 토끼 세 마리가 있다.,어린 하얀 토끼 세 마리와 늙은 빨간 개 일곱 마리가 있다.,1,reviewer_2,,,
ee5a2b428ba04c4d21b79976fbf0ab5b941b19a1769c96784d66ef547d2f59d8:0:ko,ko,dev_b,roles,작은 하얀 소가 큰 하얀 오리를 본다는 것과 큰 하얀 오리가 작은 하얀 소를 맞이한다는 것이 모두 사실이다.,큰 하얀 오리를 작은 하얀 소가 맞이한다는 것과 작은 하얀 소를 큰 하얀 오리가 본다는 것이 모두 사실이다.,0,reviewer_1,,,
ee5a2b428ba04c4d21b79976fbf0ab5b941b19a1769c96784d66ef547d2f59d8:0:ko,ko,dev_b,roles,작은 하얀 소가 큰 하얀 오리를 본다는 것과 큰 하얀 오리가 작은 하얀 소를 맞이한다는 것이 모두 사실이다.,큰 하얀 오리를 작은 하얀 소가 맞이한다는 것과 작은 하얀 소를 큰 하얀 오리가 본다는 것이 모두 사실이다.,0,reviewer_2,,,
c8b66372ff41dcd2626fb6e19a050f1779ee4ef625139a016712c1e49003923b:1:ko,ko,dev_b,roles,큰 검은 고양이가 늙은 빨간 사자를 맞이한다는 것과 늙은 빨간 사자가 큰 검은 고양이를 본다는 것이 모두 사실이다.,늙은 빨간 사자를 큰 검은 고양이가 맞이한다는 것과 큰 검은 고양이를 늙은 빨간 사자가 본다는 것이 모두 사실이다.,1,reviewer_1,,,
c8b66372ff41dcd2626fb6e19a050f1779ee4ef625139a016712c1e49003923b:1:ko,ko,dev_b,roles,큰 검은 고양이가 늙은 빨간 사자를 맞이한다는 것과 늙은 빨간 사자가 큰 검은 고양이를 본다는 것이 모두 사실이다.,늙은 빨간 사자를 큰 검은 고양이가 맞이한다는 것과 큰 검은 고양이를 늙은 빨간 사자가 본다는 것이 모두 사실이다.,1,reviewer_2,,,
4c7693624763e5a095008a7fd674dcc84f43e5c1681a9a2f7e01d2bb5f805211:0:ko,ko,dev_b,negation,작은 초록색 쥐가 늙은 초록색 고양이를 맞이하지 않는다는 것과 늙은 초록색 고양이가 작은 초록색 쥐를 맞이한다는 것이 모두 사실이다.,늙은 초록색 고양이를 작은 초록색 쥐가 맞이한다는 것과 작은 초록색 쥐를 늙은 초록색 고양이가 맞이하지 않는다는 것이 모두 사실이다.,0,reviewer_1,,,
4c7693624763e5a095008a7fd674dcc84f43e5c1681a9a2f7e01d2bb5f805211:0:ko,ko,dev_b,negation,작은 초록색 쥐가 늙은 초록색 고양이를 맞이하지 않는다는 것과 늙은 초록색 고양이가 작은 초록색 쥐를 맞이한다는 것이 모두 사실이다.,늙은 초록색 고양이를 작은 초록색 쥐가 맞이한다는 것과 작은 초록색 쥐를 늙은 초록색 고양이가 맞이하지 않는다는 것이 모두 사실이다.,0,reviewer_2,,,
79c96c0e8a0f0580df2c3a560dbe522b55497e2d6e5ff5c6b42bfc30f0371be0:1:ko,ko,dev_b,negation,큰 빨간 양이 늙은 검은 곰을 맞이한다는 것과 늙은 검은 곰이 큰 빨간 양을 맞이하지 않는다는 것이 모두 사실이다.,늙은 검은 곰을 큰 빨간 양이 맞이한다는 것과 큰 빨간 양을 늙은 검은 곰이 맞이하지 않는다는 것이 모두 사실이다.,1,reviewer_1,,,
79c96c0e8a0f0580df2c3a560dbe522b55497e2d6e5ff5c6b42bfc30f0371be0:1:ko,ko,dev_b,negation,큰 빨간 양이 늙은 검은 곰을 맞이한다는 것과 늙은 검은 곰이 큰 빨간 양을 맞이하지 않는다는 것이 모두 사실이다.,늙은 검은 곰을 큰 빨간 양이 맞이한다는 것과 큰 빨간 양을 늙은 검은 곰이 맞이하지 않는다는 것이 모두 사실이다.,1,reviewer_2,,,
f73bfbb204bbb9b0dbc889ec193fb08350375c89d6e5cea36bb12fd9bb0f0d6b:0:ko,ko,dev_b,space,큰 노란 오리는 늙은 빨간 고양이의 오른쪽에 있다는 것과 늙은 파란 여우는 늙은 노란 곰의 왼쪽에 있다는 것이 모두 사실이다.,늙은 빨간 고양이는 큰 노란 오리의 오른쪽에 있다는 것과 늙은 노란 곰은 늙은 파란 여우의 왼쪽에 있다는 것이 모두 사실이다.,0,reviewer_1,,,
f73bfbb204bbb9b0dbc889ec193fb08350375c89d6e5cea36bb12fd9bb0f0d6b:0:ko,ko,dev_b,space,큰 노란 오리는 늙은 빨간 고양이의 오른쪽에 있다는 것과 늙은 파란 여우는 늙은 노란 곰의 왼쪽에 있다는 것이 모두 사실이다.,늙은 빨간 고양이는 큰 노란 오리의 오른쪽에 있다는 것과 늙은 노란 곰은 늙은 파란 여우의 왼쪽에 있다는 것이 모두 사실이다.,0,reviewer_2,,,
f067b9fafda1d82dbf3660431eb1a5a0e5350a7f151d46c65c18738543842eb7:1:ko,ko,dev_b,space,작은 하얀 개는 큰 검은 소의 앞에 있다는 것과 작은 파란 말은 큰 파란 사자의 뒤에 있다는 것이 모두 사실이다.,큰 검은 소는 작은 하얀 개의 뒤에 있다는 것과 큰 파란 사자는 작은 파란 말의 앞에 있다는 것이 모두 사실이다.,1,reviewer_1,,,
f067b9fafda1d82dbf3660431eb1a5a0e5350a7f151d46c65c18738543842eb7:1:ko,ko,dev_b,space,작은 하얀 개는 큰 검은 소의 앞에 있다는 것과 작은 파란 말은 큰 파란 사자의 뒤에 있다는 것이 모두 사실이다.,큰 검은 소는 작은 하얀 개의 뒤에 있다는 것과 큰 파란 사자는 작은 파란 말의 앞에 있다는 것이 모두 사실이다.,1,reviewer_2,,,
1366d97a7a7329de4f825802bb58b3a5e170f54ce84161fb7e97b988093ff315:0:ko,ko,dev_b,quantity,큰 노란 소 다섯 마리와 작은 초록색 닭 일곱 마리가 있다.,작은 초록색 닭 다섯 마리와 큰 노란 소 일곱 마리가 있다.,0,reviewer_1,,,
1366d97a7a7329de4f825802bb58b3a5e170f54ce84161fb7e97b988093ff315:0:ko,ko,dev_b,quantity,큰 노란 소 다섯 마리와 작은 초록색 닭 일곱 마리가 있다.,작은 초록색 닭 다섯 마리와 큰 노란 소 일곱 마리가 있다.,0,reviewer_2,,,
399c15ae8707d633e2318087ae133f04ea3f3b28d0d2e927bdb8d0b258b2e02b:1:ko,ko,dev_b,quantity,큰 빨간 사자 여덟 마리와 작은 노란 개 네 마리가 있다.,작은 노란 개 네 마리와 큰 빨간 사자 여덟 마리가 있다.,1,reviewer_1,,,
399c15ae8707d633e2318087ae133f04ea3f3b28d0d2e927bdb8d0b258b2e02b:1:ko,ko,dev_b,quantity,큰 빨간 사자 여덟 마리와 작은 노란 개 네 마리가 있다.,작은 노란 개 네 마리와 큰 빨간 사자 여덟 마리가 있다.,1,reviewer_2,,,
6a5a8a5b1f87a8cfa3a740dedc4462742c661477a99515b048b95946d0588375:0:ko,ko,test,roles,늙은 초록색 말이 큰 초록색 사자를 본다는 것과 큰 초록색 사자가 늙은 초록색 말을 뒤따른다는 것이 모두 사실이다.,큰 초록색 사자를 늙은 초록색 말이 뒤따른다는 것과 늙은 초록색 말을 큰 초록색 사자가 본다는 것이 모두 사실이다.,0,reviewer_1,,,
6a5a8a5b1f87a8cfa3a740dedc4462742c661477a99515b048b95946d0588375:0:ko,ko,test,roles,늙은 초록색 말이 큰 초록색 사자를 본다는 것과 큰 초록색 사자가 늙은 초록색 말을 뒤따른다는 것이 모두 사실이다.,큰 초록색 사자를 늙은 초록색 말이 뒤따른다는 것과 늙은 초록색 말을 큰 초록색 사자가 본다는 것이 모두 사실이다.,0,reviewer_2,,,
137dbc1f30e49bcbf6213ce93524d49e7f0d4388caac6a50b444a4aeb531dda0:1:ko,ko,test,roles,큰 검은 곰이 큰 노란 여우를 뒤따른다는 것과 큰 노란 여우가 큰 검은 곰을 맞이한다는 것이 모두 사실이다.,큰 노란 여우를 큰 검은 곰이 뒤따른다는 것과 큰 검은 곰을 큰 노란 여우가 맞이한다는 것이 모두 사실이다.,1,reviewer_1,,,
137dbc1f30e49bcbf6213ce93524d49e7f0d4388caac6a50b444a4aeb531dda0:1:ko,ko,test,roles,큰 검은 곰이 큰 노란 여우를 뒤따른다는 것과 큰 노란 여우가 큰 검은 곰을 맞이한다는 것이 모두 사실이다.,큰 노란 여우를 큰 검은 곰이 뒤따른다는 것과 큰 검은 곰을 큰 노란 여우가 맞이한다는 것이 모두 사실이다.,1,reviewer_2,,,
23a52f47960e16d3e97c181b132afb7d8f671c256b3819560bfbcc6d59abe319:0:ko,ko,test,negation,어린 검은 소가 늙은 노란 닭을 보지 않는다는 것과 늙은 노란 닭이 어린 검은 소를 본다는 것이 모두 사실이다.,늙은 노란 닭을 어린 검은 소가 본다는 것과 어린 검은 소를 늙은 노란 닭이 보지 않는다는 것이 모두 사실이다.,0,reviewer_1,,,
23a52f47960e16d3e97c181b132afb7d8f671c256b3819560bfbcc6d59abe319:0:ko,ko,test,negation,어린 검은 소가 늙은 노란 닭을 보지 않는다는 것과 늙은 노란 닭이 어린 검은 소를 본다는 것이 모두 사실이다.,늙은 노란 닭을 어린 검은 소가 본다는 것과 어린 검은 소를 늙은 노란 닭이 보지 않는다는 것이 모두 사실이다.,0,reviewer_2,,,
aab9359bd6f6548378da4e6693b914d29aa50d32521b63353d31d1fcec50a2ea:1:ko,ko,test,negation,큰 하얀 곰이 어린 파란 토끼를 뒤따른다는 것과 어린 파란 토끼가 큰 하얀 곰을 뒤따르지 않는다는 것이 모두 사실이다.,어린 파란 토끼를 큰 하얀 곰이 뒤따른다는 것과 큰 하얀 곰을 어린 파란 토끼가 뒤따르지 않는다는 것이 모두 사실이다.,1,reviewer_1,,,
aab9359bd6f6548378da4e6693b914d29aa50d32521b63353d31d1fcec50a2ea:1:ko,ko,test,negation,큰 하얀 곰이 어린 파란 토끼를 뒤따른다는 것과 어린 파란 토끼가 큰 하얀 곰을 뒤따르지 않는다는 것이 모두 사실이다.,어린 파란 토끼를 큰 하얀 곰이 뒤따른다는 것과 큰 하얀 곰을 어린 파란 토끼가 뒤따르지 않는다는 것이 모두 사실이다.,1,reviewer_2,,,
d87cbd9ffb9a5a582045fe5900a6099569cb7a95d747ba8503bce3bc08c498d8:0:ko,ko,test,space,늙은 하얀 고양이는 어린 파란 곰의 아래에 있다는 것과 어린 검은 소는 어린 빨간 닭의 위에 있다는 것이 모두 사실이다.,어린 파란 곰은 늙은 하얀 고양이의 아래에 있다는 것과 어린 빨간 닭은 어린 검은 소의 위에 있다는 것이 모두 사실이다.,0,reviewer_1,,,
d87cbd9ffb9a5a582045fe5900a6099569cb7a95d747ba8503bce3bc08c498d8:0:ko,ko,test,space,늙은 하얀 고양이는 어린 파란 곰의 아래에 있다는 것과 어린 검은 소는 어린 빨간 닭의 위에 있다는 것이 모두 사실이다.,어린 파란 곰은 늙은 하얀 고양이의 아래에 있다는 것과 어린 빨간 닭은 어린 검은 소의 위에 있다는 것이 모두 사실이다.,0,reviewer_2,,,
c2694453cd07e2db35a5c85ff0aaf213135e74c60d5baeaab2e849e7be04430d:1:ko,ko,test,space,어린 검은 오리는 큰 빨간 양의 위에 있다는 것과 늙은 노란 여우는 작은 빨간 곰의 아래에 있다는 것이 모두 사실이다.,큰 빨간 양은 어린 검은 오리의 아래에 있다는 것과 작은 빨간 곰은 늙은 노란 여우의 위에 있다는 것이 모두 사실이다.,1,reviewer_1,,,
c2694453cd07e2db35a5c85ff0aaf213135e74c60d5baeaab2e849e7be04430d:1:ko,ko,test,space,어린 검은 오리는 큰 빨간 양의 위에 있다는 것과 늙은 노란 여우는 작은 빨간 곰의 아래에 있다는 것이 모두 사실이다.,큰 빨간 양은 어린 검은 오리의 아래에 있다는 것과 작은 빨간 곰은 늙은 노란 여우의 위에 있다는 것이 모두 사실이다.,1,reviewer_2,,,
90939eef28f244b3cdfd89716acb7996f30854ffcd62d36a726e5d254eb33a92:0:ko,ko,test,quantity,어린 검은 닭 두 마리와 늙은 노란 토끼 여덟 마리가 있다.,늙은 노란 토끼 두 마리와 어린 검은 닭 여덟 마리가 있다.,0,reviewer_1,,,
90939eef28f244b3cdfd89716acb7996f30854ffcd62d36a726e5d254eb33a92:0:ko,ko,test,quantity,어린 검은 닭 두 마리와 늙은 노란 토끼 여덟 마리가 있다.,늙은 노란 토끼 두 마리와 어린 검은 닭 여덟 마리가 있다.,0,reviewer_2,,,
97c09e6bd6f30c197398159eb4f49bb4e78028a8f413f646e529ef95986027d1:1:ko,ko,test,quantity,어린 빨간 곰 여덟 마리와 늙은 노란 곰 일곱 마리가 있다.,늙은 노란 곰 일곱 마리와 어린 빨간 곰 여덟 마리가 있다.,1,reviewer_1,,,
97c09e6bd6f30c197398159eb4f49bb4e78028a8f413f646e529ef95986027d1:1:ko,ko,test,quantity,어린 빨간 곰 여덟 마리와 늙은 노란 곰 일곱 마리가 있다.,늙은 노란 곰 일곱 마리와 어린 빨간 곰 여덟 마리가 있다.,1,reviewer_2,,,
b3fb94e8d7d33f2127f85b3844828f680cc5380bbd0b425ce40b3f4e7754b480:0:ko,ko,train,roles,큰 하얀 사자가 큰 빨간 양을 뒤따른다는 것과 큰 빨간 양이 큰 하얀 사자를 맞이한다는 것이 모두 사실이다.,큰 빨간 양을 큰 하얀 사자가 맞이한다는 것과 큰 하얀 사자를 큰 빨간 양이 뒤따른다는 것이 모두 사실이다.,0,reviewer_1,,,
b3fb94e8d7d33f2127f85b3844828f680cc5380bbd0b425ce40b3f4e7754b480:0:ko,ko,train,roles,큰 하얀 사자가 큰 빨간 양을 뒤따른다는 것과 큰 빨간 양이 큰 하얀 사자를 맞이한다는 것이 모두 사실이다.,큰 빨간 양을 큰 하얀 사자가 맞이한다는 것과 큰 하얀 사자를 큰 빨간 양이 뒤따른다는 것이 모두 사실이다.,0,reviewer_2,,,
0fac023005820b379b605b84d7403126a074fae7ac8c956c477537056d4c3008:1:ko,ko,train,roles,어린 빨간 말이 어린 하얀 사자를 맞이한다는 것과 어린 하얀 사자가 어린 빨간 말을 본다는 것이 모두 사실이다.,어린 하얀 사자를 어린 빨간 말이 맞이한다는 것과 어린 빨간 말을 어린 하얀 사자가 본다는 것이 모두 사실이다.,1,reviewer_1,,,
0fac023005820b379b605b84d7403126a074fae7ac8c956c477537056d4c3008:1:ko,ko,train,roles,어린 빨간 말이 어린 하얀 사자를 맞이한다는 것과 어린 하얀 사자가 어린 빨간 말을 본다는 것이 모두 사실이다.,어린 하얀 사자를 어린 빨간 말이 맞이한다는 것과 어린 빨간 말을 어린 하얀 사자가 본다는 것이 모두 사실이다.,1,reviewer_2,,,
62daec308bfa19dbeb4f0dffa0b635fe55d34564459514cd8c09cb4bb00a189f:0:ko,ko,train,negation,어린 초록색 개가 큰 노란 쥐를 뒤따르지 않는다는 것과 큰 노란 쥐가 어린 초록색 개를 뒤따른다는 것이 모두 사실이다.,큰 노란 쥐를 어린 초록색 개가 뒤따른다는 것과 어린 초록색 개를 큰 노란 쥐가 뒤따르지 않는다는 것이 모두 사실이다.,0,reviewer_1,,,
62daec308bfa19dbeb4f0dffa0b635fe55d34564459514cd8c09cb4bb00a189f:0:ko,ko,train,negation,어린 초록색 개가 큰 노란 쥐를 뒤따르지 않는다는 것과 큰 노란 쥐가 어린 초록색 개를 뒤따른다는 것이 모두 사실이다.,큰 노란 쥐를 어린 초록색 개가 뒤따른다는 것과 어린 초록색 개를 큰 노란 쥐가 뒤따르지 않는다는 것이 모두 사실이다.,0,reviewer_2,,,
2f95d8ac6c0fe3ebd32b095c160083654210754dffc87dce20c49aef442eb162:1:ko,ko,train,negation,늙은 빨간 개가 어린 파란 개를 맞이한다는 것과 어린 파란 개가 늙은 빨간 개를 맞이하지 않는다는 것이 모두 사실이다.,어린 파란 개를 늙은 빨간 개가 맞이한다는 것과 늙은 빨간 개를 어린 파란 개가 맞이하지 않는다는 것이 모두 사실이다.,1,reviewer_1,,,
2f95d8ac6c0fe3ebd32b095c160083654210754dffc87dce20c49aef442eb162:1:ko,ko,train,negation,늙은 빨간 개가 어린 파란 개를 맞이한다는 것과 어린 파란 개가 늙은 빨간 개를 맞이하지 않는다는 것이 모두 사실이다.,어린 파란 개를 늙은 빨간 개가 맞이한다는 것과 늙은 빨간 개를 어린 파란 개가 맞이하지 않는다는 것이 모두 사실이다.,1,reviewer_2,,,
a24217e819b30179ab463e35866b3edb5041388fcbf537b0ab1688f8340124b3:0:ko,ko,train,space,어린 하얀 사자는 어린 빨간 고양이의 뒤에 있다는 것과 작은 초록색 고양이는 늙은 파란 토끼의 앞에 있다는 것이 모두 사실이다.,어린 빨간 고양이는 어린 하얀 사자의 뒤에 있다는 것과 늙은 파란 토끼는 작은 초록색 고양이의 앞에 있다는 것이 모두 사실이다.,0,reviewer_1,,,
a24217e819b30179ab463e35866b3edb5041388fcbf537b0ab1688f8340124b3:0:ko,ko,train,space,어린 하얀 사자는 어린 빨간 고양이의 뒤에 있다는 것과 작은 초록색 고양이는 늙은 파란 토끼의 앞에 있다는 것이 모두 사실이다.,어린 빨간 고양이는 어린 하얀 사자의 뒤에 있다는 것과 늙은 파란 토끼는 작은 초록색 고양이의 앞에 있다는 것이 모두 사실이다.,0,reviewer_2,,,
206638bcddadc12bd0df5b23f06f929efaccb5de6dba8472b9c4dd0bf33fcb5d:1:ko,ko,train,space,어린 검은 양은 어린 빨간 고양이의 위에 있다는 것과 작은 검은 오리는 큰 빨간 오리의 아래에 있다는 것이 모두 사실이다.,어린 빨간 고양이는 어린 검은 양의 아래에 있다는 것과 큰 빨간 오리는 작은 검은 오리의 위에 있다는 것이 모두 사실이다.,1,reviewer_1,,,
206638bcddadc12bd0df5b23f06f929efaccb5de6dba8472b9c4dd0bf33fcb5d:1:ko,ko,train,space,어린 검은 양은 어린 빨간 고양이의 위에 있다는 것과 작은 검은 오리는 큰 빨간 오리의 아래에 있다는 것이 모두 사실이다.,어린 빨간 고양이는 어린 검은 양의 아래에 있다는 것과 큰 빨간 오리는 작은 검은 오리의 위에 있다는 것이 모두 사실이다.,1,reviewer_2,,,
e37308f87ade9cf3f8fa9972cdfd11d148c651a6663746c640f2f6bc664bf62c:0:ko,ko,train,quantity,늙은 초록색 토끼 여덟 마리와 어린 빨간 토끼 여섯 마리가 있다.,어린 빨간 토끼 여덟 마리와 늙은 초록색 토끼 여섯 마리가 있다.,0,reviewer_1,,,
e37308f87ade9cf3f8fa9972cdfd11d148c651a6663746c640f2f6bc664bf62c:0:ko,ko,train,quantity,늙은 초록색 토끼 여덟 마리와 어린 빨간 토끼 여섯 마리가 있다.,어린 빨간 토끼 여덟 마리와 늙은 초록색 토끼 여섯 마리가 있다.,0,reviewer_2,,,
da7076e854b919a04387e8bd31eb664fafffab8d62a0ee82c222d93cb6b02951:1:ko,ko,train,quantity,작은 검은 쥐 일곱 마리와 작은 하얀 소 여섯 마리가 있다.,작은 하얀 소 여섯 마리와 작은 검은 쥐 일곱 마리가 있다.,1,reviewer_1,,,
da7076e854b919a04387e8bd31eb664fafffab8d62a0ee82c222d93cb6b02951:1:ko,ko,train,quantity,작은 검은 쥐 일곱 마리와 작은 하얀 소 여섯 마리가 있다.,작은 하얀 소 여섯 마리와 작은 검은 쥐 일곱 마리가 있다.,1,reviewer_2,,,
4aaa11c1f2330c1642cef16035e19691d51c4589ed69c301233c1a7ad35ec731:0:ko,ko,dev_a,roles,늙은 파란 여우가 큰 파란 토끼를 맞이한다는 것과 큰 파란 토끼가 늙은 파란 여우를 본다는 것이 모두 사실이다.,큰 파란 토끼를 늙은 파란 여우가 본다는 것과 늙은 파란 여우를 큰 파란 토끼가 맞이한다는 것이 모두 사실이다.,0,reviewer_1,,,
4aaa11c1f2330c1642cef16035e19691d51c4589ed69c301233c1a7ad35ec731:0:ko,ko,dev_a,roles,늙은 파란 여우가 큰 파란 토끼를 맞이한다는 것과 큰 파란 토끼가 늙은 파란 여우를 본다는 것이 모두 사실이다.,큰 파란 토끼를 늙은 파란 여우가 본다는 것과 늙은 파란 여우를 큰 파란 토끼가 맞이한다는 것이 모두 사실이다.,0,reviewer_2,,,
4fd0991944297b0941ee74d83e60f038b9defde02c49e64892803651abf116db:1:ko,ko,dev_a,roles,늙은 검은 고양이가 어린 파란 여우를 본다는 것과 어린 파란 여우가 늙은 검은 고양이를 맞이한다는 것이 모두 사실이다.,어린 파란 여우를 늙은 검은 고양이가 본다는 것과 늙은 검은 고양이를 어린 파란 여우가 맞이한다는 것이 모두 사실이다.,1,reviewer_1,,,
4fd0991944297b0941ee74d83e60f038b9defde02c49e64892803651abf116db:1:ko,ko,dev_a,roles,늙은 검은 고양이가 어린 파란 여우를 본다는 것과 어린 파란 여우가 늙은 검은 고양이를 맞이한다는 것이 모두 사실이다.,어린 파란 여우를 늙은 검은 고양이가 본다는 것과 늙은 검은 고양이를 어린 파란 여우가 맞이한다는 것이 모두 사실이다.,1,reviewer_2,,,
7c4e0c2d3886df1282ff0655231d4e277782f7e02c4b93685c221a9e70cbd844:0:ko,ko,dev_a,negation,큰 노란 여우가 늙은 빨간 닭을 맞이하지 않는다는 것과 늙은 빨간 닭이 큰 노란 여우를 맞이한다는 것이 모두 사실이다.,늙은 빨간 닭을 큰 노란 여우가 맞이한다는 것과 큰 노란 여우를 늙은 빨간 닭이 맞이하지 않는다는 것이 모두 사실이다.,0,reviewer_1,,,
7c4e0c2d3886df1282ff0655231d4e277782f7e02c4b93685c221a9e70cbd844:0:ko,ko,dev_a,negation,큰 노란 여우가 늙은 빨간 닭을 맞이하지 않는다는 것과 늙은 빨간 닭이 큰 노란 여우를 맞이한다는 것이 모두 사실이다.,늙은 빨간 닭을 큰 노란 여우가 맞이한다는 것과 큰 노란 여우를 늙은 빨간 닭이 맞이하지 않는다는 것이 모두 사실이다.,0,reviewer_2,,,
d08496d52171b7879080aa729f572bb31d623fe34088b06c607498b95636c776:1:ko,ko,dev_a,negation,늙은 검은 여우가 늙은 초록색 소를 맞이한다는 것과 늙은 초록색 소가 늙은 검은 여우를 맞이하지 않는다는 것이 모두 사실이다.,늙은 초록색 소를 늙은 검은 여우가 맞이한다는 것과 늙은 검은 여우를 늙은 초록색 소가 맞이하지 않는다는 것이 모두 사실이다.,1,reviewer_1,,,
d08496d52171b7879080aa729f572bb31d623fe34088b06c607498b95636c776:1:ko,ko,dev_a,negation,늙은 검은 여우가 늙은 초록색 소를 맞이한다는 것과 늙은 초록색 소가 늙은 검은 여우를 맞이하지 않는다는 것이 모두 사실이다.,늙은 초록색 소를 늙은 검은 여우가 맞이한다는 것과 늙은 검은 여우를 늙은 초록색 소가 맞이하지 않는다는 것이 모두 사실이다.,1,reviewer_2,,,
744c39b50c64f6aa634545f67f5a62de38305b3118019cb77ce0f3db48a4ab46:0:ko,ko,dev_a,space,어린 파란 말은 작은 파란 말의 앞에 있다는 것과 작은 초록색 닭은 큰 노란 소의 뒤에 있다는 것이 모두 사실이다.,작은 파란 말은 어린 파란 말의 앞에 있다는 것과 큰 노란 소는 작은 초록색 닭의 뒤에 있다는 것이 모두 사실이다.,0,reviewer_1,,,
744c39b50c64f6aa634545f67f5a62de38305b3118019cb77ce0f3db48a4ab46:0:ko,ko,dev_a,space,어린 파란 말은 작은 파란 말의 앞에 있다는 것과 작은 초록색 닭은 큰 노란 소의 뒤에 있다는 것이 모두 사실이다.,작은 파란 말은 어린 파란 말의 앞에 있다는 것과 큰 노란 소는 작은 초록색 닭의 뒤에 있다는 것이 모두 사실이다.,0,reviewer_2,,,
75774c2534f6d6339971a4cc2841932967a4919a64d15efd37afeb31640aef8a:1:ko,ko,dev_a,space,어린 초록색 양은 늙은 노란 사자의 위에 있다는 것과 늙은 빨간 양은 작은 노란 오리의 아래에 있다는 것이 모두 사실이다.,늙은 노란 사자는 어린 초록색 양의 아래에 있다는 것과 작은 노란 오리는 늙은 빨간 양의 위에 있다는 것이 모두 사실이다.,1,reviewer_1,,,
75774c2534f6d6339971a4cc2841932967a4919a64d15efd37afeb31640aef8a:1:ko,ko,dev_a,space,어린 초록색 양은 늙은 노란 사자의 위에 있다는 것과 늙은 빨간 양은 작은 노란 오리의 아래에 있다는 것이 모두 사실이다.,늙은 노란 사자는 어린 초록색 양의 아래에 있다는 것과 작은 노란 오리는 늙은 빨간 양의 위에 있다는 것이 모두 사실이다.,1,reviewer_2,,,
c98708e51a4024e4d2b411eb17fee33bdb66f171d54b8b825e197ab831772605:0:ko,ko,dev_a,quantity,작은 노란 사자 세 마리와 어린 초록색 개 일곱 마리가 있다.,어린 초록색 개 세 마리와 작은 노란 사자 일곱 마리가 있다.,0,reviewer_1,,,
c98708e51a4024e4d2b411eb17fee33bdb66f171d54b8b825e197ab831772605:0:ko,ko,dev_a,quantity,작은 노란 사자 세 마리와 어린 초록색 개 일곱 마리가 있다.,어린 초록색 개 세 마리와 작은 노란 사자 일곱 마리가 있다.,0,reviewer_2,,,
1eb14b8996b18d149541a5289e63d665a656a674cb8206075953cc0b8c642a0c:1:ko,ko,dev_a,quantity,큰 검은 소 여섯 마리와 늙은 초록색 토끼 다섯 마리가 있다.,늙은 초록색 토끼 다섯 마리와 큰 검은 소 여섯 마리가 있다.,1,reviewer_1,,,
1eb14b8996b18d149541a5289e63d665a656a674cb8206075953cc0b8c642a0c:1:ko,ko,dev_a,quantity,큰 검은 소 여섯 마리와 늙은 초록색 토끼 다섯 마리가 있다.,늙은 초록색 토끼 다섯 마리와 큰 검은 소 여섯 마리가 있다.,1,reviewer_2,,,
94c6eada3e3a18c37873023575a4bfb0a6334e9f416ef4b410a7f760893b40ab:0:ko,ko,dev_b,roles,작은 파란 쥐가 어린 노란 고양이를 뒤따른다는 것과 어린 노란 고양이가 작은 파란 쥐를 맞이한다는 것이 모두 사실이다.,어린 노란 고양이를 작은 파란 쥐가 맞이한다는 것과 작은 파란 쥐를 어린 노란 고양이가 뒤따른다는 것이 모두 사실이다.,0,reviewer_1,,,
94c6eada3e3a18c37873023575a4bfb0a6334e9f416ef4b410a7f760893b40ab:0:ko,ko,dev_b,roles,작은 파란 쥐가 어린 노란 고양이를 뒤따른다는 것과 어린 노란 고양이가 작은 파란 쥐를 맞이한다는 것이 모두 사실이다.,어린 노란 고양이를 작은 파란 쥐가 맞이한다는 것과 작은 파란 쥐를 어린 노란 고양이가 뒤따른다는 것이 모두 사실이다.,0,reviewer_2,,,
fcc0ed36c9928fbc3d5c2e0b14d3e3c317aab66ad354e67620d786aa95f6dcce:1:ko,ko,dev_b,roles,큰 빨간 사자가 작은 초록색 곰을 본다는 것과 작은 초록색 곰이 큰 빨간 사자를 뒤따른다는 것이 모두 사실이다.,작은 초록색 곰을 큰 빨간 사자가 본다는 것과 큰 빨간 사자를 작은 초록색 곰이 뒤따른다는 것이 모두 사실이다.,1,reviewer_1,,,
fcc0ed36c9928fbc3d5c2e0b14d3e3c317aab66ad354e67620d786aa95f6dcce:1:ko,ko,dev_b,roles,큰 빨간 사자가 작은 초록색 곰을 본다는 것과 작은 초록색 곰이 큰 빨간 사자를 뒤따른다는 것이 모두 사실이다.,작은 초록색 곰을 큰 빨간 사자가 본다는 것과 큰 빨간 사자를 작은 초록색 곰이 뒤따른다는 것이 모두 사실이다.,1,reviewer_2,,,
24daab8abda6f253b5d5d28e5d2476ccf61ed265f5a5b41b225012216d57de9e:0:ko,ko,dev_b,negation,큰 노란 말이 작은 노란 토끼를 맞이하지 않는다는 것과 작은 노란 토끼가 큰 노란 말을 맞이한다는 것이 모두 사실이다.,작은 노란 토끼를 큰 노란 말이 맞이한다는 것과 큰 노란 말을 작은 노란 토끼가 맞이하지 않는다는 것이 모두 사실이다.,0,reviewer_1,,,
24daab8abda6f253b5d5d28e5d2476ccf61ed265f5a5b41b225012216d57de9e:0:ko,ko,dev_b,negation,큰 노란 말이 작은 노란 토끼를 맞이하지 않는다는 것과 작은 노란 토끼가 큰 노란 말을 맞이한다는 것이 모두 사실이다.,작은 노란 토끼를 큰 노란 말이 맞이한다는 것과 큰 노란 말을 작은 노란 토끼가 맞이하지 않는다는 것이 모두 사실이다.,0,reviewer_2,,,
6bad5fe218f5cc360468f2c0cfbf821abfee776e80302088e5f829c567f56f78:1:ko,ko,dev_b,negation,어린 빨간 소가 늙은 빨간 쥐를 맞이하지 않는다는 것과 늙은 빨간 쥐가 어린 빨간 소를 맞이한다는 것이 모두 사실이다.,늙은 빨간 쥐를 어린 빨간 소가 맞이하지 않는다는 것과 어린 빨간 소를 늙은 빨간 쥐가 맞이한다는 것이 모두 사실이다.,1,reviewer_1,,,
6bad5fe218f5cc360468f2c0cfbf821abfee776e80302088e5f829c567f56f78:1:ko,ko,dev_b,negation,어린 빨간 소가 늙은 빨간 쥐를 맞이하지 않는다는 것과 늙은 빨간 쥐가 어린 빨간 소를 맞이한다는 것이 모두 사실이다.,늙은 빨간 쥐를 어린 빨간 소가 맞이하지 않는다는 것과 어린 빨간 소를 늙은 빨간 쥐가 맞이한다는 것이 모두 사실이다.,1,reviewer_2,,,
a3d5aaf6ac7ab6f37f65595ab6ad60d786754e3c3e4cb929b6916f97a3364057:0:ko,ko,dev_b,space,작은 빨간 말은 어린 하얀 쥐의 아래에 있다는 것과 작은 노란 닭은 어린 파란 여우의 위에 있다는 것이 모두 사실이다.,어린 하얀 쥐는 작은 빨간 말의 아래에 있다는 것과 어린 파란 여우는 작은 노란 닭의 위에 있다는 것이 모두 사실이다.,0,reviewer_1,,,
a3d5aaf6ac7ab6f37f65595ab6ad60d786754e3c3e4cb929b6916f97a3364057:0:ko,ko,dev_b,space,작은 빨간 말은 어린 하얀 쥐의 아래에 있다는 것과 작은 노란 닭은 어린 파란 여우의 위에 있다는 것이 모두 사실이다.,어린 하얀 쥐는 작은 빨간 말의 아래에 있다는 것과 어린 파란 여우는 작은 노란 닭의 위에 있다는 것이 모두 사실이다.,0,reviewer_2,,,
f604584216713b1fb92c8ff1d9b292be120cdc5492b6884a41faa01fa94baced:1:ko,ko,dev_b,space,늙은 빨간 쥐는 어린 노란 사자의 왼쪽에 있다는 것과 늙은 빨간 토끼는 늙은 파란 곰의 오른쪽에 있다는 것이 모두 사실이다.,어린 노란 사자는 늙은 빨간 쥐의 오른쪽에 있다는 것과 늙은 파란 곰은 늙은 빨간 토끼의 왼쪽에 있다는 것이 모두 사실이다.,1,reviewer_1,,,
f604584216713b1fb92c8ff1d9b292be120cdc5492b6884a41faa01fa94baced:1:ko,ko,dev_b,space,늙은 빨간 쥐는 어린 노란 사자의 왼쪽에 있다는 것과 늙은 빨간 토끼는 늙은 파란 곰의 오른쪽에 있다는 것이 모두 사실이다.,어린 노란 사자는 늙은 빨간 쥐의 오른쪽에 있다는 것과 늙은 파란 곰은 늙은 빨간 토끼의 왼쪽에 있다는 것이 모두 사실이다.,1,reviewer_2,,,
fe52bed2d0d27e84ad34edb7776bcc4121af18e709ae3df02f9fbf9467c4d42d:0:ko,ko,dev_b,quantity,어린 초록색 양 여섯 마리와 작은 초록색 쥐 네 마리가 있다.,작은 초록색 쥐 여섯 마리와 어린 초록색 양 네 마리가 있다.,0,reviewer_1,,,
fe52bed2d0d27e84ad34edb7776bcc4121af18e709ae3df02f9fbf9467c4d42d:0:ko,ko,dev_b,quantity,어린 초록색 양 여섯 마리와 작은 초록색 쥐 네 마리가 있다.,작은 초록색 쥐 여섯 마리와 어린 초록색 양 네 마리가 있다.,0,reviewer_2,,,
2df3a8ceb18da1ddc4a6f2692bed053d677b4572d196629183f021afe7c879c4:1:ko,ko,dev_b,quantity,어린 초록색 양 네 마리와 작은 파란 토끼 일곱 마리가 있다.,작은 파란 토끼 일곱 마리와 어린 초록색 양 네 마리가 있다.,1,reviewer_1,,,
2df3a8ceb18da1ddc4a6f2692bed053d677b4572d196629183f021afe7c879c4:1:ko,ko,dev_b,quantity,어린 초록색 양 네 마리와 작은 파란 토끼 일곱 마리가 있다.,작은 파란 토끼 일곱 마리와 어린 초록색 양 네 마리가 있다.,1,reviewer_2,,,
e562a163d9970efbfa2abfee399b7ad6fd09e3ce75ab220dcec8f2ba0478e6ef:0:ko,ko,test,roles,어린 파란 쥐가 작은 노란 쥐를 뒤따른다는 것과 작은 노란 쥐가 어린 파란 쥐를 본다는 것이 모두 사실이다.,작은 노란 쥐를 어린 파란 쥐가 본다는 것과 어린 파란 쥐를 작은 노란 쥐가 뒤따른다는 것이 모두 사실이다.,0,reviewer_1,,,
e562a163d9970efbfa2abfee399b7ad6fd09e3ce75ab220dcec8f2ba0478e6ef:0:ko,ko,test,roles,어린 파란 쥐가 작은 노란 쥐를 뒤따른다는 것과 작은 노란 쥐가 어린 파란 쥐를 본다는 것이 모두 사실이다.,작은 노란 쥐를 어린 파란 쥐가 본다는 것과 어린 파란 쥐를 작은 노란 쥐가 뒤따른다는 것이 모두 사실이다.,0,reviewer_2,,,
110f3f07c37d30eeed63875b0a5676566a899ce05fb283f03b2f3a998b3621c6:1:ko,ko,test,roles,어린 하얀 소가 늙은 검은 말을 맞이한다는 것과 늙은 검은 말이 어린 하얀 소를 본다는 것이 모두 사실이다.,늙은 검은 말을 어린 하얀 소가 맞이한다는 것과 어린 하얀 소를 늙은 검은 말이 본다는 것이 모두 사실이다.,1,reviewer_1,,,
110f3f07c37d30eeed63875b0a5676566a899ce05fb283f03b2f3a998b3621c6:1:ko,ko,test,roles,어린 하얀 소가 늙은 검은 말을 맞이한다는 것과 늙은 검은 말이 어린 하얀 소를 본다는 것이 모두 사실이다.,늙은 검은 말을 어린 하얀 소가 맞이한다는 것과 어린 하얀 소를 늙은 검은 말이 본다는 것이 모두 사실이다.,1,reviewer_2,,,
eca255ef111b8ad546dbf407439deaba72b4a49f19490d331b17b90372728965:0:ko,ko,test,negation,작은 검은 닭이 어린 검은 양을 본다는 것과 어린 검은 양이 작은 검은 닭을 보지 않는다는 것이 모두 사실이다.,어린 검은 양을 작은 검은 닭이 보지 않는다는 것과 작은 검은 닭을 어린 검은 양이 본다는 것이 모두 사실이다.,0,reviewer_1,,,
eca255ef111b8ad546dbf407439deaba72b4a49f19490d331b17b90372728965:0:ko,ko,test,negation,작은 검은 닭이 어린 검은 양을 본다는 것과 어린 검은 양이 작은 검은 닭을 보지 않는다는 것이 모두 사실이다.,어린 검은 양을 작은 검은 닭이 보지 않는다는 것과 작은 검은 닭을 어린 검은 양이 본다는 것이 모두 사실이다.,0,reviewer_2,,,
8ad13fbfcd735c5f50a25e47bf050dfe1ce7097ac77d7f9ca54af4967efe263a:1:ko,ko,test,negation,어린 초록색 토끼가 늙은 하얀 말을 뒤따른다는 것과 늙은 하얀 말이 어린 초록색 토끼를 뒤따르지 않는다는 것이 모두 사실이다.,늙은 하얀 말을 어린 초록색 토끼가 뒤따른다는 것과 어린 초록색 토끼를 늙은 하얀 말이 뒤따르지 않는다는 것이 모두 사실이다.,1,reviewer_1,,,
8ad13fbfcd735c5f50a25e47bf050dfe1ce7097ac77d7f9ca54af4967efe263a:1:ko,ko,test,negation,어린 초록색 토끼가 늙은 하얀 말을 뒤따른다는 것과 늙은 하얀 말이 어린 초록색 토끼를 뒤따르지 않는다는 것이 모두 사실이다.,늙은 하얀 말을 어린 초록색 토끼가 뒤따른다는 것과 어린 초록색 토끼를 늙은 하얀 말이 뒤따르지 않는다는 것이 모두 사실이다.,1,reviewer_2,,,
5dd1cbdb33fbc1eee1b30e44162dad187eeea30c2b2f19d6e9d30dde758dec68:0:ko,ko,test,space,늙은 하얀 곰은 큰 초록색 토끼의 뒤에 있다는 것과 작은 하얀 소는 어린 검은 고양이의 앞에 있다는 것이 모두 사실이다.,큰 초록색 토끼는 늙은 하얀 곰의 뒤에 있다는 것과 어린 검은 고양이는 작은 하얀 소의 앞에 있다는 것이 모두 사실이다.,0,reviewer_1,,,
5dd1cbdb33fbc1eee1b30e44162dad187eeea30c2b2f19d6e9d30dde758dec68:0:ko,ko,test,space,늙은 하얀 곰은 큰 초록색 토끼의 뒤에 있다는 것과 작은 하얀 소는 어린 검은 고양이의 앞에 있다는 것이 모두 사실이다.,큰 초록색 토끼는 늙은 하얀 곰의 뒤에 있다는 것과 어린 검은 고양이는 작은 하얀 소의 앞에 있다는 것이 모두 사실이다.,0,reviewer_2,,,
45bb995f0cd71476df88d6c338c21bae2f8c21b0f2e971dc3af730e6ec186b9b:1:ko,ko,test,space,작은 노란 말은 어린 파란 말의 아래에 있다는 것과 늙은 노란 여우는 작은 검은 여우의 위에 있다는 것이 모두 사실이다.,어린 파란 말은 작은 노란 말의 위에 있다는 것과 작은 검은 여우는 늙은 노란 여우의 아래에 있다는 것이 모두 사실이다.,1,reviewer_1,,,
45bb995f0cd71476df88d6c338c21bae2f8c21b0f2e971dc3af730e6ec186b9b:1:ko,ko,test,space,작은 노란 말은 어린 파란 말의 아래에 있다는 것과 늙은 노란 여우는 작은 검은 여우의 위에 있다는 것이 모두 사실이다.,어린 파란 말은 작은 노란 말의 위에 있다는 것과 작은 검은 여우는 늙은 노란 여우의 아래에 있다는 것이 모두 사실이다.,1,reviewer_2,,,
89c85cb79277b6e83875449f6ad579ee8b4bdb60c00bd991d79e34d74fb028d8:0:ko,ko,test,quantity,작은 하얀 개 세 마리와 작은 하얀 말 여덟 마리가 있다.,작은 하얀 말 세 마리와 작은 하얀 개 여덟 마리가 있다.,0,reviewer_1,,,
89c85cb79277b6e83875449f6ad579ee8b4bdb60c00bd991d79e34d74fb028d8:0:ko,ko,test,quantity,작은 하얀 개 세 마리와 작은 하얀 말 여덟 마리가 있다.,작은 하얀 말 세 마리와 작은 하얀 개 여덟 마리가 있다.,0,reviewer_2,,,
0ef273cfbb097913254c2f0637ed3386776d18ab45e3802400f2e3d87da93c42:1:ko,ko,test,quantity,어린 하얀 말 일곱 마리와 어린 검은 고양이 네 마리가 있다.,어린 검은 고양이 네 마리와 어린 하얀 말 일곱 마리가 있다.,1,reviewer_1,,,
0ef273cfbb097913254c2f0637ed3386776d18ab45e3802400f2e3d87da93c42:1:ko,ko,test,quantity,어린 하얀 말 일곱 마리와 어린 검은 고양이 네 마리가 있다.,어린 검은 고양이 네 마리와 어린 하얀 말 일곱 마리가 있다.,1,reviewer_2,,,
fa445cb8a65b68adbfe78c338c04e451454963fa637f8ceab85a69277b9d4a21:0:ko,ko,train,roles,어린 노란 고양이가 늙은 노란 말을 본다는 것과 늙은 노란 말이 어린 노란 고양이를 맞이한다는 것이 모두 사실이다.,늙은 노란 말을 어린 노란 고양이가 맞이한다는 것과 어린 노란 고양이를 늙은 노란 말이 본다는 것이 모두 사실이다.,0,reviewer_1,,,
fa445cb8a65b68adbfe78c338c04e451454963fa637f8ceab85a69277b9d4a21:0:ko,ko,train,roles,어린 노란 고양이가 늙은 노란 말을 본다는 것과 늙은 노란 말이 어린 노란 고양이를 맞이한다는 것이 모두 사실이다.,늙은 노란 말을 어린 노란 고양이가 맞이한다는 것과 어린 노란 고양이를 늙은 노란 말이 본다는 것이 모두 사실이다.,0,reviewer_2,,,
99c0e1c8a6624d58335c948b7fc81ce39ba9635b655cbb675e0934e6f3dd578d:1:ko,ko,train,roles,작은 하얀 말이 큰 노란 양을 본다는 것과 큰 노란 양이 작은 하얀 말을 맞이한다는 것이 모두 사실이다.,큰 노란 양을 작은 하얀 말이 본다는 것과 작은 하얀 말을 큰 노란 양이 맞이한다는 것이 모두 사실이다.,1,reviewer_1,,,
99c0e1c8a6624d58335c948b7fc81ce39ba9635b655cbb675e0934e6f3dd578d:1:ko,ko,train,roles,작은 하얀 말이 큰 노란 양을 본다는 것과 큰 노란 양이 작은 하얀 말을 맞이한다는 것이 모두 사실이다.,큰 노란 양을 작은 하얀 말이 본다는 것과 작은 하얀 말을 큰 노란 양이 맞이한다는 것이 모두 사실이다.,1,reviewer_2,,,
f03674087fa8b35ce928eb81cbc719edc30c054ee7c925bf90932160236464be:0:ko,ko,train,negation,작은 검은 양이 큰 검은 곰을 본다는 것과 큰 검은 곰이 작은 검은 양을 보지 않는다는 것이 모두 사실이다.,큰 검은 곰을 작은 검은 양이 보지 않는다는 것과 작은 검은 양을 큰 검은 곰이 본다는 것이 모두 사실이다.,0,reviewer_1,,,
f03674087fa8b35ce928eb81cbc719edc30c054ee7c925bf90932160236464be:0:ko,ko,train,negation,작은 검은 양이 큰 검은 곰을 본다는 것과 큰 검은 곰이 작은 검은 양을 보지 않는다는 것이 모두 사실이다.,큰 검은 곰을 작은 검은 양이 보지 않는다는 것과 작은 검은 양을 큰 검은 곰이 본다는 것이 모두 사실이다.,0,reviewer_2,,,
6a3066489ab317df006bbde255862250f7b4a9c41b5da0bb33200fec327eada9:1:ko,ko,train,negation,작은 검은 사자가 어린 초록색 쥐를 본다는 것과 어린 초록색 쥐가 작은 검은 사자를 보지 않는다는 것이 모두 사실이다.,어린 초록색 쥐를 작은 검은 사자가 본다는 것과 작은 검은 사자를 어린 초록색 쥐가 보지 않는다는 것이 모두 사실이다.,1,reviewer_1,,,
6a3066489ab317df006bbde255862250f7b4a9c41b5da0bb33200fec327eada9:1:ko,ko,train,negation,작은 검은 사자가 어린 초록색 쥐를 본다는 것과 어린 초록색 쥐가 작은 검은 사자를 보지 않는다는 것이 모두 사실이다.,어린 초록색 쥐를 작은 검은 사자가 본다는 것과 작은 검은 사자를 어린 초록색 쥐가 보지 않는다는 것이 모두 사실이다.,1,reviewer_2,,,
8779b1cce81595fb0b3d7a12b90639a9fd5dc47d5c2f83cef8509452ccada5a8:0:ko,ko,train,space,늙은 빨간 사자는 큰 파란 사자의 위에 있다는 것과 큰 검은 사자는 작은 빨간 곰의 아래에 있다는 것이 모두 사실이다.,큰 파란 사자는 늙은 빨간 사자의 위에 있다는 것과 작은 빨간 곰은 큰 검은 사자의 아래에 있다는 것이 모두 사실이다.,0,reviewer_1,,,
8779b1cce81595fb0b3d7a12b90639a9fd5dc47d5c2f83cef8509452ccada5a8:0:ko,ko,train,space,늙은 빨간 사자는 큰 파란 사자의 위에 있다는 것과 큰 검은 사자는 작은 빨간 곰의 아래에 있다는 것이 모두 사실이다.,큰 파란 사자는 늙은 빨간 사자의 위에 있다는 것과 작은 빨간 곰은 큰 검은 사자의 아래에 있다는 것이 모두 사실이다.,0,reviewer_2,,,
e36803008d0257378adffcfac25608989b0734abf6731dc83ba33a404007eba9:1:ko,ko,train,space,늙은 검은 여우는 늙은 하얀 소의 앞에 있다는 것과 늙은 파란 곰은 늙은 검은 토끼의 뒤에 있다는 것이 모두 사실이다.,늙은 하얀 소는 늙은 검은 여우의 뒤에 있다는 것과 늙은 검은 토끼는 늙은 파란 곰의 앞에 있다는 것이 모두 사실이다.,1,reviewer_1,,,
e36803008d0257378adffcfac25608989b0734abf6731dc83ba33a404007eba9:1:ko,ko,train,space,늙은 검은 여우는 늙은 하얀 소의 앞에 있다는 것과 늙은 파란 곰은 늙은 검은 토끼의 뒤에 있다는 것이 모두 사실이다.,늙은 하얀 소는 늙은 검은 여우의 뒤에 있다는 것과 늙은 검은 토끼는 늙은 파란 곰의 앞에 있다는 것이 모두 사실이다.,1,reviewer_2,,,
0587ea68af1863c8686afe75d8914b6fc698b9797987f83448c223c51b7ab885:0:ko,ko,train,quantity,어린 하얀 토끼 다섯 마리와 큰 하얀 닭 일곱 마리가 있다.,큰 하얀 닭 다섯 마리와 어린 하얀 토끼 일곱 마리가 있다.,0,reviewer_1,,,
0587ea68af1863c8686afe75d8914b6fc698b9797987f83448c223c51b7ab885:0:ko,ko,train,quantity,어린 하얀 토끼 다섯 마리와 큰 하얀 닭 일곱 마리가 있다.,큰 하얀 닭 다섯 마리와 어린 하얀 토끼 일곱 마리가 있다.,0,reviewer_2,,,
e86aed18c310b8e6e91d57f0366873a990f6a42c6795a331f27e7e6b1ca64041:1:ko,ko,train,quantity,어린 노란 소 여덟 마리와 어린 파란 오리 두 마리가 있다.,어린 파란 오리 두 마리와 어린 노란 소 여덟 마리가 있다.,1,reviewer_1,,,
e86aed18c310b8e6e91d57f0366873a990f6a42c6795a331f27e7e6b1ca64041:1:ko,ko,train,quantity,어린 노란 소 여덟 마리와 어린 파란 오리 두 마리가 있다.,어린 파란 오리 두 마리와 어린 노란 소 여덟 마리가 있다.,1,reviewer_2,,,
90f5e7d90cfd79578258dbb41230ac14c23b2c81222a896e5078fe67a4b20802:0:ko,ko,dev_a,roles,큰 빨간 쥐가 큰 초록색 양을 맞이한다는 것과 큰 초록색 양이 큰 빨간 쥐를 뒤따른다는 것이 모두 사실이다.,큰 초록색 양을 큰 빨간 쥐가 뒤따른다는 것과 큰 빨간 쥐를 큰 초록색 양이 맞이한다는 것이 모두 사실이다.,0,reviewer_1,,,
90f5e7d90cfd79578258dbb41230ac14c23b2c81222a896e5078fe67a4b20802:0:ko,ko,dev_a,roles,큰 빨간 쥐가 큰 초록색 양을 맞이한다는 것과 큰 초록색 양이 큰 빨간 쥐를 뒤따른다는 것이 모두 사실이다.,큰 초록색 양을 큰 빨간 쥐가 뒤따른다는 것과 큰 빨간 쥐를 큰 초록색 양이 맞이한다는 것이 모두 사실이다.,0,reviewer_2,,,
b7fc429923a022ef5bdf19590c3e9b2dc625194e88eae68b9fbe5180aa092de9:1:ko,ko,dev_a,roles,늙은 파란 쥐가 늙은 노란 쥐를 뒤따른다는 것과 늙은 노란 쥐가 늙은 파란 쥐를 맞이한다는 것이 모두 사실이다.,늙은 노란 쥐를 늙은 파란 쥐가 뒤따른다는 것과 늙은 파란 쥐를 늙은 노란 쥐가 맞이한다는 것이 모두 사실이다.,1,reviewer_1,,,
b7fc429923a022ef5bdf19590c3e9b2dc625194e88eae68b9fbe5180aa092de9:1:ko,ko,dev_a,roles,늙은 파란 쥐가 늙은 노란 쥐를 뒤따른다는 것과 늙은 노란 쥐가 늙은 파란 쥐를 맞이한다는 것이 모두 사실이다.,늙은 노란 쥐를 늙은 파란 쥐가 뒤따른다는 것과 늙은 파란 쥐를 늙은 노란 쥐가 맞이한다는 것이 모두 사실이다.,1,reviewer_2,,,
fdb73c51a4aecb272033be339774709af1b493338024909eb8e7081cde913105:0:ko,ko,dev_a,negation,늙은 검은 양이 큰 파란 여우를 맞이한다는 것과 큰 파란 여우가 늙은 검은 양을 맞이하지 않는다는 것이 모두 사실이다.,큰 파란 여우를 늙은 검은 양이 맞이하지 않는다는 것과 늙은 검은 양을 큰 파란 여우가 맞이한다는 것이 모두 사실이다.,0,reviewer_1,,,
fdb73c51a4aecb272033be339774709af1b493338024909eb8e7081cde913105:0:ko,ko,dev_a,negation,늙은 검은 양이 큰 파란 여우를 맞이한다는 것과 큰 파란 여우가 늙은 검은 양을 맞이하지 않는다는 것이 모두 사실이다.,큰 파란 여우를 늙은 검은 양이 맞이하지 않는다는 것과 늙은 검은 양을 큰 파란 여우가 맞이한다는 것이 모두 사실이다.,0,reviewer_2,,,
af1c911d1f0c6f13c102a2b60c82ad8ee28e4672b5d65f632e33988f86094318:1:ko,ko,dev_a,negation,작은 파란 쥐가 어린 빨간 곰을 본다는 것과 어린 빨간 곰이 작은 파란 쥐를 보지 않는다는 것이 모두 사실이다.,어린 빨간 곰을 작은 파란 쥐가 본다는 것과 작은 파란 쥐를 어린 빨간 곰이 보지 않는다는 것이 모두 사실이다.,1,reviewer_1,,,
af1c911d1f0c6f13c102a2b60c82ad8ee28e4672b5d65f632e33988f86094318:1:ko,ko,dev_a,negation,작은 파란 쥐가 어린 빨간 곰을 본다는 것과 어린 빨간 곰이 작은 파란 쥐를 보지 않는다는 것이 모두 사실이다.,어린 빨간 곰을 작은 파란 쥐가 본다는 것과 작은 파란 쥐를 어린 빨간 곰이 보지 않는다는 것이 모두 사실이다.,1,reviewer_2,,,
302cd8816d1d355b5fdeee4ccac3898cb318e5ff45f1e5ee4393663bfe12542a:0:ko,ko,dev_a,space,작은 하얀 쥐는 큰 노란 곰의 앞에 있다는 것과 작은 파란 고양이는 늙은 초록색 개의 뒤에 있다는 것이 모두 사실이다.,큰 노란 곰은 작은 하얀 쥐의 앞에 있다는 것과 늙은 초록색 개는 작은 파란 고양이의 뒤에 있다는 것이 모두 사실이다.,0,reviewer_1,,,
302cd8816d1d355b5fdeee4ccac3898cb318e5ff45f1e5ee4393663bfe12542a:0:ko,ko,dev_a,space,작은 하얀 쥐는 큰 노란 곰의 앞에 있다는 것과 작은 파란 고양이는 늙은 초록색 개의 뒤에 있다는 것이 모두 사실이다.,큰 노란 곰은 작은 하얀 쥐의 앞에 있다는 것과 늙은 초록색 개는 작은 파란 고양이의 뒤에 있다는 것이 모두 사실이다.,0,reviewer_2,,,
1ba811fd972e3e7836c4befb34e2f45619e997fbc045849e4edfde9b2a656a71:1:ko,ko,dev_a,space,늙은 검은 쥐는 작은 하얀 닭의 앞에 있다는 것과 작은 빨간 말은 큰 노란 양의 뒤에 있다는 것이 모두 사실이다.,작은 하얀 닭은 늙은 검은 쥐의 뒤에 있다는 것과 큰 노란 양은 작은 빨간 말의 앞에 있다는 것이 모두 사실이다.,1,reviewer_1,,,
1ba811fd972e3e7836c4befb34e2f45619e997fbc045849e4edfde9b2a656a71:1:ko,ko,dev_a,space,늙은 검은 쥐는 작은 하얀 닭의 앞에 있다는 것과 작은 빨간 말은 큰 노란 양의 뒤에 있다는 것이 모두 사실이다.,작은 하얀 닭은 늙은 검은 쥐의 뒤에 있다는 것과 큰 노란 양은 작은 빨간 말의 앞에 있다는 것이 모두 사실이다.,1,reviewer_2,,,
c8d3a639af8dc247cdf63d3a1c6d692b528b293d8f4d06f4063652e3efed0676:0:ko,ko,dev_a,quantity,늙은 파란 양 네 마리와 작은 빨간 소 다섯 마리가 있다.,작은 빨간 소 네 마리와 늙은 파란 양 다섯 마리가 있다.,0,reviewer_1,,,
c8d3a639af8dc247cdf63d3a1c6d692b528b293d8f4d06f4063652e3efed0676:0:ko,ko,dev_a,quantity,늙은 파란 양 네 마리와 작은 빨간 소 다섯 마리가 있다.,작은 빨간 소 네 마리와 늙은 파란 양 다섯 마리가 있다.,0,reviewer_2,,,
b015cd7188f7a1e99e8676e8bcba8a28f944b7fe5f1fd38fd1883277d7d7a246:1:ko,ko,dev_a,quantity,어린 검은 곰 여섯 마리와 작은 검은 쥐 일곱 마리가 있다.,작은 검은 쥐 일곱 마리와 어린 검은 곰 여섯 마리가 있다.,1,reviewer_1,,,
b015cd7188f7a1e99e8676e8bcba8a28f944b7fe5f1fd38fd1883277d7d7a246:1:ko,ko,dev_a,quantity,어린 검은 곰 여섯 마리와 작은 검은 쥐 일곱 마리가 있다.,작은 검은 쥐 일곱 마리와 어린 검은 곰 여섯 마리가 있다.,1,reviewer_2,,,
97b752ae0c97f8ed3e388d0808d3a69b034c9575fe2ea9965e79894a49f3e4b2:0:ko,ko,dev_b,roles,큰 빨간 토끼가 어린 노란 개를 본다는 것과 어린 노란 개가 큰 빨간 토끼를 뒤따른다는 것이 모두 사실이다.,어린 노란 개를 큰 빨간 토끼가 뒤따른다는 것과 큰 빨간 토끼를 어린 노란 개가 본다는 것이 모두 사실이다.,0,reviewer_1,,,
97b752ae0c97f8ed3e388d0808d3a69b034c9575fe2ea9965e79894a49f3e4b2:0:ko,ko,dev_b,roles,큰 빨간 토끼가 어린 노란 개를 본다는 것과 어린 노란 개가 큰 빨간 토끼를 뒤따른다는 것이 모두 사실이다.,어린 노란 개를 큰 빨간 토끼가 뒤따른다는 것과 큰 빨간 토끼를 어린 노란 개가 본다는 것이 모두 사실이다.,0,reviewer_2,,,
a3f9438eb0035fecb9e2c744b626cec16f2ed71055ed904d2b9130858a135ac5:1:ko,ko,dev_b,roles,큰 파란 오리가 작은 초록색 쥐를 본다는 것과 작은 초록색 쥐가 큰 파란 오리를 뒤따른다는 것이 모두 사실이다.,작은 초록색 쥐를 큰 파란 오리가 본다는 것과 큰 파란 오리를 작은 초록색 쥐가 뒤따른다는 것이 모두 사실이다.,1,reviewer_1,,,
a3f9438eb0035fecb9e2c744b626cec16f2ed71055ed904d2b9130858a135ac5:1:ko,ko,dev_b,roles,큰 파란 오리가 작은 초록색 쥐를 본다는 것과 작은 초록색 쥐가 큰 파란 오리를 뒤따른다는 것이 모두 사실이다.,작은 초록색 쥐를 큰 파란 오리가 본다는 것과 큰 파란 오리를 작은 초록색 쥐가 뒤따른다는 것이 모두 사실이다.,1,reviewer_2,,,
650bd3ee4208490ea5d8eb85de19b30c01d4af6bce2e136adc88c65642a6e2ad:0:ko,ko,dev_b,negation,작은 초록색 말이 어린 검은 곰을 본다는 것과 어린 검은 곰이 작은 초록색 말을 보지 않는다는 것이 모두 사실이다.,어린 검은 곰을 작은 초록색 말이 보지 않는다는 것과 작은 초록색 말을 어린 검은 곰이 본다는 것이 모두 사실이다.,0,reviewer_1,,,
650bd3ee4208490ea5d8eb85de19b30c01d4af6bce2e136adc88c65642a6e2ad:0:ko,ko,dev_b,negation,작은 초록색 말이 어린 검은 곰을 본다는 것과 어린 검은 곰이 작은 초록색 말을 보지 않는다는 것이 모두 사실이다.,어린 검은 곰을 작은 초록색 말이 보지 않는다는 것과 작은 초록색 말을 어린 검은 곰이 본다는 것이 모두 사실이다.,0,reviewer_2,,,
4845630e1f49af068b0a2736cba247ea927855c5591f1b97e75f7c80b2009125:1:ko,ko,dev_b,negation,큰 노란 양이 어린 파란 토끼를 보지 않는다는 것과 어린 파란 토끼가 큰 노란 양을 본다는 것이 모두 사실이다.,어린 파란 토끼를 큰 노란 양이 보지 않는다는 것과 큰 노란 양을 어린 파란 토끼가 본다는 것이 모두 사실이다.,1,reviewer_1,,,
4845630e1f49af068b0a2736cba247ea927855c5591f1b97e75f7c80b2009125:1:ko,ko,dev_b,negation,큰 노란 양이 어린 파란 토끼를 보지 않는다는 것과 어린 파란 토끼가 큰 노란 양을 본다는 것이 모두 사실이다.,어린 파란 토끼를 큰 노란 양이 보지 않는다는 것과 큰 노란 양을 어린 파란 토끼가 본다는 것이 모두 사실이다.,1,reviewer_2,,,
fe53aaf2b8b9d83fffc35eef3a989668815f5ccaba0d24e811d11f9c15382dda:0:ko,ko,dev_b,space,늙은 파란 개는 작은 빨간 소의 아래에 있다는 것과 늙은 파란 여우는 어린 빨간 여우의 위에 있다는 것이 모두 사실이다.,작은 빨간 소는 늙은 파란 개의 아래에 있다는 것과 어린 빨간 여우는 늙은 파란 여우의 위에 있다는 것이 모두 사실이다.,0,reviewer_1,,,
fe53aaf2b8b9d83fffc35eef3a989668815f5ccaba0d24e811d11f9c15382dda:0:ko,ko,dev_b,space,늙은 파란 개는 작은 빨간 소의 아래에 있다는 것과 늙은 파란 여우는 어린 빨간 여우의 위에 있다는 것이 모두 사실이다.,작은 빨간 소는 늙은 파란 개의 아래에 있다는 것과 어린 빨간 여우는 늙은 파란 여우의 위에 있다는 것이 모두 사실이다.,0,reviewer_2,,,
cbc41a6616459abdae81ba1a07a3ca3eac5bc59d1a6794f59788eb6ffa8030df:1:ko,ko,dev_b,space,작은 검은 곰은 늙은 하얀 양의 왼쪽에 있다는 것과 작은 파란 곰은 큰 파란 양의 오른쪽에 있다는 것이 모두 사실이다.,늙은 하얀 양은 작은 검은 곰의 오른쪽에 있다는 것과 큰 파란 양은 작은 파란 곰의 왼쪽에 있다는 것이 모두 사실이다.,1,reviewer_1,,,
cbc41a6616459abdae81ba1a07a3ca3eac5bc59d1a6794f59788eb6ffa8030df:1:ko,ko,dev_b,space,작은 검은 곰은 늙은 하얀 양의 왼쪽에 있다는 것과 작은 파란 곰은 큰 파란 양의 오른쪽에 있다는 것이 모두 사실이다.,늙은 하얀 양은 작은 검은 곰의 오른쪽에 있다는 것과 큰 파란 양은 작은 파란 곰의 왼쪽에 있다는 것이 모두 사실이다.,1,reviewer_2,,,
ddec69f6ff40fcf7217c8a4b88ea5fa7d14da26031851a6d8fe1987a3c3358ea:0:ko,ko,dev_b,quantity,작은 노란 개 두 마리와 어린 검은 양 네 마리가 있다.,어린 검은 양 두 마리와 작은 노란 개 네 마리가 있다.,0,reviewer_1,,,
ddec69f6ff40fcf7217c8a4b88ea5fa7d14da26031851a6d8fe1987a3c3358ea:0:ko,ko,dev_b,quantity,작은 노란 개 두 마리와 어린 검은 양 네 마리가 있다.,어린 검은 양 두 마리와 작은 노란 개 네 마리가 있다.,0,reviewer_2,,,
4c1d4b1274e9c719459f977fe1c11c372e471ddd24acc4bfeee3d007eacb6148:1:ko,ko,dev_b,quantity,큰 초록색 소 여덟 마리와 큰 하얀 고양이 두 마리가 있다.,큰 하얀 고양이 두 마리와 큰 초록색 소 여덟 마리가 있다.,1,reviewer_1,,,
4c1d4b1274e9c719459f977fe1c11c372e471ddd24acc4bfeee3d007eacb6148:1:ko,ko,dev_b,quantity,큰 초록색 소 여덟 마리와 큰 하얀 고양이 두 마리가 있다.,큰 하얀 고양이 두 마리와 큰 초록색 소 여덟 마리가 있다.,1,reviewer_2,,,
d36822df445c7f4241a08edd2a8bdc2481af017d278188774c930765a729a0f2:0:ko,ko,test,roles,작은 초록색 말이 큰 초록색 토끼를 본다는 것과 큰 초록색 토끼가 작은 초록색 말을 뒤따른다는 것이 모두 사실이다.,큰 초록색 토끼를 작은 초록색 말이 뒤따른다는 것과 작은 초록색 말을 큰 초록색 토끼가 본다는 것이 모두 사실이다.,0,reviewer_1,,,
d36822df445c7f4241a08edd2a8bdc2481af017d278188774c930765a729a0f2:0:ko,ko,test,roles,작은 초록색 말이 큰 초록색 토끼를 본다는 것과 큰 초록색 토끼가 작은 초록색 말을 뒤따른다는 것이 모두 사실이다.,큰 초록색 토끼를 작은 초록색 말이 뒤따른다는 것과 작은 초록색 말을 큰 초록색 토끼가 본다는 것이 모두 사실이다.,0,reviewer_2,,,
f4121e639aa9a42de4962835df12deacb7bb74e3a75104eb5effd55ad4ca0f92:1:ko,ko,test,roles,어린 빨간 사자가 늙은 파란 쥐를 맞이한다는 것과 늙은 파란 쥐가 어린 빨간 사자를 뒤따른다는 것이 모두 사실이다.,늙은 파란 쥐를 어린 빨간 사자가 맞이한다는 것과 어린 빨간 사자를 늙은 파란 쥐가 뒤따른다는 것이 모두 사실이다.,1,reviewer_1,,,
f4121e639aa9a42de4962835df12deacb7bb74e3a75104eb5effd55ad4ca0f92:1:ko,ko,test,roles,어린 빨간 사자가 늙은 파란 쥐를 맞이한다는 것과 늙은 파란 쥐가 어린 빨간 사자를 뒤따른다는 것이 모두 사실이다.,늙은 파란 쥐를 어린 빨간 사자가 맞이한다는 것과 어린 빨간 사자를 늙은 파란 쥐가 뒤따른다는 것이 모두 사실이다.,1,reviewer_2,,,
febc2887f0a6caa49a1430c6e856d46efc1d1b4d49c35e96e52ace008583b187:0:ko,ko,test,negation,늙은 초록색 말이 늙은 검은 토끼를 뒤따르지 않는다는 것과 늙은 검은 토끼가 늙은 초록색 말을 뒤따른다는 것이 모두 사실이다.,늙은 검은 토끼를 늙은 초록색 말이 뒤따른다는 것과 늙은 초록색 말을 늙은 검은 토끼가 뒤따르지 않는다는 것이 모두 사실이다.,0,reviewer_1,,,
febc2887f0a6caa49a1430c6e856d46efc1d1b4d49c35e96e52ace008583b187:0:ko,ko,test,negation,늙은 초록색 말이 늙은 검은 토끼를 뒤따르지 않는다는 것과 늙은 검은 토끼가 늙은 초록색 말을 뒤따른다는 것이 모두 사실이다.,늙은 검은 토끼를 늙은 초록색 말이 뒤따른다는 것과 늙은 초록색 말을 늙은 검은 토끼가 뒤따르지 않는다는 것이 모두 사실이다.,0,reviewer_2,,,
f41f50c3e7da267d329bee98ab9021d3d8e66371081984e15e6bf434ac697628:1:ko,ko,test,negation,작은 하얀 사자가 작은 초록색 소를 보지 않는다는 것과 작은 초록색 소가 작은 하얀 사자를 본다는 것이 모두 사실이다.,작은 초록색 소를 작은 하얀 사자가 보지 않는다는 것과 작은 하얀 사자를 작은 초록색 소가 본다는 것이 모두 사실이다.,1,reviewer_1,,,
f41f50c3e7da267d329bee98ab9021d3d8e66371081984e15e6bf434ac697628:1:ko,ko,test,negation,작은 하얀 사자가 작은 초록색 소를 보지 않는다는 것과 작은 초록색 소가 작은 하얀 사자를 본다는 것이 모두 사실이다.,작은 초록색 소를 작은 하얀 사자가 보지 않는다는 것과 작은 하얀 사자를 작은 초록색 소가 본다는 것이 모두 사실이다.,1,reviewer_2,,,
a06a5b17c857dc4329f989c30e1f1fb85ebc9ba239b44a61581e8542536184d0:0:ko,ko,test,space,큰 초록색 토끼는 어린 노란 말의 앞에 있다는 것과 어린 하얀 여우는 큰 초록색 개의 뒤에 있다는 것이 모두 사실이다.,어린 노란 말은 큰 초록색 토끼의 앞에 있다는 것과 큰 초록색 개는 어린 하얀 여우의 뒤에 있다는 것이 모두 사실이다.,0,reviewer_1,,,
a06a5b17c857dc4329f989c30e1f1fb85ebc9ba239b44a61581e8542536184d0:0:ko,ko,test,space,큰 초록색 토끼는 어린 노란 말의 앞에 있다는 것과 어린 하얀 여우는 큰 초록색 개의 뒤에 있다는 것이 모두 사실이다.,어린 노란 말은 큰 초록색 토끼의 앞에 있다는 것과 큰 초록색 개는 어린 하얀 여우의 뒤에 있다는 것이 모두 사실이다.,0,reviewer_2,,,
b27e270b1f142b74c492a9df41a8473769e74abbedd4c19b40e547ed0498ca9d:1:ko,ko,test,space,큰 초록색 여우는 큰 검은 쥐의 앞에 있다는 것과 작은 하얀 닭은 어린 검은 소의 뒤에 있다는 것이 모두 사실이다.,큰 검은 쥐는 큰 초록색 여우의 뒤에 있다는 것과 어린 검은 소는 작은 하얀 닭의 앞에 있다는 것이 모두 사실이다.,1,reviewer_1,,,
b27e270b1f142b74c492a9df41a8473769e74abbedd4c19b40e547ed0498ca9d:1:ko,ko,test,space,큰 초록색 여우는 큰 검은 쥐의 앞에 있다는 것과 작은 하얀 닭은 어린 검은 소의 뒤에 있다는 것이 모두 사실이다.,큰 검은 쥐는 큰 초록색 여우의 뒤에 있다는 것과 어린 검은 소는 작은 하얀 닭의 앞에 있다는 것이 모두 사실이다.,1,reviewer_2,,,
dd831f8fafdae55cd17e5a54d86e9b4409178f46c5cc6008328248be30b9a71e:0:ko,ko,test,quantity,늙은 검은 오리 두 마리와 어린 하얀 닭 일곱 마리가 있다.,어린 하얀 닭 두 마리와 늙은 검은 오리 일곱 마리가 있다.,0,reviewer_1,,,
dd831f8fafdae55cd17e5a54d86e9b4409178f46c5cc6008328248be30b9a71e:0:ko,ko,test,quantity,늙은 검은 오리 두 마리와 어린 하얀 닭 일곱 마리가 있다.,어린 하얀 닭 두 마리와 늙은 검은 오리 일곱 마리가 있다.,0,reviewer_2,,,
89070197aa6d029e5729d6d292fd1bcbf2c5d01eaaeac7966bd9c0316338ab32:1:ko,ko,test,quantity,어린 초록색 곰 네 마리와 어린 하얀 닭 여섯 마리가 있다.,어린 하얀 닭 여섯 마리와 어린 초록색 곰 네 마리가 있다.,1,reviewer_1,,,
89070197aa6d029e5729d6d292fd1bcbf2c5d01eaaeac7966bd9c0316338ab32:1:ko,ko,test,quantity,어린 초록색 곰 네 마리와 어린 하얀 닭 여섯 마리가 있다.,어린 하얀 닭 여섯 마리와 어린 초록색 곰 네 마리가 있다.,1,reviewer_2,,,
cb40d67005e4d5ee8d580333006f52306650bcfcfa28045be96a1319559fb046:0:ko,ko,train,roles,작은 하얀 오리가 작은 파란 고양이를 본다는 것과 작은 파란 고양이가 작은 하얀 오리를 맞이한다는 것이 모두 사실이다.,작은 파란 고양이를 작은 하얀 오리가 맞이한다는 것과 작은 하얀 오리를 작은 파란 고양이가 본다는 것이 모두 사실이다.,0,reviewer_1,,,
cb40d67005e4d5ee8d580333006f52306650bcfcfa28045be96a1319559fb046:0:ko,ko,train,roles,작은 하얀 오리가 작은 파란 고양이를 본다는 것과 작은 파란 고양이가 작은 하얀 오리를 맞이한다는 것이 모두 사실이다.,작은 파란 고양이를 작은 하얀 오리가 맞이한다는 것과 작은 하얀 오리를 작은 파란 고양이가 본다는 것이 모두 사실이다.,0,reviewer_2,,,
7abefa48ed104ba33abf91a4add348cebb297bc236d50d72f1d778aba644671f:1:ko,ko,train,roles,작은 초록색 말이 어린 파란 양을 맞이한다는 것과 어린 파란 양이 작은 초록색 말을 뒤따른다는 것이 모두 사실이다.,어린 파란 양을 작은 초록색 말이 맞이한다는 것과 작은 초록색 말을 어린 파란 양이 뒤따른다는 것이 모두 사실이다.,1,reviewer_1,,,
7abefa48ed104ba33abf91a4add348cebb297bc236d50d72f1d778aba644671f:1:ko,ko,train,roles,작은 초록색 말이 어린 파란 양을 맞이한다는 것과 어린 파란 양이 작은 초록색 말을 뒤따른다는 것이 모두 사실이다.,어린 파란 양을 작은 초록색 말이 맞이한다는 것과 작은 초록색 말을 어린 파란 양이 뒤따른다는 것이 모두 사실이다.,1,reviewer_2,,,
fb8313383f66bbdccf734f9b62a95d75692e973a64f4e0c660668d1e1dad1ce3:0:ko,ko,train,negation,늙은 빨간 토끼가 큰 파란 양을 뒤따른다는 것과 큰 파란 양이 늙은 빨간 토끼를 뒤따르지 않는다는 것이 모두 사실이다.,큰 파란 양을 늙은 빨간 토끼가 뒤따르지 않는다는 것과 늙은 빨간 토끼를 큰 파란 양이 뒤따른다는 것이 모두 사실이다.,0,reviewer_1,,,
fb8313383f66bbdccf734f9b62a95d75692e973a64f4e0c660668d1e1dad1ce3:0:ko,ko,train,negation,늙은 빨간 토끼가 큰 파란 양을 뒤따른다는 것과 큰 파란 양이 늙은 빨간 토끼를 뒤따르지 않는다는 것이 모두 사실이다.,큰 파란 양을 늙은 빨간 토끼가 뒤따르지 않는다는 것과 늙은 빨간 토끼를 큰 파란 양이 뒤따른다는 것이 모두 사실이다.,0,reviewer_2,,,
479499bc09e0657b2d9b550998b2c318480206f969c9a09322bfa1a9efd74955:1:ko,ko,train,negation,어린 하얀 개가 늙은 빨간 사자를 뒤따른다는 것과 늙은 빨간 사자가 어린 하얀 개를 뒤따르지 않는다는 것이 모두 사실이다.,늙은 빨간 사자를 어린 하얀 개가 뒤따른다는 것과 어린 하얀 개를 늙은 빨간 사자가 뒤따르지 않는다는 것이 모두 사실이다.,1,reviewer_1,,,
479499bc09e0657b2d9b550998b2c318480206f969c9a09322bfa1a9efd74955:1:ko,ko,train,negation,어린 하얀 개가 늙은 빨간 사자를 뒤따른다는 것과 늙은 빨간 사자가 어린 하얀 개를 뒤따르지 않는다는 것이 모두 사실이다.,늙은 빨간 사자를 어린 하얀 개가 뒤따른다는 것과 어린 하얀 개를 늙은 빨간 사자가 뒤따르지 않는다는 것이 모두 사실이다.,1,reviewer_2,,,
a21b7848e1484948670c23b81ba27a3d42954c639fe9ec48be0733205b7f0b78:0:ko,ko,train,space,어린 하얀 양은 늙은 초록색 고양이의 오른쪽에 있다는 것과 작은 하얀 말은 늙은 노란 닭의 왼쪽에 있다는 것이 모두 사실이다.,늙은 초록색 고양이는 어린 하얀 양의 오른쪽에 있다는 것과 늙은 노란 닭은 작은 하얀 말의 왼쪽에 있다는 것이 모두 사실이다.,0,reviewer_1,,,
a21b7848e1484948670c23b81ba27a3d42954c639fe9ec48be0733205b7f0b78:0:ko,ko,train,space,어린 하얀 양은 늙은 초록색 고양이의 오른쪽에 있다는 것과 작은 하얀 말은 늙은 노란 닭의 왼쪽에 있다는 것이 모두 사실이다.,늙은 초록색 고양이는 어린 하얀 양의 오른쪽에 있다는 것과 늙은 노란 닭은 작은 하얀 말의 왼쪽에 있다는 것이 모두 사실이다.,0,reviewer_2,,,
d89b1a44d2b89945954eefa19d523f6b933a4f711edf86a367044d7354d56672:1:ko,ko,train,space,큰 파란 개는 큰 노란 사자의 왼쪽에 있다는 것과 큰 초록색 곰은 어린 검은 닭의 오른쪽에 있다는 것이 모두 사실이다.,큰 노란 사자는 큰 파란 개의 오른쪽에 있다는 것과 어린 검은 닭은 큰 초록색 곰의 왼쪽에 있다는 것이 모두 사실이다.,1,reviewer_1,,,
d89b1a44d2b89945954eefa19d523f6b933a4f711edf86a367044d7354d56672:1:ko,ko,train,space,큰 파란 개는 큰 노란 사자의 왼쪽에 있다는 것과 큰 초록색 곰은 어린 검은 닭의 오른쪽에 있다는 것이 모두 사실이다.,큰 노란 사자는 큰 파란 개의 오른쪽에 있다는 것과 어린 검은 닭은 큰 초록색 곰의 왼쪽에 있다는 것이 모두 사실이다.,1,reviewer_2,,,
a4421f24c84ad5799fcd1bfcc36d8ca1b14d254b52671444b6b9ab4a70d6b69e:0:ko,ko,train,quantity,큰 파란 양 다섯 마리와 늙은 초록색 토끼 두 마리가 있다.,늙은 초록색 토끼 다섯 마리와 큰 파란 양 두 마리가 있다.,0,reviewer_1,,,
a4421f24c84ad5799fcd1bfcc36d8ca1b14d254b52671444b6b9ab4a70d6b69e:0:ko,ko,train,quantity,큰 파란 양 다섯 마리와 늙은 초록색 토끼 두 마리가 있다.,늙은 초록색 토끼 다섯 마리와 큰 파란 양 두 마리가 있다.,0,reviewer_2,,,
d222dab8c41ea843d1a6a594c14e3de1a56ecf2d1133c72e0adddd6df645b205:1:ko,ko,train,quantity,작은 검은 고양이 두 마리와 큰 하얀 곰 다섯 마리가 있다.,큰 하얀 곰 다섯 마리와 작은 검은 고양이 두 마리가 있다.,1,reviewer_1,,,
d222dab8c41ea843d1a6a594c14e3de1a56ecf2d1133c72e0adddd6df645b205:1:ko,ko,train,quantity,작은 검은 고양이 두 마리와 큰 하얀 곰 다섯 마리가 있다.,큰 하얀 곰 다섯 마리와 작은 검은 고양이 두 마리가 있다.,1,reviewer_2,,,
02e0a5d55e5daebe55cc3ef099a8e9f098ce295a16190533a4dd886ed803da7b:0:ko,ko,dev_a,roles,작은 검은 소가 큰 노란 곰을 본다는 것과 큰 노란 곰이 작은 검은 소를 뒤따른다는 것이 모두 사실이다.,큰 노란 곰을 작은 검은 소가 뒤따른다는 것과 작은 검은 소를 큰 노란 곰이 본다는 것이 모두 사실이다.,0,reviewer_1,,,
02e0a5d55e5daebe55cc3ef099a8e9f098ce295a16190533a4dd886ed803da7b:0:ko,ko,dev_a,roles,작은 검은 소가 큰 노란 곰을 본다는 것과 큰 노란 곰이 작은 검은 소를 뒤따른다는 것이 모두 사실이다.,큰 노란 곰을 작은 검은 소가 뒤따른다는 것과 작은 검은 소를 큰 노란 곰이 본다는 것이 모두 사실이다.,0,reviewer_2,,,
82d698b5bf4c699e8d5aaef71aeaecc3889e6e7a1c5e35a0f48de6d63afef120:1:ko,ko,dev_a,roles,어린 빨간 사자가 작은 빨간 닭을 뒤따른다는 것과 작은 빨간 닭이 어린 빨간 사자를 본다는 것이 모두 사실이다.,작은 빨간 닭을 어린 빨간 사자가 뒤따른다는 것과 어린 빨간 사자를 작은 빨간 닭이 본다는 것이 모두 사실이다.,1,reviewer_1,,,
82d698b5bf4c699e8d5aaef71aeaecc3889e6e7a1c5e35a0f48de6d63afef120:1:ko,ko,dev_a,roles,어린 빨간 사자가 작은 빨간 닭을 뒤따른다는 것과 작은 빨간 닭이 어린 빨간 사자를 본다는 것이 모두 사실이다.,작은 빨간 닭을 어린 빨간 사자가 뒤따른다는 것과 어린 빨간 사자를 작은 빨간 닭이 본다는 것이 모두 사실이다.,1,reviewer_2,,,
17c3a349a649f744aaab7960af8dfcf184d35453e305bfac26e5bfeea5c3793d:0:ko,ko,dev_a,negation,큰 검은 쥐가 어린 파란 오리를 뒤따르지 않는다는 것과 어린 파란 오리가 큰 검은 쥐를 뒤따른다는 것이 모두 사실이다.,어린 파란 오리를 큰 검은 쥐가 뒤따른다는 것과 큰 검은 쥐를 어린 파란 오리가 뒤따르지 않는다는 것이 모두 사실이다.,0,reviewer_1,,,
17c3a349a649f744aaab7960af8dfcf184d35453e305bfac26e5bfeea5c3793d:0:ko,ko,dev_a,negation,큰 검은 쥐가 어린 파란 오리를 뒤따르지 않는다는 것과 어린 파란 오리가 큰 검은 쥐를 뒤따른다는 것이 모두 사실이다.,어린 파란 오리를 큰 검은 쥐가 뒤따른다는 것과 큰 검은 쥐를 어린 파란 오리가 뒤따르지 않는다는 것이 모두 사실이다.,0,reviewer_2,,,
4f8325f5ef3c0dfc0333456ef4ff06cba437eca967ac908233e7139c7ce35ad0:1:ko,ko,dev_a,negation,어린 파란 쥐가 작은 노란 여우를 뒤따른다는 것과 작은 노란 여우가 어린 파란 쥐를 뒤따르지 않는다는 것이 모두 사실이다.,작은 노란 여우를 어린 파란 쥐가 뒤따른다는 것과 어린 파란 쥐를 작은 노란 여우가 뒤따르지 않는다는 것이 모두 사실이다.,1,reviewer_1,,,
4f8325f5ef3c0dfc0333456ef4ff06cba437eca967ac908233e7139c7ce35ad0:1:ko,ko,dev_a,negation,어린 파란 쥐가 작은 노란 여우를 뒤따른다는 것과 작은 노란 여우가 어린 파란 쥐를 뒤따르지 않는다는 것이 모두 사실이다.,작은 노란 여우를 어린 파란 쥐가 뒤따른다는 것과 어린 파란 쥐를 작은 노란 여우가 뒤따르지 않는다는 것이 모두 사실이다.,1,reviewer_2,,,
d5287159fd93d0b7f06bb65c1d0eb3c1a9c8e411fd56becdb0d112073d10ce62:0:ko,ko,dev_a,space,큰 빨간 개는 어린 초록색 여우의 앞에 있다는 것과 큰 하얀 오리는 작은 하얀 곰의 뒤에 있다는 것이 모두 사실이다.,어린 초록색 여우는 큰 빨간 개의 앞에 있다는 것과 작은 하얀 곰은 큰 하얀 오리의 뒤에 있다는 것이 모두 사실이다.,0,reviewer_1,,,
d5287159fd93d0b7f06bb65c1d0eb3c1a9c8e411fd56becdb0d112073d10ce62:0:ko,ko,dev_a,space,큰 빨간 개는 어린 초록색 여우의 앞에 있다는 것과 큰 하얀 오리는 작은 하얀 곰의 뒤에 있다는 것이 모두 사실이다.,어린 초록색 여우는 큰 빨간 개의 앞에 있다는 것과 작은 하얀 곰은 큰 하얀 오리의 뒤에 있다는 것이 모두 사실이다.,0,reviewer_2,,,
6f48ab816057ed0e590765752e555c227a027b11a22c4757d4aa929f278c57ed:1:ko,ko,dev_a,space,작은 파란 양은 어린 노란 소의 왼쪽에 있다는 것과 큰 노란 양은 어린 검은 개의 오른쪽에 있다는 것이 모두 사실이다.,어린 노란 소는 작은 파란 양의 오른쪽에 있다는 것과 어린 검은 개는 큰 노란 양의 왼쪽에 있다는 것이 모두 사실이다.,1,reviewer_1,,,
6f48ab816057ed0e590765752e555c227a027b11a22c4757d4aa929f278c57ed:1:ko,ko,dev_a,space,작은 파란 양은 어린 노란 소의 왼쪽에 있다는 것과 큰 노란 양은 어린 검은 개의 오른쪽에 있다는 것이 모두 사실이다.,어린 노란 소는 작은 파란 양의 오른쪽에 있다는 것과 어린 검은 개는 큰 노란 양의 왼쪽에 있다는 것이 모두 사실이다.,1,reviewer_2,,,
f543ff8955d57cbb97d93046846dc3760fdfcc3c3f04b3a0a9462ab795a2c7d2:0:ko,ko,dev_a,quantity,어린 하얀 토끼 두 마리와 늙은 하얀 개 다섯 마리가 있다.,늙은 하얀 개 두 마리와 어린 하얀 토끼 다섯 마리가 있다.,0,reviewer_1,,,
f543ff8955d57cbb97d93046846dc3760fdfcc3c3f04b3a0a9462ab795a2c7d2:0:ko,ko,dev_a,quantity,어린 하얀 토끼 두 마리와 늙은 하얀 개 다섯 마리가 있다.,늙은 하얀 개 두 마리와 어린 하얀 토끼 다섯 마리가 있다.,0,reviewer_2,,,
9780e74d519cdb8a11877a4ef6b3c004d3a98212a4f14e01dac81e3e95e861c7:1:ko,ko,dev_a,quantity,큰 검은 곰 여덟 마리와 어린 초록색 오리 네 마리가 있다.,어린 초록색 오리 네 마리와 큰 검은 곰 여덟 마리가 있다.,1,reviewer_1,,,
9780e74d519cdb8a11877a4ef6b3c004d3a98212a4f14e01dac81e3e95e861c7:1:ko,ko,dev_a,quantity,큰 검은 곰 여덟 마리와 어린 초록색 오리 네 마리가 있다.,어린 초록색 오리 네 마리와 큰 검은 곰 여덟 마리가 있다.,1,reviewer_2,,,
fa656976daddbdae80c314bf7d221e47bad1fa92d7d0cfa605f885e7d0e2741f:0:ko,ko,dev_b,roles,늙은 초록색 소가 큰 초록색 쥐를 뒤따른다는 것과 큰 초록색 쥐가 늙은 초록색 소를 본다는 것이 모두 사실이다.,큰 초록색 쥐를 늙은 초록색 소가 본다는 것과 늙은 초록색 소를 큰 초록색 쥐가 뒤따른다는 것이 모두 사실이다.,0,reviewer_1,,,
fa656976daddbdae80c314bf7d221e47bad1fa92d7d0cfa605f885e7d0e2741f:0:ko,ko,dev_b,roles,늙은 초록색 소가 큰 초록색 쥐를 뒤따른다는 것과 큰 초록색 쥐가 늙은 초록색 소를 본다는 것이 모두 사실이다.,큰 초록색 쥐를 늙은 초록색 소가 본다는 것과 늙은 초록색 소를 큰 초록색 쥐가 뒤따른다는 것이 모두 사실이다.,0,reviewer_2,,,
3d576ade1eb63c148b787dc22b54db31e766f726268a5916966ea8782d7c3cf7:1:ko,ko,dev_b,roles,어린 노란 토끼가 작은 빨간 닭을 맞이한다는 것과 작은 빨간 닭이 어린 노란 토끼를 뒤따른다는 것이 모두 사실이다.,작은 빨간 닭을 어린 노란 토끼가 맞이한다는 것과 어린 노란 토끼를 작은 빨간 닭이 뒤따른다는 것이 모두 사실이다.,1,reviewer_1,,,
3d576ade1eb63c148b787dc22b54db31e766f726268a5916966ea8782d7c3cf7:1:ko,ko,dev_b,roles,어린 노란 토끼가 작은 빨간 닭을 맞이한다는 것과 작은 빨간 닭이 어린 노란 토끼를 뒤따른다는 것이 모두 사실이다.,작은 빨간 닭을 어린 노란 토끼가 맞이한다는 것과 어린 노란 토끼를 작은 빨간 닭이 뒤따른다는 것이 모두 사실이다.,1,reviewer_2,,,
9e7c9a7e12bf84904296f2944faa6b52749744339d5decf01da1e1a2d46723cf:0:ko,ko,dev_b,negation,어린 빨간 토끼가 작은 하얀 여우를 맞이하지 않는다는 것과 작은 하얀 여우가 어린 빨간 토끼를 맞이한다는 것이 모두 사실이다.,작은 하얀 여우를 어린 빨간 토끼가 맞이한다는 것과 어린 빨간 토끼를 작은 하얀 여우가 맞이하지 않는다는 것이 모두 사실이다.,0,reviewer_1,,,
9e7c9a7e12bf84904296f2944faa6b52749744339d5decf01da1e1a2d46723cf:0:ko,ko,dev_b,negation,어린 빨간 토끼가 작은 하얀 여우를 맞이하지 않는다는 것과 작은 하얀 여우가 어린 빨간 토끼를 맞이한다는 것이 모두 사실이다.,작은 하얀 여우를 어린 빨간 토끼가 맞이한다는 것과 어린 빨간 토끼를 작은 하얀 여우가 맞이하지 않는다는 것이 모두 사실이다.,0,reviewer_2,,,
ce94feba8f66273584869169a34884aeb5829ec9c9c0ce51e2b14bcb5c01f2ad:1:ko,ko,dev_b,negation,큰 파란 양이 어린 하얀 소를 뒤따르지 않는다는 것과 어린 하얀 소가 큰 파란 양을 뒤따른다는 것이 모두 사실이다.,어린 하얀 소를 큰 파란 양이 뒤따르지 않는다는 것과 큰 파란 양을 어린 하얀 소가 뒤따른다는 것이 모두 사실이다.,1,reviewer_1,,,
ce94feba8f66273584869169a34884aeb5829ec9c9c0ce51e2b14bcb5c01f2ad:1:ko,ko,dev_b,negation,큰 파란 양이 어린 하얀 소를 뒤따르지 않는다는 것과 어린 하얀 소가 큰 파란 양을 뒤따른다는 것이 모두 사실이다.,어린 하얀 소를 큰 파란 양이 뒤따르지 않는다는 것과 큰 파란 양을 어린 하얀 소가 뒤따른다는 것이 모두 사실이다.,1,reviewer_2,,,
e30c16660798e4ea19ad9bf8fe016448a71bb6eabff96902078e9da21ab95fd1:0:ko,ko,dev_b,space,늙은 하얀 소는 늙은 검은 닭의 위에 있다는 것과 어린 노란 개는 어린 빨간 소의 아래에 있다는 것이 모두 사실이다.,늙은 검은 닭은 늙은 하얀 소의 위에 있다는 것과 어린 빨간 소는 어린 노란 개의 아래에 있다는 것이 모두 사실이다.,0,reviewer_1,,,
e30c16660798e4ea19ad9bf8fe016448a71bb6eabff96902078e9da21ab95fd1:0:ko,ko,dev_b,space,늙은 하얀 소는 늙은 검은 닭의 위에 있다는 것과 어린 노란 개는 어린 빨간 소의 아래에 있다는 것이 모두 사실이다.,늙은 검은 닭은 늙은 하얀 소의 위에 있다는 것과 어린 빨간 소는 어린 노란 개의 아래에 있다는 것이 모두 사실이다.,0,reviewer_2,,,
3320f572d090d978310114875c1159a377153e4dad01fd1d0c677c7a3b194811:1:ko,ko,dev_b,space,큰 검은 말은 작은 하얀 닭의 오른쪽에 있다는 것과 어린 노란 쥐는 큰 검은 양의 왼쪽에 있다는 것이 모두 사실이다.,작은 하얀 닭은 큰 검은 말의 왼쪽에 있다는 것과 큰 검은 양은 어린 노란 쥐의 오른쪽에 있다는 것이 모두 사실이다.,1,reviewer_1,,,
3320f572d090d978310114875c1159a377153e4dad01fd1d0c677c7a3b194811:1:ko,ko,dev_b,space,큰 검은 말은 작은 하얀 닭의 오른쪽에 있다는 것과 어린 노란 쥐는 큰 검은 양의 왼쪽에 있다는 것이 모두 사실이다.,작은 하얀 닭은 큰 검은 말의 왼쪽에 있다는 것과 큰 검은 양은 어린 노란 쥐의 오른쪽에 있다는 것이 모두 사실이다.,1,reviewer_2,,,
a2eb1726aec5400d43fcced34aa14ab98fe8112cae6c24a678a075663dee00ce:0:ko,ko,dev_b,quantity,작은 초록색 고양이 여덟 마리와 어린 초록색 개 여섯 마리가 있다.,어린 초록색 개 여덟 마리와 작은 초록색 고양이 여섯 마리가 있다.,0,reviewer_1,,,
a2eb1726aec5400d43fcced34aa14ab98fe8112cae6c24a678a075663dee00ce:0:ko,ko,dev_b,quantity,작은 초록색 고양이 여덟 마리와 어린 초록색 개 여섯 마리가 있다.,어린 초록색 개 여덟 마리와 작은 초록색 고양이 여섯 마리가 있다.,0,reviewer_2,,,
808558da2e93ef63f44185c27335720eff503d0a1f41476265c226b19ea63af6:1:ko,ko,dev_b,quantity,작은 빨간 곰 네 마리와 늙은 빨간 소 여덟 마리가 있다.,늙은 빨간 소 여덟 마리와 작은 빨간 곰 네 마리가 있다.,1,reviewer_1,,,
808558da2e93ef63f44185c27335720eff503d0a1f41476265c226b19ea63af6:1:ko,ko,dev_b,quantity,작은 빨간 곰 네 마리와 늙은 빨간 소 여덟 마리가 있다.,늙은 빨간 소 여덟 마리와 작은 빨간 곰 네 마리가 있다.,1,reviewer_2,,,
6ee32b77733264e0779ee068ca0d72693b2c4d1a13212e9333791657b518de65:0:ko,ko,test,roles,어린 초록색 사자가 작은 하얀 말을 맞이한다는 것과 작은 하얀 말이 어린 초록색 사자를 본다는 것이 모두 사실이다.,작은 하얀 말을 어린 초록색 사자가 본다는 것과 어린 초록색 사자를 작은 하얀 말이 맞이한다는 것이 모두 사실이다.,0,reviewer_1,,,
6ee32b77733264e0779ee068ca0d72693b2c4d1a13212e9333791657b518de65:0:ko,ko,test,roles,어린 초록색 사자가 작은 하얀 말을 맞이한다는 것과 작은 하얀 말이 어린 초록색 사자를 본다는 것이 모두 사실이다.,작은 하얀 말을 어린 초록색 사자가 본다는 것과 어린 초록색 사자를 작은 하얀 말이 맞이한다는 것이 모두 사실이다.,0,reviewer_2,,,
c82a14eb1e59a21ad17ca9d25b4441ea104eb5dd191f0029234adc964a45a9a5:1:ko,ko,test,roles,큰 초록색 곰이 늙은 빨간 토끼를 맞이한다는 것과 늙은 빨간 토끼가 큰 초록색 곰을 뒤따른다는 것이 모두 사실이다.,늙은 빨간 토끼를 큰 초록색 곰이 맞이한다는 것과 큰 초록색 곰을 늙은 빨간 토끼가 뒤따른다는 것이 모두 사실이다.,1,reviewer_1,,,
c82a14eb1e59a21ad17ca9d25b4441ea104eb5dd191f0029234adc964a45a9a5:1:ko,ko,test,roles,큰 초록색 곰이 늙은 빨간 토끼를 맞이한다는 것과 늙은 빨간 토끼가 큰 초록색 곰을 뒤따른다는 것이 모두 사실이다.,늙은 빨간 토끼를 큰 초록색 곰이 맞이한다는 것과 큰 초록색 곰을 늙은 빨간 토끼가 뒤따른다는 것이 모두 사실이다.,1,reviewer_2,,,
9f79fec3deabad33d089d8456b0c82f5aaa8ce775eca7a5a80685d26ee12ab11:0:ko,ko,test,negation,작은 파란 여우가 큰 초록색 닭을 뒤따른다는 것과 큰 초록색 닭이 작은 파란 여우를 뒤따르지 않는다는 것이 모두 사실이다.,큰 초록색 닭을 작은 파란 여우가 뒤따르지 않는다는 것과 작은 파란 여우를 큰 초록색 닭이 뒤따른다는 것이 모두 사실이다.,0,reviewer_1,,,
9f79fec3deabad33d089d8456b0c82f5aaa8ce775eca7a5a80685d26ee12ab11:0:ko,ko,test,negation,작은 파란 여우가 큰 초록색 닭을 뒤따른다는 것과 큰 초록색 닭이 작은 파란 여우를 뒤따르지 않는다는 것이 모두 사실이다.,큰 초록색 닭을 작은 파란 여우가 뒤따르지 않는다는 것과 작은 파란 여우를 큰 초록색 닭이 뒤따른다는 것이 모두 사실이다.,0,reviewer_2,,,
694256077a67f2b79d43987afdd4e2218c5887dba6ed2a47d0ee10f4dac5484f:1:ko,ko,test,negation,늙은 초록색 닭이 작은 검은 개를 뒤따르지 않는다는 것과 작은 검은 개가 늙은 초록색 닭을 뒤따른다는 것이 모두 사실이다.,작은 검은 개를 늙은 초록색 닭이 뒤따르지 않는다는 것과 늙은 초록색 닭을 작은 검은 개가 뒤따른다는 것이 모두 사실이다.,1,reviewer_1,,,
694256077a67f2b79d43987afdd4e2218c5887dba6ed2a47d0ee10f4dac5484f:1:ko,ko,test,negation,늙은 초록색 닭이 작은 검은 개를 뒤따르지 않는다는 것과 작은 검은 개가 늙은 초록색 닭을 뒤따른다는 것이 모두 사실이다.,작은 검은 개를 늙은 초록색 닭이 뒤따르지 않는다는 것과 늙은 초록색 닭을 작은 검은 개가 뒤따른다는 것이 모두 사실이다.,1,reviewer_2,,,
7473ab1f79631b181be56dbb2296096957917ba2b87a166d7e46667ed089a5d4:0:ko,ko,test,space,늙은 파란 여우는 큰 파란 오리의 앞에 있다는 것과 큰 빨간 고양이는 작은 하얀 개의 뒤에 있다는 것이 모두 사실이다.,큰 파란 오리는 늙은 파란 여우의 앞에 있다는 것과 작은 하얀 개는 큰 빨간 고양이의 뒤에 있다는 것이 모두 사실이다.,0,reviewer_1,,,
7473ab1f79631b181be56dbb2296096957917ba2b87a166d7e46667ed089a5d4:0:ko,ko,test,space,늙은 파란 여우는 큰 파란 오리의 앞에 있다는 것과 큰 빨간 고양이는 작은 하얀 개의 뒤에 있다는 것이 모두 사실이다.,큰 파란 오리는 늙은 파란 여우의 앞에 있다는 것과 작은 하얀 개는 큰 빨간 고양이의 뒤에 있다는 것이 모두 사실이다.,0,reviewer_2,,,
8e52468be6c982a8958e35b73dabf3123d75dbb26ad58eae981cf38bee43dc65:1:ko,ko,test,space,늙은 빨간 곰은 어린 파란 개의 아래에 있다는 것과 큰 검은 개는 작은 하얀 여우의 위에 있다는 것이 모두 사실이다.,어린 파란 개는 늙은 빨간 곰의 위에 있다는 것과 작은 하얀 여우는 큰 검은 개의 아래에 있다는 것이 모두 사실이다.,1,reviewer_1,,,
8e52468be6c982a8958e35b73dabf3123d75dbb26ad58eae981cf38bee43dc65:1:ko,ko,test,space,늙은 빨간 곰은 어린 파란 개의 아래에 있다는 것과 큰 검은 개는 작은 하얀 여우의 위에 있다는 것이 모두 사실이다.,어린 파란 개는 늙은 빨간 곰의 위에 있다는 것과 작은 하얀 여우는 큰 검은 개의 아래에 있다는 것이 모두 사실이다.,1,reviewer_2,,,
960f9ffb52f78d12b40affdce0463ec1bda7cb1aa506f3eedcbad5ffb7196d8b:0:ko,ko,test,quantity,늙은 검은 쥐 여섯 마리와 작은 초록색 고양이 일곱 마리가 있다.,작은 초록색 고양이 여섯 마리와 늙은 검은 쥐 일곱 마리가 있다.,0,reviewer_1,,,
960f9ffb52f78d12b40affdce0463ec1bda7cb1aa506f3eedcbad5ffb7196d8b:0:ko,ko,test,quantity,늙은 검은 쥐 여섯 마리와 작은 초록색 고양이 일곱 마리가 있다.,작은 초록색 고양이 여섯 마리와 늙은 검은 쥐 일곱 마리가 있다.,0,reviewer_2,,,
fc5a9a03014b44c0635a332250301ec78029edbcb8f94c62c00c89a8e763db58:1:ko,ko,test,quantity,작은 파란 여우 여덟 마리와 늙은 검은 말 두 마리가 있다.,늙은 검은 말 두 마리와 작은 파란 여우 여덟 마리가 있다.,1,reviewer_1,,,
fc5a9a03014b44c0635a332250301ec78029edbcb8f94c62c00c89a8e763db58:1:ko,ko,test,quantity,작은 파란 여우 여덟 마리와 늙은 검은 말 두 마리가 있다.,늙은 검은 말 두 마리와 작은 파란 여우 여덟 마리가 있다.,1,reviewer_2,,,
3f78f4185831becbf5fccf80ef6e4d9edfc3dfe38446c561d6235e57d584ae3c:0:ko,ko,train,roles,어린 검은 여우가 어린 초록색 소를 맞이한다는 것과 어린 초록색 소가 어린 검은 여우를 뒤따른다는 것이 모두 사실이다.,어린 초록색 소를 어린 검은 여우가 뒤따른다는 것과 어린 검은 여우를 어린 초록색 소가 맞이한다는 것이 모두 사실이다.,0,reviewer_1,,,
3f78f4185831becbf5fccf80ef6e4d9edfc3dfe38446c561d6235e57d584ae3c:0:ko,ko,train,roles,어린 검은 여우가 어린 초록색 소를 맞이한다는 것과 어린 초록색 소가 어린 검은 여우를 뒤따른다는 것이 모두 사실이다.,어린 초록색 소를 어린 검은 여우가 뒤따른다는 것과 어린 검은 여우를 어린 초록색 소가 맞이한다는 것이 모두 사실이다.,0,reviewer_2,,,
ed9f0094c7a8ad2da4ec25f76f88372d3a074ae211cf8931181eea2b819db88d:1:ko,ko,train,roles,늙은 빨간 곰이 작은 하얀 오리를 본다는 것과 작은 하얀 오리가 늙은 빨간 곰을 뒤따른다는 것이 모두 사실이다.,작은 하얀 오리를 늙은 빨간 곰이 본다는 것과 늙은 빨간 곰을 작은 하얀 오리가 뒤따른다는 것이 모두 사실이다.,1,reviewer_1,,,
ed9f0094c7a8ad2da4ec25f76f88372d3a074ae211cf8931181eea2b819db88d:1:ko,ko,train,roles,늙은 빨간 곰이 작은 하얀 오리를 본다는 것과 작은 하얀 오리가 늙은 빨간 곰을 뒤따른다는 것이 모두 사실이다.,작은 하얀 오리를 늙은 빨간 곰이 본다는 것과 늙은 빨간 곰을 작은 하얀 오리가 뒤따른다는 것이 모두 사실이다.,1,reviewer_2,,,
948804042ef29e475d15edf5035adda8c9446d3d5cc7206778a1345141d3859f:0:ko,ko,train,negation,작은 검은 여우가 어린 빨간 닭을 본다는 것과 어린 빨간 닭이 작은 검은 여우를 보지 않는다는 것이 모두 사실이다.,어린 빨간 닭을 작은 검은 여우가 보지 않는다는 것과 작은 검은 여우를 어린 빨간 닭이 본다는 것이 모두 사실이다.,0,reviewer_1,,,
948804042ef29e475d15edf5035adda8c9446d3d5cc7206778a1345141d3859f:0:ko,ko,train,negation,작은 검은 여우가 어린 빨간 닭을 본다는 것과 어린 빨간 닭이 작은 검은 여우를 보지 않는다는 것이 모두 사실이다.,어린 빨간 닭을 작은 검은 여우가 보지 않는다는 것과 작은 검은 여우를 어린 빨간 닭이 본다는 것이 모두 사실이다.,0,reviewer_2,,,
3ac947840a5c42e105224b9dcd734539c44dedcaade672b175f8d05cc6004352:1:ko,ko,train,negation,어린 초록색 개가 작은 빨간 소를 뒤따르지 않는다는 것과 작은 빨간 소가 어린 초록색 개를 뒤따른다는 것이 모두 사실이다.,작은 빨간 소를 어린 초록색 개가 뒤따르지 않는다는 것과 어린 초록색 개를 작은 빨간 소가 뒤따른다는 것이 모두 사실이다.,1,reviewer_1,,,
3ac947840a5c42e105224b9dcd734539c44dedcaade672b175f8d05cc6004352:1:ko,ko,train,negation,어린 초록색 개가 작은 빨간 소를 뒤따르지 않는다는 것과 작은 빨간 소가 어린 초록색 개를 뒤따른다는 것이 모두 사실이다.,작은 빨간 소를 어린 초록색 개가 뒤따르지 않는다는 것과 어린 초록색 개를 작은 빨간 소가 뒤따른다는 것이 모두 사실이다.,1,reviewer_2,,,
8e73592004fb46038cc532cdfe9685f2809c7062334cb8cd811a040d63cd8561:0:ko,ko,train,space,작은 하얀 곰은 어린 빨간 곰의 왼쪽에 있다는 것과 어린 노란 말은 어린 빨간 양의 오른쪽에 있다는 것이 모두 사실이다.,어린 빨간 곰은 작은 하얀 곰의 왼쪽에 있다는 것과 어린 빨간 양은 어린 노란 말의 오른쪽에 있다는 것이 모두 사실이다.,0,reviewer_1,,,
8e73592004fb46038cc532cdfe9685f2809c7062334cb8cd811a040d63cd8561:0:ko,ko,train,space,작은 하얀 곰은 어린 빨간 곰의 왼쪽에 있다는 것과 어린 노란 말은 어린 빨간 양의 오른쪽에 있다는 것이 모두 사실이다.,어린 빨간 곰은 작은 하얀 곰의 왼쪽에 있다는 것과 어린 빨간 양은 어린 노란 말의 오른쪽에 있다는 것이 모두 사실이다.,0,reviewer_2,,,
fbe2f814d37a11793330d9f581decb09c1c73140187516feb2df3b078471f60d:1:ko,ko,train,space,작은 초록색 고양이는 큰 빨간 양의 뒤에 있다는 것과 큰 빨간 곰은 작은 하얀 사자의 앞에 있다는 것이 모두 사실이다.,큰 빨간 양은 작은 초록색 고양이의 앞에 있다는 것과 작은 하얀 사자는 큰 빨간 곰의 뒤에 있다는 것이 모두 사실이다.,1,reviewer_1,,,
fbe2f814d37a11793330d9f581decb09c1c73140187516feb2df3b078471f60d:1:ko,ko,train,space,작은 초록색 고양이는 큰 빨간 양의 뒤에 있다는 것과 큰 빨간 곰은 작은 하얀 사자의 앞에 있다는 것이 모두 사실이다.,큰 빨간 양은 작은 초록색 고양이의 앞에 있다는 것과 작은 하얀 사자는 큰 빨간 곰의 뒤에 있다는 것이 모두 사실이다.,1,reviewer_2,,,
ff7fdc0464dcf9ae8da3c2b396aeca2e260c0bb2dd547c1891c5f6e861b1013a:0:ko,ko,train,quantity,어린 초록색 토끼 네 마리와 어린 파란 소 일곱 마리가 있다.,어린 파란 소 네 마리와 어린 초록색 토끼 일곱 마리가 있다.,0,reviewer_1,,,
ff7fdc0464dcf9ae8da3c2b396aeca2e260c0bb2dd547c1891c5f6e861b1013a:0:ko,ko,train,quantity,어린 초록색 토끼 네 마리와 어린 파란 소 일곱 마리가 있다.,어린 파란 소 네 마리와 어린 초록색 토끼 일곱 마리가 있다.,0,reviewer_2,,,
74f5a51c42d9ed77846e23fddfe02a26c0b3f1b8aee66cf97f86c3ece2fd4f84:1:ko,ko,train,quantity,큰 하얀 소 두 마리와 어린 초록색 토끼 여섯 마리가 있다.,어린 초록색 토끼 여섯 마리와 큰 하얀 소 두 마리가 있다.,1,reviewer_1,,,
74f5a51c42d9ed77846e23fddfe02a26c0b3f1b8aee66cf97f86c3ece2fd4f84:1:ko,ko,train,quantity,큰 하얀 소 두 마리와 어린 초록색 토끼 여섯 마리가 있다.,어린 초록색 토끼 여섯 마리와 큰 하얀 소 두 마리가 있다.,1,reviewer_2,,,
88618f0182b2c288dce8460c832bba6348d913ae61ece57d42e5dff7bae1c3bf:0:ko,ko,dev_a,roles,큰 검은 여우가 큰 파란 말을 맞이한다는 것과 큰 파란 말이 큰 검은 여우를 뒤따른다는 것이 모두 사실이다.,큰 파란 말을 큰 검은 여우가 뒤따른다는 것과 큰 검은 여우를 큰 파란 말이 맞이한다는 것이 모두 사실이다.,0,reviewer_1,,,
88618f0182b2c288dce8460c832bba6348d913ae61ece57d42e5dff7bae1c3bf:0:ko,ko,dev_a,roles,큰 검은 여우가 큰 파란 말을 맞이한다는 것과 큰 파란 말이 큰 검은 여우를 뒤따른다는 것이 모두 사실이다.,큰 파란 말을 큰 검은 여우가 뒤따른다는 것과 큰 검은 여우를 큰 파란 말이 맞이한다는 것이 모두 사실이다.,0,reviewer_2,,,
b8725d79747fab4aba40760a0ec7eced653090d27520c928dac70806544751e9:1:ko,ko,dev_a,roles,작은 하얀 여우가 큰 하얀 오리를 맞이한다는 것과 큰 하얀 오리가 작은 하얀 여우를 뒤따른다는 것이 모두 사실이다.,큰 하얀 오리를 작은 하얀 여우가 맞이한다는 것과 작은 하얀 여우를 큰 하얀 오리가 뒤따른다는 것이 모두 사실이다.,1,reviewer_1,,,
b8725d79747fab4aba40760a0ec7eced653090d27520c928dac70806544751e9:1:ko,ko,dev_a,roles,작은 하얀 여우가 큰 하얀 오리를 맞이한다는 것과 큰 하얀 오리가 작은 하얀 여우를 뒤따른다는 것이 모두 사실이다.,큰 하얀 오리를 작은 하얀 여우가 맞이한다는 것과 작은 하얀 여우를 큰 하얀 오리가 뒤따른다는 것이 모두 사실이다.,1,reviewer_2,,,
9e9eddbd8f21be97df975f50a5efb81b7d96f34877580d5e65e048ff75e99692:0:ko,ko,dev_a,negation,큰 검은 고양이가 큰 파란 닭을 뒤따른다는 것과 큰 파란 닭이 큰 검은 고양이를 뒤따르지 않는다는 것이 모두 사실이다.,큰 파란 닭을 큰 검은 고양이가 뒤따르지 않는다는 것과 큰 검은 고양이를 큰 파란 닭이 뒤따른다는 것이 모두 사실이다.,0,reviewer_1,,,
9e9eddbd8f21be97df975f50a5efb81b7d96f34877580d5e65e048ff75e99692:0:ko,ko,dev_a,negation,큰 검은 고양이가 큰 파란 닭을 뒤따른다는 것과 큰 파란 닭이 큰 검은 고양이를 뒤따르지 않는다는 것이 모두 사실이다.,큰 파란 닭을 큰 검은 고양이가 뒤따르지 않는다는 것과 큰 검은 고양이를 큰 파란 닭이 뒤따른다는 것이 모두 사실이다.,0,reviewer_2,,,
6d147ab1a0b066872f9a2d3108c9c18e25e4c3950d80658497561948415d76ac:1:ko,ko,dev_a,negation,늙은 파란 사자가 늙은 빨간 여우를 뒤따르지 않는다는 것과 늙은 빨간 여우가 늙은 파란 사자를 뒤따른다는 것이 모두 사실이다.,늙은 빨간 여우를 늙은 파란 사자가 뒤따르지 않는다는 것과 늙은 파란 사자를 늙은 빨간 여우가 뒤따른다는 것이 모두 사실이다.,1,reviewer_1,,,
6d147ab1a0b066872f9a2d3108c9c18e25e4c3950d80658497561948415d76ac:1:ko,ko,dev_a,negation,늙은 파란 사자가 늙은 빨간 여우를 뒤따르지 않는다는 것과 늙은 빨간 여우가 늙은 파란 사자를 뒤따른다는 것이 모두 사실이다.,늙은 빨간 여우를 늙은 파란 사자가 뒤따르지 않는다는 것과 늙은 파란 사자를 늙은 빨간 여우가 뒤따른다는 것이 모두 사실이다.,1,reviewer_2,,,
9dfdf751d22cd007fb6c6fbd8c828b2cd784179779b5f95b501db442f0d226b7:0:ko,ko,dev_a,space,늙은 노란 양은 작은 노란 닭의 오른쪽에 있다는 것과 큰 파란 양은 작은 빨간 여우의 왼쪽에 있다는 것이 모두 사실이다.,작은 노란 닭은 늙은 노란 양의 오른쪽에 있다는 것과 작은 빨간 여우는 큰 파란 양의 왼쪽에 있다는 것이 모두 사실이다.,0,reviewer_1,,,
9dfdf751d22cd007fb6c6fbd8c828b2cd784179779b5f95b501db442f0d226b7:0:ko,ko,dev_a,space,늙은 노란 양은 작은 노란 닭의 오른쪽에 있다는 것과 큰 파란 양은 작은 빨간 여우의 왼쪽에 있다는 것이 모두 사실이다.,작은 노란 닭은 늙은 노란 양의 오른쪽에 있다는 것과 작은 빨간 여우는 큰 파란 양의 왼쪽에 있다는 것이 모두 사실이다.,0,reviewer_2,,,
597c86ed0a30d7274e08e415808e55d9908e4328a91326a938870ff96479cecc:1:ko,ko,dev_a,space,어린 하얀 오리는 늙은 노란 여우의 뒤에 있다는 것과 큰 초록색 닭은 어린 하얀 양의 앞에 있다는 것이 모두 사실이다.,늙은 노란 여우는 어린 하얀 오리의 앞에 있다는 것과 어린 하얀 양은 큰 초록색 닭의 뒤에 있다는 것이 모두 사실이다.,1,reviewer_1,,,
597c86ed0a30d7274e08e415808e55d9908e4328a91326a938870ff96479cecc:1:ko,ko,dev_a,space,어린 하얀 오리는 늙은 노란 여우의 뒤에 있다는 것과 큰 초록색 닭은 어린 하얀 양의 앞에 있다는 것이 모두 사실이다.,늙은 노란 여우는 어린 하얀 오리의 앞에 있다는 것과 어린 하얀 양은 큰 초록색 닭의 뒤에 있다는 것이 모두 사실이다.,1,reviewer_2,,,
293a155de5f05f52a3f948415a23c874c4fe1e583c917ee3a67ba69de863ff68:0:ko,ko,dev_a,quantity,작은 하얀 말 세 마리와 늙은 파란 말 네 마리가 있다.,늙은 파란 말 세 마리와 작은 하얀 말 네 마리가 있다.,0,reviewer_1,,,
293a155de5f05f52a3f948415a23c874c4fe1e583c917ee3a67ba69de863ff68:0:ko,ko,dev_a,quantity,작은 하얀 말 세 마리와 늙은 파란 말 네 마리가 있다.,늙은 파란 말 세 마리와 작은 하얀 말 네 마리가 있다.,0,reviewer_2,,,
d100bda15b5810c636506014efc28401ea056ec5b3e0fc6ec052218c9b8982bc:1:ko,ko,dev_a,quantity,큰 빨간 소 다섯 마리와 어린 파란 양 네 마리가 있다.,어린 파란 양 네 마리와 큰 빨간 소 다섯 마리가 있다.,1,reviewer_1,,,
d100bda15b5810c636506014efc28401ea056ec5b3e0fc6ec052218c9b8982bc:1:ko,ko,dev_a,quantity,큰 빨간 소 다섯 마리와 어린 파란 양 네 마리가 있다.,어린 파란 양 네 마리와 큰 빨간 소 다섯 마리가 있다.,1,reviewer_2,,,
f444d8168be4de0b2187cd620ab5b2a6dac7ca49abaef7391d87c270c92882d1:0:ko,ko,dev_b,roles,작은 파란 곰이 작은 검은 양을 뒤따른다는 것과 작은 검은 양이 작은 파란 곰을 맞이한다는 것이 모두 사실이다.,작은 검은 양을 작은 파란 곰이 맞이한다는 것과 작은 파란 곰을 작은 검은 양이 뒤따른다는 것이 모두 사실이다.,0,reviewer_1,,,
f444d8168be4de0b2187cd620ab5b2a6dac7ca49abaef7391d87c270c92882d1:0:ko,ko,dev_b,roles,작은 파란 곰이 작은 검은 양을 뒤따른다는 것과 작은 검은 양이 작은 파란 곰을 맞이한다는 것이 모두 사실이다.,작은 검은 양을 작은 파란 곰이 맞이한다는 것과 작은 파란 곰을 작은 검은 양이 뒤따른다는 것이 모두 사실이다.,0,reviewer_2,,,
683bafa21dc803e410049fca9af2c871d460144977420f88f903d1fdbdc07fba:1:ko,ko,dev_b,roles,늙은 노란 소가 작은 노란 고양이를 뒤따른다는 것과 작은 노란 고양이가 늙은 노란 소를 본다는 것이 모두 사실이다.,작은 노란 고양이를 늙은 노란 소가 뒤따른다는 것과 늙은 노란 소를 작은 노란 고양이가 본다는 것이 모두 사실이다.,1,reviewer_1,,,
683bafa21dc803e410049fca9af2c871d460144977420f88f903d1fdbdc07fba:1:ko,ko,dev_b,roles,늙은 노란 소가 작은 노란 고양이를 뒤따른다는 것과 작은 노란 고양이가 늙은 노란 소를 본다는 것이 모두 사실이다.,작은 노란 고양이를 늙은 노란 소가 뒤따른다는 것과 늙은 노란 소를 작은 노란 고양이가 본다는 것이 모두 사실이다.,1,reviewer_2,,,
0fd0144af6dd491a70f3c8751f44f65e59e3e4199cfdf8d339f8166e3f994aca:0:ko,ko,dev_b,negation,큰 파란 개가 늙은 검은 말을 맞이한다는 것과 늙은 검은 말이 큰 파란 개를 맞이하지 않는다는 것이 모두 사실이다.,늙은 검은 말을 큰 파란 개가 맞이하지 않는다는 것과 큰 파란 개를 늙은 검은 말이 맞이한다는 것이 모두 사실이다.,0,reviewer_1,,,
0fd0144af6dd491a70f3c8751f44f65e59e3e4199cfdf8d339f8166e3f994aca:0:ko,ko,dev_b,negation,큰 파란 개가 늙은 검은 말을 맞이한다는 것과 늙은 검은 말이 큰 파란 개를 맞이하지 않는다는 것이 모두 사실이다.,늙은 검은 말을 큰 파란 개가 맞이하지 않는다는 것과 큰 파란 개를 늙은 검은 말이 맞이한다는 것이 모두 사실이다.,0,reviewer_2,,,
d79f564efa2a9c929abd0d80dd84f9c5b2df195e22f2b83506140cb375bc8ebe:1:ko,ko,dev_b,negation,어린 검은 고양이가 큰 검은 곰을 맞이하지 않는다는 것과 큰 검은 곰이 어린 검은 고양이를 맞이한다는 것이 모두 사실이다.,큰 검은 곰을 어린 검은 고양이가 맞이하지 않는다는 것과 어린 검은 고양이를 큰 검은 곰이 맞이한다는 것이 모두 사실이다.,1,reviewer_1,,,
d79f564efa2a9c929abd0d80dd84f9c5b2df195e22f2b83506140cb375bc8ebe:1:ko,ko,dev_b,negation,어린 검은 고양이가 큰 검은 곰을 맞이하지 않는다는 것과 큰 검은 곰이 어린 검은 고양이를 맞이한다는 것이 모두 사실이다.,큰 검은 곰을 어린 검은 고양이가 맞이하지 않는다는 것과 어린 검은 고양이를 큰 검은 곰이 맞이한다는 것이 모두 사실이다.,1,reviewer_2,,,
b839beb2be6283ded3f6c69f48a3ca88edee9303290241c1bf004e3a481b2641:0:ko,ko,dev_b,space,늙은 노란 개는 어린 빨간 말의 오른쪽에 있다는 것과 큰 파란 사자는 늙은 노란 사자의 왼쪽에 있다는 것이 모두 사실이다.,어린 빨간 말은 늙은 노란 개의 오른쪽에 있다는 것과 늙은 노란 사자는 큰 파란 사자의 왼쪽에 있다는 것이 모두 사실이다.,0,reviewer_1,,,
b839beb2be6283ded3f6c69f48a3ca88edee9303290241c1bf004e3a481b2641:0:ko,ko,dev_b,space,늙은 노란 개는 어린 빨간 말의 오른쪽에 있다는 것과 큰 파란 사자는 늙은 노란 사자의 왼쪽에 있다는 것이 모두 사실이다.,어린 빨간 말은 늙은 노란 개의 오른쪽에 있다는 것과 늙은 노란 사자는 큰 파란 사자의 왼쪽에 있다는 것이 모두 사실이다.,0,reviewer_2,,,
5fcb8c5a636910950efc67c33c2208c917fbb67cecc08d88aeab6e835c670dc5:1:ko,ko,dev_b,space,작은 파란 오리는 어린 파란 곰의 왼쪽에 있다는 것과 큰 하얀 소는 큰 빨간 여우의 오른쪽에 있다는 것이 모두 사실이다.,어린 파란 곰은 작은 파란 오리의 오른쪽에 있다는 것과 큰 빨간 여우는 큰 하얀 소의 왼쪽에 있다는 것이 모두 사실이다.,1,reviewer_1,,,
5fcb8c5a636910950efc67c33c2208c917fbb67cecc08d88aeab6e835c670dc5:1:ko,ko,dev_b,space,작은 파란 오리는 어린 파란 곰의 왼쪽에 있다는 것과 큰 하얀 소는 큰 빨간 여우의 오른쪽에 있다는 것이 모두 사실이다.,어린 파란 곰은 작은 파란 오리의 오른쪽에 있다는 것과 큰 빨간 여우는 큰 하얀 소의 왼쪽에 있다는 것이 모두 사실이다.,1,reviewer_2,,,
172c0a2e274bd17f04998cf2dba58cf8146b3eb4c655773ca82f2da4f52d5740:0:ko,ko,dev_b,quantity,어린 노란 말 네 마리와 늙은 빨간 오리 세 마리가 있다.,늙은 빨간 오리 네 마리와 어린 노란 말 세 마리가 있다.,0,reviewer_1,,,
172c0a2e274bd17f04998cf2dba58cf8146b3eb4c655773ca82f2da4f52d5740:0:ko,ko,dev_b,quantity,어린 노란 말 네 마리와 늙은 빨간 오리 세 마리가 있다.,늙은 빨간 오리 네 마리와 어린 노란 말 세 마리가 있다.,0,reviewer_2,,,
aa6dc9e2b9c9c1f26ac74b656c264b37e8e0877346f3ca0c1e15a2753aeea024:1:ko,ko,dev_b,quantity,늙은 하얀 쥐 다섯 마리와 작은 검은 말 일곱 마리가 있다.,작은 검은 말 일곱 마리와 늙은 하얀 쥐 다섯 마리가 있다.,1,reviewer_1,,,
aa6dc9e2b9c9c1f26ac74b656c264b37e8e0877346f3ca0c1e15a2753aeea024:1:ko,ko,dev_b,quantity,늙은 하얀 쥐 다섯 마리와 작은 검은 말 일곱 마리가 있다.,작은 검은 말 일곱 마리와 늙은 하얀 쥐 다섯 마리가 있다.,1,reviewer_2,,,
310793afa33ed23d88723529a2d03bdf92f4063782178c2fe3b60ddaa13d7ba1:0:ko,ko,test,roles,어린 하얀 소가 늙은 하얀 곰을 뒤따른다는 것과 늙은 하얀 곰이 어린 하얀 소를 본다는 것이 모두 사실이다.,늙은 하얀 곰을 어린 하얀 소가 본다는 것과 어린 하얀 소를 늙은 하얀 곰이 뒤따른다는 것이 모두 사실이다.,0,reviewer_1,,,
310793afa33ed23d88723529a2d03bdf92f4063782178c2fe3b60ddaa13d7ba1:0:ko,ko,test,roles,어린 하얀 소가 늙은 하얀 곰을 뒤따른다는 것과 늙은 하얀 곰이 어린 하얀 소를 본다는 것이 모두 사실이다.,늙은 하얀 곰을 어린 하얀 소가 본다는 것과 어린 하얀 소를 늙은 하얀 곰이 뒤따른다는 것이 모두 사실이다.,0,reviewer_2,,,
141c662fb825da0e04942a0094f6d35744c500709b3ebd16740782e80e2f2f4e:1:ko,ko,test,roles,늙은 검은 곰이 큰 검은 말을 본다는 것과 큰 검은 말이 늙은 검은 곰을 뒤따른다는 것이 모두 사실이다.,큰 검은 말을 늙은 검은 곰이 본다는 것과 늙은 검은 곰을 큰 검은 말이 뒤따른다는 것이 모두 사실이다.,1,reviewer_1,,,
141c662fb825da0e04942a0094f6d35744c500709b3ebd16740782e80e2f2f4e:1:ko,ko,test,roles,늙은 검은 곰이 큰 검은 말을 본다는 것과 큰 검은 말이 늙은 검은 곰을 뒤따른다는 것이 모두 사실이다.,큰 검은 말을 늙은 검은 곰이 본다는 것과 늙은 검은 곰을 큰 검은 말이 뒤따른다는 것이 모두 사실이다.,1,reviewer_2,,,
c2ab5cbb2d20d589b830172dd20f52d1e61296bee25e532ff0b1298a3e983f5b:0:ko,ko,test,negation,어린 검은 개가 작은 파란 소를 본다는 것과 작은 파란 소가 어린 검은 개를 보지 않는다는 것이 모두 사실이다.,작은 파란 소를 어린 검은 개가 보지 않는다는 것과 어린 검은 개를 작은 파란 소가 본다는 것이 모두 사실이다.,0,reviewer_1,,,
c2ab5cbb2d20d589b830172dd20f52d1e61296bee25e532ff0b1298a3e983f5b:0:ko,ko,test,negation,어린 검은 개가 작은 파란 소를 본다는 것과 작은 파란 소가 어린 검은 개를 보지 않는다는 것이 모두 사실이다.,작은 파란 소를 어린 검은 개가 보지 않는다는 것과 어린 검은 개를 작은 파란 소가 본다는 것이 모두 사실이다.,0,reviewer_2,,,
370ff963d1cb3ef7677ab356a27b4ab5f85e21fdb95d24cecc527106bf0670c9:1:ko,ko,test,negation,어린 파란 사자가 어린 빨간 양을 뒤따른다는 것과 어린 빨간 양이 어린 파란 사자를 뒤따르지 않는다는 것이 모두 사실이다.,어린 빨간 양을 어린 파란 사자가 뒤따른다는 것과 어린 파란 사자를 어린 빨간 양이 뒤따르지 않는다는 것이 모두 사실이다.,1,reviewer_1,,,
370ff963d1cb3ef7677ab356a27b4ab5f85e21fdb95d24cecc527106bf0670c9:1:ko,ko,test,negation,어린 파란 사자가 어린 빨간 양을 뒤따른다는 것과 어린 빨간 양이 어린 파란 사자를 뒤따르지 않는다는 것이 모두 사실이다.,어린 빨간 양을 어린 파란 사자가 뒤따른다는 것과 어린 파란 사자를 어린 빨간 양이 뒤따르지 않는다는 것이 모두 사실이다.,1,reviewer_2,,,
f343c553f880f0830000fb6080c51444fa9db85ab413ee80529a246c4057bf0e:0:ko,ko,test,space,어린 노란 오리는 늙은 검은 사자의 뒤에 있다는 것과 어린 하얀 고양이는 늙은 하얀 곰의 앞에 있다는 것이 모두 사실이다.,늙은 검은 사자는 어린 노란 오리의 뒤에 있다는 것과 늙은 하얀 곰은 어린 하얀 고양이의 앞에 있다는 것이 모두 사실이다.,0,reviewer_1,,,
f343c553f880f0830000fb6080c51444fa9db85ab413ee80529a246c4057bf0e:0:ko,ko,test,space,어린 노란 오리는 늙은 검은 사자의 뒤에 있다는 것과 어린 하얀 고양이는 늙은 하얀 곰의 앞에 있다는 것이 모두 사실이다.,늙은 검은 사자는 어린 노란 오리의 뒤에 있다는 것과 늙은 하얀 곰은 어린 하얀 고양이의 앞에 있다는 것이 모두 사실이다.,0,reviewer_2,,,
07031fb3d55d83d24e8888d66b7adbee48937a60309d2d138002734d96e89cc0:1:ko,ko,test,space,어린 검은 말은 작은 검은 곰의 왼쪽에 있다는 것과 늙은 초록색 사자는 큰 검은 쥐의 오른쪽에 있다는 것이 모두 사실이다.,작은 검은 곰은 어린 검은 말의 오른쪽에 있다는 것과 큰 검은 쥐는 늙은 초록색 사자의 왼쪽에 있다는 것이 모두 사실이다.,1,reviewer_1,,,
07031fb3d55d83d24e8888d66b7adbee48937a60309d2d138002734d96e89cc0:1:ko,ko,test,space,어린 검은 말은 작은 검은 곰의 왼쪽에 있다는 것과 늙은 초록색 사자는 큰 검은 쥐의 오른쪽에 있다는 것이 모두 사실이다.,작은 검은 곰은 어린 검은 말의 오른쪽에 있다는 것과 큰 검은 쥐는 늙은 초록색 사자의 왼쪽에 있다는 것이 모두 사실이다.,1,reviewer_2,,,
20d701c7fcb4ff114f28f91dae284521751eaf450ddb09a7bcce111b1ed743c5:0:ko,ko,test,quantity,어린 빨간 소 여덟 마리와 큰 하얀 고양이 두 마리가 있다.,큰 하얀 고양이 여덟 마리와 어린 빨간 소 두 마리가 있다.,0,reviewer_1,,,
20d701c7fcb4ff114f28f91dae284521751eaf450ddb09a7bcce111b1ed743c5:0:ko,ko,test,quantity,어린 빨간 소 여덟 마리와 큰 하얀 고양이 두 마리가 있다.,큰 하얀 고양이 여덟 마리와 어린 빨간 소 두 마리가 있다.,0,reviewer_2,,,
004a908325b2f1bc1f43aa2fba9ce8156d2c3f492fc92d390d2bbcc7d388b199:1:ko,ko,test,quantity,작은 빨간 말 일곱 마리와 큰 파란 쥐 세 마리가 있다.,큰 파란 쥐 세 마리와 작은 빨간 말 일곱 마리가 있다.,1,reviewer_1,,,
004a908325b2f1bc1f43aa2fba9ce8156d2c3f492fc92d390d2bbcc7d388b199:1:ko,ko,test,quantity,작은 빨간 말 일곱 마리와 큰 파란 쥐 세 마리가 있다.,큰 파란 쥐 세 마리와 작은 빨간 말 일곱 마리가 있다.,1,reviewer_2,,,
439411d03eefda6796cb7989c35e062b6767133935a6ac91d50d13c738819a15:0:ko,ko,train,roles,큰 파란 오리가 작은 파란 소를 맞이한다는 것과 작은 파란 소가 큰 파란 오리를 본다는 것이 모두 사실이다.,작은 파란 소를 큰 파란 오리가 본다는 것과 큰 파란 오리를 작은 파란 소가 맞이한다는 것이 모두 사실이다.,0,reviewer_1,,,
439411d03eefda6796cb7989c35e062b6767133935a6ac91d50d13c738819a15:0:ko,ko,train,roles,큰 파란 오리가 작은 파란 소를 맞이한다는 것과 작은 파란 소가 큰 파란 오리를 본다는 것이 모두 사실이다.,작은 파란 소를 큰 파란 오리가 본다는 것과 큰 파란 오리를 작은 파란 소가 맞이한다는 것이 모두 사실이다.,0,reviewer_2,,,
2ed33a807a82b2212ad26f9101cf1c32af73e20707d4ca911777d1cfe4de6387:1:ko,ko,train,roles,큰 노란 여우가 큰 노란 사자를 맞이한다는 것과 큰 노란 사자가 큰 노란 여우를 본다는 것이 모두 사실이다.,큰 노란 사자를 큰 노란 여우가 맞이한다는 것과 큰 노란 여우를 큰 노란 사자가 본다는 것이 모두 사실이다.,1,reviewer_1,,,
2ed33a807a82b2212ad26f9101cf1c32af73e20707d4ca911777d1cfe4de6387:1:ko,ko,train,roles,큰 노란 여우가 큰 노란 사자를 맞이한다는 것과 큰 노란 사자가 큰 노란 여우를 본다는 것이 모두 사실이다.,큰 노란 사자를 큰 노란 여우가 맞이한다는 것과 큰 노란 여우를 큰 노란 사자가 본다는 것이 모두 사실이다.,1,reviewer_2,,,
f443f0808b140bc1b9322ac86d7acd41c06989f547773ced89eb396affea3db1:0:ko,ko,train,negation,어린 노란 개가 늙은 노란 고양이를 뒤따르지 않는다는 것과 늙은 노란 고양이가 어린 노란 개를 뒤따른다는 것이 모두 사실이다.,늙은 노란 고양이를 어린 노란 개가 뒤따른다는 것과 어린 노란 개를 늙은 노란 고양이가 뒤따르지 않는다는 것이 모두 사실이다.,0,reviewer_1,,,
f443f0808b140bc1b9322ac86d7acd41c06989f547773ced89eb396affea3db1:0:ko,ko,train,negation,어린 노란 개가 늙은 노란 고양이를 뒤따르지 않는다는 것과 늙은 노란 고양이가 어린 노란 개를 뒤따른다는 것이 모두 사실이다.,늙은 노란 고양이를 어린 노란 개가 뒤따른다는 것과 어린 노란 개를 늙은 노란 고양이가 뒤따르지 않는다는 것이 모두 사실이다.,0,reviewer_2,,,
eb841b84007d9c13eb59bd786e65ba6570e4473972c228031a601ad159b6c8f3:1:ko,ko,train,negation,어린 빨간 양이 늙은 초록색 고양이를 본다는 것과 늙은 초록색 고양이가 어린 빨간 양을 보지 않는다는 것이 모두 사실이다.,늙은 초록색 고양이를 어린 빨간 양이 본다는 것과 어린 빨간 양을 늙은 초록색 고양이가 보지 않는다는 것이 모두 사실이다.,1,reviewer_1,,,
eb841b84007d9c13eb59bd786e65ba6570e4473972c228031a601ad159b6c8f3:1:ko,ko,train,negation,어린 빨간 양이 늙은 초록색 고양이를 본다는 것과 늙은 초록색 고양이가 어린 빨간 양을 보지 않는다는 것이 모두 사실이다.,늙은 초록색 고양이를 어린 빨간 양이 본다는 것과 어린 빨간 양을 늙은 초록색 고양이가 보지 않는다는 것이 모두 사실이다.,1,reviewer_2,,,
469cdd2c4bb8ea66a784ff8ab767914496a5223a1971a2dfe76c9cb548b56e2e:0:ko,ko,train,space,늙은 빨간 고양이는 늙은 파란 토끼의 오른쪽에 있다는 것과 늙은 파란 사자는 어린 검은 소의 왼쪽에 있다는 것이 모두 사실이다.,늙은 파란 토끼는 늙은 빨간 고양이의 오른쪽에 있다는 것과 어린 검은 소는 늙은 파란 사자의 왼쪽에 있다는 것이 모두 사실이다.,0,reviewer_1,,,
469cdd2c4bb8ea66a784ff8ab767914496a5223a1971a2dfe76c9cb548b56e2e:0:ko,ko,train,space,늙은 빨간 고양이는 늙은 파란 토끼의 오른쪽에 있다는 것과 늙은 파란 사자는 어린 검은 소의 왼쪽에 있다는 것이 모두 사실이다.,늙은 파란 토끼는 늙은 빨간 고양이의 오른쪽에 있다는 것과 어린 검은 소는 늙은 파란 사자의 왼쪽에 있다는 것이 모두 사실이다.,0,reviewer_2,,,
b308c32849a4c5b6ee7c7e1b5f7323e7565488705f2c7b7c29266db5824a389c:1:ko,ko,train,space,작은 노란 곰은 작은 검은 고양이의 앞에 있다는 것과 늙은 노란 소는 작은 노란 오리의 뒤에 있다는 것이 모두 사실이다.,작은 검은 고양이는 작은 노란 곰의 뒤에 있다는 것과 작은 노란 오리는 늙은 노란 소의 앞에 있다는 것이 모두 사실이다.,1,reviewer_1,,,
b308c32849a4c5b6ee7c7e1b5f7323e7565488705f2c7b7c29266db5824a389c:1:ko,ko,train,space,작은 노란 곰은 작은 검은 고양이의 앞에 있다는 것과 늙은 노란 소는 작은 노란 오리의 뒤에 있다는 것이 모두 사실이다.,작은 검은 고양이는 작은 노란 곰의 뒤에 있다는 것과 작은 노란 오리는 늙은 노란 소의 앞에 있다는 것이 모두 사실이다.,1,reviewer_2,,,
9688bdf45b986ac6d6ecb504998ac731583348d4d176e0b7cd65af8a0b05d42d:0:ko,ko,train,quantity,어린 노란 오리 두 마리와 어린 하얀 오리 일곱 마리가 있다.,어린 하얀 오리 두 마리와 어린 노란 오리 일곱 마리가 있다.,0,reviewer_1,,,
9688bdf45b986ac6d6ecb504998ac731583348d4d176e0b7cd65af8a0b05d42d:0:ko,ko,train,quantity,어린 노란 오리 두 마리와 어린 하얀 오리 일곱 마리가 있다.,어린 하얀 오리 두 마리와 어린 노란 오리 일곱 마리가 있다.,0,reviewer_2,,,
646db45c50cca3889bbee1b536137945eb4e61a80cda35f04b69acaefeb417d6:1:ko,ko,train,quantity,늙은 노란 쥐 다섯 마리와 어린 초록색 쥐 네 마리가 있다.,어린 초록색 쥐 네 마리와 늙은 노란 쥐 다섯 마리가 있다.,1,reviewer_1,,,
646db45c50cca3889bbee1b536137945eb4e61a80cda35f04b69acaefeb417d6:1:ko,ko,train,quantity,늙은 노란 쥐 다섯 마리와 어린 초록색 쥐 네 마리가 있다.,어린 초록색 쥐 네 마리와 늙은 노란 쥐 다섯 마리가 있다.,1,reviewer_2,,,
5bc599a560e40c5491354683165eafcede7cd10017ed2b7918b1844287947c23:0:ko,ko,dev_a,roles,작은 빨간 고양이가 어린 빨간 소를 맞이한다는 것과 어린 빨간 소가 작은 빨간 고양이를 본다는 것이 모두 사실이다.,어린 빨간 소를 작은 빨간 고양이가 본다는 것과 작은 빨간 고양이를 어린 빨간 소가 맞이한다는 것이 모두 사실이다.,0,reviewer_1,,,
5bc599a560e40c5491354683165eafcede7cd10017ed2b7918b1844287947c23:0:ko,ko,dev_a,roles,작은 빨간 고양이가 어린 빨간 소를 맞이한다는 것과 어린 빨간 소가 작은 빨간 고양이를 본다는 것이 모두 사실이다.,어린 빨간 소를 작은 빨간 고양이가 본다는 것과 작은 빨간 고양이를 어린 빨간 소가 맞이한다는 것이 모두 사실이다.,0,reviewer_2,,,
aca43ab59364973666f632c8ea5fc4fc09132452c72040d7ccacd2ebdee89332:1:ko,ko,dev_a,roles,큰 빨간 토끼가 어린 검은 쥐를 뒤따른다는 것과 어린 검은 쥐가 큰 빨간 토끼를 본다는 것이 모두 사실이다.,어린 검은 쥐를 큰 빨간 토끼가 뒤따른다는 것과 큰 빨간 토끼를 어린 검은 쥐가 본다는 것이 모두 사실이다.,1,reviewer_1,,,
aca43ab59364973666f632c8ea5fc4fc09132452c72040d7ccacd2ebdee89332:1:ko,ko,dev_a,roles,큰 빨간 토끼가 어린 검은 쥐를 뒤따른다는 것과 어린 검은 쥐가 큰 빨간 토끼를 본다는 것이 모두 사실이다.,어린 검은 쥐를 큰 빨간 토끼가 뒤따른다는 것과 큰 빨간 토끼를 어린 검은 쥐가 본다는 것이 모두 사실이다.,1,reviewer_2,,,
0540c5fd1f4848874ff13f14ca9d62ee8e8b52aa6836eb668567d59f3a303eab:0:ko,ko,dev_a,negation,어린 빨간 오리가 어린 하얀 닭을 보지 않는다는 것과 어린 하얀 닭이 어린 빨간 오리를 본다는 것이 모두 사실이다.,어린 하얀 닭을 어린 빨간 오리가 본다는 것과 어린 빨간 오리를 어린 하얀 닭이 보지 않는다는 것이 모두 사실이다.,0,reviewer_1,,,
0540c5fd1f4848874ff13f14ca9d62ee8e8b52aa6836eb668567d59f3a303eab:0:ko,ko,dev_a,negation,어린 빨간 오리가 어린 하얀 닭을 보지 않는다는 것과 어린 하얀 닭이 어린 빨간 오리를 본다는 것이 모두 사실이다.,어린 하얀 닭을 어린 빨간 오리가 본다는 것과 어린 빨간 오리를 어린 하얀 닭이 보지 않는다는 것이 모두 사실이다.,0,reviewer_2,,,
3bbef7d9d1e04854e63409bb8b68366e643c9a996dbb9264eb3581bc0d7fd4a2:1:ko,ko,dev_a,negation,작은 노란 양이 큰 노란 쥐를 본다는 것과 큰 노란 쥐가 작은 노란 양을 보지 않는다는 것이 모두 사실이다.,큰 노란 쥐를 작은 노란 양이 본다는 것과 작은 노란 양을 큰 노란 쥐가 보지 않는다는 것이 모두 사실이다.,1,reviewer_1,,,
3bbef7d9d1e04854e63409bb8b68366e643c9a996dbb9264eb3581bc0d7fd4a2:1:ko,ko,dev_a,negation,작은 노란 양이 큰 노란 쥐를 본다는 것과 큰 노란 쥐가 작은 노란 양을 보지 않는다는 것이 모두 사실이다.,큰 노란 쥐를 작은 노란 양이 본다는 것과 작은 노란 양을 큰 노란 쥐가 보지 않는다는 것이 모두 사실이다.,1,reviewer_2,,,
7cd25789c8cae2809ddea70a2d8d14bf8fa2ac2fa893269a024b03b8e3fac193:0:ko,ko,dev_a,space,늙은 파란 말은 작은 노란 오리의 아래에 있다는 것과 어린 초록색 토끼는 늙은 파란 오리의 위에 있다는 것이 모두 사실이다.,작은 노란 오리는 늙은 파란 말의 아래에 있다는 것과 늙은 파란 오리는 어린 초록색 토끼의 위에 있다는 것이 모두 사실이다.,0,reviewer_1,,,
7cd25789c8cae2809ddea70a2d8d14bf8fa2ac2fa893269a024b03b8e3fac193:0:ko,ko,dev_a,space,늙은 파란 말은 작은 노란 오리의 아래에 있다는 것과 어린 초록색 토끼는 늙은 파란 오리의 위에 있다는 것이 모두 사실이다.,작은 노란 오리는 늙은 파란 말의 아래에 있다는 것과 늙은 파란 오리는 어린 초록색 토끼의 위에 있다는 것이 모두 사실이다.,0,reviewer_2,,,
bc17831d282ae934175ecbbff4491173dfcf66d849927c976f7dec450911abf1:1:ko,ko,dev_a,space,큰 하얀 토끼는 작은 검은 곰의 왼쪽에 있다는 것과 늙은 파란 쥐는 어린 파란 오리의 오른쪽에 있다는 것이 모두 사실이다.,작은 검은 곰은 큰 하얀 토끼의 오른쪽에 있다는 것과 어린 파란 오리는 늙은 파란 쥐의 왼쪽에 있다는 것이 모두 사실이다.,1,reviewer_1,,,
bc17831d282ae934175ecbbff4491173dfcf66d849927c976f7dec450911abf1:1:ko,ko,dev_a,space,큰 하얀 토끼는 작은 검은 곰의 왼쪽에 있다는 것과 늙은 파란 쥐는 어린 파란 오리의 오른쪽에 있다는 것이 모두 사실이다.,작은 검은 곰은 큰 하얀 토끼의 오른쪽에 있다는 것과 어린 파란 오리는 늙은 파란 쥐의 왼쪽에 있다는 것이 모두 사실이다.,1,reviewer_2,,,
065190799f70cc0022265eca6445c831cfaf9100391eb52369f7fb9c29dccf34:0:ko,ko,dev_a,quantity,작은 초록색 곰 여섯 마리와 큰 하얀 여우 두 마리가 있다.,큰 하얀 여우 여섯 마리와 작은 초록색 곰 두 마리가 있다.,0,reviewer_1,,,
065190799f70cc0022265eca6445c831cfaf9100391eb52369f7fb9c29dccf34:0:ko,ko,dev_a,quantity,작은 초록색 곰 여섯 마리와 큰 하얀 여우 두 마리가 있다.,큰 하얀 여우 여섯 마리와 작은 초록색 곰 두 마리가 있다.,0,reviewer_2,,,
12ebbf0939257239b6fe38de0b93ebfa8927f140fbb6729d11b31acc1f3b18b9:1:ko,ko,dev_a,quantity,큰 파란 닭 세 마리와 늙은 빨간 여우 여덟 마리가 있다.,늙은 빨간 여우 여덟 마리와 큰 파란 닭 세 마리가 있다.,1,reviewer_1,,,
12ebbf0939257239b6fe38de0b93ebfa8927f140fbb6729d11b31acc1f3b18b9:1:ko,ko,dev_a,quantity,큰 파란 닭 세 마리와 늙은 빨간 여우 여덟 마리가 있다.,늙은 빨간 여우 여덟 마리와 큰 파란 닭 세 마리가 있다.,1,reviewer_2,,,
1cb2d16a91b8950647f45137365f8f501cd7101729cc18b297255ed524be4992:0:ko,ko,dev_b,roles,어린 빨간 고양이가 어린 초록색 고양이를 본다는 것과 어린 초록색 고양이가 어린 빨간 고양이를 뒤따른다는 것이 모두 사실이다.,어린 초록색 고양이를 어린 빨간 고양이가 뒤따른다는 것과 어린 빨간 고양이를 어린 초록색 고양이가 본다는 것이 모두 사실이다.,0,reviewer_1,,,
1cb2d16a91b8950647f45137365f8f501cd7101729cc18b297255ed524be4992:0:ko,ko,dev_b,roles,어린 빨간 고양이가 어린 초록색 고양이를 본다는 것과 어린 초록색 고양이가 어린 빨간 고양이를 뒤따른다는 것이 모두 사실이다.,어린 초록색 고양이를 어린 빨간 고양이가 뒤따른다는 것과 어린 빨간 고양이를 어린 초록색 고양이가 본다는 것이 모두 사실이다.,0,reviewer_2,,,
72e7adfe9fcce2f37c7636a30629dfdd99b79c8d8cb1bdd59155f6ff03dd0bde:1:ko,ko,dev_b,roles,큰 빨간 토끼가 큰 빨간 개를 본다는 것과 큰 빨간 개가 큰 빨간 토끼를 맞이한다는 것이 모두 사실이다.,큰 빨간 개를 큰 빨간 토끼가 본다는 것과 큰 빨간 토끼를 큰 빨간 개가 맞이한다는 것이 모두 사실이다.,1,reviewer_1,,,
72e7adfe9fcce2f37c7636a30629dfdd99b79c8d8cb1bdd59155f6ff03dd0bde:1:ko,ko,dev_b,roles,큰 빨간 토끼가 큰 빨간 개를 본다는 것과 큰 빨간 개가 큰 빨간 토끼를 맞이한다는 것이 모두 사실이다.,큰 빨간 개를 큰 빨간 토끼가 본다는 것과 큰 빨간 토끼를 큰 빨간 개가 맞이한다는 것이 모두 사실이다.,1,reviewer_2,,,
bbe93442e6070d2bc7c4939e4b8298e67fcdb841814562ebfabfe81fa8e13286:0:ko,ko,dev_b,negation,작은 빨간 양이 늙은 파란 개를 본다는 것과 늙은 파란 개가 작은 빨간 양을 보지 않는다는 것이 모두 사실이다.,늙은 파란 개를 작은 빨간 양이 보지 않는다는 것과 작은 빨간 양을 늙은 파란 개가 본다는 것이 모두 사실이다.,0,reviewer_1,,,
bbe93442e6070d2bc7c4939e4b8298e67fcdb841814562ebfabfe81fa8e13286:0:ko,ko,dev_b,negation,작은 빨간 양이 늙은 파란 개를 본다는 것과 늙은 파란 개가 작은 빨간 양을 보지 않는다는 것이 모두 사실이다.,늙은 파란 개를 작은 빨간 양이 보지 않는다는 것과 작은 빨간 양을 늙은 파란 개가 본다는 것이 모두 사실이다.,0,reviewer_2,,,
bee01bfea0f56461da4b19ab27810c6a738e02d20b2c91fec69cda7984e4ca43:1:ko,ko,dev_b,negation,늙은 노란 개가 작은 빨간 사자를 뒤따른다는 것과 작은 빨간 사자가 늙은 노란 개를 뒤따르지 않는다는 것이 모두 사실이다.,작은 빨간 사자를 늙은 노란 개가 뒤따른다는 것과 늙은 노란 개를 작은 빨간 사자가 뒤따르지 않는다는 것이 모두 사실이다.,1,reviewer_1,,,
bee01bfea0f56461da4b19ab27810c6a738e02d20b2c91fec69cda7984e4ca43:1:ko,ko,dev_b,negation,늙은 노란 개가 작은 빨간 사자를 뒤따른다는 것과 작은 빨간 사자가 늙은 노란 개를 뒤따르지 않는다는 것이 모두 사실이다.,작은 빨간 사자를 늙은 노란 개가 뒤따른다는 것과 늙은 노란 개를 작은 빨간 사자가 뒤따르지 않는다는 것이 모두 사실이다.,1,reviewer_2,,,
8b84cd02e35447a652c06cfc26d4b02205899bd6d2484e6dff9795d8e332938e:0:ko,ko,dev_b,space,어린 빨간 소는 어린 빨간 양의 위에 있다는 것과 어린 노란 닭은 큰 노란 말의 아래에 있다는 것이 모두 사실이다.,어린 빨간 양은 어린 빨간 소의 위에 있다는 것과 큰 노란 말은 어린 노란 닭의 아래에 있다는 것이 모두 사실이다.,0,reviewer_1,,,
8b84cd02e35447a652c06cfc26d4b02205899bd6d2484e6dff9795d8e332938e:0:ko,ko,dev_b,space,어린 빨간 소는 어린 빨간 양의 위에 있다는 것과 어린 노란 닭은 큰 노란 말의 아래에 있다는 것이 모두 사실이다.,어린 빨간 양은 어린 빨간 소의 위에 있다는 것과 큰 노란 말은 어린 노란 닭의 아래에 있다는 것이 모두 사실이다.,0,reviewer_2,,,
47fd68a2febdee79c65c15d391e1e580bfbec261b64e7b0ecfaf18060fcf8c17:1:ko,ko,dev_b,space,어린 초록색 토끼는 큰 초록색 쥐의 오른쪽에 있다는 것과 큰 파란 여우는 작은 검은 개의 왼쪽에 있다는 것이 모두 사실이다.,큰 초록색 쥐는 어린 초록색 토끼의 왼쪽에 있다는 것과 작은 검은 개는 큰 파란 여우의 오른쪽에 있다는 것이 모두 사실이다.,1,reviewer_1,,,
47fd68a2febdee79c65c15d391e1e580bfbec261b64e7b0ecfaf18060fcf8c17:1:ko,ko,dev_b,space,어린 초록색 토끼는 큰 초록색 쥐의 오른쪽에 있다는 것과 큰 파란 여우는 작은 검은 개의 왼쪽에 있다는 것이 모두 사실이다.,큰 초록색 쥐는 어린 초록색 토끼의 왼쪽에 있다는 것과 작은 검은 개는 큰 파란 여우의 오른쪽에 있다는 것이 모두 사실이다.,1,reviewer_2,,,
a91084062c82176178c1d77d1aef5d6dc124dd4f8160e7e4f9b9312b01cd20ff:0:ko,ko,dev_b,quantity,늙은 파란 양 여섯 마리와 큰 하얀 닭 세 마리가 있다.,큰 하얀 닭 여섯 마리와 늙은 파란 양 세 마리가 있다.,0,reviewer_1,,,
a91084062c82176178c1d77d1aef5d6dc124dd4f8160e7e4f9b9312b01cd20ff:0:ko,ko,dev_b,quantity,늙은 파란 양 여섯 마리와 큰 하얀 닭 세 마리가 있다.,큰 하얀 닭 여섯 마리와 늙은 파란 양 세 마리가 있다.,0,reviewer_2,,,
9c2f9e5e70bd14b9bc53cebf78e56bb69f7e41d6d302b2935d90aa4496ac3030:1:ko,ko,dev_b,quantity,어린 파란 말 두 마리와 어린 빨간 곰 일곱 마리가 있다.,어린 빨간 곰 일곱 마리와 어린 파란 말 두 마리가 있다.,1,reviewer_1,,,
9c2f9e5e70bd14b9bc53cebf78e56bb69f7e41d6d302b2935d90aa4496ac3030:1:ko,ko,dev_b,quantity,어린 파란 말 두 마리와 어린 빨간 곰 일곱 마리가 있다.,어린 빨간 곰 일곱 마리와 어린 파란 말 두 마리가 있다.,1,reviewer_2,,,
f9b6bd4ba3b302f661114a73ed0f69362aceb386c76a48042b9e95d3dac82d52:0:ko,ko,test,roles,작은 하얀 사자가 작은 검은 곰을 뒤따른다는 것과 작은 검은 곰이 작은 하얀 사자를 본다는 것이 모두 사실이다.,작은 검은 곰을 작은 하얀 사자가 본다는 것과 작은 하얀 사자를 작은 검은 곰이 뒤따른다는 것이 모두 사실이다.,0,reviewer_1,,,
f9b6bd4ba3b302f661114a73ed0f69362aceb386c76a48042b9e95d3dac82d52:0:ko,ko,test,roles,작은 하얀 사자가 작은 검은 곰을 뒤따른다는 것과 작은 검은 곰이 작은 하얀 사자를 본다는 것이 모두 사실이다.,작은 검은 곰을 작은 하얀 사자가 본다는 것과 작은 하얀 사자를 작은 검은 곰이 뒤따른다는 것이 모두 사실이다.,0,reviewer_2,,,
5694359370910005d73fee0dc164068a3a51d2f3d55f5cc33f92fecbe35212b1:1:ko,ko,test,roles,늙은 빨간 닭이 작은 초록색 토끼를 맞이한다는 것과 작은 초록색 토끼가 늙은 빨간 닭을 뒤따른다는 것이 모두 사실이다.,작은 초록색 토끼를 늙은 빨간 닭이 맞이한다는 것과 늙은 빨간 닭을 작은 초록색 토끼가 뒤따른다는 것이 모두 사실이다.,1,reviewer_1,,,
5694359370910005d73fee0dc164068a3a51d2f3d55f5cc33f92fecbe35212b1:1:ko,ko,test,roles,늙은 빨간 닭이 작은 초록색 토끼를 맞이한다는 것과 작은 초록색 토끼가 늙은 빨간 닭을 뒤따른다는 것이 모두 사실이다.,작은 초록색 토끼를 늙은 빨간 닭이 맞이한다는 것과 늙은 빨간 닭을 작은 초록색 토끼가 뒤따른다는 것이 모두 사실이다.,1,reviewer_2,,,
f00f1efb3f8971b6ad2b49c456115f03b90439744304139be7b9d7a9ba8fac20:0:ko,ko,test,negation,큰 노란 양이 작은 초록색 사자를 뒤따르지 않는다는 것과 작은 초록색 사자가 큰 노란 양을 뒤따른다는 것이 모두 사실이다.,작은 초록색 사자를 큰 노란 양이 뒤따른다는 것과 큰 노란 양을 작은 초록색 사자가 뒤따르지 않는다는 것이 모두 사실이다.,0,reviewer_1,,,
f00f1efb3f8971b6ad2b49c456115f03b90439744304139be7b9d7a9ba8fac20:0:ko,ko,test,negation,큰 노란 양이 작은 초록색 사자를 뒤따르지 않는다는 것과 작은 초록색 사자가 큰 노란 양을 뒤따른다는 것이 모두 사실이다.,작은 초록색 사자를 큰 노란 양이 뒤따른다는 것과 큰 노란 양을 작은 초록색 사자가 뒤따르지 않는다는 것이 모두 사실이다.,0,reviewer_2,,,
74b6267bbcc33d09de6122233bec30db0e12c5c7e9032e4905169c0413b42ebc:1:ko,ko,test,negation,늙은 파란 말이 어린 노란 고양이를 뒤따른다는 것과 어린 노란 고양이가 늙은 파란 말을 뒤따르지 않는다는 것이 모두 사실이다.,어린 노란 고양이를 늙은 파란 말이 뒤따른다는 것과 늙은 파란 말을 어린 노란 고양이가 뒤따르지 않는다는 것이 모두 사실이다.,1,reviewer_1,,,
74b6267bbcc33d09de6122233bec30db0e12c5c7e9032e4905169c0413b42ebc:1:ko,ko,test,negation,늙은 파란 말이 어린 노란 고양이를 뒤따른다는 것과 어린 노란 고양이가 늙은 파란 말을 뒤따르지 않는다는 것이 모두 사실이다.,어린 노란 고양이를 늙은 파란 말이 뒤따른다는 것과 늙은 파란 말을 어린 노란 고양이가 뒤따르지 않는다는 것이 모두 사실이다.,1,reviewer_2,,,
ef5c6bf74fde5fc1ca40074470725a80db58e62efa1efc3a0c28282d78383c8b:0:ko,ko,test,space,늙은 파란 소는 작은 노란 곰의 오른쪽에 있다는 것과 어린 노란 양은 큰 초록색 양의 왼쪽에 있다는 것이 모두 사실이다.,작은 노란 곰은 늙은 파란 소의 오른쪽에 있다는 것과 큰 초록색 양은 어린 노란 양의 왼쪽에 있다는 것이 모두 사실이다.,0,reviewer_1,,,
ef5c6bf74fde5fc1ca40074470725a80db58e62efa1efc3a0c28282d78383c8b:0:ko,ko,test,space,늙은 파란 소는 작은 노란 곰의 오른쪽에 있다는 것과 어린 노란 양은 큰 초록색 양의 왼쪽에 있다는 것이 모두 사실이다.,작은 노란 곰은 늙은 파란 소의 오른쪽에 있다는 것과 큰 초록색 양은 어린 노란 양의 왼쪽에 있다는 것이 모두 사실이다.,0,reviewer_2,,,
d0af9897941961284177c52ea014e5296035470ec16ed2d462285e2e90077fbf:1:ko,ko,test,space,어린 검은 사자는 어린 빨간 여우의 오른쪽에 있다는 것과 늙은 초록색 사자는 늙은 하얀 말의 왼쪽에 있다는 것이 모두 사실이다.,어린 빨간 여우는 어린 검은 사자의 왼쪽에 있다는 것과 늙은 하얀 말은 늙은 초록색 사자의 오른쪽에 있다는 것이 모두 사실이다.,1,reviewer_1,,,
d0af9897941961284177c52ea014e5296035470ec16ed2d462285e2e90077fbf:1:ko,ko,test,space,어린 검은 사자는 어린 빨간 여우의 오른쪽에 있다는 것과 늙은 초록색 사자는 늙은 하얀 말의 왼쪽에 있다는 것이 모두 사실이다.,어린 빨간 여우는 어린 검은 사자의 왼쪽에 있다는 것과 늙은 하얀 말은 늙은 초록색 사자의 오른쪽에 있다는 것이 모두 사실이다.,1,reviewer_2,,,
7f4c088b04e288f92d928ab941609fea7ce9d63c6ab2fad8b89332dbd65abd45:0:ko,ko,test,quantity,늙은 빨간 말 다섯 마리와 어린 하얀 닭 여덟 마리가 있다.,어린 하얀 닭 다섯 마리와 늙은 빨간 말 여덟 마리가 있다.,0,reviewer_1,,,
7f4c088b04e288f92d928ab941609fea7ce9d63c6ab2fad8b89332dbd65abd45:0:ko,ko,test,quantity,늙은 빨간 말 다섯 마리와 어린 하얀 닭 여덟 마리가 있다.,어린 하얀 닭 다섯 마리와 늙은 빨간 말 여덟 마리가 있다.,0,reviewer_2,,,
2d2aefd3b904f81ef97c847d681cf3c230354a7bfeb447aa644d9a1e0bbcf9d9:1:ko,ko,test,quantity,늙은 검은 개 여섯 마리와 늙은 노란 고양이 네 마리가 있다.,늙은 노란 고양이 네 마리와 늙은 검은 개 여섯 마리가 있다.,1,reviewer_1,,,
2d2aefd3b904f81ef97c847d681cf3c230354a7bfeb447aa644d9a1e0bbcf9d9:1:ko,ko,test,quantity,늙은 검은 개 여섯 마리와 늙은 노란 고양이 네 마리가 있다.,늙은 노란 고양이 네 마리와 늙은 검은 개 여섯 마리가 있다.,1,reviewer_2,,,
f25f6e78bb2ea32dd07c4775564c92e7fce560a931625c7a33b45354e659bd6c:0:ko,ko,train,roles,어린 검은 개가 늙은 하얀 여우를 뒤따른다는 것과 늙은 하얀 여우가 어린 검은 개를 맞이한다는 것이 모두 사실이다.,늙은 하얀 여우를 어린 검은 개가 맞이한다는 것과 어린 검은 개를 늙은 하얀 여우가 뒤따른다는 것이 모두 사실이다.,0,reviewer_1,,,
f25f6e78bb2ea32dd07c4775564c92e7fce560a931625c7a33b45354e659bd6c:0:ko,ko,train,roles,어린 검은 개가 늙은 하얀 여우를 뒤따른다는 것과 늙은 하얀 여우가 어린 검은 개를 맞이한다는 것이 모두 사실이다.,늙은 하얀 여우를 어린 검은 개가 맞이한다는 것과 어린 검은 개를 늙은 하얀 여우가 뒤따른다는 것이 모두 사실이다.,0,reviewer_2,,,
9327187c7f3b45137d2fa8c6b5e824939adf35e2c8abc8b76f3e6e26ab6a0ecf:1:ko,ko,train,roles,큰 파란 개가 늙은 하얀 사자를 본다는 것과 늙은 하얀 사자가 큰 파란 개를 맞이한다는 것이 모두 사실이다.,늙은 하얀 사자를 큰 파란 개가 본다는 것과 큰 파란 개를 늙은 하얀 사자가 맞이한다는 것이 모두 사실이다.,1,reviewer_1,,,
9327187c7f3b45137d2fa8c6b5e824939adf35e2c8abc8b76f3e6e26ab6a0ecf:1:ko,ko,train,roles,큰 파란 개가 늙은 하얀 사자를 본다는 것과 늙은 하얀 사자가 큰 파란 개를 맞이한다는 것이 모두 사실이다.,늙은 하얀 사자를 큰 파란 개가 본다는 것과 큰 파란 개를 늙은 하얀 사자가 맞이한다는 것이 모두 사실이다.,1,reviewer_2,,,
50e8f38c3d2a5911caf8d86ebadf480fca525d0f6ccb4fe98d7f86621b839d87:0:ko,ko,train,negation,어린 하얀 닭이 큰 초록색 소를 본다는 것과 큰 초록색 소가 어린 하얀 닭을 보지 않는다는 것이 모두 사실이다.,큰 초록색 소를 어린 하얀 닭이 보지 않는다는 것과 어린 하얀 닭을 큰 초록색 소가 본다는 것이 모두 사실이다.,0,reviewer_1,,,
50e8f38c3d2a5911caf8d86ebadf480fca525d0f6ccb4fe98d7f86621b839d87:0:ko,ko,train,negation,어린 하얀 닭이 큰 초록색 소를 본다는 것과 큰 초록색 소가 어린 하얀 닭을 보지 않는다는 것이 모두 사실이다.,큰 초록색 소를 어린 하얀 닭이 보지 않는다는 것과 어린 하얀 닭을 큰 초록색 소가 본다는 것이 모두 사실이다.,0,reviewer_2,,,
262935f0731422f6fe22800ffd1ac198df045b9874b7d2895a367cc23b163db3:1:ko,ko,train,negation,작은 파란 닭이 늙은 하얀 개를 본다는 것과 늙은 하얀 개가 작은 파란 닭을 보지 않는다는 것이 모두 사실이다.,늙은 하얀 개를 작은 파란 닭이 본다는 것과 작은 파란 닭을 늙은 하얀 개가 보지 않는다는 것이 모두 사실이다.,1,reviewer_1,,,
262935f0731422f6fe22800ffd1ac198df045b9874b7d2895a367cc23b163db3:1:ko,ko,train,negation,작은 파란 닭이 늙은 하얀 개를 본다는 것과 늙은 하얀 개가 작은 파란 닭을 보지 않는다는 것이 모두 사실이다.,늙은 하얀 개를 작은 파란 닭이 본다는 것과 작은 파란 닭을 늙은 하얀 개가 보지 않는다는 것이 모두 사실이다.,1,reviewer_2,,,
7713b418cb2145606351296eb7f631477523cd4c08541dd8355795888f6c6cf0:0:ko,ko,train,space,큰 초록색 닭은 작은 초록색 말의 오른쪽에 있다는 것과 큰 빨간 닭은 큰 빨간 토끼의 왼쪽에 있다는 것이 모두 사실이다.,작은 초록색 말은 큰 초록색 닭의 오른쪽에 있다는 것과 큰 빨간 토끼는 큰 빨간 닭의 왼쪽에 있다는 것이 모두 사실이다.,0,reviewer_1,,,
7713b418cb2145606351296eb7f631477523cd4c08541dd8355795888f6c6cf0:0:ko,ko,train,space,큰 초록색 닭은 작은 초록색 말의 오른쪽에 있다는 것과 큰 빨간 닭은 큰 빨간 토끼의 왼쪽에 있다는 것이 모두 사실이다.,작은 초록색 말은 큰 초록색 닭의 오른쪽에 있다는 것과 큰 빨간 토끼는 큰 빨간 닭의 왼쪽에 있다는 것이 모두 사실이다.,0,reviewer_2,,,
833a33f00689c2f1b7760fd75ea0327c80a09cf0d90465e09fc695c2026544c8:1:ko,ko,train,space,작은 검은 곰은 작은 검은 말의 왼쪽에 있다는 것과 큰 하얀 닭은 어린 파란 여우의 오른쪽에 있다는 것이 모두 사실이다.,작은 검은 말은 작은 검은 곰의 오른쪽에 있다는 것과 어린 파란 여우는 큰 하얀 닭의 왼쪽에 있다는 것이 모두 사실이다.,1,reviewer_1,,,
833a33f00689c2f1b7760fd75ea0327c80a09cf0d90465e09fc695c2026544c8:1:ko,ko,train,space,작은 검은 곰은 작은 검은 말의 왼쪽에 있다는 것과 큰 하얀 닭은 어린 파란 여우의 오른쪽에 있다는 것이 모두 사실이다.,작은 검은 말은 작은 검은 곰의 오른쪽에 있다는 것과 어린 파란 여우는 큰 하얀 닭의 왼쪽에 있다는 것이 모두 사실이다.,1,reviewer_2,,,
81fe60a45bb5f2a36ef56824a2bd75597f069b403b633e60bc663d3400c79ef8:0:ko,ko,train,quantity,큰 노란 여우 여덟 마리와 어린 하얀 닭 여섯 마리가 있다.,어린 하얀 닭 여덟 마리와 큰 노란 여우 여섯 마리가 있다.,0,reviewer_1,,,
81fe60a45bb5f2a36ef56824a2bd75597f069b403b633e60bc663d3400c79ef8:0:ko,ko,train,quantity,큰 노란 여우 여덟 마리와 어린 하얀 닭 여섯 마리가 있다.,어린 하얀 닭 여덟 마리와 큰 노란 여우 여섯 마리가 있다.,0,reviewer_2,,,
afaa22183e0fe637ea162c55f82ab58ab102fbda80987c906bebde12c37fe614:1:ko,ko,train,quantity,큰 하얀 말 일곱 마리와 작은 빨간 소 세 마리가 있다.,작은 빨간 소 세 마리와 큰 하얀 말 일곱 마리가 있다.,1,reviewer_1,,,
afaa22183e0fe637ea162c55f82ab58ab102fbda80987c906bebde12c37fe614:1:ko,ko,train,quantity,큰 하얀 말 일곱 마리와 작은 빨간 소 세 마리가 있다.,작은 빨간 소 세 마리와 큰 하얀 말 일곱 마리가 있다.,1,reviewer_2,,,
