language,split,task,verb,neg,label,sentence_a,sentence_b
en,train,roles,1,False,0,The old blue lion greets the old black dog and the old black dog sees the old blue lion.,The old black dog is seen by the old blue lion and the old blue lion is greeted by the old black dog.
de,train,roles,1,False,0,Der alte blaue Löwe grüßt den alten schwarzen Hund und der alte schwarze Hund sieht den alten blauen Löwen.,Der alte schwarze Hund wird von dem alten blauen Löwen gesehen und der alte blaue Löwe wird von dem alten schwarzen Hund gegrüßt.
ko,train,roles,1,False,0,늙은 파란 사자가 늙은 검은 개를 맞이한다는 것과 늙은 검은 개가 늙은 파란 사자를 본다는 것이 모두 사실이다.,늙은 검은 개를 늙은 파란 사자가 본다는 것과 늙은 파란 사자를 늙은 검은 개가 맞이한다는 것이 모두 사실이다.
en,train,roles,1,False,1,The old blue lion greets the old black dog and the old black dog sees the old blue lion.,The old black dog is greeted by the old blue lion and the old blue lion is seen by the old black dog.
de,train,roles,1,False,1,Der alte blaue Löwe grüßt den alten schwarzen Hund und der alte schwarze Hund sieht den alten blauen Löwen.,Der alte schwarze Hund wird von dem alten blauen Löwen gegrüßt und der alte blaue Löwe wird von dem alten schwarzen Hund gesehen.
ko,train,roles,1,False,1,늙은 파란 사자가 늙은 검은 개를 맞이한다는 것과 늙은 검은 개가 늙은 파란 사자를 본다는 것이 모두 사실이다.,늙은 검은 개를 늙은 파란 사자가 맞이한다는 것과 늙은 파란 사자를 늙은 검은 개가 본다는 것이 모두 사실이다.
en,train,roles,0,False,0,The young blue dog sees the young white cow and the young white cow follows the young blue dog.,The young white cow is followed by the young blue dog and the young blue dog is seen by the young white cow.
de,train,roles,0,False,0,Der junge blaue Hund sieht die junge weiße Kuh und die junge weiße Kuh verfolgt den jungen blauen Hund.,Die junge weiße Kuh wird von dem jungen blauen Hund verfolgt und der junge blaue Hund wird von der jungen weißen Kuh gesehen.
ko,train,roles,0,False,0,어린 파란 개가 어린 하얀 소를 본다는 것과 어린 하얀 소가 어린 파란 개를 뒤따른다는 것이 모두 사실이다.,어린 하얀 소를 어린 파란 개가 뒤따른다는 것과 어린 파란 개를 어린 하얀 소가 본다는 것이 모두 사실이다.
en,train,roles,0,False,1,The young blue dog sees the young white cow and the young white cow follows the young blue dog.,The young white cow is seen by the young blue dog and the young blue dog is followed by the young white cow.
de,train,roles,0,False,1,Der junge blaue Hund sieht die junge weiße Kuh und die junge weiße Kuh verfolgt den jungen blauen Hund.,Die junge weiße Kuh wird von dem jungen blauen Hund gesehen und der junge blaue Hund wird von der jungen weißen Kuh verfolgt.
ko,train,roles,0,False,1,어린 파란 개가 어린 하얀 소를 본다는 것과 어린 하얀 소가 어린 파란 개를 뒤따른다는 것이 모두 사실이다.,어린 하얀 소를 어린 파란 개가 본다는 것과 어린 파란 개를 어린 하얀 소가 뒤따른다는 것이 모두 사실이다.
en,train,roles,2,False,0,The young red horse follows the young red bear and the young red bear sees the young red horse.,The young red bear is seen by the young red horse and the young red horse is followed by the young red bear.
de,train,roles,2,False,0,Das junge rote Pferd verfolgt den jungen roten Bären und der junge rote Bär sieht das junge rote Pferd.,Der junge rote Bär wird von dem jungen roten Pferd gesehen und das junge rote Pferd wird von dem jungen roten Bären verfolgt.
ko,train,roles,2,False,0,어린 빨간 말이 어린 빨간 곰을 뒤따른다는 것과 어린 빨간 곰이 어린 빨간 말을 본다는 것이 모두 사실이다.,어린 빨간 곰을 어린 빨간 말이 본다는 것과 어린 빨간 말을 어린 빨간 곰이 뒤따른다는 것이 모두 사실이다.
en,train,roles,2,False,1,The young red horse follows the young red bear and the young red bear sees the young red horse.,The young red bear is followed by the young red horse and the young red horse is seen by the young red bear.
de,train,roles,2,False,1,Das junge rote Pferd verfolgt den jungen roten Bären und der junge rote Bär sieht das junge rote Pferd.,Der junge rote Bär wird von dem jungen roten Pferd verfolgt und das junge rote Pferd wird von dem jungen roten Bären gesehen.
ko,train,roles,2,False,1,어린 빨간 말이 어린 빨간 곰을 뒤따른다는 것과 어린 빨간 곰이 어린 빨간 말을 본다는 것이 모두 사실이다.,어린 빨간 곰을 어린 빨간 말이 뒤따른다는 것과 어린 빨간 말을 어린 빨간 곰이 본다는 것이 모두 사실이다.
en,train,negation,0,True,0,The large yellow fox does not see the large white lion and the large white lion sees the large yellow fox.,The large white lion is seen by the large yellow fox and the large yellow fox is not seen by the large white lion.
de,train,negation,0,True,0,Der große gelbe Fuchs sieht den großen weißen Löwen nicht und der große weiße Löwe sieht den großen gelben Fuchs.,Der große weiße Löwe wird von dem großen gelben Fuchs gesehen und der große gelbe Fuchs wird nicht von dem großen weißen Löwen gesehen.
ko,train,negation,0,True,0,큰 노란 여우가 큰 하얀 사자를 보지 않는다는 것과 큰 하얀 사자가 큰 노란 여우를 본다는 것이 모두 사실이다.,큰 하얀 사자를 큰 노란 여우가 본다는 것과 큰 노란 여우를 큰 하얀 사자가 보지 않는다는 것이 모두 사실이다.
en,train,negation,0,True,1,The large yellow fox does not see the large white lion and the large white lion sees the large yellow fox.,The large white lion is not seen by the large yellow fox and the large yellow fox is seen by the large white lion.
de,train,negation,0,True,1,Der große gelbe Fuchs sieht den großen weißen Löwen nicht und der große weiße Löwe sieht den großen gelben Fuchs.,Der große weiße Löwe wird nicht von dem großen gelben Fuchs gesehen und der große gelbe Fuchs wird von dem großen weißen Löwen gesehen.
ko,train,negation,0,True,1,큰 노란 여우가 큰 하얀 사자를 보지 않는다는 것과 큰 하얀 사자가 큰 노란 여우를 본다는 것이 모두 사실이다.,큰 하얀 사자를 큰 노란 여우가 보지 않는다는 것과 큰 노란 여우를 큰 하얀 사자가 본다는 것이 모두 사실이다.
en,train,negation,0,False,0,The young white dog sees the large yellow cow and the large yellow cow does not see the young white dog.,The large yellow cow is not seen by the young white dog and the young white dog is seen by the large yellow cow.
de,train,negation,0,False,0,Der junge weiße Hund sieht die große gelbe Kuh und die große gelbe Kuh sieht den jungen weißen Hund nicht.,Die große gelbe Kuh wird nicht von dem jungen weißen Hund gesehen und der junge weiße Hund wird von der großen gelben Kuh gesehen.
ko,train,negation,0,False,0,어린 하얀 개가 큰 노란 소를 본다는 것과 큰 노란 소가 어린 하얀 개를 보지 않는다는 것이 모두 사실이다.,큰 노란 소를 어린 하얀 개가 보지 않는다는 것과 어린 하얀 개를 큰 노란 소가 본다는 것이 모두 사실이다.
en,train,negation,0,False,1,The young white dog sees the large yellow cow and the large yellow cow does not see the young white dog.,The large yellow cow is seen by the young white dog and the young white dog is not seen by the large yellow cow.
de,train,negation,0,False,1,Der junge weiße Hund sieht die große gelbe Kuh und die große gelbe Kuh sieht den jungen weißen Hund nicht.,Die große gelbe Kuh wird von dem jungen weißen Hund gesehen und der junge weiße Hund wird nicht von der großen gelben Kuh gesehen.
ko,train,negation,0,False,1,어린 하얀 개가 큰 노란 소를 본다는 것과 큰 노란 소가 어린 하얀 개를 보지 않는다는 것이 모두 사실이다.,큰 노란 소를 어린 하얀 개가 본다는 것과 어린 하얀 개를 큰 노란 소가 보지 않는다는 것이 모두 사실이다.
en,train,negation,1,False,0,The small white lion greets the small green hen and the small green hen does not greet the small white lion.,The small green hen is not greeted by the small white lion and the small white lion is greeted by the small green hen.
de,train,negation,1,False,0,Der kleine weiße Löwe grüßt das kleine grüne Huhn und das kleine grüne Huhn grüßt den kleinen weißen Löwen nicht.,Das kleine grüne Huhn wird nicht von dem kleinen weißen Löwen gegrüßt und der kleine weiße Löwe wird von dem kleinen grünen Huhn gegrüßt.
ko,train,negation,1,False,0,작은 하얀 사자가 작은 초록색 닭을 맞이한다는 것과 작은 초록색 닭이 작은 하얀 사자를 맞이하지 않는다는 것이 모두 사실이다.,작은 초록색 닭을 작은 하얀 사자가 맞이하지 않는다는 것과 작은 하얀 사자를 작은 초록색 닭이 맞이한다는 것이 모두 사실이다.
en,train,negation,1,False,1,The small white lion greets the small green hen and the small green hen does not greet the small white lion.,The small green hen is greeted by the small white lion and the small white lion is not greeted by the small green hen.
de,train,negation,1,False,1,Der kleine weiße Löwe grüßt das kleine grüne Huhn und das kleine grüne Huhn grüßt den kleinen weißen Löwen nicht.,Das kleine grüne Huhn wird von dem kleinen weißen Löwen gegrüßt und der kleine weiße Löwe wird nicht von dem kleinen grünen Huhn gegrüßt.
ko,train,negation,1,False,1,작은 하얀 사자가 작은 초록색 닭을 맞이한다는 것과 작은 초록색 닭이 작은 하얀 사자를 맞이하지 않는다는 것이 모두 사실이다.,작은 초록색 닭을 작은 하얀 사자가 맞이한다는 것과 작은 하얀 사자를 작은 초록색 닭이 맞이하지 않는다는 것이 모두 사실이다.
en,train,negation,2,True,0,The small white cow does not follow the large green lion and the large green lion follows the small white cow.,The large green lion is followed by the small white cow and the small white cow is not followed by the large green lion.
de,train,negation,2,True,0,Die kleine weiße Kuh verfolgt den großen grünen Löwen nicht und der große grüne Löwe verfolgt die kleine weiße Kuh.,Der große grüne Löwe wird von der kleinen weißen Kuh verfolgt und die kleine weiße Kuh wird nicht von dem großen grünen Löwen verfolgt.
ko,train,negation,2,True,0,작은 하얀 소가 큰 초록색 사자를 뒤따르지 않는다는 것과 큰 초록색 사자가 작은 하얀 소를 뒤따른다는 것이 모두 사실이다.,큰 초록색 사자를 작은 하얀 소가 뒤따른다는 것과 작은 하얀 소를 큰 초록색 사자가 뒤따르지 않는다는 것이 모두 사실이다.
en,train,negation,2,True,1,The small white cow does not follow the large green lion and the large green lion follows the small white cow.,The large green lion is not followed by the small white cow and the small white cow is followed by the large green lion.
de,train,negation,2,True,1,Die kleine weiße Kuh verfolgt den großen grünen Löwen nicht und der große grüne Löwe verfolgt die kleine weiße Kuh.,Der große grüne Löwe wird nicht von der kleinen weißen Kuh verfolgt und die kleine weiße Kuh wird von dem großen grünen Löwen verfolgt.
ko,train,negation,2,True,1,작은 하얀 소가 큰 초록색 사자를 뒤따르지 않는다는 것과 큰 초록색 사자가 작은 하얀 소를 뒤따른다는 것이 모두 사실이다.,큰 초록색 사자를 작은 하얀 소가 뒤따르지 않는다는 것과 작은 하얀 소를 큰 초록색 사자가 뒤따른다는 것이 모두 사실이다.
en,train,negation,2,False,0,The small red cat follows the young white hen and the young white hen does not follow the small red cat.,The young white hen is not followed by the small red cat and the small red cat is followed by the young white hen.
de,train,negation,2,False,0,Die kleine rote Katze verfolgt das junge weiße Huhn und das junge weiße Huhn verfolgt die kleine rote Katze nicht.,Das junge weiße Huhn wird nicht von der kleinen roten Katze verfolgt und die kleine rote Katze wird von dem jungen weißen Huhn verfolgt.
ko,train,negation,2,False,0,작은 빨간 고양이가 어린 하얀 닭을 뒤따른다는 것과 어린 하얀 닭이 작은 빨간 고양이를 뒤따르지 않는다는 것이 모두 사실이다.,어린 하얀 닭을 작은 빨간 고양이가 뒤따르지 않는다는 것과 작은 빨간 고양이를 어린 하얀 닭이 뒤따른다는 것이 모두 사실이다.
en,train,negation,2,False,1,The small red cat follows the young white hen and the young white hen does not follow the small red cat.,The young white hen is followed by the small red cat and the small red cat is not followed by the young white hen.
de,train,negation,2,False,1,Die kleine rote Katze verfolgt das junge weiße Huhn und das junge weiße Huhn verfolgt die kleine rote Katze nicht.,Das junge weiße Huhn wird von der kleinen roten Katze verfolgt und die kleine rote Katze wird nicht von dem jungen weißen Huhn verfolgt.
ko,train,negation,2,False,1,작은 빨간 고양이가 어린 하얀 닭을 뒤따른다는 것과 어린 하얀 닭이 작은 빨간 고양이를 뒤따르지 않는다는 것이 모두 사실이다.,어린 하얀 닭을 작은 빨간 고양이가 뒤따른다는 것과 작은 빨간 고양이를 어린 하얀 닭이 뒤따르지 않는다는 것이 모두 사실이다.
en,train,negation,1,True,0,The large red horse does not greet the large red lion and the large red lion greets the large red horse.,The large red lion is greeted by the large red horse and the large red horse is not greeted by the large red lion.
de,train,negation,1,True,0,Das große rote Pferd grüßt den großen roten Löwen nicht und der große rote Löwe grüßt das große rote Pferd.,Der große rote Löwe wird von dem großen roten Pferd gegrüßt und das große rote Pferd wird nicht von dem großen roten Löwen gegrüßt.
ko,train,negation,1,True,0,큰 빨간 말이 큰 빨간 사자를 맞이하지 않는다는 것과 큰 빨간 사자가 큰 빨간 말을 맞이한다는 것이 모두 사실이다.,큰 빨간 사자를 큰 빨간 말이 맞이한다는 것과 큰 빨간 말을 큰 빨간 사자가 맞이하지 않는다는 것이 모두 사실이다.
en,train,negation,1,True,1,The large red horse does not greet the large red lion and the large red lion greets the large red horse.,The large red lion is not greeted by the large red horse and the large red horse is greeted by the large red lion.
de,train,negation,1,True,1,Das große rote Pferd grüßt den großen roten Löwen nicht und der große rote Löwe grüßt das große rote Pferd.,Der große rote Löwe wird nicht von dem großen roten Pferd gegrüßt und das große rote Pferd wird von dem großen roten Löwen gegrüßt.
ko,train,negation,1,True,1,큰 빨간 말이 큰 빨간 사자를 맞이하지 않는다는 것과 큰 빨간 사자가 큰 빨간 말을 맞이한다는 것이 모두 사실이다.,큰 빨간 사자를 큰 빨간 말이 맞이하지 않는다는 것과 큰 빨간 말을 큰 빨간 사자가 맞이한다는 것이 모두 사실이다.
en,train,space,1,True,0,The small yellow lion is to the left of the young blue bear and the small green rabbit is to the right of the small green cat.,The young blue bear is to the left of the small yellow lion and the small green cat is to the right of the small green rabbit.
de,train,space,1,True,0,Der kleine gelbe Löwe ist links von dem jungen blauen Bären und das kleine grüne Kaninchen ist rechts von der kleinen grünen Katze.,Der junge blaue Bär ist links von dem kleinen gelben Löwen und die kleine grüne Katze ist rechts von dem kleinen grünen Kaninchen.
ko,train,space,1,True,0,작은 노란 사자는 어린 파란 곰의 왼쪽에 있다는 것과 작은 초록색 토끼는 작은 초록색 고양이의 오른쪽에 있다는 것이 모두 사실이다.,어린 파란 곰은 작은 노란 사자의 왼쪽에 있다는 것과 작은 초록색 고양이는 작은 초록색 토끼의 오른쪽에 있다는 것이 모두 사실이다.
en,train,space,1,True,1,The small yellow lion is to the left of the young blue bear and the small green rabbit is to the right of the small green cat.,The young blue bear is to the right of the small yellow lion and the small green cat is to the left of the small green rabbit.
de,train,space,1,True,1,Der kleine gelbe Löwe ist links von dem jungen blauen Bären und das kleine grüne Kaninchen ist rechts von der kleinen grünen Katze.,Der junge blaue Bär ist rechts von dem kleinen gelben Löwen und die kleine grüne Katze ist links von dem kleinen grünen Kaninchen.
ko,train,space,1,True,1,작은 노란 사자는 어린 파란 곰의 왼쪽에 있다는 것과 작은 초록색 토끼는 작은 초록색 고양이의 오른쪽에 있다는 것이 모두 사실이다.,어린 파란 곰은 작은 노란 사자의 오른쪽에 있다는 것과 작은 초록색 고양이는 작은 초록색 토끼의 왼쪽에 있다는 것이 모두 사실이다.
en,train,space,2,False,0,The old red dog is to the right of the small blue horse and the large yellow horse is to the left of the young red bear.,The small blue horse is to the right of the old red dog and the young red bear is to the left of the large yellow horse.
de,train,space,2,False,0,Der alte rote Hund ist rechts von dem kleinen blauen Pferd und das große gelbe Pferd ist links von dem jungen roten Bären.,Das kleine blaue Pferd ist rechts von dem alten roten Hund und der junge rote Bär ist links von dem großen gelben Pferd.
ko,train,space,2,False,0,늙은 빨간 개는 작은 파란 말의 오른쪽에 있다는 것과 큰 노란 말은 어린 빨간 곰의 왼쪽에 있다는 것이 모두 사실이다.,작은 파란 말은 늙은 빨간 개의 오른쪽에 있다는 것과 어린 빨간 곰은 큰 노란 말의 왼쪽에 있다는 것이 모두 사실이다.
en,train,space,2,False,1,The old red dog is to the right of the small blue horse and the large yellow horse is to the left of the young red bear.,The small blue horse is to the left of the old red dog and the young red bear is to the right of the large yellow horse.
de,train,space,2,False,1,Der alte rote Hund ist rechts von dem kleinen blauen Pferd und das große gelbe Pferd ist links von dem jungen roten Bären.,Das kleine blaue Pferd ist links von dem alten roten Hund und der junge rote Bär ist rechts von dem großen gelben Pferd.
ko,train,space,2,False,1,늙은 빨간 개는 작은 파란 말의 오른쪽에 있다는 것과 큰 노란 말은 어린 빨간 곰의 왼쪽에 있다는 것이 모두 사실이다.,작은 파란 말은 늙은 빨간 개의 왼쪽에 있다는 것과 어린 빨간 곰은 큰 노란 말의 오른쪽에 있다는 것이 모두 사실이다.
en,train,space,2,True,0,The small white duck is to the right of the young red mouse and the old white hen is to the left of the large yellow cow.,The young red mouse is to the right of the small white duck and the large yellow cow is to the left of the old white hen.
de,train,space,2,True,0,Die kleine weiße Ente ist rechts von der jungen roten Maus und das alte weiße Huhn ist links von der großen gelben Kuh.,Die junge rote Maus ist rechts von der kleinen weißen Ente und die große gelbe Kuh ist links von dem alten weißen Huhn.
ko,train,space,2,True,0,작은 하얀 오리는 어린 빨간 쥐의 오른쪽에 있다는 것과 늙은 하얀 닭은 큰 노란 소의 왼쪽에 있다는 것이 모두 사실이다.,어린 빨간 쥐는 작은 하얀 오리의 오른쪽에 있다는 것과 큰 노란 소는 늙은 하얀 닭의 왼쪽에 있다는 것이 모두 사실이다.
en,train,space,2,True,1,The small white duck is to the right of the young red mouse and the old white hen is to the left of the large yellow cow.,The young red mouse is to the left of the small white duck and the large yellow cow is to the right of the old white hen.
de,train,space,2,True,1,Die kleine weiße Ente ist rechts von der jungen roten Maus und das alte weiße Huhn ist links von der großen gelben Kuh.,Die junge rote Maus ist links von der kleinen weißen Ente und die große gelbe Kuh ist rechts von dem alten weißen Huhn.
ko,train,space,2,True,1,작은 하얀 오리는 어린 빨간 쥐의 오른쪽에 있다는 것과 늙은 하얀 닭은 큰 노란 소의 왼쪽에 있다는 것이 모두 사실이다.,어린 빨간 쥐는 작은 하얀 오리의 왼쪽에 있다는 것과 큰 노란 소는 늙은 하얀 닭의 오른쪽에 있다는 것이 모두 사실이다.
en,train,space,0,False,0,The small green cow is to the right of the small red sheep and the young white duck is to the left of the small blue duck.,The small red sheep is to the right of the small green cow and the small blue duck is to the left of the young white duck.
de,train,space,0,False,0,Die kleine grüne Kuh ist rechts von dem kleinen roten Schaf und die junge weiße Ente ist links von der kleinen blauen Ente.,Das kleine rote Schaf ist rechts von der kleinen grünen Kuh und die kleine blaue Ente ist links von der jungen weißen Ente.
ko,train,space,0,False,0,작은 초록색 소는 작은 빨간 양의 오른쪽에 있다는 것과 어린 하얀 오리는 작은 파란 오리의 왼쪽에 있다는 것이 모두 사실이다.,작은 빨간 양은 작은 초록색 소의 오른쪽에 있다는 것과 작은 파란 오리는 어린 하얀 오리의 왼쪽에 있다는 것이 모두 사실이다.
en,train,space,0,False,1,The small green cow is to the right of the small red sheep and the young white duck is to the left of the small blue duck.,The small red sheep is to the left of the small green cow and the small blue duck is to the right of the young white duck.
de,train,space,0,False,1,Die kleine grüne Kuh ist rechts von dem kleinen roten Schaf und die junge weiße Ente ist links von der kleinen blauen Ente.,Das kleine rote Schaf ist links von der kleinen grünen Kuh und die kleine blaue Ente ist rechts von der jungen weißen Ente.
ko,train,space,0,False,1,작은 초록색 소는 작은 빨간 양의 오른쪽에 있다는 것과 어린 하얀 오리는 작은 파란 오리의 왼쪽에 있다는 것이 모두 사실이다.,작은 빨간 양은 작은 초록색 소의 왼쪽에 있다는 것과 작은 파란 오리는 어린 하얀 오리의 오른쪽에 있다는 것이 모두 사실이다.
en,train,space,0,True,0,The young black cat is in front of the young white bear and the small red lion is behind the young black lion.,The young white bear is in front of the young black cat and the young black lion is behind the small red lion.
de,train,space,0,True,0,Die junge schwarze Katze ist vor dem jungen weißen Bären und der kleine rote Löwe ist hinter dem jungen schwarzen Löwen.,Der junge weiße Bär ist vor der jungen schwarzen Katze und der junge schwarze Löwe ist hinter dem kleinen roten Löwen.
ko,train,space,0,True,0,어린 검은 고양이는 어린 하얀 곰의 앞에 있다는 것과 작은 빨간 사자는 어린 검은 사자의 뒤에 있다는 것이 모두 사실이다.,어린 하얀 곰은 어린 검은 고양이의 앞에 있다는 것과 어린 검은 사자는 작은 빨간 사자의 뒤에 있다는 것이 모두 사실이다.
en,train,space,0,True,1,The young black cat is in front of the young white bear and the small red lion is behind the young black lion.,The young white bear is behind the young black cat and the young black lion is in front of the small red lion.
de,train,space,0,True,1,Die junge schwarze Katze ist vor dem jungen weißen Bären und der kleine rote Löwe ist hinter dem jungen schwarzen Löwen.,Der junge weiße Bär ist hinter der jungen schwarzen Katze und der junge schwarze Löwe ist vor dem kleinen roten Löwen.
ko,train,space,0,True,1,어린 검은 고양이는 어린 하얀 곰의 앞에 있다는 것과 작은 빨간 사자는 어린 검은 사자의 뒤에 있다는 것이 모두 사실이다.,어린 하얀 곰은 어린 검은 고양이의 뒤에 있다는 것과 어린 검은 사자는 작은 빨간 사자의 앞에 있다는 것이 모두 사실이다.
en,train,space,1,False,0,The young yellow sheep is behind the small yellow lion and the large red duck is in front of the old red fox.,The small yellow lion is behind the young yellow sheep and the old red fox is in front of the large red duck.
de,train,space,1,False,0,Das junge gelbe Schaf ist hinter dem kleinen gelben Löwen und die große rote Ente ist vor dem alten roten Fuchs.,Der kleine gelbe Löwe ist hinter dem jungen gelben Schaf und der alte rote Fuchs ist vor der großen roten Ente.
ko,train,space,1,False,0,어린 노란 양은 작은 노란 사자의 뒤에 있다는 것과 큰 빨간 오리는 늙은 빨간 여우의 앞에 있다는 것이 모두 사실이다.,작은 노란 사자는 어린 노란 양의 뒤에 있다는 것과 늙은 빨간 여우는 큰 빨간 오리의 앞에 있다는 것이 모두 사실이다.
en,train,space,1,False,1,The young yellow sheep is behind the small yellow lion and the large red duck is in front of the old red fox.,The small yellow lion is in front of the young yellow sheep and the old red fox is behind the large red duck.
de,train,space,1,False,1,Das junge gelbe Schaf ist hinter dem kleinen gelben Löwen und die große rote Ente ist vor dem alten roten Fuchs.,Der kleine gelbe Löwe ist vor dem jungen gelben Schaf und der alte rote Fuchs ist hinter der großen roten Ente.
ko,train,space,1,False,1,어린 노란 양은 작은 노란 사자의 뒤에 있다는 것과 큰 빨간 오리는 늙은 빨간 여우의 앞에 있다는 것이 모두 사실이다.,작은 노란 사자는 어린 노란 양의 앞에 있다는 것과 늙은 빨간 여우는 큰 빨간 오리의 뒤에 있다는 것이 모두 사실이다.
en,train,quantity,1,True,0,There are eight young black dogs and six small yellow lions.,There are eight small yellow lions and six young black dogs.
de,train,quantity,1,True,0,Es gibt acht junge schwarze Hunde und sechs kleine gelbe Löwen.,Es gibt acht kleine gelbe Löwen und sechs junge schwarze Hunde.
ko,train,quantity,1,True,0,어린 검은 개 여덟 마리와 작은 노란 사자 여섯 마리가 있다.,작은 노란 사자 여덟 마리와 어린 검은 개 여섯 마리가 있다.
en,train,quantity,1,True,1,There are eight young black dogs and six small yellow lions.,There are six small yellow lions and eight young black dogs.
de,train,quantity,1,True,1,Es gibt acht junge schwarze Hunde und sechs kleine gelbe Löwen.,Es gibt sechs kleine gelbe Löwen und acht junge schwarze Hunde.
ko,train,quantity,1,True,1,어린 검은 개 여덟 마리와 작은 노란 사자 여섯 마리가 있다.,작은 노란 사자 여섯 마리와 어린 검은 개 여덟 마리가 있다.
en,train,quantity,1,False,0,There are five small green lions and six old blue cows.,There are five old blue cows and six small green lions.
de,train,quantity,1,False,0,Es gibt fünf kleine grüne Löwen und sechs alte blaue Kühe.,Es gibt fünf alte blaue Kühe und sechs kleine grüne Löwen.
ko,train,quantity,1,False,0,작은 초록색 사자 다섯 마리와 늙은 파란 소 여섯 마리가 있다.,늙은 파란 소 다섯 마리와 작은 초록색 사자 여섯 마리가 있다.
en,train,quantity,1,False,1,There are five small green lions and six old blue cows.,There are six old blue cows and five small green lions.
de,train,quantity,1,False,1,Es gibt fünf kleine grüne Löwen und sechs alte blaue Kühe.,Es gibt sechs alte blaue Kühe und fünf kleine grüne Löwen.
ko,train,quantity,1,False,1,작은 초록색 사자 다섯 마리와 늙은 파란 소 여섯 마리가 있다.,늙은 파란 소 여섯 마리와 작은 초록색 사자 다섯 마리가 있다.
en,train,quantity,2,False,0,There are three small white dogs and four old blue hens.,There are three old blue hens and four small white dogs.
de,train,quantity,2,False,0,Es gibt drei kleine weiße Hunde und vier alte blaue Hühner.,Es gibt drei alte blaue Hühner und vier kleine weiße Hunde.
ko,train,quantity,2,False,0,작은 하얀 개 세 마리와 늙은 파란 닭 네 마리가 있다.,늙은 파란 닭 세 마리와 작은 하얀 개 네 마리가 있다.
en,train,quantity,2,False,1,There are three small white dogs and four old blue hens.,There are four old blue hens and three small white dogs.
de,train,quantity,2,False,1,Es gibt drei kleine weiße Hunde und vier alte blaue Hühner.,Es gibt vier alte blaue Hühner und drei kleine weiße Hunde.
ko,train,quantity,2,False,1,작은 하얀 개 세 마리와 늙은 파란 닭 네 마리가 있다.,늙은 파란 닭 네 마리와 작은 하얀 개 세 마리가 있다.
en,train,quantity,0,False,0,There are two old red mice and four large green ducks.,There are two large green ducks and four old red mice.
de,train,quantity,0,False,0,Es gibt zwei alte rote Mäuse und vier große grüne Enten.,Es gibt zwei große grüne Enten und vier alte rote Mäuse.
ko,train,quantity,0,False,0,늙은 빨간 쥐 두 마리와 큰 초록색 오리 네 마리가 있다.,큰 초록색 오리 두 마리와 늙은 빨간 쥐 네 마리가 있다.
en,train,quantity,0,False,1,There are two old red mice and four large green ducks.,There are four large green ducks and two old red mice.
de,train,quantity,0,False,1,Es gibt zwei alte rote Mäuse und vier große grüne Enten.,Es gibt vier große grüne Enten und zwei alte rote Mäuse.
ko,train,quantity,0,False,1,늙은 빨간 쥐 두 마리와 큰 초록색 오리 네 마리가 있다.,큰 초록색 오리 네 마리와 늙은 빨간 쥐 두 마리가 있다.
en,train,quantity,2,True,0,There are eight young white ducks and two small yellow rabbits.,There are eight small yellow rabbits and two young white ducks.
de,train,quantity,2,True,0,Es gibt acht junge weiße Enten und zwei kleine gelbe Kaninchen.,Es gibt acht kleine gelbe Kaninchen und zwei junge weiße Enten.
ko,train,quantity,2,True,0,어린 하얀 오리 여덟 마리와 작은 노란 토끼 두 마리가 있다.,작은 노란 토끼 여덟 마리와 어린 하얀 오리 두 마리가 있다.
en,train,quantity,2,True,1,There are eight young white ducks and two small yellow rabbits.,There are two small yellow rabbits and eight young white ducks.
de,train,quantity,2,True,1,Es gibt acht junge weiße Enten und zwei kleine gelbe Kaninchen.,Es gibt zwei kleine gelbe Kaninchen und acht junge weiße Enten.
ko,train,quantity,2,True,1,어린 하얀 오리 여덟 마리와 작은 노란 토끼 두 마리가 있다.,작은 노란 토끼 두 마리와 어린 하얀 오리 여덟 마리가 있다.
en,train,quantity,0,True,0,There are two old black sheep and four large white bears.,There are two large white bears and four old black sheep.
de,train,quantity,0,True,0,Es gibt zwei alte schwarze Schafe und vier große weiße Bären.,Es gibt zwei große weiße Bären und vier alte schwarze Schafe.
ko,train,quantity,0,True,0,늙은 검은 양 두 마리와 큰 하얀 곰 네 마리가 있다.,큰 하얀 곰 두 마리와 늙은 검은 양 네 마리가 있다.
en,train,quantity,0,True,1,There are two old black sheep and four large white bears.,There are four large white bears and two old black sheep.
de,train,quantity,0,True,1,Es gibt zwei alte schwarze Schafe und vier große weiße Bären.,Es gibt vier große weiße Bären und zwei alte schwarze Schafe.
ko,train,quantity,0,True,1,늙은 검은 양 두 마리와 큰 하얀 곰 네 마리가 있다.,큰 하얀 곰 네 마리와 늙은 검은 양 두 마리가 있다.
en,dev_a,roles,2,False,0,Is it true that the old white lion follows the old green fox and the old green fox greets the old white lion?,Is it true that the old green fox is greeted by the old white lion and the old white lion is followed by the old green fox?
de,dev_a,roles,2,False,0,"Stimmt es, dass der alte weiße Löwe den alten grünen Fuchs verfolgt und der alte grüne Fuchs den alten weißen Löwen grüßt?","Stimmt es, dass der alte grüne Fuchs von dem alten weißen Löwen gegrüßt wird und der alte weiße Löwe von dem alten grünen Fuchs verfolgt wird?"
ko,dev_a,roles,2,False,0,늙은 하얀 사자가 늙은 초록색 여우를 뒤따른다는 것과 늙은 초록색 여우가 늙은 하얀 사자를 맞이한다는 것이 모두 사실이라는 것이 사실인가?,늙은 초록색 여우를 늙은 하얀 사자가 맞이한다는 것과 늙은 하얀 사자를 늙은 초록색 여우가 뒤따른다는 것이 모두 사실이라는 것이 사실인가?
en,dev_a,roles,2,False,1,Is it true that the old white lion follows the old green fox and the old green fox greets the old white lion?,Is it true that the old green fox is followed by the old white lion and the old white lion is greeted by the old green fox?
de,dev_a,roles,2,False,1,"Stimmt es, dass der alte weiße Löwe den alten grünen Fuchs verfolgt und der alte grüne Fuchs den alten weißen Löwen grüßt?","Stimmt es, dass der alte grüne Fuchs von dem alten weißen Löwen verfolgt wird und der alte weiße Löwe von dem alten grünen Fuchs gegrüßt wird?"
ko,dev_a,roles,2,False,1,늙은 하얀 사자가 늙은 초록색 여우를 뒤따른다는 것과 늙은 초록색 여우가 늙은 하얀 사자를 맞이한다는 것이 모두 사실이라는 것이 사실인가?,늙은 초록색 여우를 늙은 하얀 사자가 뒤따른다는 것과 늙은 하얀 사자를 늙은 초록색 여우가 맞이한다는 것이 모두 사실이라는 것이 사실인가?
en,dev_a,roles,1,False,0,Is it true that the old blue cat greets the old green bear and the old green bear sees the old blue cat?,Is it true that the old green bear is seen by the old blue cat and the old blue cat is greeted by the old green bear?
de,dev_a,roles,1,False,0,"Stimmt es, dass die alte blaue Katze den alten grünen Bären grüßt und der alte grüne Bär die alte blaue Katze sieht?","Stimmt es, dass der alte grüne Bär von der alten blauen Katze gesehen wird und die alte blaue Katze von dem alten grünen Bären gegrüßt wird?"
ko,dev_a,roles,1,False,0,늙은 파란 고양이가 늙은 초록색 곰을 맞이한다는 것과 늙은 초록색 곰이 늙은 파란 고양이를 본다는 것이 모두 사실이라는 것이 사실인가?,늙은 초록색 곰을 늙은 파란 고양이가 본다는 것과 늙은 파란 고양이를 늙은 초록색 곰이 맞이한다는 것이 모두 사실이라는 것이 사실인가?
en,dev_a,roles,1,False,1,Is it true that the old blue cat greets the old green bear and the old green bear sees the old blue cat?,Is it true that the old green bear is greeted by the old blue cat and the old blue cat is seen by the old green bear?
de,dev_a,roles,1,False,1,"Stimmt es, dass die alte blaue Katze den alten grünen Bären grüßt und der alte grüne Bär die alte blaue Katze sieht?","Stimmt es, dass der alte grüne Bär von der alten blauen Katze gegrüßt wird und die alte blaue Katze von dem alten grünen Bären gesehen wird?"
ko,dev_a,roles,1,False,1,늙은 파란 고양이가 늙은 초록색 곰을 맞이한다는 것과 늙은 초록색 곰이 늙은 파란 고양이를 본다는 것이 모두 사실이라는 것이 사실인가?,늙은 초록색 곰을 늙은 파란 고양이가 맞이한다는 것과 늙은 파란 고양이를 늙은 초록색 곰이 본다는 것이 모두 사실이라는 것이 사실인가?
en,dev_a,roles,0,False,0,Is it true that the young red horse sees the young green duck and the young green duck follows the young red horse?,Is it true that the young green duck is followed by the young red horse and the young red horse is seen by the young green duck?
de,dev_a,roles,0,False,0,"Stimmt es, dass das junge rote Pferd die junge grüne Ente sieht und die junge grüne Ente das junge rote Pferd verfolgt?","Stimmt es, dass die junge grüne Ente von dem jungen roten Pferd verfolgt wird und das junge rote Pferd von der jungen grünen Ente gesehen wird?"
ko,dev_a,roles,0,False,0,어린 빨간 말이 어린 초록색 오리를 본다는 것과 어린 초록색 오리가 어린 빨간 말을 뒤따른다는 것이 모두 사실이라는 것이 사실인가?,어린 초록색 오리를 어린 빨간 말이 뒤따른다는 것과 어린 빨간 말을 어린 초록색 오리가 본다는 것이 모두 사실이라는 것이 사실인가?
en,dev_a,roles,0,False,1,Is it true that the young red horse sees the young green duck and the young green duck follows the young red horse?,Is it true that the young green duck is seen by the young red horse and the young red horse is followed by the young green duck?
de,dev_a,roles,0,False,1,"Stimmt es, dass das junge rote Pferd die junge grüne Ente sieht und die junge grüne Ente das junge rote Pferd verfolgt?","Stimmt es, dass die junge grüne Ente von dem jungen roten Pferd gesehen wird und das junge rote Pferd von der jungen grünen Ente verfolgt wird?"
ko,dev_a,roles,0,False,1,어린 빨간 말이 어린 초록색 오리를 본다는 것과 어린 초록색 오리가 어린 빨간 말을 뒤따른다는 것이 모두 사실이라는 것이 사실인가?,어린 초록색 오리를 어린 빨간 말이 본다는 것과 어린 빨간 말을 어린 초록색 오리가 뒤따른다는 것이 모두 사실이라는 것이 사실인가?
en,dev_a,negation,0,True,0,Is it true that the small yellow fox does not see the young blue dog and the young blue dog sees the small yellow fox?,Is it true that the young blue dog is seen by the small yellow fox and the small yellow fox is not seen by the young blue dog?
de,dev_a,negation,0,True,0,"Stimmt es, dass der kleine gelbe Fuchs den jungen blauen Hund nicht sieht und der junge blaue Hund den kleinen gelben Fuchs sieht?","Stimmt es, dass der junge blaue Hund von dem kleinen gelben Fuchs gesehen wird und der kleine gelbe Fuchs nicht von dem jungen blauen Hund gesehen wird?"
ko,dev_a,negation,0,True,0,작은 노란 여우가 어린 파란 개를 보지 않는다는 것과 어린 파란 개가 작은 노란 여우를 본다는 것이 모두 사실이라는 것이 사실인가?,어린 파란 개를 작은 노란 여우가 본다는 것과 작은 노란 여우를 어린 파란 개가 보지 않는다는 것이 모두 사실이라는 것이 사실인가?
en,dev_a,negation,0,True,1,Is it true that the small yellow fox does not see the young blue dog and the young blue dog sees the small yellow fox?,Is it true that the young blue dog is not seen by the small yellow fox and the small yellow fox is seen by the young blue dog?
de,dev_a,negation,0,True,1,"Stimmt es, dass der kleine gelbe Fuchs den jungen blauen Hund nicht sieht und der junge blaue Hund den kleinen gelben Fuchs sieht?","Stimmt es, dass der junge blaue Hund nicht von dem kleinen gelben Fuchs gesehen wird und der kleine gelbe Fuchs von dem jungen blauen Hund gesehen wird?"
ko,dev_a,negation,0,True,1,작은 노란 여우가 어린 파란 개를 보지 않는다는 것과 어린 파란 개가 작은 노란 여우를 본다는 것이 모두 사실이라는 것이 사실인가?,어린 파란 개를 작은 노란 여우가 보지 않는다는 것과 작은 노란 여우를 어린 파란 개가 본다는 것이 모두 사실이라는 것이 사실인가?
en,dev_a,negation,0,False,0,Is it true that the small red bear sees the small blue duck and the small blue duck does not see the small red bear?,Is it true that the small blue duck is not seen by the small red bear and the small red bear is seen by the small blue duck?
de,dev_a,negation,0,False,0,"Stimmt es, dass der kleine rote Bär die kleine blaue Ente sieht und die kleine blaue Ente den kleinen roten Bären nicht sieht?","Stimmt es, dass die kleine blaue Ente nicht von dem kleinen roten Bären gesehen wird und der kleine rote Bär von der kleinen blauen Ente gesehen wird?"
ko,dev_a,negation,0,False,0,작은 빨간 곰이 작은 파란 오리를 본다는 것과 작은 파란 오리가 작은 빨간 곰을 보지 않는다는 것이 모두 사실이라는 것이 사실인가?,작은 파란 오리를 작은 빨간 곰이 보지 않는다는 것과 작은 빨간 곰을 작은 파란 오리가 본다는 것이 모두 사실이라는 것이 사실인가?
en,dev_a,negation,0,False,1,Is it true that the small red bear sees the small blue duck and the small blue duck does not see the small red bear?,Is it true that the small blue duck is seen by the small red bear and the small red bear is not seen by the small blue duck?
de,dev_a,negation,0,False,1,"Stimmt es, dass der kleine rote Bär die kleine blaue Ente sieht und die kleine blaue Ente den kleinen roten Bären nicht sieht?","Stimmt es, dass die kleine blaue Ente von dem kleinen roten Bären gesehen wird und der kleine rote Bär nicht von der kleinen blauen Ente gesehen wird?"
ko,dev_a,negation,0,False,1,작은 빨간 곰이 작은 파란 오리를 본다는 것과 작은 파란 오리가 작은 빨간 곰을 보지 않는다는 것이 모두 사실이라는 것이 사실인가?,작은 파란 오리를 작은 빨간 곰이 본다는 것과 작은 빨간 곰을 작은 파란 오리가 보지 않는다는 것이 모두 사실이라는 것이 사실인가?
en,dev_a,negation,1,True,0,Is it true that the large yellow dog does not greet the old white horse and the old white horse greets the large yellow dog?,Is it true that the old white horse is greeted by the large yellow dog and the large yellow dog is not greeted by the old white horse?
de,dev_a,negation,1,True,0,"Stimmt es, dass der große gelbe Hund das alte weiße Pferd nicht grüßt und das alte weiße Pferd den großen gelben Hund grüßt?","Stimmt es, dass das alte weiße Pferd von dem großen gelben Hund gegrüßt wird und der große gelbe Hund nicht von dem alten weißen Pferd gegrüßt wird?"
ko,dev_a,negation,1,True,0,큰 노란 개가 늙은 하얀 말을 맞이하지 않는다는 것과 늙은 하얀 말이 큰 노란 개를 맞이한다는 것이 모두 사실이라는 것이 사실인가?,늙은 하얀 말을 큰 노란 개가 맞이한다는 것과 큰 노란 개를 늙은 하얀 말이 맞이하지 않는다는 것이 모두 사실이라는 것이 사실인가?
en,dev_a,negation,1,True,1,Is it true that the large yellow dog does not greet the old white horse and the old white horse greets the large yellow dog?,Is it true that the old white horse is not greeted by the large yellow dog and the large yellow dog is greeted by the old white horse?
de,dev_a,negation,1,True,1,"Stimmt es, dass der große gelbe Hund das alte weiße Pferd nicht grüßt und das alte weiße Pferd den großen gelben Hund grüßt?","Stimmt es, dass das alte weiße Pferd nicht von dem großen gelben Hund gegrüßt wird und der große gelbe Hund von dem alten weißen Pferd gegrüßt wird?"
ko,dev_a,negation,1,True,1,큰 노란 개가 늙은 하얀 말을 맞이하지 않는다는 것과 늙은 하얀 말이 큰 노란 개를 맞이한다는 것이 모두 사실이라는 것이 사실인가?,늙은 하얀 말을 큰 노란 개가 맞이하지 않는다는 것과 큰 노란 개를 늙은 하얀 말이 맞이한다는 것이 모두 사실이라는 것이 사실인가?
en,dev_a,negation,1,False,0,Is it true that the young yellow cat greets the young black duck and the young black duck does not greet the young yellow cat?,Is it true that the young black duck is not greeted by the young yellow cat and the young yellow cat is greeted by the young black duck?
de,dev_a,negation,1,False,0,"Stimmt es, dass die junge gelbe Katze die junge schwarze Ente grüßt und die junge schwarze Ente die junge gelbe Katze nicht grüßt?","Stimmt es, dass die junge schwarze Ente nicht von der jungen gelben Katze gegrüßt wird und die junge gelbe Katze von der jungen schwarzen Ente gegrüßt wird?"
ko,dev_a,negation,1,False,0,어린 노란 고양이가 어린 검은 오리를 맞이한다는 것과 어린 검은 오리가 어린 노란 고양이를 맞이하지 않는다는 것이 모두 사실이라는 것이 사실인가?,어린 검은 오리를 어린 노란 고양이가 맞이하지 않는다는 것과 어린 노란 고양이를 어린 검은 오리가 맞이한다는 것이 모두 사실이라는 것이 사실인가?
en,dev_a,negation,1,False,1,Is it true that the young yellow cat greets the young black duck and the young black duck does not greet the young yellow cat?,Is it true that the young black duck is greeted by the young yellow cat and the young yellow cat is not greeted by the young black duck?
de,dev_a,negation,1,False,1,"Stimmt es, dass die junge gelbe Katze die junge schwarze Ente grüßt und die junge schwarze Ente die junge gelbe Katze nicht grüßt?","Stimmt es, dass die junge schwarze Ente von der jungen gelben Katze gegrüßt wird und die junge gelbe Katze nicht von der jungen schwarzen Ente gegrüßt wird?"
ko,dev_a,negation,1,False,1,어린 노란 고양이가 어린 검은 오리를 맞이한다는 것과 어린 검은 오리가 어린 노란 고양이를 맞이하지 않는다는 것이 모두 사실이라는 것이 사실인가?,어린 검은 오리를 어린 노란 고양이가 맞이한다는 것과 어린 노란 고양이를 어린 검은 오리가 맞이하지 않는다는 것이 모두 사실이라는 것이 사실인가?
en,dev_a,negation,2,False,0,Is it true that the young white dog follows the old blue cat and the old blue cat does not follow the young white dog?,Is it true that the old blue cat is not followed by the young white dog and the young white dog is followed by the old blue cat?
de,dev_a,negation,2,False,0,"Stimmt es, dass der junge weiße Hund die alte blaue Katze verfolgt und die alte blaue Katze den jungen weißen Hund nicht verfolgt?","Stimmt es, dass die alte blaue Katze nicht von dem jungen weißen Hund verfolgt wird und der junge weiße Hund von der alten blauen Katze verfolgt wird?"
ko,dev_a,negation,2,False,0,어린 하얀 개가 늙은 파란 고양이를 뒤따른다는 것과 늙은 파란 고양이가 어린 하얀 개를 뒤따르지 않는다는 것이 모두 사실이라는 것이 사실인가?,늙은 파란 고양이를 어린 하얀 개가 뒤따르지 않는다는 것과 어린 하얀 개를 늙은 파란 고양이가 뒤따른다는 것이 모두 사실이라는 것이 사실인가?
en,dev_a,negation,2,False,1,Is it true that the young white dog follows the old blue cat and the old blue cat does not follow the young white dog?,Is it true that the old blue cat is followed by the young white dog and the young white dog is not followed by the old blue cat?
de,dev_a,negation,2,False,1,"Stimmt es, dass der junge weiße Hund die alte blaue Katze verfolgt und die alte blaue Katze den jungen weißen Hund nicht verfolgt?","Stimmt es, dass die alte blaue Katze von dem jungen weißen Hund verfolgt wird und der junge weiße Hund nicht von der alten blauen Katze verfolgt wird?"
ko,dev_a,negation,2,False,1,어린 하얀 개가 늙은 파란 고양이를 뒤따른다는 것과 늙은 파란 고양이가 어린 하얀 개를 뒤따르지 않는다는 것이 모두 사실이라는 것이 사실인가?,늙은 파란 고양이를 어린 하얀 개가 뒤따른다는 것과 어린 하얀 개를 늙은 파란 고양이가 뒤따르지 않는다는 것이 모두 사실이라는 것이 사실인가?
en,dev_a,negation,2,True,0,Is it true that the old white cat does not follow the old blue cat and the old blue cat follows the old white cat?,Is it true that the old blue cat is followed by the old white cat and the old white cat is not followed by the old blue cat?
de,dev_a,negation,2,True,0,"Stimmt es, dass die alte weiße Katze die alte blaue Katze nicht verfolgt und die alte blaue Katze die alte weiße Katze verfolgt?","Stimmt es, dass die alte blaue Katze von der alten weißen Katze verfolgt wird und die alte weiße Katze nicht von der alten blauen Katze verfolgt wird?"
ko,dev_a,negation,2,True,0,늙은 하얀 고양이가 늙은 파란 고양이를 뒤따르지 않는다는 것과 늙은 파란 고양이가 늙은 하얀 고양이를 뒤따른다는 것이 모두 사실이라는 것이 사실인가?,늙은 파란 고양이를 늙은 하얀 고양이가 뒤따른다는 것과 늙은 하얀 고양이를 늙은 파란 고양이가 뒤따르지 않는다는 것이 모두 사실이라는 것이 사실인가?
en,dev_a,negation,2,True,1,Is it true that the old white cat does not follow the old blue cat and the old blue cat follows the old white cat?,Is it true that the old blue cat is not followed by the old white cat and the old white cat is followed by the old blue cat?
de,dev_a,negation,2,True,1,"Stimmt es, dass die alte weiße Katze die alte blaue Katze nicht verfolgt und die alte blaue Katze die alte weiße Katze verfolgt?","Stimmt es, dass die alte blaue Katze nicht von der alten weißen Katze verfolgt wird und die alte weiße Katze von der alten blauen Katze verfolgt wird?"
ko,dev_a,negation,2,True,1,늙은 하얀 고양이가 늙은 파란 고양이를 뒤따르지 않는다는 것과 늙은 파란 고양이가 늙은 하얀 고양이를 뒤따른다는 것이 모두 사실이라는 것이 사실인가?,늙은 파란 고양이를 늙은 하얀 고양이가 뒤따르지 않는다는 것과 늙은 하얀 고양이를 늙은 파란 고양이가 뒤따른다는 것이 모두 사실이라는 것이 사실인가?
en,dev_a,space,2,False,0,Is it true that the old red bear is below the old blue fox and the young black mouse is above the large red fox?,Is it true that the old blue fox is below the old red bear and the large red fox is above the young black mouse?
de,dev_a,space,2,False,0,"Stimmt es, dass der alte rote Bär unterhalb von dem alten blauen Fuchs ist und die junge schwarze Maus oberhalb von dem großen roten Fuchs ist?","Stimmt es, dass der alte blaue Fuchs unterhalb von dem alten roten Bären ist und der große rote Fuchs oberhalb von der jungen schwarzen Maus ist?"
ko,dev_a,space,2,False,0,늙은 빨간 곰은 늙은 파란 여우의 아래에 있다는 것과 어린 검은 쥐는 큰 빨간 여우의 위에 있다는 것이 모두 사실이라는 것이 사실인가?,늙은 파란 여우는 늙은 빨간 곰의 아래에 있다는 것과 큰 빨간 여우는 어린 검은 쥐의 위에 있다는 것이 모두 사실이라는 것이 사실인가?
en,dev_a,space,2,False,1,Is it true that the old red bear is below the old blue fox and the young black mouse is above the large red fox?,Is it true that the old blue fox is above the old red bear and the large red fox is below the young black mouse?
de,dev_a,space,2,False,1,"Stimmt es, dass der alte rote Bär unterhalb von dem alten blauen Fuchs ist und die junge schwarze Maus oberhalb von dem großen roten Fuchs ist?","Stimmt es, dass der alte blaue Fuchs oberhalb von dem alten roten Bären ist und der große rote Fuchs unterhalb von der jungen schwarzen Maus ist?"
ko,dev_a,space,2,False,1,늙은 빨간 곰은 늙은 파란 여우의 아래에 있다는 것과 어린 검은 쥐는 큰 빨간 여우의 위에 있다는 것이 모두 사실이라는 것이 사실인가?,늙은 파란 여우는 늙은 빨간 곰의 위에 있다는 것과 큰 빨간 여우는 어린 검은 쥐의 아래에 있다는 것이 모두 사실이라는 것이 사실인가?
en,dev_a,space,0,False,0,Is it true that the old blue bear is in front of the young white cat and the old blue lion is behind the large green cow?,Is it true that the young white cat is in front of the old blue bear and the large green cow is behind the old blue lion?
de,dev_a,space,0,False,0,"Stimmt es, dass der alte blaue Bär vor der jungen weißen Katze ist und der alte blaue Löwe hinter der großen grünen Kuh ist?","Stimmt es, dass die junge weiße Katze vor dem alten blauen Bären ist und die große grüne Kuh hinter dem alten blauen Löwen ist?"
ko,dev_a,space,0,False,0,늙은 파란 곰은 어린 하얀 고양이의 앞에 있다는 것과 늙은 파란 사자는 큰 초록색 소의 뒤에 있다는 것이 모두 사실이라는 것이 사실인가?,어린 하얀 고양이는 늙은 파란 곰의 앞에 있다는 것과 큰 초록색 소는 늙은 파란 사자의 뒤에 있다는 것이 모두 사실이라는 것이 사실인가?
en,dev_a,space,0,False,1,Is it true that the old blue bear is in front of the young white cat and the old blue lion is behind the large green cow?,Is it true that the young white cat is behind the old blue bear and the large green cow is in front of the old blue lion?
de,dev_a,space,0,False,1,"Stimmt es, dass der alte blaue Bär vor der jungen weißen Katze ist und der alte blaue Löwe hinter der großen grünen Kuh ist?","Stimmt es, dass die junge weiße Katze hinter dem alten blauen Bären ist und die große grüne Kuh vor dem alten blauen Löwen ist?"
ko,dev_a,space,0,False,1,늙은 파란 곰은 어린 하얀 고양이의 앞에 있다는 것과 늙은 파란 사자는 큰 초록색 소의 뒤에 있다는 것이 모두 사실이라는 것이 사실인가?,어린 하얀 고양이는 늙은 파란 곰의 뒤에 있다는 것과 큰 초록색 소는 늙은 파란 사자의 앞에 있다는 것이 모두 사실이라는 것이 사실인가?
en,dev_a,space,0,True,0,Is it true that the small green rabbit is to the right of the old black cow and the young black fox is to the left of the old yellow duck?,Is it true that the old black cow is to the right of the small green rabbit and the old yellow duck is to the left of the young black fox?
de,dev_a,space,0,True,0,"Stimmt es, dass das kleine grüne Kaninchen rechts von der alten schwarzen Kuh ist und der junge schwarze Fuchs links von der alten gelben Ente ist?","Stimmt es, dass die alte schwarze Kuh rechts von dem kleinen grünen Kaninchen ist und die alte gelbe Ente links von dem jungen schwarzen Fuchs ist?"
ko,dev_a,space,0,True,0,작은 초록색 토끼는 늙은 검은 소의 오른쪽에 있다는 것과 어린 검은 여우는 늙은 노란 오리의 왼쪽에 있다는 것이 모두 사실이라는 것이 사실인가?,늙은 검은 소는 작은 초록색 토끼의 오른쪽에 있다는 것과 늙은 노란 오리는 어린 검은 여우의 왼쪽에 있다는 것이 모두 사실이라는 것이 사실인가?
en,dev_a,space,0,True,1,Is it true that the small green rabbit is to the right of the old black cow and the young black fox is to the left of the old yellow duck?,Is it true that the old black cow is to the left of the small green rabbit and the old yellow duck is to the right of the young black fox?
de,dev_a,space,0,True,1,"Stimmt es, dass das kleine grüne Kaninchen rechts von der alten schwarzen Kuh ist und der junge schwarze Fuchs links von der alten gelben Ente ist?","Stimmt es, dass die alte schwarze Kuh links von dem kleinen grünen Kaninchen ist und die alte gelbe Ente rechts von dem jungen schwarzen Fuchs ist?"
ko,dev_a,space,0,True,1,작은 초록색 토끼는 늙은 검은 소의 오른쪽에 있다는 것과 어린 검은 여우는 늙은 노란 오리의 왼쪽에 있다는 것이 모두 사실이라는 것이 사실인가?,늙은 검은 소는 작은 초록색 토끼의 왼쪽에 있다는 것과 늙은 노란 오리는 어린 검은 여우의 오른쪽에 있다는 것이 모두 사실이라는 것이 사실인가?
en,dev_a,space,1,False,0,Is it true that the large white hen is above the old white rabbit and the large red hen is below the small white sheep?,Is it true that the old white rabbit is above the large white hen and the small white sheep is below the large red hen?
de,dev_a,space,1,False,0,"Stimmt es, dass das große weiße Huhn oberhalb von dem alten weißen Kaninchen ist und das große rote Huhn unterhalb von dem kleinen weißen Schaf ist?","Stimmt es, dass das alte weiße Kaninchen oberhalb von dem großen weißen Huhn ist und das kleine weiße Schaf unterhalb von dem großen roten Huhn ist?"
ko,dev_a,space,1,False,0,큰 하얀 닭은 늙은 하얀 토끼의 위에 있다는 것과 큰 빨간 닭은 작은 하얀 양의 아래에 있다는 것이 모두 사실이라는 것이 사실인가?,늙은 하얀 토끼는 큰 하얀 닭의 위에 있다는 것과 작은 하얀 양은 큰 빨간 닭의 아래에 있다는 것이 모두 사실이라는 것이 사실인가?
en,dev_a,space,1,False,1,Is it true that the large white hen is above the old white rabbit and the large red hen is below the small white sheep?,Is it true that the old white rabbit is below the large white hen and the small white sheep is above the large red hen?
de,dev_a,space,1,False,1,"Stimmt es, dass das große weiße Huhn oberhalb von dem alten weißen Kaninchen ist und das große rote Huhn unterhalb von dem kleinen weißen Schaf ist?","Stimmt es, dass das alte weiße Kaninchen unterhalb von dem großen weißen Huhn ist und das kleine weiße Schaf oberhalb von dem großen roten Huhn ist?"
ko,dev_a,space,1,False,1,큰 하얀 닭은 늙은 하얀 토끼의 위에 있다는 것과 큰 빨간 닭은 작은 하얀 양의 아래에 있다는 것이 모두 사실이라는 것이 사실인가?,늙은 하얀 토끼는 큰 하얀 닭의 아래에 있다는 것과 작은 하얀 양은 큰 빨간 닭의 위에 있다는 것이 모두 사실이라는 것이 사실인가?
en,dev_a,space,2,True,0,Is it true that the old blue dog is to the right of the young blue cow and the large black dog is to the left of the old white fox?,Is it true that the young blue cow is to the right of the old blue dog and the old white fox is to the left of the large black dog?
de,dev_a,space,2,True,0,"Stimmt es, dass der alte blaue Hund rechts von der jungen blauen Kuh ist und der große schwarze Hund links von dem alten weißen Fuchs ist?","Stimmt es, dass die junge blaue Kuh rechts von dem alten blauen Hund ist und der alte weiße Fuchs links von dem großen schwarzen Hund ist?"
ko,dev_a,space,2,True,0,늙은 파란 개는 어린 파란 소의 오른쪽에 있다는 것과 큰 검은 개는 늙은 하얀 여우의 왼쪽에 있다는 것이 모두 사실이라는 것이 사실인가?,어린 파란 소는 늙은 파란 개의 오른쪽에 있다는 것과 늙은 하얀 여우는 큰 검은 개의 왼쪽에 있다는 것이 모두 사실이라는 것이 사실인가?
en,dev_a,space,2,True,1,Is it true that the old blue dog is to the right of the young blue cow and the large black dog is to the left of the old white fox?,Is it true that the young blue cow is to the left of the old blue dog and the old white fox is to the right of the large black dog?
de,dev_a,space,2,True,1,"Stimmt es, dass der alte blaue Hund rechts von der jungen blauen Kuh ist und der große schwarze Hund links von dem alten weißen Fuchs ist?","Stimmt es, dass die junge blaue Kuh links von dem alten blauen Hund ist und der alte weiße Fuchs rechts von dem großen schwarzen Hund ist?"
ko,dev_a,space,2,True,1,늙은 파란 개는 어린 파란 소의 오른쪽에 있다는 것과 큰 검은 개는 늙은 하얀 여우의 왼쪽에 있다는 것이 모두 사실이라는 것이 사실인가?,어린 파란 소는 늙은 파란 개의 왼쪽에 있다는 것과 늙은 하얀 여우는 큰 검은 개의 오른쪽에 있다는 것이 모두 사실이라는 것이 사실인가?
en,dev_a,space,1,True,0,Is it true that the young black fox is above the small black dog and the small blue hen is below the young yellow bear?,Is it true that the small black dog is above the young black fox and the young yellow bear is below the small blue hen?
de,dev_a,space,1,True,0,"Stimmt es, dass der junge schwarze Fuchs oberhalb von dem kleinen schwarzen Hund ist und das kleine blaue Huhn unterhalb von dem jungen gelben Bären ist?","Stimmt es, dass der kleine schwarze Hund oberhalb von dem jungen schwarzen Fuchs ist und der junge gelbe Bär unterhalb von dem kleinen blauen Huhn ist?"
ko,dev_a,space,1,True,0,어린 검은 여우는 작은 검은 개의 위에 있다는 것과 작은 파란 닭은 어린 노란 곰의 아래에 있다는 것이 모두 사실이라는 것이 사실인가?,작은 검은 개는 어린 검은 여우의 위에 있다는 것과 어린 노란 곰은 작은 파란 닭의 아래에 있다는 것이 모두 사실이라는 것이 사실인가?
en,dev_a,space,1,True,1,Is it true that the young black fox is above the small black dog and the small blue hen is below the young yellow bear?,Is it true that the small black dog is below the young black fox and the young yellow bear is above the small blue hen?
de,dev_a,space,1,True,1,"Stimmt es, dass der junge schwarze Fuchs oberhalb von dem kleinen schwarzen Hund ist und das kleine blaue Huhn unterhalb von dem jungen gelben Bären ist?","Stimmt es, dass der kleine schwarze Hund unterhalb von dem jungen schwarzen Fuchs ist und der junge gelbe Bär oberhalb von dem kleinen blauen Huhn ist?"
ko,dev_a,space,1,True,1,어린 검은 여우는 작은 검은 개의 위에 있다는 것과 작은 파란 닭은 어린 노란 곰의 아래에 있다는 것이 모두 사실이라는 것이 사실인가?,작은 검은 개는 어린 검은 여우의 아래에 있다는 것과 어린 노란 곰은 작은 파란 닭의 위에 있다는 것이 모두 사실이라는 것이 사실인가?
en,dev_a,quantity,0,True,0,Is it true that there are six small green foxes and three old black lions?,Is it true that there are six old black lions and three small green foxes?
de,dev_a,quantity,0,True,0,"Stimmt es, dass es sechs kleine grüne Füchse und drei alte schwarze Löwen gibt?","Stimmt es, dass es sechs alte schwarze Löwen und drei kleine grüne Füchse gibt?"
ko,dev_a,quantity,0,True,0,작은 초록색 여우 여섯 마리와 늙은 검은 사자 세 마리가 있다는 것이 사실인가?,늙은 검은 사자 여섯 마리와 작은 초록색 여우 세 마리가 있다는 것이 사실인가?
en,dev_a,quantity,0,True,1,Is it true that there are six small green foxes and three old black lions?,Is it true that there are three old black lions and six small green foxes?
de,dev_a,quantity,0,True,1,"Stimmt es, dass es sechs kleine grüne Füchse und drei alte schwarze Löwen gibt?","Stimmt es, dass es drei alte schwarze Löwen und sechs kleine grüne Füchse gibt?"
ko,dev_a,quantity,0,True,1,작은 초록색 여우 여섯 마리와 늙은 검은 사자 세 마리가 있다는 것이 사실인가?,늙은 검은 사자 세 마리와 작은 초록색 여우 여섯 마리가 있다는 것이 사실인가?
en,dev_a,quantity,2,False,0,Is it true that there are three large green foxes and seven small yellow mice?,Is it true that there are three small yellow mice and seven large green foxes?
de,dev_a,quantity,2,False,0,"Stimmt es, dass es drei große grüne Füchse und sieben kleine gelbe Mäuse gibt?","Stimmt es, dass es drei kleine gelbe Mäuse und sieben große grüne Füchse gibt?"
ko,dev_a,quantity,2,False,0,큰 초록색 여우 세 마리와 작은 노란 쥐 일곱 마리가 있다는 것이 사실인가?,작은 노란 쥐 세 마리와 큰 초록색 여우 일곱 마리가 있다는 것이 사실인가?
en,dev_a,quantity,2,False,1,Is it true that there are three large green foxes and seven small yellow mice?,Is it true that there are seven small yellow mice and three large green foxes?
de,dev_a,quantity,2,False,1,"Stimmt es, dass es drei große grüne Füchse und sieben kleine gelbe Mäuse gibt?","Stimmt es, dass es sieben kleine gelbe Mäuse und drei große grüne Füchse gibt?"
ko,dev_a,quantity,2,False,1,큰 초록색 여우 세 마리와 작은 노란 쥐 일곱 마리가 있다는 것이 사실인가?,작은 노란 쥐 일곱 마리와 큰 초록색 여우 세 마리가 있다는 것이 사실인가?
en,dev_a,quantity,1,True,0,Is it true that there are five old yellow foxes and two young blue horses?,Is it true that there are five young blue horses and two old yellow foxes?
de,dev_a,quantity,1,True,0,"Stimmt es, dass es fünf alte gelbe Füchse und zwei junge blaue Pferde gibt?","Stimmt es, dass es fünf junge blaue Pferde und zwei alte gelbe Füchse gibt?"
ko,dev_a,quantity,1,True,0,늙은 노란 여우 다섯 마리와 어린 파란 말 두 마리가 있다는 것이 사실인가?,어린 파란 말 다섯 마리와 늙은 노란 여우 두 마리가 있다는 것이 사실인가?
en,dev_a,quantity,1,True,1,Is it true that there are five old yellow foxes and two young blue horses?,Is it true that there are two young blue horses and five old yellow foxes?
de,dev_a,quantity,1,True,1,"Stimmt es, dass es fünf alte gelbe Füchse und zwei junge blaue Pferde gibt?","Stimmt es, dass es zwei junge blaue Pferde und fünf alte gelbe Füchse gibt?"
ko,dev_a,quantity,1,True,1,늙은 노란 여우 다섯 마리와 어린 파란 말 두 마리가 있다는 것이 사실인가?,어린 파란 말 두 마리와 늙은 노란 여우 다섯 마리가 있다는 것이 사실인가?
en,dev_a,quantity,2,True,0,Is it true that there are eight large yellow ducks and seven large black lions?,Is it true that there are eight large black lions and seven large yellow ducks?
de,dev_a,quantity,2,True,0,"Stimmt es, dass es acht große gelbe Enten und sieben große schwarze Löwen gibt?","Stimmt es, dass es acht große schwarze Löwen und sieben große gelbe Enten gibt?"
ko,dev_a,quantity,2,True,0,큰 노란 오리 여덟 마리와 큰 검은 사자 일곱 마리가 있다는 것이 사실인가?,큰 검은 사자 여덟 마리와 큰 노란 오리 일곱 마리가 있다는 것이 사실인가?
en,dev_a,quantity,2,True,1,Is it true that there are eight large yellow ducks and seven large black lions?,Is it true that there are seven large black lions and eight large yellow ducks?
de,dev_a,quantity,2,True,1,"Stimmt es, dass es acht große gelbe Enten und sieben große schwarze Löwen gibt?","Stimmt es, dass es sieben große schwarze Löwen und acht große gelbe Enten gibt?"
ko,dev_a,quantity,2,True,1,큰 노란 오리 여덟 마리와 큰 검은 사자 일곱 마리가 있다는 것이 사실인가?,큰 검은 사자 일곱 마리와 큰 노란 오리 여덟 마리가 있다는 것이 사실인가?
en,dev_a,quantity,0,False,0,Is it true that there are two large black foxes and four young red dogs?,Is it true that there are two young red dogs and four large black foxes?
de,dev_a,quantity,0,False,0,"Stimmt es, dass es zwei große schwarze Füchse und vier junge rote Hunde gibt?","Stimmt es, dass es zwei junge rote Hunde und vier große schwarze Füchse gibt?"
ko,dev_a,quantity,0,False,0,큰 검은 여우 두 마리와 어린 빨간 개 네 마리가 있다는 것이 사실인가?,어린 빨간 개 두 마리와 큰 검은 여우 네 마리가 있다는 것이 사실인가?
en,dev_a,quantity,0,False,1,Is it true that there are two large black foxes and four young red dogs?,Is it true that there are four young red dogs and two large black foxes?
de,dev_a,quantity,0,False,1,"Stimmt es, dass es zwei große schwarze Füchse und vier junge rote Hunde gibt?","Stimmt es, dass es vier junge rote Hunde und zwei große schwarze Füchse gibt?"
ko,dev_a,quantity,0,False,1,큰 검은 여우 두 마리와 어린 빨간 개 네 마리가 있다는 것이 사실인가?,어린 빨간 개 네 마리와 큰 검은 여우 두 마리가 있다는 것이 사실인가?
en,dev_a,quantity,1,False,0,Is it true that there are three young yellow cows and eight small black mice?,Is it true that there are three small black mice and eight young yellow cows?
de,dev_a,quantity,1,False,0,"Stimmt es, dass es drei junge gelbe Kühe und acht kleine schwarze Mäuse gibt?","Stimmt es, dass es drei kleine schwarze Mäuse und acht junge gelbe Kühe gibt?"
ko,dev_a,quantity,1,False,0,어린 노란 소 세 마리와 작은 검은 쥐 여덟 마리가 있다는 것이 사실인가?,작은 검은 쥐 세 마리와 어린 노란 소 여덟 마리가 있다는 것이 사실인가?
en,dev_a,quantity,1,False,1,Is it true that there are three young yellow cows and eight small black mice?,Is it true that there are eight small black mice and three young yellow cows?
de,dev_a,quantity,1,False,1,"Stimmt es, dass es drei junge gelbe Kühe und acht kleine schwarze Mäuse gibt?","Stimmt es, dass es acht kleine schwarze Mäuse und drei junge gelbe Kühe gibt?"
ko,dev_a,quantity,1,False,1,어린 노란 소 세 마리와 작은 검은 쥐 여덟 마리가 있다는 것이 사실인가?,작은 검은 쥐 여덟 마리와 어린 노란 소 세 마리가 있다는 것이 사실인가?
en,dev_b,roles,1,False,0,Someone says that the old red fox greets the young green dog and the young green dog follows the old red fox.,Someone says that the young green dog is followed by the old red fox and the old red fox is greeted by the young green dog.
de,dev_b,roles,1,False,0,"Jemand sagt, dass der alte rote Fuchs den jungen grünen Hund grüßt und der junge grüne Hund den alten roten Fuchs verfolgt.","Jemand sagt, dass der junge grüne Hund von dem alten roten Fuchs verfolgt wird und der alte rote Fuchs von dem jungen grünen Hund gegrüßt wird."
ko,dev_b,roles,1,False,0,늙은 빨간 여우가 어린 초록색 개를 맞이한다는 것과 어린 초록색 개가 늙은 빨간 여우를 뒤따른다는 것이 모두 사실이라고 누군가 말한다.,어린 초록색 개를 늙은 빨간 여우가 뒤따른다는 것과 늙은 빨간 여우를 어린 초록색 개가 맞이한다는 것이 모두 사실이라고 누군가 말한다.
en,dev_b,roles,1,False,1,Someone says that the old red fox greets the young green dog and the young green dog follows the old red fox.,Someone says that the young green dog is greeted by the old red fox and the old red fox is followed by the young green dog.
de,dev_b,roles,1,False,1,"Jemand sagt, dass der alte rote Fuchs den jungen grünen Hund grüßt und der junge grüne Hund den alten roten Fuchs verfolgt.","Jemand sagt, dass der junge grüne Hund von dem alten roten Fuchs gegrüßt wird und der alte rote Fuchs von dem jungen grünen Hund verfolgt wird."
ko,dev_b,roles,1,False,1,늙은 빨간 여우가 어린 초록색 개를 맞이한다는 것과 어린 초록색 개가 늙은 빨간 여우를 뒤따른다는 것이 모두 사실이라고 누군가 말한다.,어린 초록색 개를 늙은 빨간 여우가 맞이한다는 것과 늙은 빨간 여우를 어린 초록색 개가 뒤따른다는 것이 모두 사실이라고 누군가 말한다.
en,dev_b,roles,0,False,0,Someone says that the small green mouse sees the young yellow dog and the young yellow dog greets the small green mouse.,Someone says that the young yellow dog is greeted by the small green mouse and the small green mouse is seen by the young yellow dog.
de,dev_b,roles,0,False,0,"Jemand sagt, dass die kleine grüne Maus den jungen gelben Hund sieht und der junge gelbe Hund die kleine grüne Maus grüßt.","Jemand sagt, dass der junge gelbe Hund von der kleinen grünen Maus gegrüßt wird und die kleine grüne Maus von dem jungen gelben Hund gesehen wird."
ko,dev_b,roles,0,False,0,작은 초록색 쥐가 어린 노란 개를 본다는 것과 어린 노란 개가 작은 초록색 쥐를 맞이한다는 것이 모두 사실이라고 누군가 말한다.,어린 노란 개를 작은 초록색 쥐가 맞이한다는 것과 작은 초록색 쥐를 어린 노란 개가 본다는 것이 모두 사실이라고 누군가 말한다.
en,dev_b,roles,0,False,1,Someone says that the small green mouse sees the young yellow dog and the young yellow dog greets the small green mouse.,Someone says that the young yellow dog is seen by the small green mouse and the small green mouse is greeted by the young yellow dog.
de,dev_b,roles,0,False,1,"Jemand sagt, dass die kleine grüne Maus den jungen gelben Hund sieht und der junge gelbe Hund die kleine grüne Maus grüßt.","Jemand sagt, dass der junge gelbe Hund von der kleinen grünen Maus gesehen wird und die kleine grüne Maus von dem jungen gelben Hund gegrüßt wird."
ko,dev_b,roles,0,False,1,작은 초록색 쥐가 어린 노란 개를 본다는 것과 어린 노란 개가 작은 초록색 쥐를 맞이한다는 것이 모두 사실이라고 누군가 말한다.,어린 노란 개를 작은 초록색 쥐가 본다는 것과 작은 초록색 쥐를 어린 노란 개가 맞이한다는 것이 모두 사실이라고 누군가 말한다.
en,dev_b,roles,2,False,0,Someone says that the old white mouse follows the young black duck and the young black duck sees the old white mouse.,Someone says that the young black duck is seen by the old white mouse and the old white mouse is followed by the young black duck.
de,dev_b,roles,2,False,0,"Jemand sagt, dass die alte weiße Maus die junge schwarze Ente verfolgt und die junge schwarze Ente die alte weiße Maus sieht.","Jemand sagt, dass die junge schwarze Ente von der alten weißen Maus gesehen wird und die alte weiße Maus von der jungen schwarzen Ente verfolgt wird."
ko,dev_b,roles,2,False,0,늙은 하얀 쥐가 어린 검은 오리를 뒤따른다는 것과 어린 검은 오리가 늙은 하얀 쥐를 본다는 것이 모두 사실이라고 누군가 말한다.,어린 검은 오리를 늙은 하얀 쥐가 본다는 것과 늙은 하얀 쥐를 어린 검은 오리가 뒤따른다는 것이 모두 사실이라고 누군가 말한다.
en,dev_b,roles,2,False,1,Someone says that the old white mouse follows the young black duck and the young black duck sees the old white mouse.,Someone says that the young black duck is followed by the old white mouse and the old white mouse is seen by the young black duck.
de,dev_b,roles,2,False,1,"Jemand sagt, dass die alte weiße Maus die junge schwarze Ente verfolgt und die junge schwarze Ente die alte weiße Maus sieht.","Jemand sagt, dass die junge schwarze Ente von der alten weißen Maus verfolgt wird und die alte weiße Maus von der jungen schwarzen Ente gesehen wird."
ko,dev_b,roles,2,False,1,늙은 하얀 쥐가 어린 검은 오리를 뒤따른다는 것과 어린 검은 오리가 늙은 하얀 쥐를 본다는 것이 모두 사실이라고 누군가 말한다.,어린 검은 오리를 늙은 하얀 쥐가 뒤따른다는 것과 늙은 하얀 쥐를 어린 검은 오리가 본다는 것이 모두 사실이라고 누군가 말한다.
en,dev_b,negation,2,True,0,Someone says that the large yellow fox does not follow the small blue bear and the small blue bear follows the large yellow fox.,Someone says that the small blue bear is followed by the large yellow fox and the large yellow fox is not followed by the small blue bear.
de,dev_b,negation,2,True,0,"Jemand sagt, dass der große gelbe Fuchs den kleinen blauen Bären nicht verfolgt und der kleine blaue Bär den großen gelben Fuchs verfolgt.","Jemand sagt, dass der kleine blaue Bär von dem großen gelben Fuchs verfolgt wird und der große gelbe Fuchs nicht von dem kleinen blauen Bären verfolgt wird."
ko,dev_b,negation,2,True,0,큰 노란 여우가 작은 파란 곰을 뒤따르지 않는다는 것과 작은 파란 곰이 큰 노란 여우를 뒤따른다는 것이 모두 사실이라고 누군가 말한다.,작은 파란 곰을 큰 노란 여우가 뒤따른다는 것과 큰 노란 여우를 작은 파란 곰이 뒤따르지 않는다는 것이 모두 사실이라고 누군가 말한다.
en,dev_b,negation,2,True,1,Someone says that the large yellow fox does not follow the small blue bear and the small blue bear follows the large yellow fox.,Someone says that the small blue bear is not followed by the large yellow fox and the large yellow fox is followed by the small blue bear.
de,dev_b,negation,2,True,1,"Jemand sagt, dass der große gelbe Fuchs den kleinen blauen Bären nicht verfolgt und der kleine blaue Bär den großen gelben Fuchs verfolgt.","Jemand sagt, dass der kleine blaue Bär nicht von dem großen gelben Fuchs verfolgt wird und der große gelbe Fuchs von dem kleinen blauen Bären verfolgt wird."
ko,dev_b,negation,2,True,1,큰 노란 여우가 작은 파란 곰을 뒤따르지 않는다는 것과 작은 파란 곰이 큰 노란 여우를 뒤따른다는 것이 모두 사실이라고 누군가 말한다.,작은 파란 곰을 큰 노란 여우가 뒤따르지 않는다는 것과 큰 노란 여우를 작은 파란 곰이 뒤따른다는 것이 모두 사실이라고 누군가 말한다.
en,dev_b,negation,1,False,0,Someone says that the large yellow bear greets the young black cow and the young black cow does not greet the large yellow bear.,Someone says that the young black cow is not greeted by the large yellow bear and the large yellow bear is greeted by the young black cow.
de,dev_b,negation,1,False,0,"Jemand sagt, dass der große gelbe Bär die junge schwarze Kuh grüßt und die junge schwarze Kuh den großen gelben Bären nicht grüßt.","Jemand sagt, dass die junge schwarze Kuh nicht von dem großen gelben Bären gegrüßt wird und der große gelbe Bär von der jungen schwarzen Kuh gegrüßt wird."
ko,dev_b,negation,1,False,0,큰 노란 곰이 어린 검은 소를 맞이한다는 것과 어린 검은 소가 큰 노란 곰을 맞이하지 않는다는 것이 모두 사실이라고 누군가 말한다.,어린 검은 소를 큰 노란 곰이 맞이하지 않는다는 것과 큰 노란 곰을 어린 검은 소가 맞이한다는 것이 모두 사실이라고 누군가 말한다.
en,dev_b,negation,1,False,1,Someone says that the large yellow bear greets the young black cow and the young black cow does not greet the large yellow bear.,Someone says that the young black cow is greeted by the large yellow bear and the large yellow bear is not greeted by the young black cow.
de,dev_b,negation,1,False,1,"Jemand sagt, dass der große gelbe Bär die junge schwarze Kuh grüßt und die junge schwarze Kuh den großen gelben Bären nicht grüßt.","Jemand sagt, dass die junge schwarze Kuh von dem großen gelben Bären gegrüßt wird und der große gelbe Bär nicht von der jungen schwarzen Kuh gegrüßt wird."
ko,dev_b,negation,1,False,1,큰 노란 곰이 어린 검은 소를 맞이한다는 것과 어린 검은 소가 큰 노란 곰을 맞이하지 않는다는 것이 모두 사실이라고 누군가 말한다.,어린 검은 소를 큰 노란 곰이 맞이한다는 것과 큰 노란 곰을 어린 검은 소가 맞이하지 않는다는 것이 모두 사실이라고 누군가 말한다.
en,dev_b,negation,2,False,0,Someone says that the old red dog follows the young white sheep and the young white sheep does not follow the old red dog.,Someone says that the young white sheep is not followed by the old red dog and the old red dog is followed by the young white sheep.
de,dev_b,negation,2,False,0,"Jemand sagt, dass der alte rote Hund das junge weiße Schaf verfolgt und das junge weiße Schaf den alten roten Hund nicht verfolgt.","Jemand sagt, dass das junge weiße Schaf nicht von dem alten roten Hund verfolgt wird und der alte rote Hund von dem jungen weißen Schaf verfolgt wird."
ko,dev_b,negation,2,False,0,늙은 빨간 개가 어린 하얀 양을 뒤따른다는 것과 어린 하얀 양이 늙은 빨간 개를 뒤따르지 않는다는 것이 모두 사실이라고 누군가 말한다.,어린 하얀 양을 늙은 빨간 개가 뒤따르지 않는다는 것과 늙은 빨간 개를 어린 하얀 양이 뒤따른다는 것이 모두 사실이라고 누군가 말한다.
en,dev_b,negation,2,False,1,Someone says that the old red dog follows the young white sheep and the young white sheep does not follow the old red dog.,Someone says that the young white sheep is followed by the old red dog and the old red dog is not followed by the young white sheep.
de,dev_b,negation,2,False,1,"Jemand sagt, dass der alte rote Hund das junge weiße Schaf verfolgt und das junge weiße Schaf den alten roten Hund nicht verfolgt.","Jemand sagt, dass das junge weiße Schaf von dem alten roten Hund verfolgt wird und der alte rote Hund nicht von dem jungen weißen Schaf verfolgt wird."
ko,dev_b,negation,2,False,1,늙은 빨간 개가 어린 하얀 양을 뒤따른다는 것과 어린 하얀 양이 늙은 빨간 개를 뒤따르지 않는다는 것이 모두 사실이라고 누군가 말한다.,어린 하얀 양을 늙은 빨간 개가 뒤따른다는 것과 늙은 빨간 개를 어린 하얀 양이 뒤따르지 않는다는 것이 모두 사실이라고 누군가 말한다.
en,dev_b,negation,1,True,0,Someone says that the young black mouse does not greet the old red lion and the old red lion greets the young black mouse.,Someone says that the old red lion is greeted by the young black mouse and the young black mouse is not greeted by the old red lion.
de,dev_b,negation,1,True,0,"Jemand sagt, dass die junge schwarze Maus den alten roten Löwen nicht grüßt und der alte rote Löwe die junge schwarze Maus grüßt.","Jemand sagt, dass der alte rote Löwe von der jungen schwarzen Maus gegrüßt wird und die junge schwarze Maus nicht von dem alten roten Löwen gegrüßt wird."
ko,dev_b,negation,1,True,0,어린 검은 쥐가 늙은 빨간 사자를 맞이하지 않는다는 것과 늙은 빨간 사자가 어린 검은 쥐를 맞이한다는 것이 모두 사실이라고 누군가 말한다.,늙은 빨간 사자를 어린 검은 쥐가 맞이한다는 것과 어린 검은 쥐를 늙은 빨간 사자가 맞이하지 않는다는 것이 모두 사실이라고 누군가 말한다.
en,dev_b,negation,1,True,1,Someone says that the young black mouse does not greet the old red lion and the old red lion greets the young black mouse.,Someone says that the old red lion is not greeted by the young black mouse and the young black mouse is greeted by the old red lion.
de,dev_b,negation,1,True,1,"Jemand sagt, dass die junge schwarze Maus den alten roten Löwen nicht grüßt und der alte rote Löwe die junge schwarze Maus grüßt.","Jemand sagt, dass der alte rote Löwe nicht von der jungen schwarzen Maus gegrüßt wird und die junge schwarze Maus von dem alten roten Löwen gegrüßt wird."
ko,dev_b,negation,1,True,1,어린 검은 쥐가 늙은 빨간 사자를 맞이하지 않는다는 것과 늙은 빨간 사자가 어린 검은 쥐를 맞이한다는 것이 모두 사실이라고 누군가 말한다.,늙은 빨간 사자를 어린 검은 쥐가 맞이하지 않는다는 것과 어린 검은 쥐를 늙은 빨간 사자가 맞이한다는 것이 모두 사실이라고 누군가 말한다.
en,dev_b,negation,0,True,0,Someone says that the small green rabbit does not see the young red dog and the young red dog sees the small green rabbit.,Someone says that the young red dog is seen by the small green rabbit and the small green rabbit is not seen by the young red dog.
de,dev_b,negation,0,True,0,"Jemand sagt, dass das kleine grüne Kaninchen den jungen roten Hund nicht sieht und der junge rote Hund das kleine grüne Kaninchen sieht.","Jemand sagt, dass der junge rote Hund von dem kleinen grünen Kaninchen gesehen wird und das kleine grüne Kaninchen nicht von dem jungen roten Hund gesehen wird."
ko,dev_b,negation,0,True,0,작은 초록색 토끼가 어린 빨간 개를 보지 않는다는 것과 어린 빨간 개가 작은 초록색 토끼를 본다는 것이 모두 사실이라고 누군가 말한다.,어린 빨간 개를 작은 초록색 토끼가 본다는 것과 작은 초록색 토끼를 어린 빨간 개가 보지 않는다는 것이 모두 사실이라고 누군가 말한다.
en,dev_b,negation,0,True,1,Someone says that the small green rabbit does not see the young red dog and the young red dog sees the small green rabbit.,Someone says that the young red dog is not seen by the small green rabbit and the small green rabbit is seen by the young red dog.
de,dev_b,negation,0,True,1,"Jemand sagt, dass das kleine grüne Kaninchen den jungen roten Hund nicht sieht und der junge rote Hund das kleine grüne Kaninchen sieht.","Jemand sagt, dass der junge rote Hund nicht von dem kleinen grünen Kaninchen gesehen wird und das kleine grüne Kaninchen von dem jungen roten Hund gesehen wird."
ko,dev_b,negation,0,True,1,작은 초록색 토끼가 어린 빨간 개를 보지 않는다는 것과 어린 빨간 개가 작은 초록색 토끼를 본다는 것이 모두 사실이라고 누군가 말한다.,어린 빨간 개를 작은 초록색 토끼가 보지 않는다는 것과 작은 초록색 토끼를 어린 빨간 개가 본다는 것이 모두 사실이라고 누군가 말한다.
en,dev_b,negation,0,False,0,Someone says that the young blue bear sees the large white cow and the large white cow does not see the young blue bear.,Someone says that the large white cow is not seen by the young blue bear and the young blue bear is seen by the large white cow.
de,dev_b,negation,0,False,0,"Jemand sagt, dass der junge blaue Bär die große weiße Kuh sieht und die große weiße Kuh den jungen blauen Bären nicht sieht.","Jemand sagt, dass die große weiße Kuh nicht von dem jungen blauen Bären gesehen wird und der junge blaue Bär von der großen weißen Kuh gesehen wird."
ko,dev_b,negation,0,False,0,어린 파란 곰이 큰 하얀 소를 본다는 것과 큰 하얀 소가 어린 파란 곰을 보지 않는다는 것이 모두 사실이라고 누군가 말한다.,큰 하얀 소를 어린 파란 곰이 보지 않는다는 것과 어린 파란 곰을 큰 하얀 소가 본다는 것이 모두 사실이라고 누군가 말한다.
en,dev_b,negation,0,False,1,Someone says that the young blue bear sees the large white cow and the large white cow does not see the young blue bear.,Someone says that the large white cow is seen by the young blue bear and the young blue bear is not seen by the large white cow.
de,dev_b,negation,0,False,1,"Jemand sagt, dass der junge blaue Bär die große weiße Kuh sieht und die große weiße Kuh den jungen blauen Bären nicht sieht.","Jemand sagt, dass die große weiße Kuh von dem jungen blauen Bären gesehen wird und der junge blaue Bär nicht von der großen weißen Kuh gesehen wird."
ko,dev_b,negation,0,False,1,어린 파란 곰이 큰 하얀 소를 본다는 것과 큰 하얀 소가 어린 파란 곰을 보지 않는다는 것이 모두 사실이라고 누군가 말한다.,큰 하얀 소를 어린 파란 곰이 본다는 것과 어린 파란 곰을 큰 하얀 소가 보지 않는다는 것이 모두 사실이라고 누군가 말한다.
en,dev_b,space,0,True,0,Someone says that the old black dog is above the small blue dog and the young white fox is below the large black bear.,Someone says that the small blue dog is above the old black dog and the large black bear is below the young white fox.
de,dev_b,space,0,True,0,"Jemand sagt, dass der alte schwarze Hund oberhalb von dem kleinen blauen Hund ist und der junge weiße Fuchs unterhalb von dem großen schwarzen Bären ist.","Jemand sagt, dass der kleine blaue Hund oberhalb von dem alten schwarzen Hund ist und der große schwarze Bär unterhalb von dem jungen weißen Fuchs ist."
ko,dev_b,space,0,True,0,늙은 검은 개는 작은 파란 개의 위에 있다는 것과 어린 하얀 여우는 큰 검은 곰의 아래에 있다는 것이 모두 사실이라고 누군가 말한다.,작은 파란 개는 늙은 검은 개의 위에 있다는 것과 큰 검은 곰은 어린 하얀 여우의 아래에 있다는 것이 모두 사실이라고 누군가 말한다.
en,dev_b,space,0,True,1,Someone says that the old black dog is above the small blue dog and the young white fox is below the large black bear.,Someone says that the small blue dog is below the old black dog and the large black bear is above the young white fox.
de,dev_b,space,0,True,1,"Jemand sagt, dass der alte schwarze Hund oberhalb von dem kleinen blauen Hund ist und der junge weiße Fuchs unterhalb von dem großen schwarzen Bären ist.","Jemand sagt, dass der kleine blaue Hund unterhalb von dem alten schwarzen Hund ist und der große schwarze Bär oberhalb von dem jungen weißen Fuchs ist."
ko,dev_b,space,0,True,1,늙은 검은 개는 작은 파란 개의 위에 있다는 것과 어린 하얀 여우는 큰 검은 곰의 아래에 있다는 것이 모두 사실이라고 누군가 말한다.,작은 파란 개는 늙은 검은 개의 아래에 있다는 것과 큰 검은 곰은 어린 하얀 여우의 위에 있다는 것이 모두 사실이라고 누군가 말한다.
en,dev_b,space,1,True,0,Someone says that the large white fox is to the left of the small yellow cat and the old green cow is to the right of the young black sheep.,Someone says that the small yellow cat is to the left of the large white fox and the young black sheep is to the right of the old green cow.
de,dev_b,space,1,True,0,"Jemand sagt, dass der große weiße Fuchs links von der kleinen gelben Katze ist und die alte grüne Kuh rechts von dem jungen schwarzen Schaf ist.","Jemand sagt, dass die kleine gelbe Katze links von dem großen weißen Fuchs ist und das junge schwarze Schaf rechts von der alten grünen Kuh ist."
ko,dev_b,space,1,True,0,큰 하얀 여우는 작은 노란 고양이의 왼쪽에 있다는 것과 늙은 초록색 소는 어린 검은 양의 오른쪽에 있다는 것이 모두 사실이라고 누군가 말한다.,작은 노란 고양이는 큰 하얀 여우의 왼쪽에 있다는 것과 어린 검은 양은 늙은 초록색 소의 오른쪽에 있다는 것이 모두 사실이라고 누군가 말한다.
en,dev_b,space,1,True,1,Someone says that the large white fox is to the left of the small yellow cat and the old green cow is to the right of the young black sheep.,Someone says that the small yellow cat is to the right of the large white fox and the young black sheep is to the left of the old green cow.
de,dev_b,space,1,True,1,"Jemand sagt, dass der große weiße Fuchs links von der kleinen gelben Katze ist und die alte grüne Kuh rechts von dem jungen schwarzen Schaf ist.","Jemand sagt, dass die kleine gelbe Katze rechts von dem großen weißen Fuchs ist und das junge schwarze Schaf links von der alten grünen Kuh ist."
ko,dev_b,space,1,True,1,큰 하얀 여우는 작은 노란 고양이의 왼쪽에 있다는 것과 늙은 초록색 소는 어린 검은 양의 오른쪽에 있다는 것이 모두 사실이라고 누군가 말한다.,작은 노란 고양이는 큰 하얀 여우의 오른쪽에 있다는 것과 어린 검은 양은 늙은 초록색 소의 왼쪽에 있다는 것이 모두 사실이라고 누군가 말한다.
en,dev_b,space,2,False,0,Someone says that the young white cow is to the left of the large green cow and the large red rabbit is to the right of the young black cow.,Someone says that the large green cow is to the left of the young white cow and the young black cow is to the right of the large red rabbit.
de,dev_b,space,2,False,0,"Jemand sagt, dass die junge weiße Kuh links von der großen grünen Kuh ist und das große rote Kaninchen rechts von der jungen schwarzen Kuh ist.","Jemand sagt, dass die große grüne Kuh links von der jungen weißen Kuh ist und die junge schwarze Kuh rechts von dem großen roten Kaninchen ist."
ko,dev_b,space,2,False,0,어린 하얀 소는 큰 초록색 소의 왼쪽에 있다는 것과 큰 빨간 토끼는 어린 검은 소의 오른쪽에 있다는 것이 모두 사실이라고 누군가 말한다.,큰 초록색 소는 어린 하얀 소의 왼쪽에 있다는 것과 어린 검은 소는 큰 빨간 토끼의 오른쪽에 있다는 것이 모두 사실이라고 누군가 말한다.
en,dev_b,space,2,False,1,Someone says that the young white cow is to the left of the large green cow and the large red rabbit is to the right of the young black cow.,Someone says that the large green cow is to the right of the young white cow and the young black cow is to the left of the large red rabbit.
de,dev_b,space,2,False,1,"Jemand sagt, dass die junge weiße Kuh links von der großen grünen Kuh ist und das große rote Kaninchen rechts von der jungen schwarzen Kuh ist.","Jemand sagt, dass die große grüne Kuh rechts von der jungen weißen Kuh ist und die junge schwarze Kuh links von dem großen roten Kaninchen ist."
ko,dev_b,space,2,False,1,어린 하얀 소는 큰 초록색 소의 왼쪽에 있다는 것과 큰 빨간 토끼는 어린 검은 소의 오른쪽에 있다는 것이 모두 사실이라고 누군가 말한다.,큰 초록색 소는 어린 하얀 소의 오른쪽에 있다는 것과 어린 검은 소는 큰 빨간 토끼의 왼쪽에 있다는 것이 모두 사실이라고 누군가 말한다.
en,dev_b,space,1,False,0,Someone says that the large black rabbit is to the right of the young green bear and the young yellow duck is to the left of the young white lion.,Someone says that the young green bear is to the right of the large black rabbit and the young white lion is to the left of the young yellow duck.
de,dev_b,space,1,False,0,"Jemand sagt, dass das große schwarze Kaninchen rechts von dem jungen grünen Bären ist und die junge gelbe Ente links von dem jungen weißen Löwen ist.","Jemand sagt, dass der junge grüne Bär rechts von dem großen schwarzen Kaninchen ist und der junge weiße Löwe links von der jungen gelben Ente ist."
ko,dev_b,space,1,False,0,큰 검은 토끼는 어린 초록색 곰의 오른쪽에 있다는 것과 어린 노란 오리는 어린 하얀 사자의 왼쪽에 있다는 것이 모두 사실이라고 누군가 말한다.,어린 초록색 곰은 큰 검은 토끼의 오른쪽에 있다는 것과 어린 하얀 사자는 어린 노란 오리의 왼쪽에 있다는 것이 모두 사실이라고 누군가 말한다.
en,dev_b,space,1,False,1,Someone says that the large black rabbit is to the right of the young green bear and the young yellow duck is to the left of the young white lion.,Someone says that the young green bear is to the left of the large black rabbit and the young white lion is to the right of the young yellow duck.
de,dev_b,space,1,False,1,"Jemand sagt, dass das große schwarze Kaninchen rechts von dem jungen grünen Bären ist und die junge gelbe Ente links von dem jungen weißen Löwen ist.","Jemand sagt, dass der junge grüne Bär links von dem großen schwarzen Kaninchen ist und der junge weiße Löwe rechts von der jungen gelben Ente ist."
ko,dev_b,space,1,False,1,큰 검은 토끼는 어린 초록색 곰의 오른쪽에 있다는 것과 어린 노란 오리는 어린 하얀 사자의 왼쪽에 있다는 것이 모두 사실이라고 누군가 말한다.,어린 초록색 곰은 큰 검은 토끼의 왼쪽에 있다는 것과 어린 하얀 사자는 어린 노란 오리의 오른쪽에 있다는 것이 모두 사실이라고 누군가 말한다.
en,dev_b,space,2,True,0,Someone says that the small black horse is behind the old black duck and the small white mouse is in front of the young green lion.,Someone says that the old black duck is behind the small black horse and the young green lion is in front of the small white mouse.
de,dev_b,space,2,True,0,"Jemand sagt, dass das kleine schwarze Pferd hinter der alten schwarzen Ente ist und die kleine weiße Maus vor dem jungen grünen Löwen ist.","Jemand sagt, dass die alte schwarze Ente hinter dem kleinen schwarzen Pferd ist und der junge grüne Löwe vor der kleinen weißen Maus ist."
ko,dev_b,space,2,True,0,작은 검은 말은 늙은 검은 오리의 뒤에 있다는 것과 작은 하얀 쥐는 어린 초록색 사자의 앞에 있다는 것이 모두 사실이라고 누군가 말한다.,늙은 검은 오리는 작은 검은 말의 뒤에 있다는 것과 어린 초록색 사자는 작은 하얀 쥐의 앞에 있다는 것이 모두 사실이라고 누군가 말한다.
en,dev_b,space,2,True,1,Someone says that the small black horse is behind the old black duck and the small white mouse is in front of the young green lion.,Someone says that the old black duck is in front of the small black horse and the young green lion is behind the small white mouse.
de,dev_b,space,2,True,1,"Jemand sagt, dass das kleine schwarze Pferd hinter der alten schwarzen Ente ist und die kleine weiße Maus vor dem jungen grünen Löwen ist.","Jemand sagt, dass die alte schwarze Ente vor dem kleinen schwarzen Pferd ist und der junge grüne Löwe hinter der kleinen weißen Maus ist."
ko,dev_b,space,2,True,1,작은 검은 말은 늙은 검은 오리의 뒤에 있다는 것과 작은 하얀 쥐는 어린 초록색 사자의 앞에 있다는 것이 모두 사실이라고 누군가 말한다.,늙은 검은 오리는 작은 검은 말의 앞에 있다는 것과 어린 초록색 사자는 작은 하얀 쥐의 뒤에 있다는 것이 모두 사실이라고 누군가 말한다.
en,dev_b,space,0,False,0,Someone says that the old green dog is above the old red cat and the old blue cow is below the small white rabbit.,Someone says that the old red cat is above the old green dog and the small white rabbit is below the old blue cow.
de,dev_b,space,0,False,0,"Jemand sagt, dass der alte grüne Hund oberhalb von der alten roten Katze ist und die alte blaue Kuh unterhalb von dem kleinen weißen Kaninchen ist.","Jemand sagt, dass die alte rote Katze oberhalb von dem alten grünen Hund ist und das kleine weiße Kaninchen unterhalb von der alten blauen Kuh ist."
ko,dev_b,space,0,False,0,늙은 초록색 개는 늙은 빨간 고양이의 위에 있다는 것과 늙은 파란 소는 작은 하얀 토끼의 아래에 있다는 것이 모두 사실이라고 누군가 말한다.,늙은 빨간 고양이는 늙은 초록색 개의 위에 있다는 것과 작은 하얀 토끼는 늙은 파란 소의 아래에 있다는 것이 모두 사실이라고 누군가 말한다.
en,dev_b,space,0,False,1,Someone says that the old green dog is above the old red cat and the old blue cow is below the small white rabbit.,Someone says that the old red cat is below the old green dog and the small white rabbit is above the old blue cow.
de,dev_b,space,0,False,1,"Jemand sagt, dass der alte grüne Hund oberhalb von der alten roten Katze ist und die alte blaue Kuh unterhalb von dem kleinen weißen Kaninchen ist.","Jemand sagt, dass die alte rote Katze unterhalb von dem alten grünen Hund ist und das kleine weiße Kaninchen oberhalb von der alten blauen Kuh ist."
ko,dev_b,space,0,False,1,늙은 초록색 개는 늙은 빨간 고양이의 위에 있다는 것과 늙은 파란 소는 작은 하얀 토끼의 아래에 있다는 것이 모두 사실이라고 누군가 말한다.,늙은 빨간 고양이는 늙은 초록색 개의 아래에 있다는 것과 작은 하얀 토끼는 늙은 파란 소의 위에 있다는 것이 모두 사실이라고 누군가 말한다.
en,dev_b,quantity,1,False,0,Someone says that there are five small red foxes and six small yellow foxes.,Someone says that there are five small yellow foxes and six small red foxes.
de,dev_b,quantity,1,False,0,"Jemand sagt, dass es fünf kleine rote Füchse und sechs kleine gelbe Füchse gibt.","Jemand sagt, dass es fünf kleine gelbe Füchse und sechs kleine rote Füchse gibt."
ko,dev_b,quantity,1,False,0,작은 빨간 여우 다섯 마리와 작은 노란 여우 여섯 마리가 있다고 누군가 말한다.,작은 노란 여우 다섯 마리와 작은 빨간 여우 여섯 마리가 있다고 누군가 말한다.
en,dev_b,quantity,1,False,1,Someone says that there are five small red foxes and six small yellow foxes.,Someone says that there are six small yellow foxes and five small red foxes.
de,dev_b,quantity,1,False,1,"Jemand sagt, dass es fünf kleine rote Füchse und sechs kleine gelbe Füchse gibt.","Jemand sagt, dass es sechs kleine gelbe Füchse und fünf kleine rote Füchse gibt."
ko,dev_b,quantity,1,False,1,작은 빨간 여우 다섯 마리와 작은 노란 여우 여섯 마리가 있다고 누군가 말한다.,작은 노란 여우 여섯 마리와 작은 빨간 여우 다섯 마리가 있다고 누군가 말한다.
en,dev_b,quantity,0,False,0,Someone says that there are five small white foxes and two large white ducks.,Someone says that there are five large white ducks and two small white foxes.
de,dev_b,quantity,0,False,0,"Jemand sagt, dass es fünf kleine weiße Füchse und zwei große weiße Enten gibt.","Jemand sagt, dass es fünf große weiße Enten und zwei kleine weiße Füchse gibt."
ko,dev_b,quantity,0,False,0,작은 하얀 여우 다섯 마리와 큰 하얀 오리 두 마리가 있다고 누군가 말한다.,큰 하얀 오리 다섯 마리와 작은 하얀 여우 두 마리가 있다고 누군가 말한다.
en,dev_b,quantity,0,False,1,Someone says that there are five small white foxes and two large white ducks.,Someone says that there are two large white ducks and five small white foxes.
de,dev_b,quantity,0,False,1,"Jemand sagt, dass es fünf kleine weiße Füchse und zwei große weiße Enten gibt.","Jemand sagt, dass es zwei große weiße Enten und fünf kleine weiße Füchse gibt."
ko,dev_b,quantity,0,False,1,작은 하얀 여우 다섯 마리와 큰 하얀 오리 두 마리가 있다고 누군가 말한다.,큰 하얀 오리 두 마리와 작은 하얀 여우 다섯 마리가 있다고 누군가 말한다.
en,dev_b,quantity,0,True,0,Someone says that there are eight large blue lions and seven small white hens.,Someone says that there are eight small white hens and seven large blue lions.
de,dev_b,quantity,0,True,0,"Jemand sagt, dass es acht große blaue Löwen und sieben kleine weiße Hühner gibt.","Jemand sagt, dass es acht kleine weiße Hühner und sieben große blaue Löwen gibt."
ko,dev_b,quantity,0,True,0,큰 파란 사자 여덟 마리와 작은 하얀 닭 일곱 마리가 있다고 누군가 말한다.,작은 하얀 닭 여덟 마리와 큰 파란 사자 일곱 마리가 있다고 누군가 말한다.
en,dev_b,quantity,0,True,1,Someone says that there are eight large blue lions and seven small white hens.,Someone says that there are seven small white hens and eight large blue lions.
de,dev_b,quantity,0,True,1,"Jemand sagt, dass es acht große blaue Löwen und sieben kleine weiße Hühner gibt.","Jemand sagt, dass es sieben kleine weiße Hühner und acht große blaue Löwen gibt."
ko,dev_b,quantity,0,True,1,큰 파란 사자 여덟 마리와 작은 하얀 닭 일곱 마리가 있다고 누군가 말한다.,작은 하얀 닭 일곱 마리와 큰 파란 사자 여덟 마리가 있다고 누군가 말한다.
en,dev_b,quantity,2,False,0,Someone says that there are three large yellow ducks and four young white cows.,Someone says that there are three young white cows and four large yellow ducks.
de,dev_b,quantity,2,False,0,"Jemand sagt, dass es drei große gelbe Enten und vier junge weiße Kühe gibt.","Jemand sagt, dass es drei junge weiße Kühe und vier große gelbe Enten gibt."
ko,dev_b,quantity,2,False,0,큰 노란 오리 세 마리와 어린 하얀 소 네 마리가 있다고 누군가 말한다.,어린 하얀 소 세 마리와 큰 노란 오리 네 마리가 있다고 누군가 말한다.
en,dev_b,quantity,2,False,1,Someone says that there are three large yellow ducks and four young white cows.,Someone says that there are four young white cows and three large yellow ducks.
de,dev_b,quantity,2,False,1,"Jemand sagt, dass es drei große gelbe Enten und vier junge weiße Kühe gibt.","Jemand sagt, dass es vier junge weiße Kühe und drei große gelbe Enten gibt."
ko,dev_b,quantity,2,False,1,큰 노란 오리 세 마리와 어린 하얀 소 네 마리가 있다고 누군가 말한다.,어린 하얀 소 네 마리와 큰 노란 오리 세 마리가 있다고 누군가 말한다.
en,dev_b,quantity,2,True,0,Someone says that there are three young black ducks and five old yellow hens.,Someone says that there are three old yellow hens and five young black ducks.
de,dev_b,quantity,2,True,0,"Jemand sagt, dass es drei junge schwarze Enten und fünf alte gelbe Hühner gibt.","Jemand sagt, dass es drei alte gelbe Hühner und fünf junge schwarze Enten gibt."
ko,dev_b,quantity,2,True,0,어린 검은 오리 세 마리와 늙은 노란 닭 다섯 마리가 있다고 누군가 말한다.,늙은 노란 닭 세 마리와 어린 검은 오리 다섯 마리가 있다고 누군가 말한다.
en,dev_b,quantity,2,True,1,Someone says that there are three young black ducks and five old yellow hens.,Someone says that there are five old yellow hens and three young black ducks.
de,dev_b,quantity,2,True,1,"Jemand sagt, dass es drei junge schwarze Enten und fünf alte gelbe Hühner gibt.","Jemand sagt, dass es fünf alte gelbe Hühner und drei junge schwarze Enten gibt."
ko,dev_b,quantity,2,True,1,어린 검은 오리 세 마리와 늙은 노란 닭 다섯 마리가 있다고 누군가 말한다.,늙은 노란 닭 다섯 마리와 어린 검은 오리 세 마리가 있다고 누군가 말한다.
en,dev_b,quantity,1,True,0,Someone says that there are three young white hens and two small white dogs.,Someone says that there are three small white dogs and two young white hens.
de,dev_b,quantity,1,True,0,"Jemand sagt, dass es drei junge weiße Hühner und zwei kleine weiße Hunde gibt.","Jemand sagt, dass es drei kleine weiße Hunde und zwei junge weiße Hühner gibt."
ko,dev_b,quantity,1,True,0,어린 하얀 닭 세 마리와 작은 하얀 개 두 마리가 있다고 누군가 말한다.,작은 하얀 개 세 마리와 어린 하얀 닭 두 마리가 있다고 누군가 말한다.
en,dev_b,quantity,1,True,1,Someone says that there are three young white hens and two small white dogs.,Someone says that there are two small white dogs and three young white hens.
de,dev_b,quantity,1,True,1,"Jemand sagt, dass es drei junge weiße Hühner und zwei kleine weiße Hunde gibt.","Jemand sagt, dass es zwei kleine weiße Hunde und drei junge weiße Hühner gibt."
ko,dev_b,quantity,1,True,1,어린 하얀 닭 세 마리와 작은 하얀 개 두 마리가 있다고 누군가 말한다.,작은 하얀 개 두 마리와 어린 하얀 닭 세 마리가 있다고 누군가 말한다.
en,test,roles,0,False,0,"If the small white lion sees the small red fox and the small red fox greets the small white lion, a bell rings.","If the small red fox is greeted by the small white lion and the small white lion is seen by the small red fox, a bell rings."
de,test,roles,0,False,0,"Wenn der kleine weiße Löwe den kleinen roten Fuchs sieht und der kleine rote Fuchs den kleinen weißen Löwen grüßt, klingelt eine Glocke.","Wenn der kleine rote Fuchs von dem kleinen weißen Löwen gegrüßt wird und der kleine weiße Löwe von dem kleinen roten Fuchs gesehen wird, klingelt eine Glocke."
ko,test,roles,0,False,0,만약 작은 하얀 사자가 작은 빨간 여우를 본다는 것과 작은 빨간 여우가 작은 하얀 사자를 맞이한다는 것이 모두 사실이라면 종이 울린다.,만약 작은 빨간 여우를 작은 하얀 사자가 맞이한다는 것과 작은 하얀 사자를 작은 빨간 여우가 본다는 것이 모두 사실이라면 종이 울린다.
en,test,roles,0,False,1,"If the small white lion sees the small red fox and the small red fox greets the small white lion, a bell rings.","If the small red fox is seen by the small white lion and the small white lion is greeted by the small red fox, a bell rings."
de,test,roles,0,False,1,"Wenn der kleine weiße Löwe den kleinen roten Fuchs sieht und der kleine rote Fuchs den kleinen weißen Löwen grüßt, klingelt eine Glocke.","Wenn der kleine rote Fuchs von dem kleinen weißen Löwen gesehen wird und der kleine weiße Löwe von dem kleinen roten Fuchs gegrüßt wird, klingelt eine Glocke."
ko,test,roles,0,False,1,만약 작은 하얀 사자가 작은 빨간 여우를 본다는 것과 작은 빨간 여우가 작은 하얀 사자를 맞이한다는 것이 모두 사실이라면 종이 울린다.,만약 작은 빨간 여우를 작은 하얀 사자가 본다는 것과 작은 하얀 사자를 작은 빨간 여우가 맞이한다는 것이 모두 사실이라면 종이 울린다.
en,test,roles,1,False,0,"If the large yellow bear greets the small black duck and the small black duck sees the large yellow bear, a bell rings.","If the small black duck is seen by the large yellow bear and the large yellow bear is greeted by the small black duck, a bell rings."
de,test,roles,1,False,0,"Wenn der große gelbe Bär die kleine schwarze Ente grüßt und die kleine schwarze Ente den großen gelben Bären sieht, klingelt eine Glocke.","Wenn die kleine schwarze Ente von dem großen gelben Bären gesehen wird und der große gelbe Bär von der kleinen schwarzen Ente gegrüßt wird, klingelt eine Glocke."
ko,test,roles,1,False,0,만약 큰 노란 곰이 작은 검은 오리를 맞이한다는 것과 작은 검은 오리가 큰 노란 곰을 본다는 것이 모두 사실이라면 종이 울린다.,만약 작은 검은 오리를 큰 노란 곰이 본다는 것과 큰 노란 곰을 작은 검은 오리가 맞이한다는 것이 모두 사실이라면 종이 울린다.
en,test,roles,1,False,1,"If the large yellow bear greets the small black duck and the small black duck sees the large yellow bear, a bell rings.","If the small black duck is greeted by the large yellow bear and the large yellow bear is seen by the small black duck, a bell rings."
de,test,roles,1,False,1,"Wenn der große gelbe Bär die kleine schwarze Ente grüßt und die kleine schwarze Ente den großen gelben Bären sieht, klingelt eine Glocke.","Wenn die kleine schwarze Ente von dem großen gelben Bären gegrüßt wird und der große gelbe Bär von der kleinen schwarzen Ente gesehen wird, klingelt eine Glocke."
ko,test,roles,1,False,1,만약 큰 노란 곰이 작은 검은 오리를 맞이한다는 것과 작은 검은 오리가 큰 노란 곰을 본다는 것이 모두 사실이라면 종이 울린다.,만약 작은 검은 오리를 큰 노란 곰이 맞이한다는 것과 큰 노란 곰을 작은 검은 오리가 본다는 것이 모두 사실이라면 종이 울린다.
en,test,roles,2,False,0,"If the small blue cat follows the large green cat and the large green cat greets the small blue cat, a bell rings.","If the large green cat is greeted by the small blue cat and the small blue cat is followed by the large green cat, a bell rings."
de,test,roles,2,False,0,"Wenn die kleine blaue Katze die große grüne Katze verfolgt und die große grüne Katze die kleine blaue Katze grüßt, klingelt eine Glocke.","Wenn die große grüne Katze von der kleinen blauen Katze gegrüßt wird und die kleine blaue Katze von der großen grünen Katze verfolgt wird, klingelt eine Glocke."
ko,test,roles,2,False,0,만약 작은 파란 고양이가 큰 초록색 고양이를 뒤따른다는 것과 큰 초록색 고양이가 작은 파란 고양이를 맞이한다는 것이 모두 사실이라면 종이 울린다.,만약 큰 초록색 고양이를 작은 파란 고양이가 맞이한다는 것과 작은 파란 고양이를 큰 초록색 고양이가 뒤따른다는 것이 모두 사실이라면 종이 울린다.
en,test,roles,2,False,1,"If the small blue cat follows the large green cat and the large green cat greets the small blue cat, a bell rings.","If the large green cat is followed by the small blue cat and the small blue cat is greeted by the large green cat, a bell rings."
de,test,roles,2,False,1,"Wenn die kleine blaue Katze die große grüne Katze verfolgt und die große grüne Katze die kleine blaue Katze grüßt, klingelt eine Glocke.","Wenn die große grüne Katze von der kleinen blauen Katze verfolgt wird und die kleine blaue Katze von der großen grünen Katze gegrüßt wird, klingelt eine Glocke."
ko,test,roles,2,False,1,만약 작은 파란 고양이가 큰 초록색 고양이를 뒤따른다는 것과 큰 초록색 고양이가 작은 파란 고양이를 맞이한다는 것이 모두 사실이라면 종이 울린다.,만약 큰 초록색 고양이를 작은 파란 고양이가 뒤따른다는 것과 작은 파란 고양이를 큰 초록색 고양이가 맞이한다는 것이 모두 사실이라면 종이 울린다.
en,test,negation,1,True,0,"If the large white fox does not greet the young white fox and the young white fox greets the large white fox, a bell rings.","If the young white fox is greeted by the large white fox and the large white fox is not greeted by the young white fox, a bell rings."
de,test,negation,1,True,0,"Wenn der große weiße Fuchs den jungen weißen Fuchs nicht grüßt und der junge weiße Fuchs den großen weißen Fuchs grüßt, klingelt eine Glocke.","Wenn der junge weiße Fuchs von dem großen weißen Fuchs gegrüßt wird und der große weiße Fuchs nicht von dem jungen weißen Fuchs gegrüßt wird, klingelt eine Glocke."
ko,test,negation,1,True,0,만약 큰 하얀 여우가 어린 하얀 여우를 맞이하지 않는다는 것과 어린 하얀 여우가 큰 하얀 여우를 맞이한다는 것이 모두 사실이라면 종이 울린다.,만약 어린 하얀 여우를 큰 하얀 여우가 맞이한다는 것과 큰 하얀 여우를 어린 하얀 여우가 맞이하지 않는다는 것이 모두 사실이라면 종이 울린다.
en,test,negation,1,True,1,"If the large white fox does not greet the young white fox and the young white fox greets the large white fox, a bell rings.","If the young white fox is not greeted by the large white fox and the large white fox is greeted by the young white fox, a bell rings."
de,test,negation,1,True,1,"Wenn der große weiße Fuchs den jungen weißen Fuchs nicht grüßt und der junge weiße Fuchs den großen weißen Fuchs grüßt, klingelt eine Glocke.","Wenn der junge weiße Fuchs nicht von dem großen weißen Fuchs gegrüßt wird und der große weiße Fuchs von dem jungen weißen Fuchs gegrüßt wird, klingelt eine Glocke."
ko,test,negation,1,True,1,만약 큰 하얀 여우가 어린 하얀 여우를 맞이하지 않는다는 것과 어린 하얀 여우가 큰 하얀 여우를 맞이한다는 것이 모두 사실이라면 종이 울린다.,만약 어린 하얀 여우를 큰 하얀 여우가 맞이하지 않는다는 것과 큰 하얀 여우를 어린 하얀 여우가 맞이한다는 것이 모두 사실이라면 종이 울린다.
en,test,negation,2,True,0,"If the small green lion does not follow the old yellow cat and the old yellow cat follows the small green lion, a bell rings.","If the old yellow cat is followed by the small green lion and the small green lion is not followed by the old yellow cat, a bell rings."
de,test,negation,2,True,0,"Wenn der kleine grüne Löwe die alte gelbe Katze nicht verfolgt und die alte gelbe Katze den kleinen grünen Löwen verfolgt, klingelt eine Glocke.","Wenn die alte gelbe Katze von dem kleinen grünen Löwen verfolgt wird und der kleine grüne Löwe nicht von der alten gelben Katze verfolgt wird, klingelt eine Glocke."
ko,test,negation,2,True,0,만약 작은 초록색 사자가 늙은 노란 고양이를 뒤따르지 않는다는 것과 늙은 노란 고양이가 작은 초록색 사자를 뒤따른다는 것이 모두 사실이라면 종이 울린다.,만약 늙은 노란 고양이를 작은 초록색 사자가 뒤따른다는 것과 작은 초록색 사자를 늙은 노란 고양이가 뒤따르지 않는다는 것이 모두 사실이라면 종이 울린다.
en,test,negation,2,True,1,"If the small green lion does not follow the old yellow cat and the old yellow cat follows the small green lion, a bell rings.","If the old yellow cat is not followed by the small green lion and the small green lion is followed by the old yellow cat, a bell rings."
de,test,negation,2,True,1,"Wenn der kleine grüne Löwe die alte gelbe Katze nicht verfolgt und die alte gelbe Katze den kleinen grünen Löwen verfolgt, klingelt eine Glocke.","Wenn die alte gelbe Katze nicht von dem kleinen grünen Löwen verfolgt wird und der kleine grüne Löwe von der alten gelben Katze verfolgt wird, klingelt eine Glocke."
ko,test,negation,2,True,1,만약 작은 초록색 사자가 늙은 노란 고양이를 뒤따르지 않는다는 것과 늙은 노란 고양이가 작은 초록색 사자를 뒤따른다는 것이 모두 사실이라면 종이 울린다.,만약 늙은 노란 고양이를 작은 초록색 사자가 뒤따르지 않는다는 것과 작은 초록색 사자를 늙은 노란 고양이가 뒤따른다는 것이 모두 사실이라면 종이 울린다.
en,test,negation,0,False,0,"If the old green lion sees the large white hen and the large white hen does not see the old green lion, a bell rings.","If the large white hen is not seen by the old green lion and the old green lion is seen by the large white hen, a bell rings."
de,test,negation,0,False,0,"Wenn der alte grüne Löwe das große weiße Huhn sieht und das große weiße Huhn den alten grünen Löwen nicht sieht, klingelt eine Glocke.","Wenn das große weiße Huhn nicht von dem alten grünen Löwen gesehen wird und der alte grüne Löwe von dem großen weißen Huhn gesehen wird, klingelt eine Glocke."
ko,test,negation,0,False,0,만약 늙은 초록색 사자가 큰 하얀 닭을 본다는 것과 큰 하얀 닭이 늙은 초록색 사자를 보지 않는다는 것이 모두 사실이라면 종이 울린다.,만약 큰 하얀 닭을 늙은 초록색 사자가 보지 않는다는 것과 늙은 초록색 사자를 큰 하얀 닭이 본다는 것이 모두 사실이라면 종이 울린다.
en,test,negation,0,False,1,"If the old green lion sees the large white hen and the large white hen does not see the old green lion, a bell rings.","If the large white hen is seen by the old green lion and the old green lion is not seen by the large white hen, a bell rings."
de,test,negation,0,False,1,"Wenn der alte grüne Löwe das große weiße Huhn sieht und das große weiße Huhn den alten grünen Löwen nicht sieht, klingelt eine Glocke.","Wenn das große weiße Huhn von dem alten grünen Löwen gesehen wird und der alte grüne Löwe nicht von dem großen weißen Huhn gesehen wird, klingelt eine Glocke."
ko,test,negation,0,False,1,만약 늙은 초록색 사자가 큰 하얀 닭을 본다는 것과 큰 하얀 닭이 늙은 초록색 사자를 보지 않는다는 것이 모두 사실이라면 종이 울린다.,만약 큰 하얀 닭을 늙은 초록색 사자가 본다는 것과 늙은 초록색 사자를 큰 하얀 닭이 보지 않는다는 것이 모두 사실이라면 종이 울린다.
en,test,negation,1,False,0,"If the old white cat greets the old green bear and the old green bear does not greet the old white cat, a bell rings.","If the old green bear is not greeted by the old white cat and the old white cat is greeted by the old green bear, a bell rings."
de,test,negation,1,False,0,"Wenn die alte weiße Katze den alten grünen Bären grüßt und der alte grüne Bär die alte weiße Katze nicht grüßt, klingelt eine Glocke.","Wenn der alte grüne Bär nicht von der alten weißen Katze gegrüßt wird und die alte weiße Katze von dem alten grünen Bären gegrüßt wird, klingelt eine Glocke."
ko,test,negation,1,False,0,만약 늙은 하얀 고양이가 늙은 초록색 곰을 맞이한다는 것과 늙은 초록색 곰이 늙은 하얀 고양이를 맞이하지 않는다는 것이 모두 사실이라면 종이 울린다.,만약 늙은 초록색 곰을 늙은 하얀 고양이가 맞이하지 않는다는 것과 늙은 하얀 고양이를 늙은 초록색 곰이 맞이한다는 것이 모두 사실이라면 종이 울린다.
en,test,negation,1,False,1,"If the old white cat greets the old green bear and the old green bear does not greet the old white cat, a bell rings.","If the old green bear is greeted by the old white cat and the old white cat is not greeted by the old green bear, a bell rings."
de,test,negation,1,False,1,"Wenn die alte weiße Katze den alten grünen Bären grüßt und der alte grüne Bär die alte weiße Katze nicht grüßt, klingelt eine Glocke.","Wenn der alte grüne Bär von der alten weißen Katze gegrüßt wird und die alte weiße Katze nicht von dem alten grünen Bären gegrüßt wird, klingelt eine Glocke."
ko,test,negation,1,False,1,만약 늙은 하얀 고양이가 늙은 초록색 곰을 맞이한다는 것과 늙은 초록색 곰이 늙은 하얀 고양이를 맞이하지 않는다는 것이 모두 사실이라면 종이 울린다.,만약 늙은 초록색 곰을 늙은 하얀 고양이가 맞이한다는 것과 늙은 하얀 고양이를 늙은 초록색 곰이 맞이하지 않는다는 것이 모두 사실이라면 종이 울린다.
en,test,negation,0,True,0,"If the old white sheep does not see the large black fox and the large black fox sees the old white sheep, a bell rings.","If the large black fox is seen by the old white sheep and the old white sheep is not seen by the large black fox, a bell rings."
de,test,negation,0,True,0,"Wenn das alte weiße Schaf den großen schwarzen Fuchs nicht sieht und der große schwarze Fuchs das alte weiße Schaf sieht, klingelt eine Glocke.","Wenn der große schwarze Fuchs von dem alten weißen Schaf gesehen wird und das alte weiße Schaf nicht von dem großen schwarzen Fuchs gesehen wird, klingelt eine Glocke."
ko,test,negation,0,True,0,만약 늙은 하얀 양이 큰 검은 여우를 보지 않는다는 것과 큰 검은 여우가 늙은 하얀 양을 본다는 것이 모두 사실이라면 종이 울린다.,만약 큰 검은 여우를 늙은 하얀 양이 본다는 것과 늙은 하얀 양을 큰 검은 여우가 보지 않는다는 것이 모두 사실이라면 종이 울린다.
en,test,negation,0,True,1,"If the old white sheep does not see the large black fox and the large black fox sees the old white sheep, a bell rings.","If the large black fox is not seen by the old white sheep and the old white sheep is seen by the large black fox, a bell rings."
de,test,negation,0,True,1,"Wenn das alte weiße Schaf den großen schwarzen Fuchs nicht sieht und der große schwarze Fuchs das alte weiße Schaf sieht, klingelt eine Glocke.","Wenn der große schwarze Fuchs nicht von dem alten weißen Schaf gesehen wird und das alte weiße Schaf von dem großen schwarzen Fuchs gesehen wird, klingelt eine Glocke."
ko,test,negation,0,True,1,만약 늙은 하얀 양이 큰 검은 여우를 보지 않는다는 것과 큰 검은 여우가 늙은 하얀 양을 본다는 것이 모두 사실이라면 종이 울린다.,만약 큰 검은 여우를 늙은 하얀 양이 보지 않는다는 것과 늙은 하얀 양을 큰 검은 여우가 본다는 것이 모두 사실이라면 종이 울린다.
en,test,negation,2,False,0,"If the small blue mouse follows the old blue hen and the old blue hen does not follow the small blue mouse, a bell rings.","If the old blue hen is not followed by the small blue mouse and the small blue mouse is followed by the old blue hen, a bell rings."
de,test,negation,2,False,0,"Wenn die kleine blaue Maus das alte blaue Huhn verfolgt und das alte blaue Huhn die kleine blaue Maus nicht verfolgt, klingelt eine Glocke.","Wenn das alte blaue Huhn nicht von der kleinen blauen Maus verfolgt wird und die kleine blaue Maus von dem alten blauen Huhn verfolgt wird, klingelt eine Glocke."
ko,test,negation,2,False,0,만약 작은 파란 쥐가 늙은 파란 닭을 뒤따른다는 것과 늙은 파란 닭이 작은 파란 쥐를 뒤따르지 않는다는 것이 모두 사실이라면 종이 울린다.,만약 늙은 파란 닭을 작은 파란 쥐가 뒤따르지 않는다는 것과 작은 파란 쥐를 늙은 파란 닭이 뒤따른다는 것이 모두 사실이라면 종이 울린다.
en,test,negation,2,False,1,"If the small blue mouse follows the old blue hen and the old blue hen does not follow the small blue mouse, a bell rings.","If the old blue hen is followed by the small blue mouse and the small blue mouse is not followed by the old blue hen, a bell rings."
de,test,negation,2,False,1,"Wenn die kleine blaue Maus das alte blaue Huhn verfolgt und das alte blaue Huhn die kleine blaue Maus nicht verfolgt, klingelt eine Glocke.","Wenn das alte blaue Huhn von der kleinen blauen Maus verfolgt wird und die kleine blaue Maus nicht von dem alten blauen Huhn verfolgt wird, klingelt eine Glocke."
ko,test,negation,2,False,1,만약 작은 파란 쥐가 늙은 파란 닭을 뒤따른다는 것과 늙은 파란 닭이 작은 파란 쥐를 뒤따르지 않는다는 것이 모두 사실이라면 종이 울린다.,만약 늙은 파란 닭을 작은 파란 쥐가 뒤따른다는 것과 작은 파란 쥐를 늙은 파란 닭이 뒤따르지 않는다는 것이 모두 사실이라면 종이 울린다.
en,test,space,2,False,0,"If the young black fox is in front of the large black bear and the young green dog is behind the small green sheep, a bell rings.","If the large black bear is in front of the young black fox and the small green sheep is behind the young green dog, a bell rings."
de,test,space,2,False,0,"Wenn der junge schwarze Fuchs vor dem großen schwarzen Bären ist und der junge grüne Hund hinter dem kleinen grünen Schaf ist, klingelt eine Glocke.","Wenn der große schwarze Bär vor dem jungen schwarzen Fuchs ist und das kleine grüne Schaf hinter dem jungen grünen Hund ist, klingelt eine Glocke."
ko,test,space,2,False,0,만약 어린 검은 여우는 큰 검은 곰의 앞에 있다는 것과 어린 초록색 개는 작은 초록색 양의 뒤에 있다는 것이 모두 사실이라면 종이 울린다.,만약 큰 검은 곰은 어린 검은 여우의 앞에 있다는 것과 작은 초록색 양은 어린 초록색 개의 뒤에 있다는 것이 모두 사실이라면 종이 울린다.
en,test,space,2,False,1,"If the young black fox is in front of the large black bear and the young green dog is behind the small green sheep, a bell rings.","If the large black bear is behind the young black fox and the small green sheep is in front of the young green dog, a bell rings."
de,test,space,2,False,1,"Wenn der junge schwarze Fuchs vor dem großen schwarzen Bären ist und der junge grüne Hund hinter dem kleinen grünen Schaf ist, klingelt eine Glocke.","Wenn der große schwarze Bär hinter dem jungen schwarzen Fuchs ist und das kleine grüne Schaf vor dem jungen grünen Hund ist, klingelt eine Glocke."
ko,test,space,2,False,1,만약 어린 검은 여우는 큰 검은 곰의 앞에 있다는 것과 어린 초록색 개는 작은 초록색 양의 뒤에 있다는 것이 모두 사실이라면 종이 울린다.,만약 큰 검은 곰은 어린 검은 여우의 뒤에 있다는 것과 작은 초록색 양은 어린 초록색 개의 앞에 있다는 것이 모두 사실이라면 종이 울린다.
en,test,space,0,False,0,"If the small yellow fox is above the small white duck and the old green fox is below the small white rabbit, a bell rings.","If the small white duck is above the small yellow fox and the small white rabbit is below the old green fox, a bell rings."
de,test,space,0,False,0,"Wenn der kleine gelbe Fuchs oberhalb von der kleinen weißen Ente ist und der alte grüne Fuchs unterhalb von dem kleinen weißen Kaninchen ist, klingelt eine Glocke.","Wenn die kleine weiße Ente oberhalb von dem kleinen gelben Fuchs ist und das kleine weiße Kaninchen unterhalb von dem alten grünen Fuchs ist, klingelt eine Glocke."
ko,test,space,0,False,0,만약 작은 노란 여우는 작은 하얀 오리의 위에 있다는 것과 늙은 초록색 여우는 작은 하얀 토끼의 아래에 있다는 것이 모두 사실이라면 종이 울린다.,만약 작은 하얀 오리는 작은 노란 여우의 위에 있다는 것과 작은 하얀 토끼는 늙은 초록색 여우의 아래에 있다는 것이 모두 사실이라면 종이 울린다.
en,test,space,0,False,1,"If the small yellow fox is above the small white duck and the old green fox is below the small white rabbit, a bell rings.","If the small white duck is below the small yellow fox and the small white rabbit is above the old green fox, a bell rings."
de,test,space,0,False,1,"Wenn der kleine gelbe Fuchs oberhalb von der kleinen weißen Ente ist und der alte grüne Fuchs unterhalb von dem kleinen weißen Kaninchen ist, klingelt eine Glocke.","Wenn die kleine weiße Ente unterhalb von dem kleinen gelben Fuchs ist und das kleine weiße Kaninchen oberhalb von dem alten grünen Fuchs ist, klingelt eine Glocke."
ko,test,space,0,False,1,만약 작은 노란 여우는 작은 하얀 오리의 위에 있다는 것과 늙은 초록색 여우는 작은 하얀 토끼의 아래에 있다는 것이 모두 사실이라면 종이 울린다.,만약 작은 하얀 오리는 작은 노란 여우의 아래에 있다는 것과 작은 하얀 토끼는 늙은 초록색 여우의 위에 있다는 것이 모두 사실이라면 종이 울린다.
en,test,space,2,True,0,"If the young blue cow is to the right of the young white bear and the young yellow lion is to the left of the young blue duck, a bell rings.","If the young white bear is to the right of the young blue cow and the young blue duck is to the left of the young yellow lion, a bell rings."
de,test,space,2,True,0,"Wenn die junge blaue Kuh rechts von dem jungen weißen Bären ist und der junge gelbe Löwe links von der jungen blauen Ente ist, klingelt eine Glocke.","Wenn der junge weiße Bär rechts von der jungen blauen Kuh ist und die junge blaue Ente links von dem jungen gelben Löwen ist, klingelt eine Glocke."
ko,test,space,2,True,0,만약 어린 파란 소는 어린 하얀 곰의 오른쪽에 있다는 것과 어린 노란 사자는 어린 파란 오리의 왼쪽에 있다는 것이 모두 사실이라면 종이 울린다.,만약 어린 하얀 곰은 어린 파란 소의 오른쪽에 있다는 것과 어린 파란 오리는 어린 노란 사자의 왼쪽에 있다는 것이 모두 사실이라면 종이 울린다.
en,test,space,2,True,1,"If the young blue cow is to the right of the young white bear and the young yellow lion is to the left of the young blue duck, a bell rings.","If the young white bear is to the left of the young blue cow and the young blue duck is to the right of the young yellow lion, a bell rings."
de,test,space,2,True,1,"Wenn die junge blaue Kuh rechts von dem jungen weißen Bären ist und der junge gelbe Löwe links von der jungen blauen Ente ist, klingelt eine Glocke.","Wenn der junge weiße Bär links von der jungen blauen Kuh ist und die junge blaue Ente rechts von dem jungen gelben Löwen ist, klingelt eine Glocke."
ko,test,space,2,True,1,만약 어린 파란 소는 어린 하얀 곰의 오른쪽에 있다는 것과 어린 노란 사자는 어린 파란 오리의 왼쪽에 있다는 것이 모두 사실이라면 종이 울린다.,만약 어린 하얀 곰은 어린 파란 소의 왼쪽에 있다는 것과 어린 파란 오리는 어린 노란 사자의 오른쪽에 있다는 것이 모두 사실이라면 종이 울린다.
en,test,space,1,True,0,"If the large white hen is to the right of the young yellow horse and the young white lion is to the left of the young red rabbit, a bell rings.","If the young yellow horse is to the right of the large white hen and the young red rabbit is to the left of the young white lion, a bell rings."
de,test,space,1,True,0,"Wenn das große weiße Huhn rechts von dem jungen gelben Pferd ist und der junge weiße Löwe links von dem jungen roten Kaninchen ist, klingelt eine Glocke.","Wenn das junge gelbe Pferd rechts von dem großen weißen Huhn ist und das junge rote Kaninchen links von dem jungen weißen Löwen ist, klingelt eine Glocke."
ko,test,space,1,True,0,만약 큰 하얀 닭은 어린 노란 말의 오른쪽에 있다는 것과 어린 하얀 사자는 어린 빨간 토끼의 왼쪽에 있다는 것이 모두 사실이라면 종이 울린다.,만약 어린 노란 말은 큰 하얀 닭의 오른쪽에 있다는 것과 어린 빨간 토끼는 어린 하얀 사자의 왼쪽에 있다는 것이 모두 사실이라면 종이 울린다.
en,test,space,1,True,1,"If the large white hen is to the right of the young yellow horse and the young white lion is to the left of the young red rabbit, a bell rings.","If the young yellow horse is to the left of the large white hen and the young red rabbit is to the right of the young white lion, a bell rings."
de,test,space,1,True,1,"Wenn das große weiße Huhn rechts von dem jungen gelben Pferd ist und der junge weiße Löwe links von dem jungen roten Kaninchen ist, klingelt eine Glocke.","Wenn das junge gelbe Pferd links von dem großen weißen Huhn ist und das junge rote Kaninchen rechts von dem jungen weißen Löwen ist, klingelt eine Glocke."
ko,test,space,1,True,1,만약 큰 하얀 닭은 어린 노란 말의 오른쪽에 있다는 것과 어린 하얀 사자는 어린 빨간 토끼의 왼쪽에 있다는 것이 모두 사실이라면 종이 울린다.,만약 어린 노란 말은 큰 하얀 닭의 왼쪽에 있다는 것과 어린 빨간 토끼는 어린 하얀 사자의 오른쪽에 있다는 것이 모두 사실이라면 종이 울린다.
en,test,space,0,True,0,"If the small green bear is above the young green bear and the small blue lion is below the old red horse, a bell rings.","If the young green bear is above the small green bear and the old red horse is below the small blue lion, a bell rings."
de,test,space,0,True,0,"Wenn der kleine grüne Bär oberhalb von dem jungen grünen Bären ist und der kleine blaue Löwe unterhalb von dem alten roten Pferd ist, klingelt eine Glocke.","Wenn der junge grüne Bär oberhalb von dem kleinen grünen Bären ist und das alte rote Pferd unterhalb von dem kleinen blauen Löwen ist, klingelt eine Glocke."
ko,test,space,0,True,0,만약 작은 초록색 곰은 어린 초록색 곰의 위에 있다는 것과 작은 파란 사자는 늙은 빨간 말의 아래에 있다는 것이 모두 사실이라면 종이 울린다.,만약 어린 초록색 곰은 작은 초록색 곰의 위에 있다는 것과 늙은 빨간 말은 작은 파란 사자의 아래에 있다는 것이 모두 사실이라면 종이 울린다.
en,test,space,0,True,1,"If the small green bear is above the young green bear and the small blue lion is below the old red horse, a bell rings.","If the young green bear is below the small green bear and the old red horse is above the small blue lion, a bell rings."
de,test,space,0,True,1,"Wenn der kleine grüne Bär oberhalb von dem jungen grünen Bären ist und der kleine blaue Löwe unterhalb von dem alten roten Pferd ist, klingelt eine Glocke.","Wenn der junge grüne Bär unterhalb von dem kleinen grünen Bären ist und das alte rote Pferd oberhalb von dem kleinen blauen Löwen ist, klingelt eine Glocke."
ko,test,space,0,True,1,만약 작은 초록색 곰은 어린 초록색 곰의 위에 있다는 것과 작은 파란 사자는 늙은 빨간 말의 아래에 있다는 것이 모두 사실이라면 종이 울린다.,만약 어린 초록색 곰은 작은 초록색 곰의 아래에 있다는 것과 늙은 빨간 말은 작은 파란 사자의 위에 있다는 것이 모두 사실이라면 종이 울린다.
en,test,space,1,False,0,"If the small green cow is above the young white mouse and the large white fox is below the old black sheep, a bell rings.","If the young white mouse is above the small green cow and the old black sheep is below the large white fox, a bell rings."
de,test,space,1,False,0,"Wenn die kleine grüne Kuh oberhalb von der jungen weißen Maus ist und der große weiße Fuchs unterhalb von dem alten schwarzen Schaf ist, klingelt eine Glocke.","Wenn die junge weiße Maus oberhalb von der kleinen grünen Kuh ist und das alte schwarze Schaf unterhalb von dem großen weißen Fuchs ist, klingelt eine Glocke."
ko,test,space,1,False,0,만약 작은 초록색 소는 어린 하얀 쥐의 위에 있다는 것과 큰 하얀 여우는 늙은 검은 양의 아래에 있다는 것이 모두 사실이라면 종이 울린다.,만약 어린 하얀 쥐는 작은 초록색 소의 위에 있다는 것과 늙은 검은 양은 큰 하얀 여우의 아래에 있다는 것이 모두 사실이라면 종이 울린다.
en,test,space,1,False,1,"If the small green cow is above the young white mouse and the large white fox is below the old black sheep, a bell rings.","If the young white mouse is below the small green cow and the old black sheep is above the large white fox, a bell rings."
de,test,space,1,False,1,"Wenn die kleine grüne Kuh oberhalb von der jungen weißen Maus ist und der große weiße Fuchs unterhalb von dem alten schwarzen Schaf ist, klingelt eine Glocke.","Wenn die junge weiße Maus unterhalb von der kleinen grünen Kuh ist und das alte schwarze Schaf oberhalb von dem großen weißen Fuchs ist, klingelt eine Glocke."
ko,test,space,1,False,1,만약 작은 초록색 소는 어린 하얀 쥐의 위에 있다는 것과 큰 하얀 여우는 늙은 검은 양의 아래에 있다는 것이 모두 사실이라면 종이 울린다.,만약 어린 하얀 쥐는 작은 초록색 소의 아래에 있다는 것과 늙은 검은 양은 큰 하얀 여우의 위에 있다는 것이 모두 사실이라면 종이 울린다.
en,test,quantity,0,True,0,"If there are two large yellow bears and four small white bears, a bell rings.","If there are two small white bears and four large yellow bears, a bell rings."
de,test,quantity,0,True,0,"Wenn es zwei große gelbe Bären und vier kleine weiße Bären gibt, klingelt eine Glocke.","Wenn es zwei kleine weiße Bären und vier große gelbe Bären gibt, klingelt eine Glocke."
ko,test,quantity,0,True,0,만약 큰 노란 곰 두 마리와 작은 하얀 곰 네 마리가 있다면 종이 울린다.,만약 작은 하얀 곰 두 마리와 큰 노란 곰 네 마리가 있다면 종이 울린다.
en,test,quantity,0,True,1,"If there are two large yellow bears and four small white bears, a bell rings.","If there are four small white bears and two large yellow bears, a bell rings."
de,test,quantity,0,True,1,"Wenn es zwei große gelbe Bären und vier kleine weiße Bären gibt, klingelt eine Glocke.","Wenn es vier kleine weiße Bären und zwei große gelbe Bären gibt, klingelt eine Glocke."
ko,test,quantity,0,True,1,만약 큰 노란 곰 두 마리와 작은 하얀 곰 네 마리가 있다면 종이 울린다.,만약 작은 하얀 곰 네 마리와 큰 노란 곰 두 마리가 있다면 종이 울린다.
en,test,quantity,0,False,0,"If there are six small green dogs and seven old white cats, a bell rings.","If there are six old white cats and seven small green dogs, a bell rings."
de,test,quantity,0,False,0,"Wenn es sechs kleine grüne Hunde und sieben alte weiße Katzen gibt, klingelt eine Glocke.","Wenn es sechs alte weiße Katzen und sieben kleine grüne Hunde gibt, klingelt eine Glocke."
ko,test,quantity,0,False,0,만약 작은 초록색 개 여섯 마리와 늙은 하얀 고양이 일곱 마리가 있다면 종이 울린다.,만약 늙은 하얀 고양이 여섯 마리와 작은 초록색 개 일곱 마리가 있다면 종이 울린다.
en,test,quantity,0,False,1,"If there are six small green dogs and seven old white cats, a bell rings.","If there are seven old white cats and six small green dogs, a bell rings."
de,test,quantity,0,False,1,"Wenn es sechs kleine grüne Hunde und sieben alte weiße Katzen gibt, klingelt eine Glocke.","Wenn es sieben alte weiße Katzen und sechs kleine grüne Hunde gibt, klingelt eine Glocke."
ko,test,quantity,0,False,1,만약 작은 초록색 개 여섯 마리와 늙은 하얀 고양이 일곱 마리가 있다면 종이 울린다.,만약 늙은 하얀 고양이 일곱 마리와 작은 초록색 개 여섯 마리가 있다면 종이 울린다.
en,test,quantity,2,True,0,"If there are two small red sheep and three large black bears, a bell rings.","If there are two large black bears and three small red sheep, a bell rings."
de,test,quantity,2,True,0,"Wenn es zwei kleine rote Schafe und drei große schwarze Bären gibt, klingelt eine Glocke.","Wenn es zwei große schwarze Bären und drei kleine rote Schafe gibt, klingelt eine Glocke."
ko,test,quantity,2,True,0,만약 작은 빨간 양 두 마리와 큰 검은 곰 세 마리가 있다면 종이 울린다.,만약 큰 검은 곰 두 마리와 작은 빨간 양 세 마리가 있다면 종이 울린다.
en,test,quantity,2,True,1,"If there are two small red sheep and three large black bears, a bell rings.","If there are three large black bears and two small red sheep, a bell rings."
de,test,quantity,2,True,1,"Wenn es zwei kleine rote Schafe und drei große schwarze Bären gibt, klingelt eine Glocke.","Wenn es drei große schwarze Bären und zwei kleine rote Schafe gibt, klingelt eine Glocke."
ko,test,quantity,2,True,1,만약 작은 빨간 양 두 마리와 큰 검은 곰 세 마리가 있다면 종이 울린다.,만약 큰 검은 곰 세 마리와 작은 빨간 양 두 마리가 있다면 종이 울린다.
en,test,quantity,1,True,0,"If there are seven large green hens and four old white cows, a bell rings.","If there are seven old white cows and four large green hens, a bell rings."
de,test,quantity,1,True,0,"Wenn es sieben große grüne Hühner und vier alte weiße Kühe gibt, klingelt eine Glocke.","Wenn es sieben alte weiße Kühe und vier große grüne Hühner gibt, klingelt eine Glocke."
ko,test,quantity,1,True,0,만약 큰 초록색 닭 일곱 마리와 늙은 하얀 소 네 마리가 있다면 종이 울린다.,만약 늙은 하얀 소 일곱 마리와 큰 초록색 닭 네 마리가 있다면 종이 울린다.
en,test,quantity,1,True,1,"If there are seven large green hens and four old white cows, a bell rings.","If there are four old white cows and seven large green hens, a bell rings."
de,test,quantity,1,True,1,"Wenn es sieben große grüne Hühner und vier alte weiße Kühe gibt, klingelt eine Glocke.","Wenn es vier alte weiße Kühe und sieben große grüne Hühner gibt, klingelt eine Glocke."
ko,test,quantity,1,True,1,만약 큰 초록색 닭 일곱 마리와 늙은 하얀 소 네 마리가 있다면 종이 울린다.,만약 늙은 하얀 소 네 마리와 큰 초록색 닭 일곱 마리가 있다면 종이 울린다.
en,test,quantity,2,False,0,"If there are three old blue mice and two young white bears, a bell rings.","If there are three young white bears and two old blue mice, a bell rings."
de,test,quantity,2,False,0,"Wenn es drei alte blaue Mäuse und zwei junge weiße Bären gibt, klingelt eine Glocke.","Wenn es drei junge weiße Bären und zwei alte blaue Mäuse gibt, klingelt eine Glocke."
ko,test,quantity,2,False,0,만약 늙은 파란 쥐 세 마리와 어린 하얀 곰 두 마리가 있다면 종이 울린다.,만약 어린 하얀 곰 세 마리와 늙은 파란 쥐 두 마리가 있다면 종이 울린다.
en,test,quantity,2,False,1,"If there are three old blue mice and two young white bears, a bell rings.","If there are two young white bears and three old blue mice, a bell rings."
de,test,quantity,2,False,1,"Wenn es drei alte blaue Mäuse und zwei junge weiße Bären gibt, klingelt eine Glocke.","Wenn es zwei junge weiße Bären und drei alte blaue Mäuse gibt, klingelt eine Glocke."
ko,test,quantity,2,False,1,만약 늙은 파란 쥐 세 마리와 어린 하얀 곰 두 마리가 있다면 종이 울린다.,만약 어린 하얀 곰 두 마리와 늙은 파란 쥐 세 마리가 있다면 종이 울린다.
en,test,quantity,1,False,0,"If there are five old black mice and four small yellow hens, a bell rings.","If there are five small yellow hens and four old black mice, a bell rings."
de,test,quantity,1,False,0,"Wenn es fünf alte schwarze Mäuse und vier kleine gelbe Hühner gibt, klingelt eine Glocke.","Wenn es fünf kleine gelbe Hühner und vier alte schwarze Mäuse gibt, klingelt eine Glocke."
ko,test,quantity,1,False,0,만약 늙은 검은 쥐 다섯 마리와 작은 노란 닭 네 마리가 있다면 종이 울린다.,만약 작은 노란 닭 다섯 마리와 늙은 검은 쥐 네 마리가 있다면 종이 울린다.
en,test,quantity,1,False,1,"If there are five old black mice and four small yellow hens, a bell rings.","If there are four small yellow hens and five old black mice, a bell rings."
de,test,quantity,1,False,1,"Wenn es fünf alte schwarze Mäuse und vier kleine gelbe Hühner gibt, klingelt eine Glocke.","Wenn es vier kleine gelbe Hühner und fünf alte schwarze Mäuse gibt, klingelt eine Glocke."
ko,test,quantity,1,False,1,만약 늙은 검은 쥐 다섯 마리와 작은 노란 닭 네 마리가 있다면 종이 울린다.,만약 작은 노란 닭 네 마리와 늙은 검은 쥐 다섯 마리가 있다면 종이 울린다.
