language,noun,color,attribute,case,count_index,surface
en,dog,red,small,nom,,the small red dog
en,dog,red,small,acc,,the small red dog
en,dog,red,small,dat,,the small red dog
en,dog,red,small,plural,0,two small red dogs
en,dog,red,small,plural,1,three small red dogs
en,dog,red,small,plural,2,four small red dogs
en,dog,red,small,plural,3,five small red dogs
en,dog,red,small,plural,4,six small red dogs
en,dog,red,small,plural,5,seven small red dogs
en,dog,red,small,plural,6,eight small red dogs
en,dog,red,large,nom,,the large red dog
en,dog,red,large,acc,,the large red dog
en,dog,red,large,dat,,the large red dog
en,dog,red,large,plural,0,two large red dogs
en,dog,red,large,plural,1,three large red dogs
en,dog,red,large,plural,2,four large red dogs
en,dog,red,large,plural,3,five large red dogs
en,dog,red,large,plural,4,six large red dogs
en,dog,red,large,plural,5,seven large red dogs
en,dog,red,large,plural,6,eight large red dogs
en,dog,red,young,nom,,the young red dog
en,dog,red,young,acc,,the young red dog
en,dog,red,young,dat,,the young red dog
en,dog,red,young,plural,0,two young red dogs
en,dog,red,young,plural,1,three young red dogs
en,dog,red,young,plural,2,four young red dogs
en,dog,red,young,plural,3,five young red dogs
en,dog,red,young,plural,4,six young red dogs
en,dog,red,young,plural,5,seven young red dogs
en,dog,red,young,plural,6,eight young red dogs
en,dog,red,old,nom,,the old red dog
en,dog,red,old,acc,,the old red dog
en,dog,red,old,dat,,the old red dog
en,dog,red,old,plural,0,two old red dogs
en,dog,red,old,plural,1,three old red dogs
en,dog,red,old,plural,2,four old red dogs
en,dog,red,old,plural,3,five old red dogs
en,dog,red,old,plural,4,six old red dogs
en,dog,red,old,plural,5,seven old red dogs
en,dog,red,old,plural,6,eight old red dogs
en,dog,blue,small,nom,,the small blue dog
en,dog,blue,small,acc,,the small blue dog
en,dog,blue,small,dat,,the small blue dog
en,dog,blue,small,plural,0,two small blue dogs
en,dog,blue,small,plural,1,three small blue dogs
en,dog,blue,small,plural,2,four small blue dogs
en,dog,blue,small,plural,3,five small blue dogs
en,dog,blue,small,plural,4,six small blue dogs
en,dog,blue,small,plural,5,seven small blue dogs
en,dog,blue,small,plural,6,eight small blue dogs
en,dog,blue,large,nom,,the large blue dog
en,dog,blue,large,acc,,the large blue dog
en,dog,blue,large,dat,,the large blue dog
en,dog,blue,large,plural,0,two large blue dogs
en,dog,blue,large,plural,1,three large blue dogs
en,dog,blue,large,plural,2,four large blue dogs
en,dog,blue,large,plural,3,five large blue dogs
en,dog,blue,large,plural,4,six large blue dogs
en,dog,blue,large,plural,5,seven large blue dogs
en,dog,blue,large,plural,6,eight large blue dogs
en,dog,blue,young,nom,,the young blue dog
en,dog,blue,young,acc,,the young blue dog
en,dog,blue,young,dat,,the young blue dog
en,dog,blue,young,plural,0,two young blue dogs
en,dog,blue,young,plural,1,three young blue dogs
en,dog,blue,young,plural,2,four young blue dogs
en,dog,blue,young,plural,3,five young blue dogs
en,dog,blue,young,plural,4,six young blue dogs
en,dog,blue,young,plural,5,seven young blue dogs
en,dog,blue,young,plural,6,eight young blue dogs
en,dog,blue,old,nom,,the old blue dog
en,dog,blue,old,acc,,the old blue dog
en,dog,blue,old,dat,,the old blue dog
en,dog,blue,old,plural,0,two old blue dogs
en,dog,blue,old,plural,1,three old blue dogs
en,dog,blue,old,plural,2,four old blue dogs
en,dog,blue,old,plural,3,five old blue dogs
en,dog,blue,old,plural,4,six old blue dogs
en,dog,blue,old,plural,5,seven old blue dogs
en,dog,blue,old,plural,6,eight old blue dogs
en,dog,green,small,nom,,the small green dog
en,dog,green,small,acc,,the small green dog
en,dog,green,small,dat,,the small green dog
en,dog,green,small,plural,0,two small green dogs
en,dog,green,small,plural,1,three small green dogs
en,dog,green,small,plural,2,four small green dogs
en,dog,green,small,plural,3,five small green dogs
en,dog,green,small,plural,4,six small green dogs
en,dog,green,small,plural,5,seven small green dogs
en,dog,green,small,plural,6,eight small green dogs
en,dog,green,large,nom,,the large green dog
en,dog,green,large,acc,,the large green dog
en,dog,green,large,dat,,the large green dog
en,dog,green,large,plural,0,two large green dogs
en,dog,green,large,plural,1,three large green dogs
en,dog,green,large,plural,2,four large green dogs
en,dog,green,large,plural,3,five large green dogs
en,dog,green,large,plural,4,six large green dogs
en,dog,green,large,plural,5,seven large green dogs
en,dog,green,large,plural,6,eight large green dogs
en,dog,green,young,nom,,the young green dog
en,dog,green,young,acc,,the young green dog
en,dog,green,young,dat,,the young green dog
en,dog,green,young,plural,0,two young green dogs
en,dog,green,young,plural,1,three young green dogs
en,dog,green,young,plural,2,four young green dogs
en,dog,green,young,plural,3,five young green dogs
en,dog,green,young,plural,4,six young green dogs
en,dog,green,young,plural,5,seven young green dogs
en,dog,green,young,plural,6,eight young green dogs
en,dog,green,old,nom,,the old green dog
en,dog,green,old,acc,,the old green dog
en,dog,green,old,dat,,the old green dog
en,dog,green,old,plural,0,two old green dogs
en,dog,green,old,plural,1,three old green dogs
en,dog,green,old,plural,2,four old green dogs
en,dog,green,old,plural,3,five old green dogs
en,dog,green,old,plural,4,six old green dogs
en,dog,green,old,plural,5,seven old green dogs
en,dog,green,old,plural,6,eight old green dogs
en,dog,yellow,small,nom,,the small yellow dog
en,dog,yellow,small,acc,,the small yellow dog
en,dog,yellow,small,dat,,the small yellow dog
en,dog,yellow,small,plural,0,two small yellow dogs
en,dog,yellow,small,plural,1,three small yellow dogs
en,dog,yellow,small,plural,2,four small yellow dogs
en,dog,yellow,small,plural,3,five small yellow dogs
en,dog,yellow,small,plural,4,six small yellow dogs
en,dog,yellow,small,plural,5,seven small yellow dogs
en,dog,yellow,small,plural,6,eight small yellow dogs
en,dog,yellow,large,nom,,the large yellow dog
en,dog,yellow,large,acc,,the large yellow dog
en,dog,yellow,large,dat,,the large yellow dog
en,dog,yellow,large,plural,0,two large yellow dogs
en,dog,yellow,large,plural,1,three large yellow dogs
en,dog,yellow,large,plural,2,four large yellow dogs
en,dog,yellow,large,plural,3,five large yellow dogs
en,dog,yellow,large,plural,4,six large yellow dogs
en,dog,yellow,large,plural,5,seven large yellow dogs
en,dog,yellow,large,plural,6,eight large yellow dogs
en,dog,yellow,young,nom,,the young yellow dog
en,dog,yellow,young,acc,,the young yellow dog
en,dog,yellow,young,dat,,the young yellow dog
en,dog,yellow,young,plural,0,two young yellow dogs
en,dog,yellow,young,plural,1,three young yellow dogs
en,dog,yellow,young,plural,2,four young yellow dogs
en,dog,yellow,young,plural,3,five young yellow dogs
en,dog,yellow,young,plural,4,six young yellow dogs
en,dog,yellow,young,plural,5,seven young yellow dogs
en,dog,yellow,young,plural,6,eight young yellow dogs
en,dog,yellow,old,nom,,the old yellow dog
en,dog,yellow,old,acc,,the old yellow dog
en,dog,yellow,old,dat,,the old yellow dog
en,dog,yellow,old,plural,0,two old yellow dogs
en,dog,yellow,old,plural,1,three old yellow dogs
en,dog,yellow,old,plural,2,four old yellow dogs
en,dog,yellow,old,plural,3,five old yellow dogs
en,dog,yellow,old,plural,4,six old yellow dogs
en,dog,yellow,old,plural,5,seven old yellow dogs
en,dog,yellow,old,plural,6,eight old yellow dogs
en,dog,black,small,nom,,the small black dog
en,dog,black,small,acc,,the small black dog
en,dog,black,small,dat,,the small black dog
en,dog,black,small,plural,0,two small black dogs
en,dog,black,small,plural,1,three small black dogs
en,dog,black,small,plural,2,four small black dogs
en,dog,black,small,plural,3,five small black dogs
en,dog,black,small,plural,4,six small black dogs
en,dog,black,small,plural,5,seven small black dogs
en,dog,black,small,plural,6,eight small black dogs
en,dog,black,large,nom,,the large black dog
en,dog,black,large,acc,,the large black dog
en,dog,black,large,dat,,the large black dog
en,dog,black,large,plural,0,two large black dogs
en,dog,black,large,plural,1,three large black dogs
en,dog,black,large,plural,2,four large black dogs
en,dog,black,large,plural,3,five large black dogs
en,dog,black,large,plural,4,six large black dogs
en,dog,black,large,plural,5,seven large black dogs
en,dog,black,large,plural,6,eight large black dogs
en,dog,black,young,nom,,the young black dog
en,dog,black,young,acc,,the young black dog
en,dog,black,young,dat,,the young black dog
en,dog,black,young,plural,0,two young black dogs
en,dog,black,young,plural,1,three young black dogs
en,dog,black,young,plural,2,four young black dogs
en,dog,black,young,plural,3,five young black dogs
en,dog,black,young,plural,4,six young black dogs
en,dog,black,young,plural,5,seven young black dogs
en,dog,black,young,plural,6,eight young black dogs
en,dog,black,old,nom,,the old black dog
en,dog,black,old,acc,,the old black dog
en,dog,black,old,dat,,the old black dog
en,dog,black,old,plural,0,two old black dogs
en,dog,black,old,plural,1,three old black dogs
en,dog,black,old,plural,2,four old black dogs
en,dog,black,old,plural,3,five old black dogs
en,dog,black,old,plural,4,six old black dogs
en,dog,black,old,plural,5,seven old black dogs
en,dog,black,old,plural,6,eight old black dogs
en,dog,white,small,nom,,the small white dog
en,dog,white,small,acc,,the small white dog
en,dog,white,small,dat,,the small white dog
en,dog,white,small,plural,0,two small white dogs
en,dog,white,small,plural,1,three small white dogs
en,dog,white,small,plural,2,four small white dogs
en,dog,white,small,plural,3,five small white dogs
en,dog,white,small,plural,4,six small white dogs
en,dog,white,small,plural,5,seven small white dogs
en,dog,white,small,plural,6,eight small white dogs
en,dog,white,large,nom,,the large white dog
en,dog,white,large,acc,,the large white dog
en,dog,white,large,dat,,the large white dog
en,dog,white,large,plural,0,two large white dogs
en,dog,white,large,plural,1,three large white dogs
en,dog,white,large,plural,2,four large white dogs
en,dog,white,large,plural,3,five large white dogs
en,dog,white,large,plural,4,six large white dogs
en,dog,white,large,plural,5,seven large white dogs
en,dog,white,large,plural,6,eight large white dogs
en,dog,white,young,nom,,the young white dog
en,dog,white,young,acc,,the young white dog
en,dog,white,young,dat,,the young white dog
en,dog,white,young,plural,0,two young white dogs
en,dog,white,young,plural,1,three young white dogs
en,dog,white,young,plural,2,four young white dogs
en,dog,white,young,plural,3,five young white dogs
en,dog,white,young,plural,4,six young white dogs
en,dog,white,young,plural,5,seven young white dogs
en,dog,white,young,plural,6,eight young white dogs
en,dog,white,old,nom,,the old white dog
en,dog,white,old,acc,,the old white dog
en,dog,white,old,dat,,the old white dog
en,dog,white,old,plural,0,two old white dogs
en,dog,white,old,plural,1,three old white dogs
en,dog,white,old,plural,2,four old white dogs
en,dog,white,old,plural,3,five old white dogs
en,dog,white,old,plural,4,six old white dogs
en,dog,white,old,plural,5,seven old white dogs
en,dog,white,old,plural,6,eight old white dogs
en,fox,red,small,nom,,the small red fox
en,fox,red,small,acc,,the small red fox
en,fox,red,small,dat,,the small red fox
en,fox,red,small,plural,0,two small red foxes
en,fox,red,small,plural,1,three small red foxes
en,fox,red,small,plural,2,four small red foxes
en,fox,red,small,plural,3,five small red foxes
en,fox,red,small,plural,4,six small red foxes
en,fox,red,small,plural,5,seven small red foxes
en,fox,red,small,plural,6,eight small red foxes
en,fox,red,large,nom,,the large red fox
en,fox,red,large,acc,,the large red fox
en,fox,red,large,dat,,the large red fox
en,fox,red,large,plural,0,two large red foxes
en,fox,red,large,plural,1,three large red foxes
en,fox,red,large,plural,2,four large red foxes
en,fox,red,large,plural,3,five large red foxes
en,fox,red,large,plural,4,six large red foxes
en,fox,red,large,plural,5,seven large red foxes
en,fox,red,large,plural,6,eight large red foxes
en,fox,red,young,nom,,the young red fox
en,fox,red,young,acc,,the young red fox
en,fox,red,young,dat,,the young red fox
en,fox,red,young,plural,0,two young red foxes
en,fox,red,young,plural,1,three young red foxes
en,fox,red,young,plural,2,four young red foxes
en,fox,red,young,plural,3,five young red foxes
en,fox,red,young,plural,4,six young red foxes
en,fox,red,young,plural,5,seven young red foxes
en,fox,red,young,plural,6,eight young red foxes
en,fox,red,old,nom,,the old red fox
en,fox,red,old,acc,,the old red fox
en,fox,red,old,dat,,the old red fox
en,fox,red,old,plural,0,two old red foxes
en,fox,red,old,plural,1,three old red foxes
en,fox,red,old,plural,2,four old red foxes
en,fox,red,old,plural,3,five old red foxes
en,fox,red,old,plural,4,six old red foxes
en,fox,red,old,plural,5,seven old red foxes
en,fox,red,old,plural,6,eight old red foxes
en,fox,blue,small,nom,,the small blue fox
en,fox,blue,small,acc,,the small blue fox
en,fox,blue,small,dat,,the small blue fox
en,fox,blue,small,plural,0,two small blue foxes
en,fox,blue,small,plural,1,three small blue foxes
en,fox,blue,small,plural,2,four small blue foxes
en,fox,blue,small,plural,3,five small blue foxes
en,fox,blue,small,plural,4,six small blue foxes
en,fox,blue,small,plural,5,seven small blue foxes
en,fox,blue,small,plural,6,eight small blue foxes
en,fox,blue,large,nom,,the large blue fox
en,fox,blue,large,acc,,the large blue fox
en,fox,blue,large,dat,,the large blue fox
en,fox,blue,large,plural,0,two large blue foxes
en,fox,blue,large,plural,1,three large blue foxes
en,fox,blue,large,plural,2,four large blue foxes
en,fox,blue,large,plural,3,five large blue foxes
en,fox,blue,large,plural,4,six large blue foxes
en,fox,blue,large,plural,5,seven large blue foxes
en,fox,blue,large,plural,6,eight large blue foxes
en,fox,blue,young,nom,,the young blue fox
en,fox,blue,young,acc,,the young blue fox
en,fox,blue,young,dat,,the young blue fox
en,fox,blue,young,plural,0,two young blue foxes
en,fox,blue,young,plural,1,three young blue foxes
en,fox,blue,young,plural,2,four young blue foxes
en,fox,blue,young,plural,3,five young blue foxes
en,fox,blue,young,plural,4,six young blue foxes
en,fox,blue,young,plural,5,seven young blue foxes
en,fox,blue,young,plural,6,eight young blue foxes
en,fox,blue,old,nom,,the old blue fox
en,fox,blue,old,acc,,the old blue fox
en,fox,blue,old,dat,,the old blue fox
en,fox,blue,old,plural,0,two old blue foxes
en,fox,blue,old,plural,1,three old blue foxes
en,fox,blue,old,plural,2,four old blue foxes
en,fox,blue,old,plural,3,five old blue foxes
en,fox,blue,old,plural,4,six old blue foxes
en,fox,blue,old,plural,5,seven old blue foxes
en,fox,blue,old,plural,6,eight old blue foxes
en,fox,green,small,nom,,the small green fox
en,fox,green,small,acc,,the small green fox
en,fox,green,small,dat,,the small green fox
en,fox,green,small,plural,0,two small green foxes
en,fox,green,small,plural,1,three small green foxes
en,fox,green,small,plural,2,four small green foxes
en,fox,green,small,plural,3,five small green foxes
en,fox,green,small,plural,4,six small green foxes
en,fox,green,small,plural,5,seven small green foxes
en,fox,green,small,plural,6,eight small green foxes
en,fox,green,large,nom,,the large green fox
en,fox,green,large,acc,,the large green fox
en,fox,green,large,dat,,the large green fox
en,fox,green,large,plural,0,two large green foxes
en,fox,green,large,plural,1,three large green foxes
en,fox,green,large,plural,2,four large green foxes
en,fox,green,large,plural,3,five large green foxes
en,fox,green,large,plural,4,six large green foxes
en,fox,green,large,plural,5,seven large green foxes
en,fox,green,large,plural,6,eight large green foxes
en,fox,green,young,nom,,the young green fox
en,fox,green,young,acc,,the young green fox
en,fox,green,young,dat,,the young green fox
en,fox,green,young,plural,0,two young green foxes
en,fox,green,young,plural,1,three young green foxes
en,fox,green,young,plural,2,four young green foxes
en,fox,green,young,plural,3,five young green foxes
en,fox,green,young,plural,4,six young green foxes
en,fox,green,young,plural,5,seven young green foxes
en,fox,green,young,plural,6,eight young green foxes
en,fox,green,old,nom,,the old green fox
en,fox,green,old,acc,,the old green fox
en,fox,green,old,dat,,the old green fox
en,fox,green,old,plural,0,two old green foxes
en,fox,green,old,plural,1,three old green foxes
en,fox,green,old,plural,2,four old green foxes
en,fox,green,old,plural,3,five old green foxes
en,fox,green,old,plural,4,six old green foxes
en,fox,green,old,plural,5,seven old green foxes
en,fox,green,old,plural,6,eight old green foxes
en,fox,yellow,small,nom,,the small yellow fox
en,fox,yellow,small,acc,,the small yellow fox
en,fox,yellow,small,dat,,the small yellow fox
en,fox,yellow,small,plural,0,two small yellow foxes
en,fox,yellow,small,plural,1,three small yellow foxes
en,fox,yellow,small,plural,2,four small yellow foxes
en,fox,yellow,small,plural,3,five small yellow foxes
en,fox,yellow,small,plural,4,six small yellow foxes
en,fox,yellow,small,plural,5,seven small yellow foxes
en,fox,yellow,small,plural,6,eight small yellow foxes
en,fox,yellow,large,nom,,the large yellow fox
en,fox,yellow,large,acc,,the large yellow fox
en,fox,yellow,large,dat,,the large yellow fox
en,fox,yellow,large,plural,0,two large yellow foxes
en,fox,yellow,large,plural,1,three large yellow foxes
en,fox,yellow,large,plural,2,four large yellow foxes
en,fox,yellow,large,plural,3,five large yellow foxes
en,fox,yellow,large,plural,4,six large yellow foxes
en,fox,yellow,large,plural,5,seven large yellow foxes
en,fox,yellow,large,plural,6,eight large yellow foxes
en,fox,yellow,young,nom,,the young yellow fox
en,fox,yellow,young,acc,,the young yellow fox
en,fox,yellow,young,dat,,the young yellow fox
en,fox,yellow,young,plural,0,two young yellow foxes
en,fox,yellow,young,plural,1,three young yellow foxes
en,fox,yellow,young,plural,2,four young yellow foxes
en,fox,yellow,young,plural,3,five young yellow foxes
en,fox,yellow,young,plural,4,six young yellow foxes
en,fox,yellow,young,plural,5,seven young yellow foxes
en,fox,yellow,young,plural,6,eight young yellow foxes
en,fox,yellow,old,nom,,the old yellow fox
en,fox,yellow,old,acc,,the old yellow fox
en,fox,yellow,old,dat,,the old yellow fox
en,fox,yellow,old,plural,0,two old yellow foxes
en,fox,yellow,old,plural,1,three old yellow foxes
en,fox,yellow,old,plural,2,four old yellow foxes
en,fox,yellow,old,plural,3,five old yellow foxes
en,fox,yellow,old,plural,4,six old yellow foxes
en,fox,yellow,old,plural,5,seven old yellow foxes
en,fox,yellow,old,plural,6,eight old yellow foxes
en,fox,black,small,nom,,the small black fox
en,fox,black,small,acc,,the small black fox
en,fox,black,small,dat,,the small black fox
en,fox,black,small,plural,0,two small black foxes
en,fox,black,small,plural,1,three small black foxes
en,fox,black,small,plural,2,four small black foxes
en,fox,black,small,plural,3,five small black foxes
en,fox,black,small,plural,4,six small black foxes
en,fox,black,small,plural,5,seven small black foxes
en,fox,black,small,plural,6,eight small black foxes
en,fox,black,large,nom,,the large black fox
en,fox,black,large,acc,,the large black fox
en,fox,black,large,dat,,the large black fox
en,fox,black,large,plural,0,two large black foxes
en,fox,black,large,plural,1,three large black foxes
en,fox,black,large,plural,2,four large black foxes
en,fox,black,large,plural,3,five large black foxes
en,fox,black,large,plural,4,six large black foxes
en,fox,black,large,plural,5,seven large black foxes
en,fox,black,large,plural,6,eight large black foxes
en,fox,black,young,nom,,the young black fox
en,fox,black,young,acc,,the young black fox
en,fox,black,young,dat,,the young black fox
en,fox,black,young,plural,0,two young black foxes
en,fox,black,young,plural,1,three young black foxes
en,fox,black,young,plural,2,four young black foxes
en,fox,black,young,plural,3,five young black foxes
en,fox,black,young,plural,4,six young black foxes
en,fox,black,young,plural,5,seven young black foxes
en,fox,black,young,plural,6,eight young black foxes
en,fox,black,old,nom,,the old black fox
en,fox,black,old,acc,,the old black fox
en,fox,black,old,dat,,the old black fox
en,fox,black,old,plural,0,two old black foxes
en,fox,black,old,plural,1,three old black foxes
en,fox,black,old,plural,2,four old black foxes
en,fox,black,old,plural,3,five old black foxes
en,fox,black,old,plural,4,six old black foxes
en,fox,black,old,plural,5,seven old black foxes
en,fox,black,old,plural,6,eight old black foxes
en,fox,white,small,nom,,the small white fox
en,fox,white,small,acc,,the small white fox
en,fox,white,small,dat,,the small white fox
en,fox,white,small,plural,0,two small white foxes
en,fox,white,small,plural,1,three small white foxes
en,fox,white,small,plural,2,four small white foxes
en,fox,white,small,plural,3,five small white foxes
en,fox,white,small,plural,4,six small white foxes
en,fox,white,small,plural,5,seven small white foxes
en,fox,white,small,plural,6,eight small white foxes
en,fox,white,large,nom,,the large white fox
en,fox,white,large,acc,,the large white fox
en,fox,white,large,dat,,the large white fox
en,fox,white,large,plural,0,two large white foxes
en,fox,white,large,plural,1,three large white foxes
en,fox,white,large,plural,2,four large white foxes
en,fox,white,large,plural,3,five large white foxes
en,fox,white,large,plural,4,six large white foxes
en,fox,white,large,plural,5,seven large white foxes
en,fox,white,large,plural,6,eight large white foxes
en,fox,white,young,nom,,the young white fox
en,fox,white,young,acc,,the young white fox
en,fox,white,young,dat,,the young white fox
en,fox,white,young,plural,0,two young white foxes
en,fox,white,young,plural,1,three young white foxes
en,fox,white,young,plural,2,four young white foxes
en,fox,white,young,plural,3,five young white foxes
en,fox,white,young,plural,4,six young white foxes
en,fox,white,young,plural,5,seven young white foxes
en,fox,white,young,plural,6,eight young white foxes
en,fox,white,old,nom,,the old white fox
en,fox,white,old,acc,,the old white fox
en,fox,white,old,dat,,the old white fox
en,fox,white,old,plural,0,two old white foxes
en,fox,white,old,plural,1,three old white foxes
en,fox,white,old,plural,2,four old white foxes
en,fox,white,old,plural,3,five old white foxes
en,fox,white,old,plural,4,six old white foxes
en,fox,white,old,plural,5,seven old white foxes
en,fox,white,old,plural,6,eight old white foxes
en,bear,red,small,nom,,the small red bear
en,bear,red,small,acc,,the small red bear
en,bear,red,small,dat,,the small red bear
en,bear,red,small,plural,0,two small red bears
en,bear,red,small,plural,1,three small red bears
en,bear,red,small,plural,2,four small red bears
en,bear,red,small,plural,3,five small red bears
en,bear,red,small,plural,4,six small red bears
en,bear,red,small,plural,5,seven small red bears
en,bear,red,small,plural,6,eight small red bears
en,bear,red,large,nom,,the large red bear
en,bear,red,large,acc,,the large red bear
en,bear,red,large,dat,,the large red bear
en,bear,red,large,plural,0,two large red bears
en,bear,red,large,plural,1,three large red bears
en,bear,red,large,plural,2,four large red bears
en,bear,red,large,plural,3,five large red bears
en,bear,red,large,plural,4,six large red bears
en,bear,red,large,plural,5,seven large red bears
en,bear,red,large,plural,6,eight large red bears
en,bear,red,young,nom,,the young red bear
en,bear,red,young,acc,,the young red bear
en,bear,red,young,dat,,the young red bear
en,bear,red,young,plural,0,two young red bears
en,bear,red,young,plural,1,three young red bears
en,bear,red,young,plural,2,four young red bears
en,bear,red,young,plural,3,five young red bears
en,bear,red,young,plural,4,six young red bears
en,bear,red,young,plural,5,seven young red bears
en,bear,red,young,plural,6,eight young red bears
en,bear,red,old,nom,,the old red bear
en,bear,red,old,acc,,the old red bear
en,bear,red,old,dat,,the old red bear
en,bear,red,old,plural,0,two old red bears
en,bear,red,old,plural,1,three old red bears
en,bear,red,old,plural,2,four old red bears
en,bear,red,old,plural,3,five old red bears
en,bear,red,old,plural,4,six old red bears
en,bear,red,old,plural,5,seven old red bears
en,bear,red,old,plural,6,eight old red bears
en,bear,blue,small,nom,,the small blue bear
en,bear,blue,small,acc,,the small blue bear
en,bear,blue,small,dat,,the small blue bear
en,bear,blue,small,plural,0,two small blue bears
en,bear,blue,small,plural,1,three small blue bears
en,bear,blue,small,plural,2,four small blue bears
en,bear,blue,small,plural,3,five small blue bears
en,bear,blue,small,plural,4,six small blue bears
en,bear,blue,small,plural,5,seven small blue bears
en,bear,blue,small,plural,6,eight small blue bears
en,bear,blue,large,nom,,the large blue bear
en,bear,blue,large,acc,,the large blue bear
en,bear,blue,large,dat,,the large blue bear
en,bear,blue,large,plural,0,two large blue bears
en,bear,blue,large,plural,1,three large blue bears
en,bear,blue,large,plural,2,four large blue bears
en,bear,blue,large,plural,3,five large blue bears
en,bear,blue,large,plural,4,six large blue bears
en,bear,blue,large,plural,5,seven large blue bears
en,bear,blue,large,plural,6,eight large blue bears
en,bear,blue,young,nom,,the young blue bear
en,bear,blue,young,acc,,the young blue bear
en,bear,blue,young,dat,,the young blue bear
en,bear,blue,young,plural,0,two young blue bears
en,bear,blue,young,plural,1,three young blue bears
en,bear,blue,young,plural,2,four young blue bears
en,bear,blue,young,plural,3,five young blue bears
en,bear,blue,young,plural,4,six young blue bears
en,bear,blue,young,plural,5,seven young blue bears
en,bear,blue,young,plural,6,eight young blue bears
en,bear,blue,old,nom,,the old blue bear
en,bear,blue,old,acc,,the old blue bear
en,bear,blue,old,dat,,the old blue bear
en,bear,blue,old,plural,0,two old blue bears
en,bear,blue,old,plural,1,three old blue bears
en,bear,blue,old,plural,2,four old blue bears
en,bear,blue,old,plural,3,five old blue bears
en,bear,blue,old,plural,4,six old blue bears
en,bear,blue,old,plural,5,seven old blue bears
en,bear,blue,old,plural,6,eight old blue bears
en,bear,green,small,nom,,the small green bear
en,bear,green,small,acc,,the small green bear
en,bear,green,small,dat,,the small green bear
en,bear,green,small,plural,0,two small green bears
en,bear,green,small,plural,1,three small green bears
en,bear,green,small,plural,2,four small green bears
en,bear,green,small,plural,3,five small green bears
en,bear,green,small,plural,4,six small green bears
en,bear,green,small,plural,5,seven small green bears
en,bear,green,small,plural,6,eight small green bears
en,bear,green,large,nom,,the large green bear
en,bear,green,large,acc,,the large green bear
en,bear,green,large,dat,,the large green bear
en,bear,green,large,plural,0,two large green bears
en,bear,green,large,plural,1,three large green bears
en,bear,green,large,plural,2,four large green bears
en,bear,green,large,plural,3,five large green bears
en,bear,green,large,plural,4,six large green bears
en,bear,green,large,plural,5,seven large green bears
en,bear,green,large,plural,6,eight large green bears
en,bear,green,young,nom,,the young green bear
en,bear,green,young,acc,,the young green bear
en,bear,green,young,dat,,the young green bear
en,bear,green,young,plural,0,two young green bears
en,bear,green,young,plural,1,three young green bears
en,bear,green,young,plural,2,four young green bears
en,bear,green,young,plural,3,five young green bears
en,bear,green,young,plural,4,six young green bears
en,bear,green,young,plural,5,seven young green bears
en,bear,green,young,plural,6,eight young green bears
en,bear,green,old,nom,,the old green bear
en,bear,green,old,acc,,the old green bear
en,bear,green,old,dat,,the old green bear
en,bear,green,old,plural,0,two old green bears
en,bear,green,old,plural,1,three old green bears
en,bear,green,old,plural,2,four old green bears
en,bear,green,old,plural,3,five old green bears
en,bear,green,old,plural,4,six old green bears
en,bear,green,old,plural,5,seven old green bears
en,bear,green,old,plural,6,eight old green bears
en,bear,yellow,small,nom,,the small yellow bear
en,bear,yellow,small,acc,,the small yellow bear
en,bear,yellow,small,dat,,the small yellow bear
en,bear,yellow,small,plural,0,two small yellow bears
en,bear,yellow,small,plural,1,three small yellow bears
en,bear,yellow,small,plural,2,four small yellow bears
en,bear,yellow,small,plural,3,five small yellow bears
en,bear,yellow,small,plural,4,six small yellow bears
en,bear,yellow,small,plural,5,seven small yellow bears
en,bear,yellow,small,plural,6,eight small yellow bears
en,bear,yellow,large,nom,,the large yellow bear
en,bear,yellow,large,acc,,the large yellow bear
en,bear,yellow,large,dat,,the large yellow bear
en,bear,yellow,large,plural,0,two large yellow bears
en,bear,yellow,large,plural,1,three large yellow bears
en,bear,yellow,large,plural,2,four large yellow bears
en,bear,yellow,large,plural,3,five large yellow bears
en,bear,yellow,large,plural,4,six large yellow bears
en,bear,yellow,large,plural,5,seven large yellow bears
en,bear,yellow,large,plural,6,eight large yellow bears
en,bear,yellow,young,nom,,the young yellow bear
en,bear,yellow,young,acc,,the young yellow bear
en,bear,yellow,young,dat,,the young yellow bear
en,bear,yellow,young,plural,0,two young yellow bears
en,bear,yellow,young,plural,1,three young yellow bears
en,bear,yellow,young,plural,2,four young yellow bears
en,bear,yellow,young,plural,3,five young yellow bears
en,bear,yellow,young,plural,4,six young yellow bears
en,bear,yellow,young,plural,5,seven young yellow bears
en,bear,yellow,young,plural,6,eight young yellow bears
en,bear,yellow,old,nom,,the old yellow bear
en,bear,yellow,old,acc,,the old yellow bear
en,bear,yellow,old,dat,,the old yellow bear
en,bear,yellow,old,plural,0,two old yellow bears
en,bear,yellow,old,plural,1,three old yellow bears
en,bear,yellow,old,plural,2,four old yellow bears
en,bear,yellow,old,plural,3,five old yellow bears
en,bear,yellow,old,plural,4,six old yellow bears
en,bear,yellow,old,plural,5,seven old yellow bears
en,bear,yellow,old,plural,6,eight old yellow bears
en,bear,black,small,nom,,the small black bear
en,bear,black,small,acc,,the small black bear
en,bear,black,small,dat,,the small black bear
en,bear,black,small,plural,0,two small black bears
en,bear,black,small,plural,1,three small black bears
en,bear,black,small,plural,2,four small black bears
en,bear,black,small,plural,3,five small black bears
en,bear,black,small,plural,4,six small black bears
en,bear,black,small,plural,5,seven small black bears
en,bear,black,small,plural,6,eight small black bears
en,bear,black,large,nom,,the large black bear
en,bear,black,large,acc,,the large black bear
en,bear,black,large,dat,,the large black bear
en,bear,black,large,plural,0,two large black bears
en,bear,black,large,plural,1,three large black bears
en,bear,black,large,plural,2,four large black bears
en,bear,black,large,plural,3,five large black bears
en,bear,black,large,plural,4,six large black bears
en,bear,black,large,plural,5,seven large black bears
en,bear,black,large,plural,6,eight large black bears
en,bear,black,young,nom,,the young black bear
en,bear,black,young,acc,,the young black bear
en,bear,black,young,dat,,the young black bear
en,bear,black,young,plural,0,two young black bears
en,bear,black,young,plural,1,three young black bears
en,bear,black,young,plural,2,four young black bears
en,bear,black,young,plural,3,five young black bears
en,bear,black,young,plural,4,six young black bears
en,bear,black,young,plural,5,seven young black bears
en,bear,black,young,plural,6,eight young black bears
en,bear,black,old,nom,,the old black bear
en,bear,black,old,acc,,the old black bear
en,bear,black,old,dat,,the old black bear
en,bear,black,old,plural,0,two old black bears
en,bear,black,old,plural,1,three old black bears
en,bear,black,old,plural,2,four old black bears
en,bear,black,old,plural,3,five old black bears
en,bear,black,old,plural,4,six old black bears
en,bear,black,old,plural,5,seven old black bears
en,bear,black,old,plural,6,eight old black bears
en,bear,white,small,nom,,the small white bear
en,bear,white,small,acc,,the small white bear
en,bear,white,small,dat,,the small white bear
en,bear,white,small,plural,0,two small white bears
en,bear,white,small,plural,1,three small white bears
en,bear,white,small,plural,2,four small white bears
en,bear,white,small,plural,3,five small white bears
en,bear,white,small,plural,4,six small white bears
en,bear,white,small,plural,5,seven small white bears
en,bear,white,small,plural,6,eight small white bears
en,bear,white,large,nom,,the large white bear
en,bear,white,large,acc,,the large white bear
en,bear,white,large,dat,,the large white bear
en,bear,white,large,plural,0,two large white bears
en,bear,white,large,plural,1,three large white bears
en,bear,white,large,plural,2,four large white bears
en,bear,white,large,plural,3,five large white bears
en,bear,white,large,plural,4,six large white bears
en,bear,white,large,plural,5,seven large white bears
en,bear,white,large,plural,6,eight large white bears
en,bear,white,young,nom,,the young white bear
en,bear,white,young,acc,,the young white bear
en,bear,white,young,dat,,the young white bear
en,bear,white,young,plural,0,two young white bears
en,bear,white,young,plural,1,three young white bears
en,bear,white,young,plural,2,four young white bears
en,bear,white,young,plural,3,five young white bears
en,bear,white,young,plural,4,six young white bears
en,bear,white,young,plural,5,seven young white bears
en,bear,white,young,plural,6,eight young white bears
en,bear,white,old,nom,,the old white bear
en,bear,white,old,acc,,the old white bear
en,bear,white,old,dat,,the old white bear
en,bear,white,old,plural,0,two old white bears
en,bear,white,old,plural,1,three old white bears
en,bear,white,old,plural,2,four old white bears
en,bear,white,old,plural,3,five old white bears
en,bear,white,old,plural,4,six old white bears
en,bear,white,old,plural,5,seven old white bears
en,bear,white,old,plural,6,eight old white bears
en,lion,red,small,nom,,the small red lion
en,lion,red,small,acc,,the small red lion
en,lion,red,small,dat,,the small red lion
en,lion,red,small,plural,0,two small red lions
en,lion,red,small,plural,1,three small red lions
en,lion,red,small,plural,2,four small red lions
en,lion,red,small,plural,3,five small red lions
en,lion,red,small,plural,4,six small red lions
en,lion,red,small,plural,5,seven small red lions
en,lion,red,small,plural,6,eight small red lions
en,lion,red,large,nom,,the large red lion
en,lion,red,large,acc,,the large red lion
en,lion,red,large,dat,,the large red lion
en,lion,red,large,plural,0,two large red lions
en,lion,red,large,plural,1,three large red lions
en,lion,red,large,plural,2,four large red lions
en,lion,red,large,plural,3,five large red lions
en,lion,red,large,plural,4,six large red lions
en,lion,red,large,plural,5,seven large red lions
en,lion,red,large,plural,6,eight large red lions
en,lion,red,young,nom,,the young red lion
en,lion,red,young,acc,,the young red lion
en,lion,red,young,dat,,the young red lion
en,lion,red,young,plural,0,two young red lions
en,lion,red,young,plural,1,three young red lions
en,lion,red,young,plural,2,four young red lions
en,lion,red,young,plural,3,five young red lions
en,lion,red,young,plural,4,six young red lions
en,lion,red,young,plural,5,seven young red lions
en,lion,red,young,plural,6,eight young red lions
en,lion,red,old,nom,,the old red lion
en,lion,red,old,acc,,the old red lion
en,lion,red,old,dat,,the old red lion
en,lion,red,old,plural,0,two old red lions
en,lion,red,old,plural,1,three old red lions
en,lion,red,old,plural,2,four old red lions
en,lion,red,old,plural,3,five old red lions
en,lion,red,old,plural,4,six old red lions
en,lion,red,old,plural,5,seven old red lions
en,lion,red,old,plural,6,eight old red lions
en,lion,blue,small,nom,,the small blue lion
en,lion,blue,small,acc,,the small blue lion
en,lion,blue,small,dat,,the small blue lion
en,lion,blue,small,plural,0,two small blue lions
en,lion,blue,small,plural,1,three small blue lions
en,lion,blue,small,plural,2,four small blue lions
en,lion,blue,small,plural,3,five small blue lions
en,lion,blue,small,plural,4,six small blue lions
en,lion,blue,small,plural,5,seven small blue lions
en,lion,blue,small,plural,6,eight small blue lions
en,lion,blue,large,nom,,the large blue lion
en,lion,blue,large,acc,,the large blue lion
en,lion,blue,large,dat,,the large blue lion
en,lion,blue,large,plural,0,two large blue lions
en,lion,blue,large,plural,1,three large blue lions
en,lion,blue,large,plural,2,four large blue lions
en,lion,blue,large,plural,3,five large blue lions
en,lion,blue,large,plural,4,six large blue lions
en,lion,blue,large,plural,5,seven large blue lions
en,lion,blue,large,plural,6,eight large blue lions
en,lion,blue,young,nom,,the young blue lion
en,lion,blue,young,acc,,the young blue lion
en,lion,blue,young,dat,,the young blue lion
en,lion,blue,young,plural,0,two young blue lions
en,lion,blue,young,plural,1,three young blue lions
en,lion,blue,young,plural,2,four young blue lions
en,lion,blue,young,plural,3,five young blue lions
en,lion,blue,young,plural,4,six young blue lions
en,lion,blue,young,plural,5,seven young blue lions
en,lion,blue,young,plural,6,eight young blue lions
en,lion,blue,old,nom,,the old blue lion
en,lion,blue,old,acc,,the old blue lion
en,lion,blue,old,dat,,the old blue lion
en,lion,blue,old,plural,0,two old blue lions
en,lion,blue,old,plural,1,three old blue lions
en,lion,blue,old,plural,2,four old blue lions
en,lion,blue,old,plural,3,five old blue lions
en,lion,blue,old,plural,4,six old blue lions
en,lion,blue,old,plural,5,seven old blue lions
en,lion,blue,old,plural,6,eight old blue lions
en,lion,green,small,nom,,the small green lion
en,lion,green,small,acc,,the small green lion
en,lion,green,small,dat,,the small green lion
en,lion,green,small,plural,0,two small green lions
en,lion,green,small,plural,1,three small green lions
en,lion,green,small,plural,2,four small green lions
en,lion,green,small,plural,3,five small green lions
en,lion,green,small,plural,4,six small green lions
en,lion,green,small,plural,5,seven small green lions
en,lion,green,small,plural,6,eight small green lions
en,lion,green,large,nom,,the large green lion
en,lion,green,large,acc,,the large green lion
en,lion,green,large,dat,,the large green lion
en,lion,green,large,plural,0,two large green lions
en,lion,green,large,plural,1,three large green lions
en,lion,green,large,plural,2,four large green lions
en,lion,green,large,plural,3,five large green lions
en,lion,green,large,plural,4,six large green lions
en,lion,green,large,plural,5,seven large green lions
en,lion,green,large,plural,6,eight large green lions
en,lion,green,young,nom,,the young green lion
en,lion,green,young,acc,,the young green lion
en,lion,green,young,dat,,the young green lion
en,lion,green,young,plural,0,two young green lions
en,lion,green,young,plural,1,three young green lions
en,lion,green,young,plural,2,four young green lions
en,lion,green,young,plural,3,five young green lions
en,lion,green,young,plural,4,six young green lions
en,lion,green,young,plural,5,seven young green lions
en,lion,green,young,plural,6,eight young green lions
en,lion,green,old,nom,,the old green lion
en,lion,green,old,acc,,the old green lion
en,lion,green,old,dat,,the old green lion
en,lion,green,old,plural,0,two old green lions
en,lion,green,old,plural,1,three old green lions
en,lion,green,old,plural,2,four old green lions
en,lion,green,old,plural,3,five old green lions
en,lion,green,old,plural,4,six old green lions
en,lion,green,old,plural,5,seven old green lions
en,lion,green,old,plural,6,eight old green lions
en,lion,yellow,small,nom,,the small yellow lion
en,lion,yellow,small,acc,,the small yellow lion
en,lion,yellow,small,dat,,the small yellow lion
en,lion,yellow,small,plural,0,two small yellow lions
en,lion,yellow,small,plural,1,three small yellow lions
en,lion,yellow,small,plural,2,four small yellow lions
en,lion,yellow,small,plural,3,five small yellow lions
en,lion,yellow,small,plural,4,six small yellow lions
en,lion,yellow,small,plural,5,seven small yellow lions
en,lion,yellow,small,plural,6,eight small yellow lions
en,lion,yellow,large,nom,,the large yellow lion
en,lion,yellow,large,acc,,the large yellow lion
en,lion,yellow,large,dat,,the large yellow lion
en,lion,yellow,large,plural,0,two large yellow lions
en,lion,yellow,large,plural,1,three large yellow lions
en,lion,yellow,large,plural,2,four large yellow lions
en,lion,yellow,large,plural,3,five large yellow lions
en,lion,yellow,large,plural,4,six large yellow lions
en,lion,yellow,large,plural,5,seven large yellow lions
en,lion,yellow,large,plural,6,eight large yellow lions
en,lion,yellow,young,nom,,the young yellow lion
en,lion,yellow,young,acc,,the young yellow lion
en,lion,yellow,young,dat,,the young yellow lion
en,lion,yellow,young,plural,0,two young yellow lions
en,lion,yellow,young,plural,1,three young yellow lions
en,lion,yellow,young,plural,2,four young yellow lions
en,lion,yellow,young,plural,3,five young yellow lions
en,lion,yellow,young,plural,4,six young yellow lions
en,lion,yellow,young,plural,5,seven young yellow lions
en,lion,yellow,young,plural,6,eight young yellow lions
en,lion,yellow,old,nom,,the old yellow lion
en,lion,yellow,old,acc,,the old yellow lion
en,lion,yellow,old,dat,,the old yellow lion
en,lion,yellow,old,plural,0,two old yellow lions
en,lion,yellow,old,plural,1,three old yellow lions
en,lion,yellow,old,plural,2,four old yellow lions
en,lion,yellow,old,plural,3,five old yellow lions
en,lion,yellow,old,plural,4,six old yellow lions
en,lion,yellow,old,plural,5,seven old yellow lions
en,lion,yellow,old,plural,6,eight old yellow lions
en,lion,black,small,nom,,the small black lion
en,lion,black,small,acc,,the small black lion
en,lion,black,small,dat,,the small black lion
en,lion,black,small,plural,0,two small black lions
en,lion,black,small,plural,1,three small black lions
en,lion,black,small,plural,2,four small black lions
en,lion,black,small,plural,3,five small black lions
en,lion,black,small,plural,4,six small black lions
en,lion,black,small,plural,5,seven small black lions
en,lion,black,small,plural,6,eight small black lions
en,lion,black,large,nom,,the large black lion
en,lion,black,large,acc,,the large black lion
en,lion,black,large,dat,,the large black lion
en,lion,black,large,plural,0,two large black lions
en,lion,black,large,plural,1,three large black lions
en,lion,black,large,plural,2,four large black lions
en,lion,black,large,plural,3,five large black lions
en,lion,black,large,plural,4,six large black lions
en,lion,black,large,plural,5,seven large black lions
en,lion,black,large,plural,6,eight large black lions
en,lion,black,young,nom,,the young black lion
en,lion,black,young,acc,,the young black lion
en,lion,black,young,dat,,the young black lion
en,lion,black,young,plural,0,two young black lions
en,lion,black,young,plural,1,three young black lions
en,lion,black,young,plural,2,four young black lions
en,lion,black,young,plural,3,five young black lions
en,lion,black,young,plural,4,six young black lions
en,lion,black,young,plural,5,seven young black lions
en,lion,black,young,plural,6,eight young black lions
en,lion,black,old,nom,,the old black lion
en,lion,black,old,acc,,the old black lion
en,lion,black,old,dat,,the old black lion
en,lion,black,old,plural,0,two old black lions
en,lion,black,old,plural,1,three old black lions
en,lion,black,old,plural,2,four old black lions
en,lion,black,old,plural,3,five old black lions
en,lion,black,old,plural,4,six old black lions
en,lion,black,old,plural,5,seven old black lions
en,lion,black,old,plural,6,eight old black lions
en,lion,white,small,nom,,the small white lion
en,lion,white,small,acc,,the small white lion
en,lion,white,small,dat,,the small white lion
en,lion,white,small,plural,0,two small white lions
en,lion,white,small,plural,1,three small white lions
en,lion,white,small,plural,2,four small white lions
en,lion,white,small,plural,3,five small white lions
en,lion,white,small,plural,4,six small white lions
en,lion,white,small,plural,5,seven small white lions
en,lion,white,small,plural,6,eight small white lions
en,lion,white,large,nom,,the large white lion
en,lion,white,large,acc,,the large white lion
en,lion,white,large,dat,,the large white lion
en,lion,white,large,plural,0,two large white lions
en,lion,white,large,plural,1,three large white lions
en,lion,white,large,plural,2,four large white lions
en,lion,white,large,plural,3,five large white lions
en,lion,white,large,plural,4,six large white lions
en,lion,white,large,plural,5,seven large white lions
en,lion,white,large,plural,6,eight large white lions
en,lion,white,young,nom,,the young white lion
en,lion,white,young,acc,,the young white lion
en,lion,white,young,dat,,the young white lion
en,lion,white,young,plural,0,two young white lions
en,lion,white,young,plural,1,three young white lions
en,lion,white,young,plural,2,four young white lions
en,lion,white,young,plural,3,five young white lions
en,lion,white,young,plural,4,six young white lions
en,lion,white,young,plural,5,seven young white lions
en,lion,white,young,plural,6,eight young white lions
en,lion,white,old,nom,,the old white lion
en,lion,white,old,acc,,the old white lion
en,lion,white,old,dat,,the old white lion
en,lion,white,old,plural,0,two old white lions
en,lion,white,old,plural,1,three old white lions
en,lion,white,old,plural,2,four old white lions
en,lion,white,old,plural,3,five old white lions
en,lion,white,old,plural,4,six old white lions
en,lion,white,old,plural,5,seven old white lions
en,lion,white,old,plural,6,eight old white lions
en,cat,red,small,nom,,the small red cat
en,cat,red,small,acc,,the small red cat
en,cat,red,small,dat,,the small red cat
en,cat,red,small,plural,0,two small red cats
en,cat,red,small,plural,1,three small red cats
en,cat,red,small,plural,2,four small red cats
en,cat,red,small,plural,3,five small red cats
en,cat,red,small,plural,4,six small red cats
en,cat,red,small,plural,5,seven small red cats
en,cat,red,small,plural,6,eight small red cats
en,cat,red,large,nom,,the large red cat
en,cat,red,large,acc,,the large red cat
en,cat,red,large,dat,,the large red cat
en,cat,red,large,plural,0,two large red cats
en,cat,red,large,plural,1,three large red cats
en,cat,red,large,plural,2,four large red cats
en,cat,red,large,plural,3,five large red cats
en,cat,red,large,plural,4,six large red cats
en,cat,red,large,plural,5,seven large red cats
en,cat,red,large,plural,6,eight large red cats
en,cat,red,young,nom,,the young red cat
en,cat,red,young,acc,,the young red cat
en,cat,red,young,dat,,the young red cat
en,cat,red,young,plural,0,two young red cats
en,cat,red,young,plural,1,three young red cats
en,cat,red,young,plural,2,four young red cats
en,cat,red,young,plural,3,five young red cats
en,cat,red,young,plural,4,six young red cats
en,cat,red,young,plural,5,seven young red cats
en,cat,red,young,plural,6,eight young red cats
en,cat,red,old,nom,,the old red cat
en,cat,red,old,acc,,the old red cat
en,cat,red,old,dat,,the old red cat
en,cat,red,old,plural,0,two old red cats
en,cat,red,old,plural,1,three old red cats
en,cat,red,old,plural,2,four old red cats
en,cat,red,old,plural,3,five old red cats
en,cat,red,old,plural,4,six old red cats
en,cat,red,old,plural,5,seven old red cats
en,cat,red,old,plural,6,eight old red cats
en,cat,blue,small,nom,,the small blue cat
en,cat,blue,small,acc,,the small blue cat
en,cat,blue,small,dat,,the small blue cat
en,cat,blue,small,plural,0,two small blue cats
en,cat,blue,small,plural,1,three small blue cats
en,cat,blue,small,plural,2,four small blue cats
en,cat,blue,small,plural,3,five small blue cats
en,cat,blue,small,plural,4,six small blue cats
en,cat,blue,small,plural,5,seven small blue cats
en,cat,blue,small,plural,6,eight small blue cats
en,cat,blue,large,nom,,the large blue cat
en,cat,blue,large,acc,,the large blue cat
en,cat,blue,large,dat,,the large blue cat
en,cat,blue,large,plural,0,two large blue cats
en,cat,blue,large,plural,1,three large blue cats
en,cat,blue,large,plural,2,four large blue cats
en,cat,blue,large,plural,3,five large blue cats
en,cat,blue,large,plural,4,six large blue cats
en,cat,blue,large,plural,5,seven large blue cats
en,cat,blue,large,plural,6,eight large blue cats
en,cat,blue,young,nom,,the young blue cat
en,cat,blue,young,acc,,the young blue cat
en,cat,blue,young,dat,,the young blue cat
en,cat,blue,young,plural,0,two young blue cats
en,cat,blue,young,plural,1,three young blue cats
en,cat,blue,young,plural,2,four young blue cats
en,cat,blue,young,plural,3,five young blue cats
en,cat,blue,young,plural,4,six young blue cats
en,cat,blue,young,plural,5,seven young blue cats
en,cat,blue,young,plural,6,eight young blue cats
en,cat,blue,old,nom,,the old blue cat
en,cat,blue,old,acc,,the old blue cat
en,cat,blue,old,dat,,the old blue cat
en,cat,blue,old,plural,0,two old blue cats
en,cat,blue,old,plural,1,three old blue cats
en,cat,blue,old,plural,2,four old blue cats
en,cat,blue,old,plural,3,five old blue cats
en,cat,blue,old,plural,4,six old blue cats
en,cat,blue,old,plural,5,seven old blue cats
en,cat,blue,old,plural,6,eight old blue cats
en,cat,green,small,nom,,the small green cat
en,cat,green,small,acc,,the small green cat
en,cat,green,small,dat,,the small green cat
en,cat,green,small,plural,0,two small green cats
en,cat,green,small,plural,1,three small green cats
en,cat,green,small,plural,2,four small green cats
en,cat,green,small,plural,3,five small green cats
en,cat,green,small,plural,4,six small green cats
en,cat,green,small,plural,5,seven small green cats
en,cat,green,small,plural,6,eight small green cats
en,cat,green,large,nom,,the large green cat
en,cat,green,large,acc,,the large green cat
en,cat,green,large,dat,,the large green cat
en,cat,green,large,plural,0,two large green cats
en,cat,green,large,plural,1,three large green cats
en,cat,green,large,plural,2,four large green cats
en,cat,green,large,plural,3,five large green cats
en,cat,green,large,plural,4,six large green cats
en,cat,green,large,plural,5,seven large green cats
en,cat,green,large,plural,6,eight large green cats
en,cat,green,young,nom,,the young green cat
en,cat,green,young,acc,,the young green cat
en,cat,green,young,dat,,the young green cat
en,cat,green,young,plural,0,two young green cats
en,cat,green,young,plural,1,three young green cats
en,cat,green,young,plural,2,four young green cats
en,cat,green,young,plural,3,five young green cats
en,cat,green,young,plural,4,six young green cats
en,cat,green,young,plural,5,seven young green cats
en,cat,green,young,plural,6,eight young green cats
en,cat,green,old,nom,,the old green cat
en,cat,green,old,acc,,the old green cat
en,cat,green,old,dat,,the old green cat
en,cat,green,old,plural,0,two old green cats
en,cat,green,old,plural,1,three old green cats
en,cat,green,old,plural,2,four old green cats
en,cat,green,old,plural,3,five old green cats
en,cat,green,old,plural,4,six old green cats
en,cat,green,old,plural,5,seven old green cats
en,cat,green,old,plural,6,eight old green cats
en,cat,yellow,small,nom,,the small yellow cat
en,cat,yellow,small,acc,,the small yellow cat
en,cat,yellow,small,dat,,the small yellow cat
en,cat,yellow,small,plural,0,two small yellow cats
en,cat,yellow,small,plural,1,three small yellow cats
en,cat,yellow,small,plural,2,four small yellow cats
en,cat,yellow,small,plural,3,five small yellow cats
en,cat,yellow,small,plural,4,six small yellow cats
en,cat,yellow,small,plural,5,seven small yellow cats
en,cat,yellow,small,plural,6,eight small yellow cats
en,cat,yellow,large,nom,,the large yellow cat
en,cat,yellow,large,acc,,the large yellow cat
en,cat,yellow,large,dat,,the large yellow cat
en,cat,yellow,large,plural,0,two large yellow cats
en,cat,yellow,large,plural,1,three large yellow cats
en,cat,yellow,large,plural,2,four large yellow cats
en,cat,yellow,large,plural,3,five large yellow cats
en,cat,yellow,large,plural,4,six large yellow cats
en,cat,yellow,large,plural,5,seven large yellow cats
en,cat,yellow,large,plural,6,eight large yellow cats
en,cat,yellow,young,nom,,the young yellow cat
en,cat,yellow,young,acc,,the young yellow cat
en,cat,yellow,young,dat,,the young yellow cat
en,cat,yellow,young,plural,0,two young yellow cats
en,cat,yellow,young,plural,1,three young yellow cats
en,cat,yellow,young,plural,2,four young yellow cats
en,cat,yellow,young,plural,3,five young yellow cats
en,cat,yellow,young,plural,4,six young yellow cats
en,cat,yellow,young,plural,5,seven young yellow cats
en,cat,yellow,young,plural,6,eight young yellow cats
en,cat,yellow,old,nom,,the old yellow cat
en,cat,yellow,old,acc,,the old yellow cat
en,cat,yellow,old,dat,,the old yellow cat
en,cat,yellow,old,plural,0,two old yellow cats
en,cat,yellow,old,plural,1,three old yellow cats
en,cat,yellow,old,plural,2,four old yellow cats
en,cat,yellow,old,plural,3,five old yellow cats
en,cat,yellow,old,plural,4,six old yellow cats
en,cat,yellow,old,plural,5,seven old yellow cats
en,cat,yellow,old,plural,6,eight old yellow cats
en,cat,black,small,nom,,the small black cat
en,cat,black,small,acc,,the small black cat
en,cat,black,small,dat,,the small black cat
en,cat,black,small,plural,0,two small black cats
en,cat,black,small,plural,1,three small black cats
en,cat,black,small,plural,2,four small black cats
en,cat,black,small,plural,3,five small black cats
en,cat,black,small,plural,4,six small black cats
en,cat,black,small,plural,5,seven small black cats
en,cat,black,small,plural,6,eight small black cats
en,cat,black,large,nom,,the large black cat
en,cat,black,large,acc,,the large black cat
en,cat,black,large,dat,,the large black cat
en,cat,black,large,plural,0,two large black cats
en,cat,black,large,plural,1,three large black cats
en,cat,black,large,plural,2,four large black cats
en,cat,black,large,plural,3,five large black cats
en,cat,black,large,plural,4,six large black cats
en,cat,black,large,plural,5,seven large black cats
en,cat,black,large,plural,6,eight large black cats
en,cat,black,young,nom,,the young black cat
en,cat,black,young,acc,,the young black cat
en,cat,black,young,dat,,the young black cat
en,cat,black,young,plural,0,two young black cats
en,cat,black,young,plural,1,three young black cats
en,cat,black,young,plural,2,four young black cats
en,cat,black,young,plural,3,five young black cats
en,cat,black,young,plural,4,six young black cats
en,cat,black,young,plural,5,seven young black cats
en,cat,black,young,plural,6,eight young black cats
en,cat,black,old,nom,,the old black cat
en,cat,black,old,acc,,the old black cat
en,cat,black,old,dat,,the old black cat
en,cat,black,old,plural,0,two old black cats
en,cat,black,old,plural,1,three old black cats
en,cat,black,old,plural,2,four old black cats
en,cat,black,old,plural,3,five old black cats
en,cat,black,old,plural,4,six old black cats
en,cat,black,old,plural,5,seven old black cats
en,cat,black,old,plural,6,eight old black cats
en,cat,white,small,nom,,the small white cat
en,cat,white,small,acc,,the small white cat
en,cat,white,small,dat,,the small white cat
en,cat,white,small,plural,0,two small white cats
en,cat,white,small,plural,1,three small white cats
en,cat,white,small,plural,2,four small white cats
en,cat,white,small,plural,3,five small white cats
en,cat,white,small,plural,4,six small white cats
en,cat,white,small,plural,5,seven small white cats
en,cat,white,small,plural,6,eight small white cats
en,cat,white,large,nom,,the large white cat
en,cat,white,large,acc,,the large white cat
en,cat,white,large,dat,,the large white cat
en,cat,white,large,plural,0,two large white cats
en,cat,white,large,plural,1,three large white cats
en,cat,white,large,plural,2,four large white cats
en,cat,white,large,plural,3,five large white cats
en,cat,white,large,plural,4,six large white cats
en,cat,white,large,plural,5,seven large white cats
en,cat,white,large,plural,6,eight large white cats
en,cat,white,young,nom,,the young white cat
en,cat,white,young,acc,,the young white cat
en,cat,white,young,dat,,the young white cat
en,cat,white,young,plural,0,two young white cats
en,cat,white,young,plural,1,three young white cats
en,cat,white,young,plural,2,four young white cats
en,cat,white,young,plural,3,five young white cats
en,cat,white,young,plural,4,six young white cats
en,cat,white,young,plural,5,seven young white cats
en,cat,white,young,plural,6,eight young white cats
en,cat,white,old,nom,,the old white cat
en,cat,white,old,acc,,the old white cat
en,cat,white,old,dat,,the old white cat
en,cat,white,old,plural,0,two old white cats
en,cat,white,old,plural,1,three old white cats
en,cat,white,old,plural,2,four old white cats
en,cat,white,old,plural,3,five old white cats
en,cat,white,old,plural,4,six old white cats
en,cat,white,old,plural,5,seven old white cats
en,cat,white,old,plural,6,eight old white cats
en,mouse,red,small,nom,,the small red mouse
en,mouse,red,small,acc,,the small red mouse
en,mouse,red,small,dat,,the small red mouse
en,mouse,red,small,plural,0,two small red mice
en,mouse,red,small,plural,1,three small red mice
en,mouse,red,small,plural,2,four small red mice
en,mouse,red,small,plural,3,five small red mice
en,mouse,red,small,plural,4,six small red mice
en,mouse,red,small,plural,5,seven small red mice
en,mouse,red,small,plural,6,eight small red mice
en,mouse,red,large,nom,,the large red mouse
en,mouse,red,large,acc,,the large red mouse
en,mouse,red,large,dat,,the large red mouse
en,mouse,red,large,plural,0,two large red mice
en,mouse,red,large,plural,1,three large red mice
en,mouse,red,large,plural,2,four large red mice
en,mouse,red,large,plural,3,five large red mice
en,mouse,red,large,plural,4,six large red mice
en,mouse,red,large,plural,5,seven large red mice
en,mouse,red,large,plural,6,eight large red mice
en,mouse,red,young,nom,,the young red mouse
en,mouse,red,young,acc,,the young red mouse
en,mouse,red,young,dat,,the young red mouse
en,mouse,red,young,plural,0,two young red mice
en,mouse,red,young,plural,1,three young red mice
en,mouse,red,young,plural,2,four young red mice
en,mouse,red,young,plural,3,five young red mice
en,mouse,red,young,plural,4,six young red mice
en,mouse,red,young,plural,5,seven young red mice
en,mouse,red,young,plural,6,eight young red mice
en,mouse,red,old,nom,,the old red mouse
en,mouse,red,old,acc,,the old red mouse
en,mouse,red,old,dat,,the old red mouse
en,mouse,red,old,plural,0,two old red mice
en,mouse,red,old,plural,1,three old red mice
en,mouse,red,old,plural,2,four old red mice
en,mouse,red,old,plural,3,five old red mice
en,mouse,red,old,plural,4,six old red mice
en,mouse,red,old,plural,5,seven old red mice
en,mouse,red,old,plural,6,eight old red mice
en,mouse,blue,small,nom,,the small blue mouse
en,mouse,blue,small,acc,,the small blue mouse
en,mouse,blue,small,dat,,the small blue mouse
en,mouse,blue,small,plural,0,two small blue mice
en,mouse,blue,small,plural,1,three small blue mice
en,mouse,blue,small,plural,2,four small blue mice
en,mouse,blue,small,plural,3,five small blue mice
en,mouse,blue,small,plural,4,six small blue mice
en,mouse,blue,small,plural,5,seven small blue mice
en,mouse,blue,small,plural,6,eight small blue mice
en,mouse,blue,large,nom,,the large blue mouse
en,mouse,blue,large,acc,,the large blue mouse
en,mouse,blue,large,dat,,the large blue mouse
en,mouse,blue,large,plural,0,two large blue mice
en,mouse,blue,large,plural,1,three large blue mice
en,mouse,blue,large,plural,2,four large blue mice
en,mouse,blue,large,plural,3,five large blue mice
en,mouse,blue,large,plural,4,six large blue mice
en,mouse,blue,large,plural,5,seven large blue mice
en,mouse,blue,large,plural,6,eight large blue mice
en,mouse,blue,young,nom,,the young blue mouse
en,mouse,blue,young,acc,,the young blue mouse
en,mouse,blue,young,dat,,the young blue mouse
en,mouse,blue,young,plural,0,two young blue mice
en,mouse,blue,young,plural,1,three young blue mice
en,mouse,blue,young,plural,2,four young blue mice
en,mouse,blue,young,plural,3,five young blue mice
en,mouse,blue,young,plural,4,six young blue mice
en,mouse,blue,young,plural,5,seven young blue mice
en,mouse,blue,young,plural,6,eight young blue mice
en,mouse,blue,old,nom,,the old blue mouse
en,mouse,blue,old,acc,,the old blue mouse
en,mouse,blue,old,dat,,the old blue mouse
en,mouse,blue,old,plural,0,two old blue mice
en,mouse,blue,old,plural,1,three old blue mice
en,mouse,blue,old,plural,2,four old blue mice
en,mouse,blue,old,plural,3,five old blue mice
en,mouse,blue,old,plural,4,six old blue mice
en,mouse,blue,old,plural,5,seven old blue mice
en,mouse,blue,old,plural,6,eight old blue mice
en,mouse,green,small,nom,,the small green mouse
en,mouse,green,small,acc,,the small green mouse
en,mouse,green,small,dat,,the small green mouse
en,mouse,green,small,plural,0,two small green mice
en,mouse,green,small,plural,1,three small green mice
en,mouse,green,small,plural,2,four small green mice
en,mouse,green,small,plural,3,five small green mice
en,mouse,green,small,plural,4,six small green mice
en,mouse,green,small,plural,5,seven small green mice
en,mouse,green,small,plural,6,eight small green mice
en,mouse,green,large,nom,,the large green mouse
en,mouse,green,large,acc,,the large green mouse
en,mouse,green,large,dat,,the large green mouse
en,mouse,green,large,plural,0,two large green mice
en,mouse,green,large,plural,1,three large green mice
en,mouse,green,large,plural,2,four large green mice
en,mouse,green,large,plural,3,five large green mice
en,mouse,green,large,plural,4,six large green mice
en,mouse,green,large,plural,5,seven large green mice
en,mouse,green,large,plural,6,eight large green mice
en,mouse,green,young,nom,,the young green mouse
en,mouse,green,young,acc,,the young green mouse
en,mouse,green,young,dat,,the young green mouse
en,mouse,green,young,plural,0,two young green mice
en,mouse,green,young,plural,1,three young green mice
en,mouse,green,young,plural,2,four young green mice
en,mouse,green,young,plural,3,five young green mice
en,mouse,green,young,plural,4,six young green mice
en,mouse,green,young,plural,5,seven young green mice
en,mouse,green,young,plural,6,eight young green mice
en,mouse,green,old,nom,,the old green mouse
en,mouse,green,old,acc,,the old green mouse
en,mouse,green,old,dat,,the old green mouse
en,mouse,green,old,plural,0,two old green mice
en,mouse,green,old,plural,1,three old green mice
en,mouse,green,old,plural,2,four old green mice
en,mouse,green,old,plural,3,five old green mice
en,mouse,green,old,plural,4,six old green mice
en,mouse,green,old,plural,5,seven old green mice
en,mouse,green,old,plural,6,eight old green mice
en,mouse,yellow,small,nom,,the small yellow mouse
en,mouse,yellow,small,acc,,the small yellow mouse
en,mouse,yellow,small,dat,,the small yellow mouse
en,mouse,yellow,small,plural,0,two small yellow mice
en,mouse,yellow,small,plural,1,three small yellow mice
en,mouse,yellow,small,plural,2,four small yellow mice
en,mouse,yellow,small,plural,3,five small yellow mice
en,mouse,yellow,small,plural,4,six small yellow mice
en,mouse,yellow,small,plural,5,seven small yellow mice
en,mouse,yellow,small,plural,6,eight small yellow mice
en,mouse,yellow,large,nom,,the large yellow mouse
en,mouse,yellow,large,acc,,the large yellow mouse
en,mouse,yellow,large,dat,,the large yellow mouse
en,mouse,yellow,large,plural,0,two large yellow mice
en,mouse,yellow,large,plural,1,three large yellow mice
en,mouse,yellow,large,plural,2,four large yellow mice
en,mouse,yellow,large,plural,3,five large yellow mice
en,mouse,yellow,large,plural,4,six large yellow mice
en,mouse,yellow,large,plural,5,seven large yellow mice
en,mouse,yellow,large,plural,6,eight large yellow mice
en,mouse,yellow,young,nom,,the young yellow mouse
en,mouse,yellow,young,acc,,the young yellow mouse
en,mouse,yellow,young,dat,,the young yellow mouse
en,mouse,yellow,young,plural,0,two young yellow mice
en,mouse,yellow,young,plural,1,three young yellow mice
en,mouse,yellow,young,plural,2,four young yellow mice
en,mouse,yellow,young,plural,3,five young yellow mice
en,mouse,yellow,young,plural,4,six young yellow mice
en,mouse,yellow,young,plural,5,seven young yellow mice
en,mouse,yellow,young,plural,6,eight young yellow mice
en,mouse,yellow,old,nom,,the old yellow mouse
en,mouse,yellow,old,acc,,the old yellow mouse
en,mouse,yellow,old,dat,,the old yellow mouse
en,mouse,yellow,old,plural,0,two old yellow mice
en,mouse,yellow,old,plural,1,three old yellow mice
en,mouse,yellow,old,plural,2,four old yellow mice
en,mouse,yellow,old,plural,3,five old yellow mice
en,mouse,yellow,old,plural,4,six old yellow mice
en,mouse,yellow,old,plural,5,seven old yellow mice
en,mouse,yellow,old,plural,6,eight old yellow mice
en,mouse,black,small,nom,,the small black mouse
en,mouse,black,small,acc,,the small black mouse
en,mouse,black,small,dat,,the small black mouse
en,mouse,black,small,plural,0,two small black mice
en,mouse,black,small,plural,1,three small black mice
en,mouse,black,small,plural,2,four small black mice
en,mouse,black,small,plural,3,five small black mice
en,mouse,black,small,plural,4,six small black mice
en,mouse,black,small,plural,5,seven small black mice
en,mouse,black,small,plural,6,eight small black mice
en,mouse,black,large,nom,,the large black mouse
en,mouse,black,large,acc,,the large black mouse
en,mouse,black,large,dat,,the large black mouse
en,mouse,black,large,plural,0,two large black mice
en,mouse,black,large,plural,1,three large black mice
en,mouse,black,large,plural,2,four large black mice
en,mouse,black,large,plural,3,five large black mice
en,mouse,black,large,plural,4,six large black mice
en,mouse,black,large,plural,5,seven large black mice
en,mouse,black,large,plural,6,eight large black mice
en,mouse,black,young,nom,,the young black mouse
en,mouse,black,young,acc,,the young black mouse
en,mouse,black,young,dat,,the young black mouse
en,mouse,black,young,plural,0,two young black mice
en,mouse,black,young,plural,1,three young black mice
en,mouse,black,young,plural,2,four young black mice
en,mouse,black,young,plural,3,five young black mice
en,mouse,black,young,plural,4,six young black mice
en,mouse,black,young,plural,5,seven young black mice
en,mouse,black,young,plural,6,eight young black mice
en,mouse,black,old,nom,,the old black mouse
en,mouse,black,old,acc,,the old black mouse
en,mouse,black,old,dat,,the old black mouse
en,mouse,black,old,plural,0,two old black mice
en,mouse,black,old,plural,1,three old black mice
en,mouse,black,old,plural,2,four old black mice
en,mouse,black,old,plural,3,five old black mice
en,mouse,black,old,plural,4,six old black mice
en,mouse,black,old,plural,5,seven old black mice
en,mouse,black,old,plural,6,eight old black mice
en,mouse,white,small,nom,,the small white mouse
en,mouse,white,small,acc,,the small white mouse
en,mouse,white,small,dat,,the small white mouse
en,mouse,white,small,plural,0,two small white mice
en,mouse,white,small,plural,1,three small white mice
en,mouse,white,small,plural,2,four small white mice
en,mouse,white,small,plural,3,five small white mice
en,mouse,white,small,plural,4,six small white mice
en,mouse,white,small,plural,5,seven small white mice
en,mouse,white,small,plural,6,eight small white mice
en,mouse,white,large,nom,,the large white mouse
en,mouse,white,large,acc,,the large white mouse
en,mouse,white,large,dat,,the large white mouse
en,mouse,white,large,plural,0,two large white mice
en,mouse,white,large,plural,1,three large white mice
en,mouse,white,large,plural,2,four large white mice
en,mouse,white,large,plural,3,five large white mice
en,mouse,white,large,plural,4,six large white mice
en,mouse,white,large,plural,5,seven large white mice
en,mouse,white,large,plural,6,eight large white mice
en,mouse,white,young,nom,,the young white mouse
en,mouse,white,young,acc,,the young white mouse
en,mouse,white,young,dat,,the young white mouse
en,mouse,white,young,plural,0,two young white mice
en,mouse,white,young,plural,1,three young white mice
en,mouse,white,young,plural,2,four young white mice
en,mouse,white,young,plural,3,five young white mice
en,mouse,white,young,plural,4,six young white mice
en,mouse,white,young,plural,5,seven young white mice
en,mouse,white,young,plural,6,eight young white mice
en,mouse,white,old,nom,,the old white mouse
en,mouse,white,old,acc,,the old white mouse
en,mouse,white,old,dat,,the old white mouse
en,mouse,white,old,plural,0,two old white mice
en,mouse,white,old,plural,1,three old white mice
en,mouse,white,old,plural,2,four old white mice
en,mouse,white,old,plural,3,five old white mice
en,mouse,white,old,plural,4,six old white mice
en,mouse,white,old,plural,5,seven old white mice
en,mouse,white,old,plural,6,eight old white mice
en,cow,red,small,nom,,the small red cow
en,cow,red,small,acc,,the small red cow
en,cow,red,small,dat,,the small red cow
en,cow,red,small,plural,0,two small red cows
en,cow,red,small,plural,1,three small red cows
en,cow,red,small,plural,2,four small red cows
en,cow,red,small,plural,3,five small red cows
en,cow,red,small,plural,4,six small red cows
en,cow,red,small,plural,5,seven small red cows
en,cow,red,small,plural,6,eight small red cows
en,cow,red,large,nom,,the large red cow
en,cow,red,large,acc,,the large red cow
en,cow,red,large,dat,,the large red cow
en,cow,red,large,plural,0,two large red cows
en,cow,red,large,plural,1,three large red cows
en,cow,red,large,plural,2,four large red cows
en,cow,red,large,plural,3,five large red cows
en,cow,red,large,plural,4,six large red cows
en,cow,red,large,plural,5,seven large red cows
en,cow,red,large,plural,6,eight large red cows
en,cow,red,young,nom,,the young red cow
en,cow,red,young,acc,,the young red cow
en,cow,red,young,dat,,the young red cow
en,cow,red,young,plural,0,two young red cows
en,cow,red,young,plural,1,three young red cows
en,cow,red,young,plural,2,four young red cows
en,cow,red,young,plural,3,five young red cows
en,cow,red,young,plural,4,six young red cows
en,cow,red,young,plural,5,seven young red cows
en,cow,red,young,plural,6,eight young red cows
en,cow,red,old,nom,,the old red cow
en,cow,red,old,acc,,the old red cow
en,cow,red,old,dat,,the old red cow
en,cow,red,old,plural,0,two old red cows
en,cow,red,old,plural,1,three old red cows
en,cow,red,old,plural,2,four old red cows
en,cow,red,old,plural,3,five old red cows
en,cow,red,old,plural,4,six old red cows
en,cow,red,old,plural,5,seven old red cows
en,cow,red,old,plural,6,eight old red cows
en,cow,blue,small,nom,,the small blue cow
en,cow,blue,small,acc,,the small blue cow
en,cow,blue,small,dat,,the small blue cow
en,cow,blue,small,plural,0,two small blue cows
en,cow,blue,small,plural,1,three small blue cows
en,cow,blue,small,plural,2,four small blue cows
en,cow,blue,small,plural,3,five small blue cows
en,cow,blue,small,plural,4,six small blue cows
en,cow,blue,small,plural,5,seven small blue cows
en,cow,blue,small,plural,6,eight small blue cows
en,cow,blue,large,nom,,the large blue cow
en,cow,blue,large,acc,,the large blue cow
en,cow,blue,large,dat,,the large blue cow
en,cow,blue,large,plural,0,two large blue cows
en,cow,blue,large,plural,1,three large blue cows
en,cow,blue,large,plural,2,four large blue cows
en,cow,blue,large,plural,3,five large blue cows
en,cow,blue,large,plural,4,six large blue cows
en,cow,blue,large,plural,5,seven large blue cows
en,cow,blue,large,plural,6,eight large blue cows
en,cow,blue,young,nom,,the young blue cow
en,cow,blue,young,acc,,the young blue cow
en,cow,blue,young,dat,,the young blue cow
en,cow,blue,young,plural,0,two young blue cows
en,cow,blue,young,plural,1,three young blue cows
en,cow,blue,young,plural,2,four young blue cows
en,cow,blue,young,plural,3,five young blue cows
en,cow,blue,young,plural,4,six young blue cows
en,cow,blue,young,plural,5,seven young blue cows
en,cow,blue,young,plural,6,eight young blue cows
en,cow,blue,old,nom,,the old blue cow
en,cow,blue,old,acc,,the old blue cow
en,cow,blue,old,dat,,the old blue cow
en,cow,blue,old,plural,0,two old blue cows
en,cow,blue,old,plural,1,three old blue cows
en,cow,blue,old,plural,2,four old blue cows
en,cow,blue,old,plural,3,five old blue cows
en,cow,blue,old,plural,4,six old blue cows
en,cow,blue,old,plural,5,seven old blue cows
en,cow,blue,old,plural,6,eight old blue cows
en,cow,green,small,nom,,the small green cow
en,cow,green,small,acc,,the small green cow
en,cow,green,small,dat,,the small green cow
en,cow,green,small,plural,0,two small green cows
en,cow,green,small,plural,1,three small green cows
en,cow,green,small,plural,2,four small green cows
en,cow,green,small,plural,3,five small green cows
en,cow,green,small,plural,4,six small green cows
en,cow,green,small,plural,5,seven small green cows
en,cow,green,small,plural,6,eight small green cows
en,cow,green,large,nom,,the large green cow
en,cow,green,large,acc,,the large green cow
en,cow,green,large,dat,,the large green cow
en,cow,green,large,plural,0,two large green cows
en,cow,green,large,plural,1,three large green cows
en,cow,green,large,plural,2,four large green cows
en,cow,green,large,plural,3,five large green cows
en,cow,green,large,plural,4,six large green cows
en,cow,green,large,plural,5,seven large green cows
en,cow,green,large,plural,6,eight large green cows
en,cow,green,young,nom,,the young green cow
en,cow,green,young,acc,,the young green cow
en,cow,green,young,dat,,the young green cow
en,cow,green,young,plural,0,two young green cows
en,cow,green,young,plural,1,three young green cows
en,cow,green,young,plural,2,four young green cows
en,cow,green,young,plural,3,five young green cows
en,cow,green,young,plural,4,six young green cows
en,cow,green,young,plural,5,seven young green cows
en,cow,green,young,plural,6,eight young green cows
en,cow,green,old,nom,,the old green cow
en,cow,green,old,acc,,the old green cow
en,cow,green,old,dat,,the old green cow
en,cow,green,old,plural,0,two old green cows
en,cow,green,old,plural,1,three old green cows
en,cow,green,old,plural,2,four old green cows
en,cow,green,old,plural,3,five old green cows
en,cow,green,old,plural,4,six old green cows
en,cow,green,old,plural,5,seven old green cows
en,cow,green,old,plural,6,eight old green cows
en,cow,yellow,small,nom,,the small yellow cow
en,cow,yellow,small,acc,,the small yellow cow
en,cow,yellow,small,dat,,the small yellow cow
en,cow,yellow,small,plural,0,two small yellow cows
en,cow,yellow,small,plural,1,three small yellow cows
en,cow,yellow,small,plural,2,four small yellow cows
en,cow,yellow,small,plural,3,five small yellow cows
en,cow,yellow,small,plural,4,six small yellow cows
en,cow,yellow,small,plural,5,seven small yellow cows
en,cow,yellow,small,plural,6,eight small yellow cows
en,cow,yellow,large,nom,,the large yellow cow
en,cow,yellow,large,acc,,the large yellow cow
en,cow,yellow,large,dat,,the large yellow cow
en,cow,yellow,large,plural,0,two large yellow cows
en,cow,yellow,large,plural,1,three large yellow cows
en,cow,yellow,large,plural,2,four large yellow cows
en,cow,yellow,large,plural,3,five large yellow cows
en,cow,yellow,large,plural,4,six large yellow cows
en,cow,yellow,large,plural,5,seven large yellow cows
en,cow,yellow,large,plural,6,eight large yellow cows
en,cow,yellow,young,nom,,the young yellow cow
en,cow,yellow,young,acc,,the young yellow cow
en,cow,yellow,young,dat,,the young yellow cow
en,cow,yellow,young,plural,0,two young yellow cows
en,cow,yellow,young,plural,1,three young yellow cows
en,cow,yellow,young,plural,2,four young yellow cows
en,cow,yellow,young,plural,3,five young yellow cows
en,cow,yellow,young,plural,4,six young yellow cows
en,cow,yellow,young,plural,5,seven young yellow cows
en,cow,yellow,young,plural,6,eight young yellow cows
en,cow,yellow,old,nom,,the old yellow cow
en,cow,yellow,old,acc,,the old yellow cow
en,cow,yellow,old,dat,,the old yellow cow
en,cow,yellow,old,plural,0,two old yellow cows
en,cow,yellow,old,plural,1,three old yellow cows
en,cow,yellow,old,plural,2,four old yellow cows
en,cow,yellow,old,plural,3,five old yellow cows
en,cow,yellow,old,plural,4,six old yellow cows
en,cow,yellow,old,plural,5,seven old yellow cows
en,cow,yellow,old,plural,6,eight old yellow cows
en,cow,black,small,nom,,the small black cow
en,cow,black,small,acc,,the small black cow
en,cow,black,small,dat,,the small black cow
en,cow,black,small,plural,0,two small black cows
en,cow,black,small,plural,1,three small black cows
en,cow,black,small,plural,2,four small black cows
en,cow,black,small,plural,3,five small black cows
en,cow,black,small,plural,4,six small black cows
en,cow,black,small,plural,5,seven small black cows
en,cow,black,small,plural,6,eight small black cows
en,cow,black,large,nom,,the large black cow
en,cow,black,large,acc,,the large black cow
en,cow,black,large,dat,,the large black cow
en,cow,black,large,plural,0,two large black cows
en,cow,black,large,plural,1,three large black cows
en,cow,black,large,plural,2,four large black cows
en,cow,black,large,plural,3,five large black cows
en,cow,black,large,plural,4,six large black cows
en,cow,black,large,plural,5,seven large black cows
en,cow,black,large,plural,6,eight large black cows
en,cow,black,young,nom,,the young black cow
en,cow,black,young,acc,,the young black cow
en,cow,black,young,dat,,the young black cow
en,cow,black,young,plural,0,two young black cows
en,cow,black,young,plural,1,three young black cows
en,cow,black,young,plural,2,four young black cows
en,cow,black,young,plural,3,five young black cows
en,cow,black,young,plural,4,six young black cows
en,cow,black,young,plural,5,seven young black cows
en,cow,black,young,plural,6,eight young black cows
en,cow,black,old,nom,,the old black cow
en,cow,black,old,acc,,the old black cow
en,cow,black,old,dat,,the old black cow
en,cow,black,old,plural,0,two old black cows
en,cow,black,old,plural,1,three old black cows
en,cow,black,old,plural,2,four old black cows
en,cow,black,old,plural,3,five old black cows
en,cow,black,old,plural,4,six old black cows
en,cow,black,old,plural,5,seven old black cows
en,cow,black,old,plural,6,eight old black cows
en,cow,white,small,nom,,the small white cow
en,cow,white,small,acc,,the small white cow
en,cow,white,small,dat,,the small white cow
en,cow,white,small,plural,0,two small white cows
en,cow,white,small,plural,1,three small white cows
en,cow,white,small,plural,2,four small white cows
en,cow,white,small,plural,3,five small white cows
en,cow,white,small,plural,4,six small white cows
en,cow,white,small,plural,5,seven small white cows
en,cow,white,small,plural,6,eight small white cows
en,cow,white,large,nom,,the large white cow
en,cow,white,large,acc,,the large white cow
en,cow,white,large,dat,,the large white cow
en,cow,white,large,plural,0,two large white cows
en,cow,white,large,plural,1,three large white cows
en,cow,white,large,plural,2,four large white cows
en,cow,white,large,plural,3,five large white cows
en,cow,white,large,plural,4,six large white cows
en,cow,white,large,plural,5,seven large white cows
en,cow,white,large,plural,6,eight large white cows
en,cow,white,young,nom,,the young white cow
en,cow,white,young,acc,,the young white cow
en,cow,white,young,dat,,the young white cow
en,cow,white,young,plural,0,two young white cows
en,cow,white,young,plural,1,three young white cows
en,cow,white,young,plural,2,four young white cows
en,cow,white,young,plural,3,five young white cows
en,cow,white,young,plural,4,six young white cows
en,cow,white,young,plural,5,seven young white cows
en,cow,white,young,plural,6,eight young white cows
en,cow,white,old,nom,,the old white cow
en,cow,white,old,acc,,the old white cow
en,cow,white,old,dat,,the old white cow
en,cow,white,old,plural,0,two old white cows
en,cow,white,old,plural,1,three old white cows
en,cow,white,old,plural,2,four old white cows
en,cow,white,old,plural,3,five old white cows
en,cow,white,old,plural,4,six old white cows
en,cow,white,old,plural,5,seven old white cows
en,cow,white,old,plural,6,eight old white cows
en,duck,red,small,nom,,the small red duck
en,duck,red,small,acc,,the small red duck
en,duck,red,small,dat,,the small red duck
en,duck,red,small,plural,0,two small red ducks
en,duck,red,small,plural,1,three small red ducks
en,duck,red,small,plural,2,four small red ducks
en,duck,red,small,plural,3,five small red ducks
en,duck,red,small,plural,4,six small red ducks
en,duck,red,small,plural,5,seven small red ducks
en,duck,red,small,plural,6,eight small red ducks
en,duck,red,large,nom,,the large red duck
en,duck,red,large,acc,,the large red duck
en,duck,red,large,dat,,the large red duck
en,duck,red,large,plural,0,two large red ducks
en,duck,red,large,plural,1,three large red ducks
en,duck,red,large,plural,2,four large red ducks
en,duck,red,large,plural,3,five large red ducks
en,duck,red,large,plural,4,six large red ducks
en,duck,red,large,plural,5,seven large red ducks
en,duck,red,large,plural,6,eight large red ducks
en,duck,red,young,nom,,the young red duck
en,duck,red,young,acc,,the young red duck
en,duck,red,young,dat,,the young red duck
en,duck,red,young,plural,0,two young red ducks
en,duck,red,young,plural,1,three young red ducks
en,duck,red,young,plural,2,four young red ducks
en,duck,red,young,plural,3,five young red ducks
en,duck,red,young,plural,4,six young red ducks
en,duck,red,young,plural,5,seven young red ducks
en,duck,red,young,plural,6,eight young red ducks
en,duck,red,old,nom,,the old red duck
en,duck,red,old,acc,,the old red duck
en,duck,red,old,dat,,the old red duck
en,duck,red,old,plural,0,two old red ducks
en,duck,red,old,plural,1,three old red ducks
en,duck,red,old,plural,2,four old red ducks
en,duck,red,old,plural,3,five old red ducks
en,duck,red,old,plural,4,six old red ducks
en,duck,red,old,plural,5,seven old red ducks
en,duck,red,old,plural,6,eight old red ducks
en,duck,blue,small,nom,,the small blue duck
en,duck,blue,small,acc,,the small blue duck
en,duck,blue,small,dat,,the small blue duck
en,duck,blue,small,plural,0,two small blue ducks
en,duck,blue,small,plural,1,three small blue ducks
en,duck,blue,small,plural,2,four small blue ducks
en,duck,blue,small,plural,3,five small blue ducks
en,duck,blue,small,plural,4,six small blue ducks
en,duck,blue,small,plural,5,seven small blue ducks
en,duck,blue,small,plural,6,eight small blue ducks
en,duck,blue,large,nom,,the large blue duck
en,duck,blue,large,acc,,the large blue duck
en,duck,blue,large,dat,,the large blue duck
en,duck,blue,large,plural,0,two large blue ducks
en,duck,blue,large,plural,1,three large blue ducks
en,duck,blue,large,plural,2,four large blue ducks
en,duck,blue,large,plural,3,five large blue ducks
en,duck,blue,large,plural,4,six large blue ducks
en,duck,blue,large,plural,5,seven large blue ducks
en,duck,blue,large,plural,6,eight large blue ducks
en,duck,blue,young,nom,,the young blue duck
en,duck,blue,young,acc,,the young blue duck
en,duck,blue,young,dat,,the young blue duck
en,duck,blue,young,plural,0,two young blue ducks
en,duck,blue,young,plural,1,three young blue ducks
en,duck,blue,young,plural,2,four young blue ducks
en,duck,blue,young,plural,3,five young blue ducks
en,duck,blue,young,plural,4,six young blue ducks
en,duck,blue,young,plural,5,seven young blue ducks
en,duck,blue,young,plural,6,eight young blue ducks
en,duck,blue,old,nom,,the old blue duck
en,duck,blue,old,acc,,the old blue duck
en,duck,blue,old,dat,,the old blue duck
en,duck,blue,old,plural,0,two old blue ducks
en,duck,blue,old,plural,1,three old blue ducks
en,duck,blue,old,plural,2,four old blue ducks
en,duck,blue,old,plural,3,five old blue ducks
en,duck,blue,old,plural,4,six old blue ducks
en,duck,blue,old,plural,5,seven old blue ducks
en,duck,blue,old,plural,6,eight old blue ducks
en,duck,green,small,nom,,the small green duck
en,duck,green,small,acc,,the small green duck
en,duck,green,small,dat,,the small green duck
en,duck,green,small,plural,0,two small green ducks
en,duck,green,small,plural,1,three small green ducks
en,duck,green,small,plural,2,four small green ducks
en,duck,green,small,plural,3,five small green ducks
en,duck,green,small,plural,4,six small green ducks
en,duck,green,small,plural,5,seven small green ducks
en,duck,green,small,plural,6,eight small green ducks
en,duck,green,large,nom,,the large green duck
en,duck,green,large,acc,,the large green duck
en,duck,green,large,dat,,the large green duck
en,duck,green,large,plural,0,two large green ducks
en,duck,green,large,plural,1,three large green ducks
en,duck,green,large,plural,2,four large green ducks
en,duck,green,large,plural,3,five large green ducks
en,duck,green,large,plural,4,six large green ducks
en,duck,green,large,plural,5,seven large green ducks
en,duck,green,large,plural,6,eight large green ducks
en,duck,green,young,nom,,the young green duck
en,duck,green,young,acc,,the young green duck
en,duck,green,young,dat,,the young green duck
en,duck,green,young,plural,0,two young green ducks
en,duck,green,young,plural,1,three young green ducks
en,duck,green,young,plural,2,four young green ducks
en,duck,green,young,plural,3,five young green ducks
en,duck,green,young,plural,4,six young green ducks
en,duck,green,young,plural,5,seven young green ducks
en,duck,green,young,plural,6,eight young green ducks
en,duck,green,old,nom,,the old green duck
en,duck,green,old,acc,,the old green duck
en,duck,green,old,dat,,the old green duck
en,duck,green,old,plural,0,two old green ducks
en,duck,green,old,plural,1,three old green ducks
en,duck,green,old,plural,2,four old green ducks
en,duck,green,old,plural,3,five old green ducks
en,duck,green,old,plural,4,six old green ducks
en,duck,green,old,plural,5,seven old green ducks
en,duck,green,old,plural,6,eight old green ducks
en,duck,yellow,small,nom,,the small yellow duck
en,duck,yellow,small,acc,,the small yellow duck
en,duck,yellow,small,dat,,the small yellow duck
en,duck,yellow,small,plural,0,two small yellow ducks
en,duck,yellow,small,plural,1,three small yellow ducks
en,duck,yellow,small,plural,2,four small yellow ducks
en,duck,yellow,small,plural,3,five small yellow ducks
en,duck,yellow,small,plural,4,six small yellow ducks
en,duck,yellow,small,plural,5,seven small yellow ducks
en,duck,yellow,small,plural,6,eight small yellow ducks
en,duck,yellow,large,nom,,the large yellow duck
en,duck,yellow,large,acc,,the large yellow duck
en,duck,yellow,large,dat,,the large yellow duck
en,duck,yellow,large,plural,0,two large yellow ducks
en,duck,yellow,large,plural,1,three large yellow ducks
en,duck,yellow,large,plural,2,four large yellow ducks
en,duck,yellow,large,plural,3,five large yellow ducks
en,duck,yellow,large,plural,4,six large yellow ducks
en,duck,yellow,large,plural,5,seven large yellow ducks
en,duck,yellow,large,plural,6,eight large yellow ducks
en,duck,yellow,young,nom,,the young yellow duck
en,duck,yellow,young,acc,,the young yellow duck
en,duck,yellow,young,dat,,the young yellow duck
en,duck,yellow,young,plural,0,two young yellow ducks
en,duck,yellow,young,plural,1,three young yellow ducks
en,duck,yellow,young,plural,2,four young yellow ducks
en,duck,yellow,young,plural,3,five young yellow ducks
en,duck,yellow,young,plural,4,six young yellow ducks
en,duck,yellow,young,plural,5,seven young yellow ducks
en,duck,yellow,young,plural,6,eight young yellow ducks
en,duck,yellow,old,nom,,the old yellow duck
en,duck,yellow,old,acc,,the old yellow duck
en,duck,yellow,old,dat,,the old yellow duck
en,duck,yellow,old,plural,0,two old yellow ducks
en,duck,yellow,old,plural,1,three old yellow ducks
en,duck,yellow,old,plural,2,four old yellow ducks
en,duck,yellow,old,plural,3,five old yellow ducks
en,duck,yellow,old,plural,4,six old yellow ducks
en,duck,yellow,old,plural,5,seven old yellow ducks
en,duck,yellow,old,plural,6,eight old yellow ducks
en,duck,black,small,nom,,the small black duck
en,duck,black,small,acc,,the small black duck
en,duck,black,small,dat,,the small black duck
en,duck,black,small,plural,0,two small black ducks
en,duck,black,small,plural,1,three small black ducks
en,duck,black,small,plural,2,four small black ducks
en,duck,black,small,plural,3,five small black ducks
en,duck,black,small,plural,4,six small black ducks
en,duck,black,small,plural,5,seven small black ducks
en,duck,black,small,plural,6,eight small black ducks
en,duck,black,large,nom,,the large black duck
en,duck,black,large,acc,,the large black duck
en,duck,black,large,dat,,the large black duck
en,duck,black,large,plural,0,two large black ducks
en,duck,black,large,plural,1,three large black ducks
en,duck,black,large,plural,2,four large black ducks
en,duck,black,large,plural,3,five large black ducks
en,duck,black,large,plural,4,six large black ducks
en,duck,black,large,plural,5,seven large black ducks
en,duck,black,large,plural,6,eight large black ducks
en,duck,black,young,nom,,the young black duck
en,duck,black,young,acc,,the young black duck
en,duck,black,young,dat,,the young black duck
en,duck,black,young,plural,0,two young black ducks
en,duck,black,young,plural,1,three young black ducks
en,duck,black,young,plural,2,four young black ducks
en,duck,black,young,plural,3,five young black ducks
en,duck,black,young,plural,4,six young black ducks
en,duck,black,young,plural,5,seven young black ducks
en,duck,black,young,plural,6,eight young black ducks
en,duck,black,old,nom,,the old black duck
en,duck,black,old,acc,,the old black duck
en,duck,black,old,dat,,the old black duck
en,duck,black,old,plural,0,two old black ducks
en,duck,black,old,plural,1,three old black ducks
en,duck,black,old,plural,2,four old black ducks
en,duck,black,old,plural,3,five old black ducks
en,duck,black,old,plural,4,six old black ducks
en,duck,black,old,plural,5,seven old black ducks
en,duck,black,old,plural,6,eight old black ducks
en,duck,white,small,nom,,the small white duck
en,duck,white,small,acc,,the small white duck
en,duck,white,small,dat,,the small white duck
en,duck,white,small,plural,0,two small white ducks
en,duck,white,small,plural,1,three small white ducks
en,duck,white,small,plural,2,four small white ducks
en,duck,white,small,plural,3,five small white ducks
en,duck,white,small,plural,4,six small white ducks
en,duck,white,small,plural,5,seven small white ducks
en,duck,white,small,plural,6,eight small white ducks
en,duck,white,large,nom,,the large white duck
en,duck,white,large,acc,,the large white duck
en,duck,white,large,dat,,the large white duck
en,duck,white,large,plural,0,two large white ducks
en,duck,white,large,plural,1,three large white ducks
en,duck,white,large,plural,2,four large white ducks
en,duck,white,large,plural,3,five large white ducks
en,duck,white,large,plural,4,six large white ducks
en,duck,white,large,plural,5,seven large white ducks
en,duck,white,large,plural,6,eight large white ducks
en,duck,white,young,nom,,the young white duck
en,duck,white,young,acc,,the young white duck
en,duck,white,young,dat,,the young white duck
en,duck,white,young,plural,0,two young white ducks
en,duck,white,young,plural,1,three young white ducks
en,duck,white,young,plural,2,four young white ducks
en,duck,white,young,plural,3,five young white ducks
en,duck,white,young,plural,4,six young white ducks
en,duck,white,young,plural,5,seven young white ducks
en,duck,white,young,plural,6,eight young white ducks
en,duck,white,old,nom,,the old white duck
en,duck,white,old,acc,,the old white duck
en,duck,white,old,dat,,the old white duck
en,duck,white,old,plural,0,two old white ducks
en,duck,white,old,plural,1,three old white ducks
en,duck,white,old,plural,2,four old white ducks
en,duck,white,old,plural,3,five old white ducks
en,duck,white,old,plural,4,six old white ducks
en,duck,white,old,plural,5,seven old white ducks
en,duck,white,old,plural,6,eight old white ducks
en,horse,red,small,nom,,the small red horse
en,horse,red,small,acc,,the small red horse
en,horse,red,small,dat,,the small red horse
en,horse,red,small,plural,0,two small red horses
en,horse,red,small,plural,1,three small red horses
en,horse,red,small,plural,2,four small red horses
en,horse,red,small,plural,3,five small red horses
en,horse,red,small,plural,4,six small red horses
en,horse,red,small,plural,5,seven small red horses
en,horse,red,small,plural,6,eight small red horses
en,horse,red,large,nom,,the large red horse
en,horse,red,large,acc,,the large red horse
en,horse,red,large,dat,,the large red horse
en,horse,red,large,plural,0,two large red horses
en,horse,red,large,plural,1,three large red horses
en,horse,red,large,plural,2,four large red horses
en,horse,red,large,plural,3,five large red horses
en,horse,red,large,plural,4,six large red horses
en,horse,red,large,plural,5,seven large red horses
en,horse,red,large,plural,6,eight large red horses
en,horse,red,young,nom,,the young red horse
en,horse,red,young,acc,,the young red horse
en,horse,red,young,dat,,the young red horse
en,horse,red,young,plural,0,two young red horses
en,horse,red,young,plural,1,three young red horses
en,horse,red,young,plural,2,four young red horses
en,horse,red,young,plural,3,five young red horses
en,horse,red,young,plural,4,six young red horses
en,horse,red,young,plural,5,seven young red horses
en,horse,red,young,plural,6,eight young red horses
en,horse,red,old,nom,,the old red horse
en,horse,red,old,acc,,the old red horse
en,horse,red,old,dat,,the old red horse
en,horse,red,old,plural,0,two old red horses
en,horse,red,old,plural,1,three old red horses
en,horse,red,old,plural,2,four old red horses
en,horse,red,old,plural,3,five old red horses
en,horse,red,old,plural,4,six old red horses
en,horse,red,old,plural,5,seven old red horses
en,horse,red,old,plural,6,eight old red horses
en,horse,blue,small,nom,,the small blue horse
en,horse,blue,small,acc,,the small blue horse
en,horse,blue,small,dat,,the small blue horse
en,horse,blue,small,plural,0,two small blue horses
en,horse,blue,small,plural,1,three small blue horses
en,horse,blue,small,plural,2,four small blue horses
en,horse,blue,small,plural,3,five small blue horses
en,horse,blue,small,plural,4,six small blue horses
en,horse,blue,small,plural,5,seven small blue horses
en,horse,blue,small,plural,6,eight small blue horses
en,horse,blue,large,nom,,the large blue horse
en,horse,blue,large,acc,,the large blue horse
en,horse,blue,large,dat,,the large blue horse
en,horse,blue,large,plural,0,two large blue horses
en,horse,blue,large,plural,1,three large blue horses
en,horse,blue,large,plural,2,four large blue horses
en,horse,blue,large,plural,3,five large blue horses
en,horse,blue,large,plural,4,six large blue horses
en,horse,blue,large,plural,5,seven large blue horses
en,horse,blue,large,plural,6,eight large blue horses
en,horse,blue,young,nom,,the young blue horse
en,horse,blue,young,acc,,the young blue horse
en,horse,blue,young,dat,,the young blue horse
en,horse,blue,young,plural,0,two young blue horses
en,horse,blue,young,plural,1,three young blue horses
en,horse,blue,young,plural,2,four young blue horses
en,horse,blue,young,plural,3,five young blue horses
en,horse,blue,young,plural,4,six young blue horses
en,horse,blue,young,plural,5,seven young blue horses
en,horse,blue,young,plural,6,eight young blue horses
en,horse,blue,old,nom,,the old blue horse
en,horse,blue,old,acc,,the old blue horse
en,horse,blue,old,dat,,the old blue horse
en,horse,blue,old,plural,0,two old blue horses
en,horse,blue,old,plural,1,three old blue horses
en,horse,blue,old,plural,2,four old blue horses
en,horse,blue,old,plural,3,five old blue horses
en,horse,blue,old,plural,4,six old blue horses
en,horse,blue,old,plural,5,seven old blue horses
en,horse,blue,old,plural,6,eight old blue horses
en,horse,green,small,nom,,the small green horse
en,horse,green,small,acc,,the small green horse
en,horse,green,small,dat,,the small green horse
en,horse,green,small,plural,0,two small green horses
en,horse,green,small,plural,1,three small green horses
en,horse,green,small,plural,2,four small green horses
en,horse,green,small,plural,3,five small green horses
en,horse,green,small,plural,4,six small green horses
en,horse,green,small,plural,5,seven small green horses
en,horse,green,small,plural,6,eight small green horses
en,horse,green,large,nom,,the large green horse
en,horse,green,large,acc,,the large green horse
en,horse,green,large,dat,,the large green horse
en,horse,green,large,plural,0,two large green horses
en,horse,green,large,plural,1,three large green horses
en,horse,green,large,plural,2,four large green horses
en,horse,green,large,plural,3,five large green horses
en,horse,green,large,plural,4,six large green horses
en,horse,green,large,plural,5,seven large green horses
en,horse,green,large,plural,6,eight large green horses
en,horse,green,young,nom,,the young green horse
en,horse,green,young,acc,,the young green horse
en,horse,green,young,dat,,the young green horse
en,horse,green,young,plural,0,two young green horses
en,horse,green,young,plural,1,three young green horses
en,horse,green,young,plural,2,four young green horses
en,horse,green,young,plural,3,five young green horses
en,horse,green,young,plural,4,six young green horses
en,horse,green,young,plural,5,seven young green horses
en,horse,green,young,plural,6,eight young green horses
en,horse,green,old,nom,,the old green horse
en,horse,green,old,acc,,the old green horse
en,horse,green,old,dat,,the old green horse
en,horse,green,old,plural,0,two old green horses
en,horse,green,old,plural,1,three old green horses
en,horse,green,old,plural,2,four old green horses
en,horse,green,old,plural,3,five old green horses
en,horse,green,old,plural,4,six old green horses
en,horse,green,old,plural,5,seven old green horses
en,horse,green,old,plural,6,eight old green horses
en,horse,yellow,small,nom,,the small yellow horse
en,horse,yellow,small,acc,,the small yellow horse
en,horse,yellow,small,dat,,the small yellow horse
en,horse,yellow,small,plural,0,two small yellow horses
en,horse,yellow,small,plural,1,three small yellow horses
en,horse,yellow,small,plural,2,four small yellow horses
en,horse,yellow,small,plural,3,five small yellow horses
en,horse,yellow,small,plural,4,six small yellow horses
en,horse,yellow,small,plural,5,seven small yellow horses
en,horse,yellow,small,plural,6,eight small yellow horses
en,horse,yellow,large,nom,,the large yellow horse
en,horse,yellow,large,acc,,the large yellow horse
en,horse,yellow,large,dat,,the large yellow horse
en,horse,yellow,large,plural,0,two large yellow horses
en,horse,yellow,large,plural,1,three large yellow horses
en,horse,yellow,large,plural,2,four large yellow horses
en,horse,yellow,large,plural,3,five large yellow horses
en,horse,yellow,large,plural,4,six large yellow horses
en,horse,yellow,large,plural,5,seven large yellow horses
en,horse,yellow,large,plural,6,eight large yellow horses
en,horse,yellow,young,nom,,the young yellow horse
en,horse,yellow,young,acc,,the young yellow horse
en,horse,yellow,young,dat,,the young yellow horse
en,horse,yellow,young,plural,0,two young yellow horses
en,horse,yellow,young,plural,1,three young yellow horses
en,horse,yellow,young,plural,2,four young yellow horses
en,horse,yellow,young,plural,3,five young yellow horses
en,horse,yellow,young,plural,4,six young yellow horses
en,horse,yellow,young,plural,5,seven young yellow horses
en,horse,yellow,young,plural,6,eight young yellow horses
en,horse,yellow,old,nom,,the old yellow horse
en,horse,yellow,old,acc,,the old yellow horse
en,horse,yellow,old,dat,,the old yellow horse
en,horse,yellow,old,plural,0,two old yellow horses
en,horse,yellow,old,plural,1,three old yellow horses
en,horse,yellow,old,plural,2,four old yellow horses
en,horse,yellow,old,plural,3,five old yellow horses
en,horse,yellow,old,plural,4,six old yellow horses
en,horse,yellow,old,plural,5,seven old yellow horses
en,horse,yellow,old,plural,6,eight old yellow horses
en,horse,black,small,nom,,the small black horse
en,horse,black,small,acc,,the small black horse
en,horse,black,small,dat,,the small black horse
en,horse,black,small,plural,0,two small black horses
en,horse,black,small,plural,1,three small black horses
en,horse,black,small,plural,2,four small black horses
en,horse,black,small,plural,3,five small black horses
en,horse,black,small,plural,4,six small black horses
en,horse,black,small,plural,5,seven small black horses
en,horse,black,small,plural,6,eight small black horses
en,horse,black,large,nom,,the large black horse
en,horse,black,large,acc,,the large black horse
en,horse,black,large,dat,,the large black horse
en,horse,black,large,plural,0,two large black horses
en,horse,black,large,plural,1,three large black horses
en,horse,black,large,plural,2,four large black horses
en,horse,black,large,plural,3,five large black horses
en,horse,black,large,plural,4,six large black horses
en,horse,black,large,plural,5,seven large black horses
en,horse,black,large,plural,6,eight large black horses
en,horse,black,young,nom,,the young black horse
en,horse,black,young,acc,,the young black horse
en,horse,black,young,dat,,the young black horse
en,horse,black,young,plural,0,two young black horses
en,horse,black,young,plural,1,three young black horses
en,horse,black,young,plural,2,four young black horses
en,horse,black,young,plural,3,five young black horses
en,horse,black,young,plural,4,six young black horses
en,horse,black,young,plural,5,seven young black horses
en,horse,black,young,plural,6,eight young black horses
en,horse,black,old,nom,,the old black horse
en,horse,black,old,acc,,the old black horse
en,horse,black,old,dat,,the old black horse
en,horse,black,old,plural,0,two old black horses
en,horse,black,old,plural,1,three old black horses
en,horse,black,old,plural,2,four old black horses
en,horse,black,old,plural,3,five old black horses
en,horse,black,old,plural,4,six old black horses
en,horse,black,old,plural,5,seven old black horses
en,horse,black,old,plural,6,eight old black horses
en,horse,white,small,nom,,the small white horse
en,horse,white,small,acc,,the small white horse
en,horse,white,small,dat,,the small white horse
en,horse,white,small,plural,0,two small white horses
en,horse,white,small,plural,1,three small white horses
en,horse,white,small,plural,2,four small white horses
en,horse,white,small,plural,3,five small white horses
en,horse,white,small,plural,4,six small white horses
en,horse,white,small,plural,5,seven small white horses
en,horse,white,small,plural,6,eight small white horses
en,horse,white,large,nom,,the large white horse
en,horse,white,large,acc,,the large white horse
en,horse,white,large,dat,,the large white horse
en,horse,white,large,plural,0,two large white horses
en,horse,white,large,plural,1,three large white horses
en,horse,white,large,plural,2,four large white horses
en,horse,white,large,plural,3,five large white horses
en,horse,white,large,plural,4,six large white horses
en,horse,white,large,plural,5,seven large white horses
en,horse,white,large,plural,6,eight large white horses
en,horse,white,young,nom,,the young white horse
en,horse,white,young,acc,,the young white horse
en,horse,white,young,dat,,the young white horse
en,horse,white,young,plural,0,two young white horses
en,horse,white,young,plural,1,three young white horses
en,horse,white,young,plural,2,four young white horses
en,horse,white,young,plural,3,five young white horses
en,horse,white,young,plural,4,six young white horses
en,horse,white,young,plural,5,seven young white horses
en,horse,white,young,plural,6,eight young white horses
en,horse,white,old,nom,,the old white horse
en,horse,white,old,acc,,the old white horse
en,horse,white,old,dat,,the old white horse
en,horse,white,old,plural,0,two old white horses
en,horse,white,old,plural,1,three old white horses
en,horse,white,old,plural,2,four old white horses
en,horse,white,old,plural,3,five old white horses
en,horse,white,old,plural,4,six old white horses
en,horse,white,old,plural,5,seven old white horses
en,horse,white,old,plural,6,eight old white horses
en,sheep,red,small,nom,,the small red sheep
en,sheep,red,small,acc,,the small red sheep
en,sheep,red,small,dat,,the small red sheep
en,sheep,red,small,plural,0,two small red sheep
en,sheep,red,small,plural,1,three small red sheep
en,sheep,red,small,plural,2,four small red sheep
en,sheep,red,small,plural,3,five small red sheep
en,sheep,red,small,plural,4,six small red sheep
en,sheep,red,small,plural,5,seven small red sheep
en,sheep,red,small,plural,6,eight small red sheep
en,sheep,red,large,nom,,the large red sheep
en,sheep,red,large,acc,,the large red sheep
en,sheep,red,large,dat,,the large red sheep
en,sheep,red,large,plural,0,two large red sheep
en,sheep,red,large,plural,1,three large red sheep
en,sheep,red,large,plural,2,four large red sheep
en,sheep,red,large,plural,3,five large red sheep
en,sheep,red,large,plural,4,six large red sheep
en,sheep,red,large,plural,5,seven large red sheep
en,sheep,red,large,plural,6,eight large red sheep
en,sheep,red,young,nom,,the young red sheep
en,sheep,red,young,acc,,the young red sheep
en,sheep,red,young,dat,,the young red sheep
en,sheep,red,young,plural,0,two young red sheep
en,sheep,red,young,plural,1,three young red sheep
en,sheep,red,young,plural,2,four young red sheep
en,sheep,red,young,plural,3,five young red sheep
en,sheep,red,young,plural,4,six young red sheep
en,sheep,red,young,plural,5,seven young red sheep
en,sheep,red,young,plural,6,eight young red sheep
en,sheep,red,old,nom,,the old red sheep
en,sheep,red,old,acc,,the old red sheep
en,sheep,red,old,dat,,the old red sheep
en,sheep,red,old,plural,0,two old red sheep
en,sheep,red,old,plural,1,three old red sheep
en,sheep,red,old,plural,2,four old red sheep
en,sheep,red,old,plural,3,five old red sheep
en,sheep,red,old,plural,4,six old red sheep
en,sheep,red,old,plural,5,seven old red sheep
en,sheep,red,old,plural,6,eight old red sheep
en,sheep,blue,small,nom,,the small blue sheep
en,sheep,blue,small,acc,,the small blue sheep
en,sheep,blue,small,dat,,the small blue sheep
en,sheep,blue,small,plural,0,two small blue sheep
en,sheep,blue,small,plural,1,three small blue sheep
en,sheep,blue,small,plural,2,four small blue sheep
en,sheep,blue,small,plural,3,five small blue sheep
en,sheep,blue,small,plural,4,six small blue sheep
en,sheep,blue,small,plural,5,seven small blue sheep
en,sheep,blue,small,plural,6,eight small blue sheep
en,sheep,blue,large,nom,,the large blue sheep
en,sheep,blue,large,acc,,the large blue sheep
en,sheep,blue,large,dat,,the large blue sheep
en,sheep,blue,large,plural,0,two large blue sheep
en,sheep,blue,large,plural,1,three large blue sheep
en,sheep,blue,large,plural,2,four large blue sheep
en,sheep,blue,large,plural,3,five large blue sheep
en,sheep,blue,large,plural,4,six large blue sheep
en,sheep,blue,large,plural,5,seven large blue sheep
en,sheep,blue,large,plural,6,eight large blue sheep
en,sheep,blue,young,nom,,the young blue sheep
en,sheep,blue,young,acc,,the young blue sheep
en,sheep,blue,young,dat,,the young blue sheep
en,sheep,blue,young,plural,0,two young blue sheep
en,sheep,blue,young,plural,1,three young blue sheep
en,sheep,blue,young,plural,2,four young blue sheep
en,sheep,blue,young,plural,3,five young blue sheep
en,sheep,blue,young,plural,4,six young blue sheep
en,sheep,blue,young,plural,5,seven young blue sheep
en,sheep,blue,young,plural,6,eight young blue sheep
en,sheep,blue,old,nom,,the old blue sheep
en,sheep,blue,old,acc,,the old blue sheep
en,sheep,blue,old,dat,,the old blue sheep
en,sheep,blue,old,plural,0,two old blue sheep
en,sheep,blue,old,plural,1,three old blue sheep
en,sheep,blue,old,plural,2,four old blue sheep
en,sheep,blue,old,plural,3,five old blue sheep
en,sheep,blue,old,plural,4,six old blue sheep
en,sheep,blue,old,plural,5,seven old blue sheep
en,sheep,blue,old,plural,6,eight old blue sheep
en,sheep,green,small,nom,,the small green sheep
en,sheep,green,small,acc,,the small green sheep
en,sheep,green,small,dat,,the small green sheep
en,sheep,green,small,plural,0,two small green sheep
en,sheep,green,small,plural,1,three small green sheep
en,sheep,green,small,plural,2,four small green sheep
en,sheep,green,small,plural,3,five small green sheep
en,sheep,green,small,plural,4,six small green sheep
en,sheep,green,small,plural,5,seven small green sheep
en,sheep,green,small,plural,6,eight small green sheep
en,sheep,green,large,nom,,the large green sheep
en,sheep,green,large,acc,,the large green sheep
en,sheep,green,large,dat,,the large green sheep
en,sheep,green,large,plural,0,two large green sheep
en,sheep,green,large,plural,1,three large green sheep
en,sheep,green,large,plural,2,four large green sheep
en,sheep,green,large,plural,3,five large green sheep
en,sheep,green,large,plural,4,six large green sheep
en,sheep,green,large,plural,5,seven large green sheep
en,sheep,green,large,plural,6,eight large green sheep
en,sheep,green,young,nom,,the young green sheep
en,sheep,green,young,acc,,the young green sheep
en,sheep,green,young,dat,,the young green sheep
en,sheep,green,young,plural,0,two young green sheep
en,sheep,green,young,plural,1,three young green sheep
en,sheep,green,young,plural,2,four young green sheep
en,sheep,green,young,plural,3,five young green sheep
en,sheep,green,young,plural,4,six young green sheep
en,sheep,green,young,plural,5,seven young green sheep
en,sheep,green,young,plural,6,eight young green sheep
en,sheep,green,old,nom,,the old green sheep
en,sheep,green,old,acc,,the old green sheep
en,sheep,green,old,dat,,the old green sheep
en,sheep,green,old,plural,0,two old green sheep
en,sheep,green,old,plural,1,three old green sheep
en,sheep,green,old,plural,2,four old green sheep
en,sheep,green,old,plural,3,five old green sheep
en,sheep,green,old,plural,4,six old green sheep
en,sheep,green,old,plural,5,seven old green sheep
en,sheep,green,old,plural,6,eight old green sheep
en,sheep,yellow,small,nom,,the small yellow sheep
en,sheep,yellow,small,acc,,the small yellow sheep
en,sheep,yellow,small,dat,,the small yellow sheep
en,sheep,yellow,small,plural,0,two small yellow sheep
en,sheep,yellow,small,plural,1,three small yellow sheep
en,sheep,yellow,small,plural,2,four small yellow sheep
en,sheep,yellow,small,plural,3,five small yellow sheep
en,sheep,yellow,small,plural,4,six small yellow sheep
en,sheep,yellow,small,plural,5,seven small yellow sheep
en,sheep,yellow,small,plural,6,eight small yellow sheep
en,sheep,yellow,large,nom,,the large yellow sheep
en,sheep,yellow,large,acc,,the large yellow sheep
en,sheep,yellow,large,dat,,the large yellow sheep
en,sheep,yellow,large,plural,0,two large yellow sheep
en,sheep,yellow,large,plural,1,three large yellow sheep
en,sheep,yellow,large,plural,2,four large yellow sheep
en,sheep,yellow,large,plural,3,five large yellow sheep
en,sheep,yellow,large,plural,4,six large yellow sheep
en,sheep,yellow,large,plural,5,seven large yellow sheep
en,sheep,yellow,large,plural,6,eight large yellow sheep
en,sheep,yellow,young,nom,,the young yellow sheep
en,sheep,yellow,young,acc,,the young yellow sheep
en,sheep,yellow,young,dat,,the young yellow sheep
en,sheep,yellow,young,plural,0,two young yellow sheep
en,sheep,yellow,young,plural,1,three young yellow sheep
en,sheep,yellow,young,plural,2,four young yellow sheep
en,sheep,yellow,young,plural,3,five young yellow sheep
en,sheep,yellow,young,plural,4,six young yellow sheep
en,sheep,yellow,young,plural,5,seven young yellow sheep
en,sheep,yellow,young,plural,6,eight young yellow sheep
en,sheep,yellow,old,nom,,the old yellow sheep
en,sheep,yellow,old,acc,,the old yellow sheep
en,sheep,yellow,old,dat,,the old yellow sheep
en,sheep,yellow,old,plural,0,two old yellow sheep
en,sheep,yellow,old,plural,1,three old yellow sheep
en,sheep,yellow,old,plural,2,four old yellow sheep
en,sheep,yellow,old,plural,3,five old yellow sheep
en,sheep,yellow,old,plural,4,six old yellow sheep
en,sheep,yellow,old,plural,5,seven old yellow sheep
en,sheep,yellow,old,plural,6,eight old yellow sheep
en,sheep,black,small,nom,,the small black sheep
en,sheep,black,small,acc,,the small black sheep
en,sheep,black,small,dat,,the small black sheep
en,sheep,black,small,plural,0,two small black sheep
en,sheep,black,small,plural,1,three small black sheep
en,sheep,black,small,plural,2,four small black sheep
en,sheep,black,small,plural,3,five small black sheep
en,sheep,black,small,plural,4,six small black sheep
en,sheep,black,small,plural,5,seven small black sheep
en,sheep,black,small,plural,6,eight small black sheep
en,sheep,black,large,nom,,the large black sheep
en,sheep,black,large,acc,,the large black sheep
en,sheep,black,large,dat,,the large black sheep
en,sheep,black,large,plural,0,two large black sheep
en,sheep,black,large,plural,1,three large black sheep
en,sheep,black,large,plural,2,four large black sheep
en,sheep,black,large,plural,3,five large black sheep
en,sheep,black,large,plural,4,six large black sheep
en,sheep,black,large,plural,5,seven large black sheep
en,sheep,black,large,plural,6,eight large black sheep
en,sheep,black,young,nom,,the young black sheep
en,sheep,black,young,acc,,the young black sheep
en,sheep,black,young,dat,,the young black sheep
en,sheep,black,young,plural,0,two young black sheep
en,sheep,black,young,plural,1,three young black sheep
en,sheep,black,young,plural,2,four young black sheep
en,sheep,black,young,plural,3,five young black sheep
en,sheep,black,young,plural,4,six young black sheep
en,sheep,black,young,plural,5,seven young black sheep
en,sheep,black,young,plural,6,eight young black sheep
en,sheep,black,old,nom,,the old black sheep
en,sheep,black,old,acc,,the old black sheep
en,sheep,black,old,dat,,the old black sheep
en,sheep,black,old,plural,0,two old black sheep
en,sheep,black,old,plural,1,three old black sheep
en,sheep,black,old,plural,2,four old black sheep
en,sheep,black,old,plural,3,five old black sheep
en,sheep,black,old,plural,4,six old black sheep
en,sheep,black,old,plural,5,seven old black sheep
en,sheep,black,old,plural,6,eight old black sheep
en,sheep,white,small,nom,,the small white sheep
en,sheep,white,small,acc,,the small white sheep
en,sheep,white,small,dat,,the small white sheep
en,sheep,white,small,plural,0,two small white sheep
en,sheep,white,small,plural,1,three small white sheep
en,sheep,white,small,plural,2,four small white sheep
en,sheep,white,small,plural,3,five small white sheep
en,sheep,white,small,plural,4,six small white sheep
en,sheep,white,small,plural,5,seven small white sheep
en,sheep,white,small,plural,6,eight small white sheep
en,sheep,white,large,nom,,the large white sheep
en,sheep,white,large,acc,,the large white sheep
en,sheep,white,large,dat,,the large white sheep
en,sheep,white,large,plural,0,two large white sheep
en,sheep,white,large,plural,1,three large white sheep
en,sheep,white,large,plural,2,four large white sheep
en,sheep,white,large,plural,3,five large white sheep
en,sheep,white,large,plural,4,six large white sheep
en,sheep,white,large,plural,5,seven large white sheep
en,sheep,white,large,plural,6,eight large white sheep
en,sheep,white,young,nom,,the young white sheep
en,sheep,white,young,acc,,the young white sheep
en,sheep,white,young,dat,,the young white sheep
en,sheep,white,young,plural,0,two young white sheep
en,sheep,white,young,plural,1,three young white sheep
en,sheep,white,young,plural,2,four young white sheep
en,sheep,white,young,plural,3,five young white sheep
en,sheep,white,young,plural,4,six young white sheep
en,sheep,white,young,plural,5,seven young white sheep
en,sheep,white,young,plural,6,eight young white sheep
en,sheep,white,old,nom,,the old white sheep
en,sheep,white,old,acc,,the old white sheep
en,sheep,white,old,dat,,the old white sheep
en,sheep,white,old,plural,0,two old white sheep
en,sheep,white,old,plural,1,three old white sheep
en,sheep,white,old,plural,2,four old white sheep
en,sheep,white,old,plural,3,five old white sheep
en,sheep,white,old,plural,4,six old white sheep
en,sheep,white,old,plural,5,seven old white sheep
en,sheep,white,old,plural,6,eight old white sheep
en,chicken,red,small,nom,,the small red chicken
en,chicken,red,small,acc,,the small red chicken
en,chicken,red,small,dat,,the small red chicken
en,chicken,red,small,plural,0,two small red chickens
en,chicken,red,small,plural,1,three small red chickens
en,chicken,red,small,plural,2,four small red chickens
en,chicken,red,small,plural,3,five small red chickens
en,chicken,red,small,plural,4,six small red chickens
en,chicken,red,small,plural,5,seven small red chickens
en,chicken,red,small,plural,6,eight small red chickens
en,chicken,red,large,nom,,the large red chicken
en,chicken,red,large,acc,,the large red chicken
en,chicken,red,large,dat,,the large red chicken
en,chicken,red,large,plural,0,two large red chickens
en,chicken,red,large,plural,1,three large red chickens
en,chicken,red,large,plural,2,four large red chickens
en,chicken,red,large,plural,3,five large red chickens
en,chicken,red,large,plural,4,six large red chickens
en,chicken,red,large,plural,5,seven large red chickens
en,chicken,red,large,plural,6,eight large red chickens
en,chicken,red,young,nom,,the young red chicken
en,chicken,red,young,acc,,the young red chicken
en,chicken,red,young,dat,,the young red chicken
en,chicken,red,young,plural,0,two young red chickens
en,chicken,red,young,plural,1,three young red chickens
en,chicken,red,young,plural,2,four young red chickens
en,chicken,red,young,plural,3,five young red chickens
en,chicken,red,young,plural,4,six young red chickens
en,chicken,red,young,plural,5,seven young red chickens
en,chicken,red,young,plural,6,eight young red chickens
en,chicken,red,old,nom,,the old red chicken
en,chicken,red,old,acc,,the old red chicken
en,chicken,red,old,dat,,the old red chicken
en,chicken,red,old,plural,0,two old red chickens
en,chicken,red,old,plural,1,three old red chickens
en,chicken,red,old,plural,2,four old red chickens
en,chicken,red,old,plural,3,five old red chickens
en,chicken,red,old,plural,4,six old red chickens
en,chicken,red,old,plural,5,seven old red chickens
en,chicken,red,old,plural,6,eight old red chickens
en,chicken,blue,small,nom,,the small blue chicken
en,chicken,blue,small,acc,,the small blue chicken
en,chicken,blue,small,dat,,the small blue chicken
en,chicken,blue,small,plural,0,two small blue chickens
en,chicken,blue,small,plural,1,three small blue chickens
en,chicken,blue,small,plural,2,four small blue chickens
en,chicken,blue,small,plural,3,five small blue chickens
en,chicken,blue,small,plural,4,six small blue chickens
en,chicken,blue,small,plural,5,seven small blue chickens
en,chicken,blue,small,plural,6,eight small blue chickens
en,chicken,blue,large,nom,,the large blue chicken
en,chicken,blue,large,acc,,the large blue chicken
en,chicken,blue,large,dat,,the large blue chicken
en,chicken,blue,large,plural,0,two large blue chickens
en,chicken,blue,large,plural,1,three large blue chickens
en,chicken,blue,large,plural,2,four large blue chickens
en,chicken,blue,large,plural,3,five large blue chickens
en,chicken,blue,large,plural,4,six large blue chickens
en,chicken,blue,large,plural,5,seven large blue chickens
en,chicken,blue,large,plural,6,eight large blue chickens
en,chicken,blue,young,nom,,the young blue chicken
en,chicken,blue,young,acc,,the young blue chicken
en,chicken,blue,young,dat,,the young blue chicken
en,chicken,blue,young,plural,0,two young blue chickens
en,chicken,blue,young,plural,1,three young blue chickens
en,chicken,blue,young,plural,2,four young blue chickens
en,chicken,blue,young,plural,3,five young blue chickens
en,chicken,blue,young,plural,4,six young blue chickens
en,chicken,blue,young,plural,5,seven young blue chickens
en,chicken,blue,young,plural,6,eight young blue chickens
en,chicken,blue,old,nom,,the old blue chicken
en,chicken,blue,old,acc,,the old blue chicken
en,chicken,blue,old,dat,,the old blue chicken
en,chicken,blue,old,plural,0,two old blue chickens
en,chicken,blue,old,plural,1,three old blue chickens
en,chicken,blue,old,plural,2,four old blue chickens
en,chicken,blue,old,plural,3,five old blue chickens
en,chicken,blue,old,plural,4,six old blue chickens
en,chicken,blue,old,plural,5,seven old blue chickens
en,chicken,blue,old,plural,6,eight old blue chickens
en,chicken,green,small,nom,,the small green chicken
en,chicken,green,small,acc,,the small green chicken
en,chicken,green,small,dat,,the small green chicken
en,chicken,green,small,plural,0,two small green chickens
en,chicken,green,small,plural,1,three small green chickens
en,chicken,green,small,plural,2,four small green chickens
en,chicken,green,small,plural,3,five small green chickens
en,chicken,green,small,plural,4,six small green chickens
en,chicken,green,small,plural,5,seven small green chickens
en,chicken,green,small,plural,6,eight small green chickens
en,chicken,green,large,nom,,the large green chicken
en,chicken,green,large,acc,,the large green chicken
en,chicken,green,large,dat,,the large green chicken
en,chicken,green,large,plural,0,two large green chickens
en,chicken,green,large,plural,1,three large green chickens
en,chicken,green,large,plural,2,four large green chickens
en,chicken,green,large,plural,3,five large green chickens
en,chicken,green,large,plural,4,six large green chickens
en,chicken,green,large,plural,5,seven large green chickens
en,chicken,green,large,plural,6,eight large green chickens
en,chicken,green,young,nom,,the young green chicken
en,chicken,green,young,acc,,the young green chicken
en,chicken,green,young,dat,,the young green chicken
en,chicken,green,young,plural,0,two young green chickens
en,chicken,green,young,plural,1,three young green chickens
en,chicken,green,young,plural,2,four young green chickens
en,chicken,green,young,plural,3,five young green chickens
en,chicken,green,young,plural,4,six young green chickens
en,chicken,green,young,plural,5,seven young green chickens
en,chicken,green,young,plural,6,eight young green chickens
en,chicken,green,old,nom,,the old green chicken
en,chicken,green,old,acc,,the old green chicken
en,chicken,green,old,dat,,the old green chicken
en,chicken,green,old,plural,0,two old green chickens
en,chicken,green,old,plural,1,three old green chickens
en,chicken,green,old,plural,2,four old green chickens
en,chicken,green,old,plural,3,five old green chickens
en,chicken,green,old,plural,4,six old green chickens
en,chicken,green,old,plural,5,seven old green chickens
en,chicken,green,old,plural,6,eight old green chickens
en,chicken,yellow,small,nom,,the small yellow chicken
en,chicken,yellow,small,acc,,the small yellow chicken
en,chicken,yellow,small,dat,,the small yellow chicken
en,chicken,yellow,small,plural,0,two small yellow chickens
en,chicken,yellow,small,plural,1,three small yellow chickens
en,chicken,yellow,small,plural,2,four small yellow chickens
en,chicken,yellow,small,plural,3,five small yellow chickens
en,chicken,yellow,small,plural,4,six small yellow chickens
en,chicken,yellow,small,plural,5,seven small yellow chickens
en,chicken,yellow,small,plural,6,eight small yellow chickens
en,chicken,yellow,large,nom,,the large yellow chicken
en,chicken,yellow,large,acc,,the large yellow chicken
en,chicken,yellow,large,dat,,the large yellow chicken
en,chicken,yellow,large,plural,0,two large yellow chickens
en,chicken,yellow,large,plural,1,three large yellow chickens
en,chicken,yellow,large,plural,2,four large yellow chickens
en,chicken,yellow,large,plural,3,five large yellow chickens
en,chicken,yellow,large,plural,4,six large yellow chickens
en,chicken,yellow,large,plural,5,seven large yellow chickens
en,chicken,yellow,large,plural,6,eight large yellow chickens
en,chicken,yellow,young,nom,,the young yellow chicken
en,chicken,yellow,young,acc,,the young yellow chicken
en,chicken,yellow,young,dat,,the young yellow chicken
en,chicken,yellow,young,plural,0,two young yellow chickens
en,chicken,yellow,young,plural,1,three young yellow chickens
en,chicken,yellow,young,plural,2,four young yellow chickens
en,chicken,yellow,young,plural,3,five young yellow chickens
en,chicken,yellow,young,plural,4,six young yellow chickens
en,chicken,yellow,young,plural,5,seven young yellow chickens
en,chicken,yellow,young,plural,6,eight young yellow chickens
en,chicken,yellow,old,nom,,the old yellow chicken
en,chicken,yellow,old,acc,,the old yellow chicken
en,chicken,yellow,old,dat,,the old yellow chicken
en,chicken,yellow,old,plural,0,two old yellow chickens
en,chicken,yellow,old,plural,1,three old yellow chickens
en,chicken,yellow,old,plural,2,four old yellow chickens
en,chicken,yellow,old,plural,3,five old yellow chickens
en,chicken,yellow,old,plural,4,six old yellow chickens
en,chicken,yellow,old,plural,5,seven old yellow chickens
en,chicken,yellow,old,plural,6,eight old yellow chickens
en,chicken,black,small,nom,,the small black chicken
en,chicken,black,small,acc,,the small black chicken
en,chicken,black,small,dat,,the small black chicken
en,chicken,black,small,plural,0,two small black chickens
en,chicken,black,small,plural,1,three small black chickens
en,chicken,black,small,plural,2,four small black chickens
en,chicken,black,small,plural,3,five small black chickens
en,chicken,black,small,plural,4,six small black chickens
en,chicken,black,small,plural,5,seven small black chickens
en,chicken,black,small,plural,6,eight small black chickens
en,chicken,black,large,nom,,the large black chicken
en,chicken,black,large,acc,,the large black chicken
en,chicken,black,large,dat,,the large black chicken
en,chicken,black,large,plural,0,two large black chickens
en,chicken,black,large,plural,1,three large black chickens
en,chicken,black,large,plural,2,four large black chickens
en,chicken,black,large,plural,3,five large black chickens
en,chicken,black,large,plural,4,six large black chickens
en,chicken,black,large,plural,5,seven large black chickens
en,chicken,black,large,plural,6,eight large black chickens
en,chicken,black,young,nom,,the young black chicken
en,chicken,black,young,acc,,the young black chicken
en,chicken,black,young,dat,,the young black chicken
en,chicken,black,young,plural,0,two young black chickens
en,chicken,black,young,plural,1,three young black chickens
en,chicken,black,young,plural,2,four young black chickens
en,chicken,black,young,plural,3,five young black chickens
en,chicken,black,young,plural,4,six young black chickens
en,chicken,black,young,plural,5,seven young black chickens
en,chicken,black,young,plural,6,eight young black chickens
en,chicken,black,old,nom,,the old black chicken
en,chicken,black,old,acc,,the old black chicken
en,chicken,black,old,dat,,the old black chicken
en,chicken,black,old,plural,0,two old black chickens
en,chicken,black,old,plural,1,three old black chickens
en,chicken,black,old,plural,2,four old black chickens
en,chicken,black,old,plural,3,five old black chickens
en,chicken,black,old,plural,4,six old black chickens
en,chicken,black,old,plural,5,seven old black chickens
en,chicken,black,old,plural,6,eight old black chickens
en,chicken,white,small,nom,,the small white chicken
en,chicken,white,small,acc,,the small white chicken
en,chicken,white,small,dat,,the small white chicken
en,chicken,white,small,plural,0,two small white chickens
en,chicken,white,small,plural,1,three small white chickens
en,chicken,white,small,plural,2,four small white chickens
en,chicken,white,small,plural,3,five small white chickens
en,chicken,white,small,plural,4,six small white chickens
en,chicken,white,small,plural,5,seven small white chickens
en,chicken,white,small,plural,6,eight small white chickens
en,chicken,white,large,nom,,the large white chicken
en,chicken,white,large,acc,,the large white chicken
en,chicken,white,large,dat,,the large white chicken
en,chicken,white,large,plural,0,two large white chickens
en,chicken,white,large,plural,1,three large white chickens
en,chicken,white,large,plural,2,four large white chickens
en,chicken,white,large,plural,3,five large white chickens
en,chicken,white,large,plural,4,six large white chickens
en,chicken,white,large,plural,5,seven large white chickens
en,chicken,white,large,plural,6,eight large white chickens
en,chicken,white,young,nom,,the young white chicken
en,chicken,white,young,acc,,the young white chicken
en,chicken,white,young,dat,,the young white chicken
en,chicken,white,young,plural,0,two young white chickens
en,chicken,white,young,plural,1,three young white chickens
en,chicken,white,young,plural,2,four young white chickens
en,chicken,white,young,plural,3,five young white chickens
en,chicken,white,young,plural,4,six young white chickens
en,chicken,white,young,plural,5,seven young white chickens
en,chicken,white,young,plural,6,eight young white chickens
en,chicken,white,old,nom,,the old white chicken
en,chicken,white,old,acc,,the old white chicken
en,chicken,white,old,dat,,the old white chicken
en,chicken,white,old,plural,0,two old white chickens
en,chicken,white,old,plural,1,three old white chickens
en,chicken,white,old,plural,2,four old white chickens
en,chicken,white,old,plural,3,five old white chickens
en,chicken,white,old,plural,4,six old white chickens
en,chicken,white,old,plural,5,seven old white chickens
en,chicken,white,old,plural,6,eight old white chickens
en,rabbit,red,small,nom,,the small red rabbit
en,rabbit,red,small,acc,,the small red rabbit
en,rabbit,red,small,dat,,the small red rabbit
en,rabbit,red,small,plural,0,two small red rabbits
en,rabbit,red,small,plural,1,three small red rabbits
en,rabbit,red,small,plural,2,four small red rabbits
en,rabbit,red,small,plural,3,five small red rabbits
en,rabbit,red,small,plural,4,six small red rabbits
en,rabbit,red,small,plural,5,seven small red rabbits
en,rabbit,red,small,plural,6,eight small red rabbits
en,rabbit,red,large,nom,,the large red rabbit
en,rabbit,red,large,acc,,the large red rabbit
en,rabbit,red,large,dat,,the large red rabbit
en,rabbit,red,large,plural,0,two large red rabbits
en,rabbit,red,large,plural,1,three large red rabbits
en,rabbit,red,large,plural,2,four large red rabbits
en,rabbit,red,large,plural,3,five large red rabbits
en,rabbit,red,large,plural,4,six large red rabbits
en,rabbit,red,large,plural,5,seven large red rabbits
en,rabbit,red,large,plural,6,eight large red rabbits
en,rabbit,red,young,nom,,the young red rabbit
en,rabbit,red,young,acc,,the young red rabbit
en,rabbit,red,young,dat,,the young red rabbit
en,rabbit,red,young,plural,0,two young red rabbits
en,rabbit,red,young,plural,1,three young red rabbits
en,rabbit,red,young,plural,2,four young red rabbits
en,rabbit,red,young,plural,3,five young red rabbits
en,rabbit,red,young,plural,4,six young red rabbits
en,rabbit,red,young,plural,5,seven young red rabbits
en,rabbit,red,young,plural,6,eight young red rabbits
en,rabbit,red,old,nom,,the old red rabbit
en,rabbit,red,old,acc,,the old red rabbit
en,rabbit,red,old,dat,,the old red rabbit
en,rabbit,red,old,plural,0,two old red rabbits
en,rabbit,red,old,plural,1,three old red rabbits
en,rabbit,red,old,plural,2,four old red rabbits
en,rabbit,red,old,plural,3,five old red rabbits
en,rabbit,red,old,plural,4,six old red rabbits
en,rabbit,red,old,plural,5,seven old red rabbits
en,rabbit,red,old,plural,6,eight old red rabbits
en,rabbit,blue,small,nom,,the small blue rabbit
en,rabbit,blue,small,acc,,the small blue rabbit
en,rabbit,blue,small,dat,,the small blue rabbit
en,rabbit,blue,small,plural,0,two small blue rabbits
en,rabbit,blue,small,plural,1,three small blue rabbits
en,rabbit,blue,small,plural,2,four small blue rabbits
en,rabbit,blue,small,plural,3,five small blue rabbits
en,rabbit,blue,small,plural,4,six small blue rabbits
en,rabbit,blue,small,plural,5,seven small blue rabbits
en,rabbit,blue,small,plural,6,eight small blue rabbits
en,rabbit,blue,large,nom,,the large blue rabbit
en,rabbit,blue,large,acc,,the large blue rabbit
en,rabbit,blue,large,dat,,the large blue rabbit
en,rabbit,blue,large,plural,0,two large blue rabbits
en,rabbit,blue,large,plural,1,three large blue rabbits
en,rabbit,blue,large,plural,2,four large blue rabbits
en,rabbit,blue,large,plural,3,five large blue rabbits
en,rabbit,blue,large,plural,4,six large blue rabbits
en,rabbit,blue,large,plural,5,seven large blue rabbits
en,rabbit,blue,large,plural,6,eight large blue rabbits
en,rabbit,blue,young,nom,,the young blue rabbit
en,rabbit,blue,young,acc,,the young blue rabbit
en,rabbit,blue,young,dat,,the young blue rabbit
en,rabbit,blue,young,plural,0,two young blue rabbits
en,rabbit,blue,young,plural,1,three young blue rabbits
en,rabbit,blue,young,plural,2,four young blue rabbits
en,rabbit,blue,young,plural,3,five young blue rabbits
en,rabbit,blue,young,plural,4,six young blue rabbits
en,rabbit,blue,young,plural,5,seven young blue rabbits
en,rabbit,blue,young,plural,6,eight young blue rabbits
en,rabbit,blue,old,nom,,the old blue rabbit
en,rabbit,blue,old,acc,,the old blue rabbit
en,rabbit,blue,old,dat,,the old blue rabbit
en,rabbit,blue,old,plural,0,two old blue rabbits
en,rabbit,blue,old,plural,1,three old blue rabbits
en,rabbit,blue,old,plural,2,four old blue rabbits
en,rabbit,blue,old,plural,3,five old blue rabbits
en,rabbit,blue,old,plural,4,six old blue rabbits
en,rabbit,blue,old,plural,5,seven old blue rabbits
en,rabbit,blue,old,plural,6,eight old blue rabbits
en,rabbit,green,small,nom,,the small green rabbit
en,rabbit,green,small,acc,,the small green rabbit
en,rabbit,green,small,dat,,the small green rabbit
en,rabbit,green,small,plural,0,two small green rabbits
en,rabbit,green,small,plural,1,three small green rabbits
en,rabbit,green,small,plural,2,four small green rabbits
en,rabbit,green,small,plural,3,five small green rabbits
en,rabbit,green,small,plural,4,six small green rabbits
en,rabbit,green,small,plural,5,seven small green rabbits
en,rabbit,green,small,plural,6,eight small green rabbits
en,rabbit,green,large,nom,,the large green rabbit
en,rabbit,green,large,acc,,the large green rabbit
en,rabbit,green,large,dat,,the large green rabbit
en,rabbit,green,large,plural,0,two large green rabbits
en,rabbit,green,large,plural,1,three large green rabbits
en,rabbit,green,large,plural,2,four large green rabbits
en,rabbit,green,large,plural,3,five large green rabbits
en,rabbit,green,large,plural,4,six large green rabbits
en,rabbit,green,large,plural,5,seven large green rabbits
en,rabbit,green,large,plural,6,eight large green rabbits
en,rabbit,green,young,nom,,the young green rabbit
en,rabbit,green,young,acc,,the young green rabbit
en,rabbit,green,young,dat,,the young green rabbit
en,rabbit,green,young,plural,0,two young green rabbits
en,rabbit,green,young,plural,1,three young green rabbits
en,rabbit,green,young,plural,2,four young green rabbits
en,rabbit,green,young,plural,3,five young green rabbits
en,rabbit,green,young,plural,4,six young green rabbits
en,rabbit,green,young,plural,5,seven young green rabbits
en,rabbit,green,young,plural,6,eight young green rabbits
en,rabbit,green,old,nom,,the old green rabbit
en,rabbit,green,old,acc,,the old green rabbit
en,rabbit,green,old,dat,,the old green rabbit
en,rabbit,green,old,plural,0,two old green rabbits
en,rabbit,green,old,plural,1,three old green rabbits
en,rabbit,green,old,plural,2,four old green rabbits
en,rabbit,green,old,plural,3,five old green rabbits
en,rabbit,green,old,plural,4,six old green rabbits
en,rabbit,green,old,plural,5,seven old green rabbits
en,rabbit,green,old,plural,6,eight old green rabbits
en,rabbit,yellow,small,nom,,the small yellow rabbit
en,rabbit,yellow,small,acc,,the small yellow rabbit
en,rabbit,yellow,small,dat,,the small yellow rabbit
en,rabbit,yellow,small,plural,0,two small yellow rabbits
en,rabbit,yellow,small,plural,1,three small yellow rabbits
en,rabbit,yellow,small,plural,2,four small yellow rabbits
en,rabbit,yellow,small,plural,3,five small yellow rabbits
en,rabbit,yellow,small,plural,4,six small yellow rabbits
en,rabbit,yellow,small,plural,5,seven small yellow rabbits
en,rabbit,yellow,small,plural,6,eight small yellow rabbits
en,rabbit,yellow,large,nom,,the large yellow rabbit
en,rabbit,yellow,large,acc,,the large yellow rabbit
en,rabbit,yellow,large,dat,,the large yellow rabbit
en,rabbit,yellow,large,plural,0,two large yellow rabbits
en,rabbit,yellow,large,plural,1,three large yellow rabbits
en,rabbit,yellow,large,plural,2,four large yellow rabbits
en,rabbit,yellow,large,plural,3,five large yellow rabbits
en,rabbit,yellow,large,plural,4,six large yellow rabbits
en,rabbit,yellow,large,plural,5,seven large yellow rabbits
en,rabbit,yellow,large,plural,6,eight large yellow rabbits
en,rabbit,yellow,young,nom,,the young yellow rabbit
en,rabbit,yellow,young,acc,,the young yellow rabbit
en,rabbit,yellow,young,dat,,the young yellow rabbit
en,rabbit,yellow,young,plural,0,two young yellow rabbits
en,rabbit,yellow,young,plural,1,three young yellow rabbits
en,rabbit,yellow,young,plural,2,four young yellow rabbits
en,rabbit,yellow,young,plural,3,five young yellow rabbits
en,rabbit,yellow,young,plural,4,six young yellow rabbits
en,rabbit,yellow,young,plural,5,seven young yellow rabbits
en,rabbit,yellow,young,plural,6,eight young yellow rabbits
en,rabbit,yellow,old,nom,,the old yellow rabbit
en,rabbit,yellow,old,acc,,the old yellow rabbit
en,rabbit,yellow,old,dat,,the old yellow rabbit
en,rabbit,yellow,old,plural,0,two old yellow rabbits
en,rabbit,yellow,old,plural,1,three old yellow rabbits
en,rabbit,yellow,old,plural,2,four old yellow rabbits
en,rabbit,yellow,old,plural,3,five old yellow rabbits
en,rabbit,yellow,old,plural,4,six old yellow rabbits
en,rabbit,yellow,old,plural,5,seven old yellow rabbits
en,rabbit,yellow,old,plural,6,eight old yellow rabbits
en,rabbit,black,small,nom,,the small black rabbit
en,rabbit,black,small,acc,,the small black rabbit
en,rabbit,black,small,dat,,the small black rabbit
en,rabbit,black,small,plural,0,two small black rabbits
en,rabbit,black,small,plural,1,three small black rabbits
en,rabbit,black,small,plural,2,four small black rabbits
en,rabbit,black,small,plural,3,five small black rabbits
en,rabbit,black,small,plural,4,six small black rabbits
en,rabbit,black,small,plural,5,seven small black rabbits
en,rabbit,black,small,plural,6,eight small black rabbits
en,rabbit,black,large,nom,,the large black rabbit
en,rabbit,black,large,acc,,the large black rabbit
en,rabbit,black,large,dat,,the large black rabbit
en,rabbit,black,large,plural,0,two large black rabbits
en,rabbit,black,large,plural,1,three large black rabbits
en,rabbit,black,large,plural,2,four large black rabbits
en,rabbit,black,large,plural,3,five large black rabbits
en,rabbit,black,large,plural,4,six large black rabbits
en,rabbit,black,large,plural,5,seven large black rabbits
en,rabbit,black,large,plural,6,eight large black rabbits
en,rabbit,black,young,nom,,the young black rabbit
en,rabbit,black,young,acc,,the young black rabbit
en,rabbit,black,young,dat,,the young black rabbit
en,rabbit,black,young,plural,0,two young black rabbits
en,rabbit,black,young,plural,1,three young black rabbits
en,rabbit,black,young,plural,2,four young black rabbits
en,rabbit,black,young,plural,3,five young black rabbits
en,rabbit,black,young,plural,4,six young black rabbits
en,rabbit,black,young,plural,5,seven young black rabbits
en,rabbit,black,young,plural,6,eight young black rabbits
en,rabbit,black,old,nom,,the old black rabbit
en,rabbit,black,old,acc,,the old black rabbit
en,rabbit,black,old,dat,,the old black rabbit
en,rabbit,black,old,plural,0,two old black rabbits
en,rabbit,black,old,plural,1,three old black rabbits
en,rabbit,black,old,plural,2,four old black rabbits
en,rabbit,black,old,plural,3,five old black rabbits
en,rabbit,black,old,plural,4,six old black rabbits
en,rabbit,black,old,plural,5,seven old black rabbits
en,rabbit,black,old,plural,6,eight old black rabbits
en,rabbit,white,small,nom,,the small white rabbit
en,rabbit,white,small,acc,,the small white rabbit
en,rabbit,white,small,dat,,the small white rabbit
en,rabbit,white,small,plural,0,two small white rabbits
en,rabbit,white,small,plural,1,three small white rabbits
en,rabbit,white,small,plural,2,four small white rabbits
en,rabbit,white,small,plural,3,five small white rabbits
en,rabbit,white,small,plural,4,six small white rabbits
en,rabbit,white,small,plural,5,seven small white rabbits
en,rabbit,white,small,plural,6,eight small white rabbits
en,rabbit,white,large,nom,,the large white rabbit
en,rabbit,white,large,acc,,the large white rabbit
en,rabbit,white,large,dat,,the large white rabbit
en,rabbit,white,large,plural,0,two large white rabbits
en,rabbit,white,large,plural,1,three large white rabbits
en,rabbit,white,large,plural,2,four large white rabbits
en,rabbit,white,large,plural,3,five large white rabbits
en,rabbit,white,large,plural,4,six large white rabbits
en,rabbit,white,large,plural,5,seven large white rabbits
en,rabbit,white,large,plural,6,eight large white rabbits
en,rabbit,white,young,nom,,the young white rabbit
en,rabbit,white,young,acc,,the young white rabbit
en,rabbit,white,young,dat,,the young white rabbit
en,rabbit,white,young,plural,0,two young white rabbits
en,rabbit,white,young,plural,1,three young white rabbits
en,rabbit,white,young,plural,2,four young white rabbits
en,rabbit,white,young,plural,3,five young white rabbits
en,rabbit,white,young,plural,4,six young white rabbits
en,rabbit,white,young,plural,5,seven young white rabbits
en,rabbit,white,young,plural,6,eight young white rabbits
en,rabbit,white,old,nom,,the old white rabbit
en,rabbit,white,old,acc,,the old white rabbit
en,rabbit,white,old,dat,,the old white rabbit
en,rabbit,white,old,plural,0,two old white rabbits
en,rabbit,white,old,plural,1,three old white rabbits
en,rabbit,white,old,plural,2,four old white rabbits
en,rabbit,white,old,plural,3,five old white rabbits
en,rabbit,white,old,plural,4,six old white rabbits
en,rabbit,white,old,plural,5,seven old white rabbits
en,rabbit,white,old,plural,6,eight old white rabbits
de,dog,red,small,nom,,der kleine rote Hund
de,dog,red,small,acc,,den kleinen roten Hund
de,dog,red,small,dat,,dem kleinen roten Hund
de,dog,red,small,plural,0,zwei kleine rote Hunde
de,dog,red,small,plural,1,drei kleine rote Hunde
de,dog,red,small,plural,2,vier kleine rote Hunde
de,dog,red,small,plural,3,fünf kleine rote Hunde
de,dog,red,small,plural,4,sechs kleine rote Hunde
de,dog,red,small,plural,5,sieben kleine rote Hunde
de,dog,red,small,plural,6,acht kleine rote Hunde
de,dog,red,large,nom,,der große rote Hund
de,dog,red,large,acc,,den großen roten Hund
de,dog,red,large,dat,,dem großen roten Hund
de,dog,red,large,plural,0,zwei große rote Hunde
de,dog,red,large,plural,1,drei große rote Hunde
de,dog,red,large,plural,2,vier große rote Hunde
de,dog,red,large,plural,3,fünf große rote Hunde
de,dog,red,large,plural,4,sechs große rote Hunde
de,dog,red,large,plural,5,sieben große rote Hunde
de,dog,red,large,plural,6,acht große rote Hunde
de,dog,red,young,nom,,der junge rote Hund
de,dog,red,young,acc,,den jungen roten Hund
de,dog,red,young,dat,,dem jungen roten Hund
de,dog,red,young,plural,0,zwei junge rote Hunde
de,dog,red,young,plural,1,drei junge rote Hunde
de,dog,red,young,plural,2,vier junge rote Hunde
de,dog,red,young,plural,3,fünf junge rote Hunde
de,dog,red,young,plural,4,sechs junge rote Hunde
de,dog,red,young,plural,5,sieben junge rote Hunde
de,dog,red,young,plural,6,acht junge rote Hunde
de,dog,red,old,nom,,der alte rote Hund
de,dog,red,old,acc,,den alten roten Hund
de,dog,red,old,dat,,dem alten roten Hund
de,dog,red,old,plural,0,zwei alte rote Hunde
de,dog,red,old,plural,1,drei alte rote Hunde
de,dog,red,old,plural,2,vier alte rote Hunde
de,dog,red,old,plural,3,fünf alte rote Hunde
de,dog,red,old,plural,4,sechs alte rote Hunde
de,dog,red,old,plural,5,sieben alte rote Hunde
de,dog,red,old,plural,6,acht alte rote Hunde
de,dog,blue,small,nom,,der kleine blaue Hund
de,dog,blue,small,acc,,den kleinen blauen Hund
de,dog,blue,small,dat,,dem kleinen blauen Hund
de,dog,blue,small,plural,0,zwei kleine blaue Hunde
de,dog,blue,small,plural,1,drei kleine blaue Hunde
de,dog,blue,small,plural,2,vier kleine blaue Hunde
de,dog,blue,small,plural,3,fünf kleine blaue Hunde
de,dog,blue,small,plural,4,sechs kleine blaue Hunde
de,dog,blue,small,plural,5,sieben kleine blaue Hunde
de,dog,blue,small,plural,6,acht kleine blaue Hunde
de,dog,blue,large,nom,,der große blaue Hund
de,dog,blue,large,acc,,den großen blauen Hund
de,dog,blue,large,dat,,dem großen blauen Hund
de,dog,blue,large,plural,0,zwei große blaue Hunde
de,dog,blue,large,plural,1,drei große blaue Hunde
de,dog,blue,large,plural,2,vier große blaue Hunde
de,dog,blue,large,plural,3,fünf große blaue Hunde
de,dog,blue,large,plural,4,sechs große blaue Hunde
de,dog,blue,large,plural,5,sieben große blaue Hunde
de,dog,blue,large,plural,6,acht große blaue Hunde
de,dog,blue,young,nom,,der junge blaue Hund
de,dog,blue,young,acc,,den jungen blauen Hund
de,dog,blue,young,dat,,dem jungen blauen Hund
de,dog,blue,young,plural,0,zwei junge blaue Hunde
de,dog,blue,young,plural,1,drei junge blaue Hunde
de,dog,blue,young,plural,2,vier junge blaue Hunde
de,dog,blue,young,plural,3,fünf junge blaue Hunde
de,dog,blue,young,plural,4,sechs junge blaue Hunde
de,dog,blue,young,plural,5,sieben junge blaue Hunde
de,dog,blue,young,plural,6,acht junge blaue Hunde
de,dog,blue,old,nom,,der alte blaue Hund
de,dog,blue,old,acc,,den alten blauen Hund
de,dog,blue,old,dat,,dem alten blauen Hund
de,dog,blue,old,plural,0,zwei alte blaue Hunde
de,dog,blue,old,plural,1,drei alte blaue Hunde
de,dog,blue,old,plural,2,vier alte blaue Hunde
de,dog,blue,old,plural,3,fünf alte blaue Hunde
de,dog,blue,old,plural,4,sechs alte blaue Hunde
de,dog,blue,old,plural,5,sieben alte blaue Hunde
de,dog,blue,old,plural,6,acht alte blaue Hunde
de,dog,green,small,nom,,der kleine grüne Hund
de,dog,green,small,acc,,den kleinen grünen Hund
de,dog,green,small,dat,,dem kleinen grünen Hund
de,dog,green,small,plural,0,zwei kleine grüne Hunde
de,dog,green,small,plural,1,drei kleine grüne Hunde
de,dog,green,small,plural,2,vier kleine grüne Hunde
de,dog,green,small,plural,3,fünf kleine grüne Hunde
de,dog,green,small,plural,4,sechs kleine grüne Hunde
de,dog,green,small,plural,5,sieben kleine grüne Hunde
de,dog,green,small,plural,6,acht kleine grüne Hunde
de,dog,green,large,nom,,der große grüne Hund
de,dog,green,large,acc,,den großen grünen Hund
de,dog,green,large,dat,,dem großen grünen Hund
de,dog,green,large,plural,0,zwei große grüne Hunde
de,dog,green,large,plural,1,drei große grüne Hunde
de,dog,green,large,plural,2,vier große grüne Hunde
de,dog,green,large,plural,3,fünf große grüne Hunde
de,dog,green,large,plural,4,sechs große grüne Hunde
de,dog,green,large,plural,5,sieben große grüne Hunde
de,dog,green,large,plural,6,acht große grüne Hunde
de,dog,green,young,nom,,der junge grüne Hund
de,dog,green,young,acc,,den jungen grünen Hund
de,dog,green,young,dat,,dem jungen grünen Hund
de,dog,green,young,plural,0,zwei junge grüne Hunde
de,dog,green,young,plural,1,drei junge grüne Hunde
de,dog,green,young,plural,2,vier junge grüne Hunde
de,dog,green,young,plural,3,fünf junge grüne Hunde
de,dog,green,young,plural,4,sechs junge grüne Hunde
de,dog,green,young,plural,5,sieben junge grüne Hunde
de,dog,green,young,plural,6,acht junge grüne Hunde
de,dog,green,old,nom,,der alte grüne Hund
de,dog,green,old,acc,,den alten grünen Hund
de,dog,green,old,dat,,dem alten grünen Hund
de,dog,green,old,plural,0,zwei alte grüne Hunde
de,dog,green,old,plural,1,drei alte grüne Hunde
de,dog,green,old,plural,2,vier alte grüne Hunde
de,dog,green,old,plural,3,fünf alte grüne Hunde
de,dog,green,old,plural,4,sechs alte grüne Hunde
de,dog,green,old,plural,5,sieben alte grüne Hunde
de,dog,green,old,plural,6,acht alte grüne Hunde
de,dog,yellow,small,nom,,der kleine gelbe Hund
de,dog,yellow,small,acc,,den kleinen gelben Hund
de,dog,yellow,small,dat,,dem kleinen gelben Hund
de,dog,yellow,small,plural,0,zwei kleine gelbe Hunde
de,dog,yellow,small,plural,1,drei kleine gelbe Hunde
de,dog,yellow,small,plural,2,vier kleine gelbe Hunde
de,dog,yellow,small,plural,3,fünf kleine gelbe Hunde
de,dog,yellow,small,plural,4,sechs kleine gelbe Hunde
de,dog,yellow,small,plural,5,sieben kleine gelbe Hunde
de,dog,yellow,small,plural,6,acht kleine gelbe Hunde
de,dog,yellow,large,nom,,der große gelbe Hund
de,dog,yellow,large,acc,,den großen gelben Hund
de,dog,yellow,large,dat,,dem großen gelben Hund
de,dog,yellow,large,plural,0,zwei große gelbe Hunde
de,dog,yellow,large,plural,1,drei große gelbe Hunde
de,dog,yellow,large,plural,2,vier große gelbe Hunde
de,dog,yellow,large,plural,3,fünf große gelbe Hunde
de,dog,yellow,large,plural,4,sechs große gelbe Hunde
de,dog,yellow,large,plural,5,sieben große gelbe Hunde
de,dog,yellow,large,plural,6,acht große gelbe Hunde
de,dog,yellow,young,nom,,der junge gelbe Hund
de,dog,yellow,young,acc,,den jungen gelben Hund
de,dog,yellow,young,dat,,dem jungen gelben Hund
de,dog,yellow,young,plural,0,zwei junge gelbe Hunde
de,dog,yellow,young,plural,1,drei junge gelbe Hunde
de,dog,yellow,young,plural,2,vier junge gelbe Hunde
de,dog,yellow,young,plural,3,fünf junge gelbe Hunde
de,dog,yellow,young,plural,4,sechs junge gelbe Hunde
de,dog,yellow,young,plural,5,sieben junge gelbe Hunde
de,dog,yellow,young,plural,6,acht junge gelbe Hunde
de,dog,yellow,old,nom,,der alte gelbe Hund
de,dog,yellow,old,acc,,den alten gelben Hund
de,dog,yellow,old,dat,,dem alten gelben Hund
de,dog,yellow,old,plural,0,zwei alte gelbe Hunde
de,dog,yellow,old,plural,1,drei alte gelbe Hunde
de,dog,yellow,old,plural,2,vier alte gelbe Hunde
de,dog,yellow,old,plural,3,fünf alte gelbe Hunde
de,dog,yellow,old,plural,4,sechs alte gelbe Hunde
de,dog,yellow,old,plural,5,sieben alte gelbe Hunde
de,dog,yellow,old,plural,6,acht alte gelbe Hunde
de,dog,black,small,nom,,der kleine schwarze Hund
de,dog,black,small,acc,,den kleinen schwarzen Hund
de,dog,black,small,dat,,dem kleinen schwarzen Hund
de,dog,black,small,plural,0,zwei kleine schwarze Hunde
de,dog,black,small,plural,1,drei kleine schwarze Hunde
de,dog,black,small,plural,2,vier kleine schwarze Hunde
de,dog,black,small,plural,3,fünf kleine schwarze Hunde
de,dog,black,small,plural,4,sechs kleine schwarze Hunde
de,dog,black,small,plural,5,sieben kleine schwarze Hunde
de,dog,black,small,plural,6,acht kleine schwarze Hunde
de,dog,black,large,nom,,der große schwarze Hund
de,dog,black,large,acc,,den großen schwarzen Hund
de,dog,black,large,dat,,dem großen schwarzen Hund
de,dog,black,large,plural,0,zwei große schwarze Hunde
de,dog,black,large,plural,1,drei große schwarze Hunde
de,dog,black,large,plural,2,vier große schwarze Hunde
de,dog,black,large,plural,3,fünf große schwarze Hunde
de,dog,black,large,plural,4,sechs große schwarze Hunde
de,dog,black,large,plural,5,sieben große schwarze Hunde
de,dog,black,large,plural,6,acht große schwarze Hunde
de,dog,black,young,nom,,der junge schwarze Hund
de,dog,black,young,acc,,den jungen schwarzen Hund
de,dog,black,young,dat,,dem jungen schwarzen Hund
de,dog,black,young,plural,0,zwei junge schwarze Hunde
de,dog,black,young,plural,1,drei junge schwarze Hunde
de,dog,black,young,plural,2,vier junge schwarze Hunde
de,dog,black,young,plural,3,fünf junge schwarze Hunde
de,dog,black,young,plural,4,sechs junge schwarze Hunde
de,dog,black,young,plural,5,sieben junge schwarze Hunde
de,dog,black,young,plural,6,acht junge schwarze Hunde
de,dog,black,old,nom,,der alte schwarze Hund
de,dog,black,old,acc,,den alten schwarzen Hund
de,dog,black,old,dat,,dem alten schwarzen Hund
de,dog,black,old,plural,0,zwei alte schwarze Hunde
de,dog,black,old,plural,1,drei alte schwarze Hunde
de,dog,black,old,plural,2,vier alte schwarze Hunde
de,dog,black,old,plural,3,fünf alte schwarze Hunde
de,dog,black,old,plural,4,sechs alte schwarze Hunde
de,dog,black,old,plural,5,sieben alte schwarze Hunde
de,dog,black,old,plural,6,acht alte schwarze Hunde
de,dog,white,small,nom,,der kleine weiße Hund
de,dog,white,small,acc,,den kleinen weißen Hund
de,dog,white,small,dat,,dem kleinen weißen Hund
de,dog,white,small,plural,0,zwei kleine weiße Hunde
de,dog,white,small,plural,1,drei kleine weiße Hunde
de,dog,white,small,plural,2,vier kleine weiße Hunde
de,dog,white,small,plural,3,fünf kleine weiße Hunde
de,dog,white,small,plural,4,sechs kleine weiße Hunde
de,dog,white,small,plural,5,sieben kleine weiße Hunde
de,dog,white,small,plural,6,acht kleine weiße Hunde
de,dog,white,large,nom,,der große weiße Hund
de,dog,white,large,acc,,den großen weißen Hund
de,dog,white,large,dat,,dem großen weißen Hund
de,dog,white,large,plural,0,zwei große weiße Hunde
de,dog,white,large,plural,1,drei große weiße Hunde
de,dog,white,large,plural,2,vier große weiße Hunde
de,dog,white,large,plural,3,fünf große weiße Hunde
de,dog,white,large,plural,4,sechs große weiße Hunde
de,dog,white,large,plural,5,sieben große weiße Hunde
de,dog,white,large,plural,6,acht große weiße Hunde
de,dog,white,young,nom,,der junge weiße Hund
de,dog,white,young,acc,,den jungen weißen Hund
de,dog,white,young,dat,,dem jungen weißen Hund
de,dog,white,young,plural,0,zwei junge weiße Hunde
de,dog,white,young,plural,1,drei junge weiße Hunde
de,dog,white,young,plural,2,vier junge weiße Hunde
de,dog,white,young,plural,3,fünf junge weiße Hunde
de,dog,white,young,plural,4,sechs junge weiße Hunde
de,dog,white,young,plural,5,sieben junge weiße Hunde
de,dog,white,young,plural,6,acht junge weiße Hunde
de,dog,white,old,nom,,der alte weiße Hund
de,dog,white,old,acc,,den alten weißen Hund
de,dog,white,old,dat,,dem alten weißen Hund
de,dog,white,old,plural,0,zwei alte weiße Hunde
de,dog,white,old,plural,1,drei alte weiße Hunde
de,dog,white,old,plural,2,vier alte weiße Hunde
de,dog,white,old,plural,3,fünf alte weiße Hunde
de,dog,white,old,plural,4,sechs alte weiße Hunde
de,dog,white,old,plural,5,sieben alte weiße Hunde
de,dog,white,old,plural,6,acht alte weiße Hunde
de,fox,red,small,nom,,der kleine rote Fuchs
de,fox,red,small,acc,,den kleinen roten Fuchs
de,fox,red,small,dat,,dem kleinen roten Fuchs
de,fox,red,small,plural,0,zwei kleine rote Füchse
de,fox,red,small,plural,1,drei kleine rote Füchse
de,fox,red,small,plural,2,vier kleine rote Füchse
de,fox,red,small,plural,3,fünf kleine rote Füchse
de,fox,red,small,plural,4,sechs kleine rote Füchse
de,fox,red,small,plural,5,sieben kleine rote Füchse
de,fox,red,small,plural,6,acht kleine rote Füchse
de,fox,red,large,nom,,der große rote Fuchs
de,fox,red,large,acc,,den großen roten Fuchs
de,fox,red,large,dat,,dem großen roten Fuchs
de,fox,red,large,plural,0,zwei große rote Füchse
de,fox,red,large,plural,1,drei große rote Füchse
de,fox,red,large,plural,2,vier große rote Füchse
de,fox,red,large,plural,3,fünf große rote Füchse
de,fox,red,large,plural,4,sechs große rote Füchse
de,fox,red,large,plural,5,sieben große rote Füchse
de,fox,red,large,plural,6,acht große rote Füchse
de,fox,red,young,nom,,der junge rote Fuchs
de,fox,red,young,acc,,den jungen roten Fuchs
de,fox,red,young,dat,,dem jungen roten Fuchs
de,fox,red,young,plural,0,zwei junge rote Füchse
de,fox,red,young,plural,1,drei junge rote Füchse
de,fox,red,young,plural,2,vier junge rote Füchse
de,fox,red,young,plural,3,fünf junge rote Füchse
de,fox,red,young,plural,4,sechs junge rote Füchse
de,fox,red,young,plural,5,sieben junge rote Füchse
de,fox,red,young,plural,6,acht junge rote Füchse
de,fox,red,old,nom,,der alte rote Fuchs
de,fox,red,old,acc,,den alten roten Fuchs
de,fox,red,old,dat,,dem alten roten Fuchs
de,fox,red,old,plural,0,zwei alte rote Füchse
de,fox,red,old,plural,1,drei alte rote Füchse
de,fox,red,old,plural,2,vier alte rote Füchse
de,fox,red,old,plural,3,fünf alte rote Füchse
de,fox,red,old,plural,4,sechs alte rote Füchse
de,fox,red,old,plural,5,sieben alte rote Füchse
de,fox,red,old,plural,6,acht alte rote Füchse
de,fox,blue,small,nom,,der kleine blaue Fuchs
de,fox,blue,small,acc,,den kleinen blauen Fuchs
de,fox,blue,small,dat,,dem kleinen blauen Fuchs
de,fox,blue,small,plural,0,zwei kleine blaue Füchse
de,fox,blue,small,plural,1,drei kleine blaue Füchse
de,fox,blue,small,plural,2,vier kleine blaue Füchse
de,fox,blue,small,plural,3,fünf kleine blaue Füchse
de,fox,blue,small,plural,4,sechs kleine blaue Füchse
de,fox,blue,small,plural,5,sieben kleine blaue Füchse
de,fox,blue,small,plural,6,acht kleine blaue Füchse
de,fox,blue,large,nom,,der große blaue Fuchs
de,fox,blue,large,acc,,den großen blauen Fuchs
de,fox,blue,large,dat,,dem großen blauen Fuchs
de,fox,blue,large,plural,0,zwei große blaue Füchse
de,fox,blue,large,plural,1,drei große blaue Füchse
de,fox,blue,large,plural,2,vier große blaue Füchse
de,fox,blue,large,plural,3,fünf große blaue Füchse
de,fox,blue,large,plural,4,sechs große blaue Füchse
de,fox,blue,large,plural,5,sieben große blaue Füchse
de,fox,blue,large,plural,6,acht große blaue Füchse
de,fox,blue,young,nom,,der junge blaue Fuchs
de,fox,blue,young,acc,,den jungen blauen Fuchs
de,fox,blue,young,dat,,dem jungen blauen Fuchs
de,fox,blue,young,plural,0,zwei junge blaue Füchse
de,fox,blue,young,plural,1,drei junge blaue Füchse
de,fox,blue,young,plural,2,vier junge blaue Füchse
de,fox,blue,young,plural,3,fünf junge blaue Füchse
de,fox,blue,young,plural,4,sechs junge blaue Füchse
de,fox,blue,young,plural,5,sieben junge blaue Füchse
de,fox,blue,young,plural,6,acht junge blaue Füchse
de,fox,blue,old,nom,,der alte blaue Fuchs
de,fox,blue,old,acc,,den alten blauen Fuchs
de,fox,blue,old,dat,,dem alten blauen Fuchs
de,fox,blue,old,plural,0,zwei alte blaue Füchse
de,fox,blue,old,plural,1,drei alte blaue Füchse
de,fox,blue,old,plural,2,vier alte blaue Füchse
de,fox,blue,old,plural,3,fünf alte blaue Füchse
de,fox,blue,old,plural,4,sechs alte blaue Füchse
de,fox,blue,old,plural,5,sieben alte blaue Füchse
de,fox,blue,old,plural,6,acht alte blaue Füchse
de,fox,green,small,nom,,der kleine grüne Fuchs
de,fox,green,small,acc,,den kleinen grünen Fuchs
de,fox,green,small,dat,,dem kleinen grünen Fuchs
de,fox,green,small,plural,0,zwei kleine grüne Füchse
de,fox,green,small,plural,1,drei kleine grüne Füchse
de,fox,green,small,plural,2,vier kleine grüne Füchse
de,fox,green,small,plural,3,fünf kleine grüne Füchse
de,fox,green,small,plural,4,sechs kleine grüne Füchse
de,fox,green,small,plural,5,sieben kleine grüne Füchse
de,fox,green,small,plural,6,acht kleine grüne Füchse
de,fox,green,large,nom,,der große grüne Fuchs
de,fox,green,large,acc,,den großen grünen Fuchs
de,fox,green,large,dat,,dem großen grünen Fuchs
de,fox,green,large,plural,0,zwei große grüne Füchse
de,fox,green,large,plural,1,drei große grüne Füchse
de,fox,green,large,plural,2,vier große grüne Füchse
de,fox,green,large,plural,3,fünf große grüne Füchse
de,fox,green,large,plural,4,sechs große grüne Füchse
de,fox,green,large,plural,5,sieben große grüne Füchse
de,fox,green,large,plural,6,acht große grüne Füchse
de,fox,green,young,nom,,der junge grüne Fuchs
de,fox,green,young,acc,,den jungen grünen Fuchs
de,fox,green,young,dat,,dem jungen grünen Fuchs
de,fox,green,young,plural,0,zwei junge grüne Füchse
de,fox,green,young,plural,1,drei junge grüne Füchse
de,fox,green,young,plural,2,vier junge grüne Füchse
de,fox,green,young,plural,3,fünf junge grüne Füchse
de,fox,green,young,plural,4,sechs junge grüne Füchse
de,fox,green,young,plural,5,sieben junge grüne Füchse
de,fox,green,young,plural,6,acht junge grüne Füchse
de,fox,green,old,nom,,der alte grüne Fuchs
de,fox,green,old,acc,,den alten grünen Fuchs
de,fox,green,old,dat,,dem alten grünen Fuchs
de,fox,green,old,plural,0,zwei alte grüne Füchse
de,fox,green,old,plural,1,drei alte grüne Füchse
de,fox,green,old,plural,2,vier alte grüne Füchse
de,fox,green,old,plural,3,fünf alte grüne Füchse
de,fox,green,old,plural,4,sechs alte grüne Füchse
de,fox,green,old,plural,5,sieben alte grüne Füchse
de,fox,green,old,plural,6,acht alte grüne Füchse
de,fox,yellow,small,nom,,der kleine gelbe Fuchs
de,fox,yellow,small,acc,,den kleinen gelben Fuchs
de,fox,yellow,small,dat,,dem kleinen gelben Fuchs
de,fox,yellow,small,plural,0,zwei kleine gelbe Füchse
de,fox,yellow,small,plural,1,drei kleine gelbe Füchse
de,fox,yellow,small,plural,2,vier kleine gelbe Füchse
de,fox,yellow,small,plural,3,fünf kleine gelbe Füchse
de,fox,yellow,small,plural,4,sechs kleine gelbe Füchse
de,fox,yellow,small,plural,5,sieben kleine gelbe Füchse
de,fox,yellow,small,plural,6,acht kleine gelbe Füchse
de,fox,yellow,large,nom,,der große gelbe Fuchs
de,fox,yellow,large,acc,,den großen gelben Fuchs
de,fox,yellow,large,dat,,dem großen gelben Fuchs
de,fox,yellow,large,plural,0,zwei große gelbe Füchse
de,fox,yellow,large,plural,1,drei große gelbe Füchse
de,fox,yellow,large,plural,2,vier große gelbe Füchse
de,fox,yellow,large,plural,3,fünf große gelbe Füchse
de,fox,yellow,large,plural,4,sechs große gelbe Füchse
de,fox,yellow,large,plural,5,sieben große gelbe Füchse
de,fox,yellow,large,plural,6,acht große gelbe Füchse
de,fox,yellow,young,nom,,der junge gelbe Fuchs
de,fox,yellow,young,acc,,den jungen gelben Fuchs
de,fox,yellow,young,dat,,dem jungen gelben Fuchs
de,fox,yellow,young,plural,0,zwei junge gelbe Füchse
de,fox,yellow,young,plural,1,drei junge gelbe Füchse
de,fox,yellow,young,plural,2,vier junge gelbe Füchse
de,fox,yellow,young,plural,3,fünf junge gelbe Füchse
de,fox,yellow,young,plural,4,sechs junge gelbe Füchse
de,fox,yellow,young,plural,5,sieben junge gelbe Füchse
de,fox,yellow,young,plural,6,acht junge gelbe Füchse
de,fox,yellow,old,nom,,der alte gelbe Fuchs
de,fox,yellow,old,acc,,den alten gelben Fuchs
de,fox,yellow,old,dat,,dem alten gelben Fuchs
de,fox,yellow,old,plural,0,zwei alte gelbe Füchse
de,fox,yellow,old,plural,1,drei alte gelbe Füchse
de,fox,yellow,old,plural,2,vier alte gelbe Füchse
de,fox,yellow,old,plural,3,fünf alte gelbe Füchse
de,fox,yellow,old,plural,4,sechs alte gelbe Füchse
de,fox,yellow,old,plural,5,sieben alte gelbe Füchse
de,fox,yellow,old,plural,6,acht alte gelbe Füchse
de,fox,black,small,nom,,der kleine schwarze Fuchs
de,fox,black,small,acc,,den kleinen schwarzen Fuchs
de,fox,black,small,dat,,dem kleinen schwarzen Fuchs
de,fox,black,small,plural,0,zwei kleine schwarze Füchse
de,fox,black,small,plural,1,drei kleine schwarze Füchse
de,fox,black,small,plural,2,vier kleine schwarze Füchse
de,fox,black,small,plural,3,fünf kleine schwarze Füchse
de,fox,black,small,plural,4,sechs kleine schwarze Füchse
de,fox,black,small,plural,5,sieben kleine schwarze Füchse
de,fox,black,small,plural,6,acht kleine schwarze Füchse
de,fox,black,large,nom,,der große schwarze Fuchs
de,fox,black,large,acc,,den großen schwarzen Fuchs
de,fox,black,large,dat,,dem großen schwarzen Fuchs
de,fox,black,large,plural,0,zwei große schwarze Füchse
de,fox,black,large,plural,1,drei große schwarze Füchse
de,fox,black,large,plural,2,vier große schwarze Füchse
de,fox,black,large,plural,3,fünf große schwarze Füchse
de,fox,black,large,plural,4,sechs große schwarze Füchse
de,fox,black,large,plural,5,sieben große schwarze Füchse
de,fox,black,large,plural,6,acht große schwarze Füchse
de,fox,black,young,nom,,der junge schwarze Fuchs
de,fox,black,young,acc,,den jungen schwarzen Fuchs
de,fox,black,young,dat,,dem jungen schwarzen Fuchs
de,fox,black,young,plural,0,zwei junge schwarze Füchse
de,fox,black,young,plural,1,drei junge schwarze Füchse
de,fox,black,young,plural,2,vier junge schwarze Füchse
de,fox,black,young,plural,3,fünf junge schwarze Füchse
de,fox,black,young,plural,4,sechs junge schwarze Füchse
de,fox,black,young,plural,5,sieben junge schwarze Füchse
de,fox,black,young,plural,6,acht junge schwarze Füchse
de,fox,black,old,nom,,der alte schwarze Fuchs
de,fox,black,old,acc,,den alten schwarzen Fuchs
de,fox,black,old,dat,,dem alten schwarzen Fuchs
de,fox,black,old,plural,0,zwei alte schwarze Füchse
de,fox,black,old,plural,1,drei alte schwarze Füchse
de,fox,black,old,plural,2,vier alte schwarze Füchse
de,fox,black,old,plural,3,fünf alte schwarze Füchse
de,fox,black,old,plural,4,sechs alte schwarze Füchse
de,fox,black,old,plural,5,sieben alte schwarze Füchse
de,fox,black,old,plural,6,acht alte schwarze Füchse
de,fox,white,small,nom,,der kleine weiße Fuchs
de,fox,white,small,acc,,den kleinen weißen Fuchs
de,fox,white,small,dat,,dem kleinen weißen Fuchs
de,fox,white,small,plural,0,zwei kleine weiße Füchse
de,fox,white,small,plural,1,drei kleine weiße Füchse
de,fox,white,small,plural,2,vier kleine weiße Füchse
de,fox,white,small,plural,3,fünf kleine weiße Füchse
de,fox,white,small,plural,4,sechs kleine weiße Füchse
de,fox,white,small,plural,5,sieben kleine weiße Füchse
de,fox,white,small,plural,6,acht kleine weiße Füchse
de,fox,white,large,nom,,der große weiße Fuchs
de,fox,white,large,acc,,den großen weißen Fuchs
de,fox,white,large,dat,,dem großen weißen Fuchs
de,fox,white,large,plural,0,zwei große weiße Füchse
de,fox,white,large,plural,1,drei große weiße Füchse
de,fox,white,large,plural,2,vier große weiße Füchse
de,fox,white,large,plural,3,fünf große weiße Füchse
de,fox,white,large,plural,4,sechs große weiße Füchse
de,fox,white,large,plural,5,sieben große weiße Füchse
de,fox,white,large,plural,6,acht große weiße Füchse
de,fox,white,young,nom,,der junge weiße Fuchs
de,fox,white,young,acc,,den jungen weißen Fuchs
de,fox,white,young,dat,,dem jungen weißen Fuchs
de,fox,white,young,plural,0,zwei junge weiße Füchse
de,fox,white,young,plural,1,drei junge weiße Füchse
de,fox,white,young,plural,2,vier junge weiße Füchse
de,fox,white,young,plural,3,fünf junge weiße Füchse
de,fox,white,young,plural,4,sechs junge weiße Füchse
de,fox,white,young,plural,5,sieben junge weiße Füchse
de,fox,white,young,plural,6,acht junge weiße Füchse
de,fox,white,old,nom,,der alte weiße Fuchs
de,fox,white,old,acc,,den alten weißen Fuchs
de,fox,white,old,dat,,dem alten weißen Fuchs
de,fox,white,old,plural,0,zwei alte weiße Füchse
de,fox,white,old,plural,1,drei alte weiße Füchse
de,fox,white,old,plural,2,vier alte weiße Füchse
de,fox,white,old,plural,3,fünf alte weiße Füchse
de,fox,white,old,plural,4,sechs alte weiße Füchse
de,fox,white,old,plural,5,sieben alte weiße Füchse
de,fox,white,old,plural,6,acht alte weiße Füchse
de,bear,red,small,nom,,der kleine rote Bär
de,bear,red,small,acc,,den kleinen roten Bären
de,bear,red,small,dat,,dem kleinen roten Bären
de,bear,red,small,plural,0,zwei kleine rote Bären
de,bear,red,small,plural,1,drei kleine rote Bären
de,bear,red,small,plural,2,vier kleine rote Bären
de,bear,red,small,plural,3,fünf kleine rote Bären
de,bear,red,small,plural,4,sechs kleine rote Bären
de,bear,red,small,plural,5,sieben kleine rote Bären
de,bear,red,small,plural,6,acht kleine rote Bären
de,bear,red,large,nom,,der große rote Bär
de,bear,red,large,acc,,den großen roten Bären
de,bear,red,large,dat,,dem großen roten Bären
de,bear,red,large,plural,0,zwei große rote Bären
de,bear,red,large,plural,1,drei große rote Bären
de,bear,red,large,plural,2,vier große rote Bären
de,bear,red,large,plural,3,fünf große rote Bären
de,bear,red,large,plural,4,sechs große rote Bären
de,bear,red,large,plural,5,sieben große rote Bären
de,bear,red,large,plural,6,acht große rote Bären
de,bear,red,young,nom,,der junge rote Bär
de,bear,red,young,acc,,den jungen roten Bären
de,bear,red,young,dat,,dem jungen roten Bären
de,bear,red,young,plural,0,zwei junge rote Bären
de,bear,red,young,plural,1,drei junge rote Bären
de,bear,red,young,plural,2,vier junge rote Bären
de,bear,red,young,plural,3,fünf junge rote Bären
de,bear,red,young,plural,4,sechs junge rote Bären
de,bear,red,young,plural,5,sieben junge rote Bären
de,bear,red,young,plural,6,acht junge rote Bären
de,bear,red,old,nom,,der alte rote Bär
de,bear,red,old,acc,,den alten roten Bären
de,bear,red,old,dat,,dem alten roten Bären
de,bear,red,old,plural,0,zwei alte rote Bären
de,bear,red,old,plural,1,drei alte rote Bären
de,bear,red,old,plural,2,vier alte rote Bären
de,bear,red,old,plural,3,fünf alte rote Bären
de,bear,red,old,plural,4,sechs alte rote Bären
de,bear,red,old,plural,5,sieben alte rote Bären
de,bear,red,old,plural,6,acht alte rote Bären
de,bear,blue,small,nom,,der kleine blaue Bär
de,bear,blue,small,acc,,den kleinen blauen Bären
de,bear,blue,small,dat,,dem kleinen blauen Bären
de,bear,blue,small,plural,0,zwei kleine blaue Bären
de,bear,blue,small,plural,1,drei kleine blaue Bären
de,bear,blue,small,plural,2,vier kleine blaue Bären
de,bear,blue,small,plural,3,fünf kleine blaue Bären
de,bear,blue,small,plural,4,sechs kleine blaue Bären
de,bear,blue,small,plural,5,sieben kleine blaue Bären
de,bear,blue,small,plural,6,acht kleine blaue Bären
de,bear,blue,large,nom,,der große blaue Bär
de,bear,blue,large,acc,,den großen blauen Bären
de,bear,blue,large,dat,,dem großen blauen Bären
de,bear,blue,large,plural,0,zwei große blaue Bären
de,bear,blue,large,plural,1,drei große blaue Bären
de,bear,blue,large,plural,2,vier große blaue Bären
de,bear,blue,large,plural,3,fünf große blaue Bären
de,bear,blue,large,plural,4,sechs große blaue Bären
de,bear,blue,large,plural,5,sieben große blaue Bären
de,bear,blue,large,plural,6,acht große blaue Bären
de,bear,blue,young,nom,,der junge blaue Bär
de,bear,blue,young,acc,,den jungen blauen Bären
de,bear,blue,young,dat,,dem jungen blauen Bären
de,bear,blue,young,plural,0,zwei junge blaue Bären
de,bear,blue,young,plural,1,drei junge blaue Bären
de,bear,blue,young,plural,2,vier junge blaue Bären
de,bear,blue,young,plural,3,fünf junge blaue Bären
de,bear,blue,young,plural,4,sechs junge blaue Bären
de,bear,blue,young,plural,5,sieben junge blaue Bären
de,bear,blue,young,plural,6,acht junge blaue Bären
de,bear,blue,old,nom,,der alte blaue Bär
de,bear,blue,old,acc,,den alten blauen Bären
de,bear,blue,old,dat,,dem alten blauen Bären
de,bear,blue,old,plural,0,zwei alte blaue Bären
de,bear,blue,old,plural,1,drei alte blaue Bären
de,bear,blue,old,plural,2,vier alte blaue Bären
de,bear,blue,old,plural,3,fünf alte blaue Bären
de,bear,blue,old,plural,4,sechs alte blaue Bären
de,bear,blue,old,plural,5,sieben alte blaue Bären
de,bear,blue,old,plural,6,acht alte blaue Bären
de,bear,green,small,nom,,der kleine grüne Bär
de,bear,green,small,acc,,den kleinen grünen Bären
de,bear,green,small,dat,,dem kleinen grünen Bären
de,bear,green,small,plural,0,zwei kleine grüne Bären
de,bear,green,small,plural,1,drei kleine grüne Bären
de,bear,green,small,plural,2,vier kleine grüne Bären
de,bear,green,small,plural,3,fünf kleine grüne Bären
de,bear,green,small,plural,4,sechs kleine grüne Bären
de,bear,green,small,plural,5,sieben kleine grüne Bären
de,bear,green,small,plural,6,acht kleine grüne Bären
de,bear,green,large,nom,,der große grüne Bär
de,bear,green,large,acc,,den großen grünen Bären
de,bear,green,large,dat,,dem großen grünen Bären
de,bear,green,large,plural,0,zwei große grüne Bären
de,bear,green,large,plural,1,drei große grüne Bären
de,bear,green,large,plural,2,vier große grüne Bären
de,bear,green,large,plural,3,fünf große grüne Bären
de,bear,green,large,plural,4,sechs große grüne Bären
de,bear,green,large,plural,5,sieben große grüne Bären
de,bear,green,large,plural,6,acht große grüne Bären
de,bear,green,young,nom,,der junge grüne Bär
de,bear,green,young,acc,,den jungen grünen Bären
de,bear,green,young,dat,,dem jungen grünen Bären
de,bear,green,young,plural,0,zwei junge grüne Bären
de,bear,green,young,plural,1,drei junge grüne Bären
de,bear,green,young,plural,2,vier junge grüne Bären
de,bear,green,young,plural,3,fünf junge grüne Bären
de,bear,green,young,plural,4,sechs junge grüne Bären
de,bear,green,young,plural,5,sieben junge grüne Bären
de,bear,green,young,plural,6,acht junge grüne Bären
de,bear,green,old,nom,,der alte grüne Bär
de,bear,green,old,acc,,den alten grünen Bären
de,bear,green,old,dat,,dem alten grünen Bären
de,bear,green,old,plural,0,zwei alte grüne Bären
de,bear,green,old,plural,1,drei alte grüne Bären
de,bear,green,old,plural,2,vier alte grüne Bären
de,bear,green,old,plural,3,fünf alte grüne Bären
de,bear,green,old,plural,4,sechs alte grüne Bären
de,bear,green,old,plural,5,sieben alte grüne Bären
de,bear,green,old,plural,6,acht alte grüne Bären
de,bear,yellow,small,nom,,der kleine gelbe Bär
de,bear,yellow,small,acc,,den kleinen gelben Bären
de,bear,yellow,small,dat,,dem kleinen gelben Bären
de,bear,yellow,small,plural,0,zwei kleine gelbe Bären
de,bear,yellow,small,plural,1,drei kleine gelbe Bären
de,bear,yellow,small,plural,2,vier kleine gelbe Bären
de,bear,yellow,small,plural,3,fünf kleine gelbe Bären
de,bear,yellow,small,plural,4,sechs kleine gelbe Bären
de,bear,yellow,small,plural,5,sieben kleine gelbe Bären
de,bear,yellow,small,plural,6,acht kleine gelbe Bären
de,bear,yellow,large,nom,,der große gelbe Bär
de,bear,yellow,large,acc,,den großen gelben Bären
de,bear,yellow,large,dat,,dem großen gelben Bären
de,bear,yellow,large,plural,0,zwei große gelbe Bären
de,bear,yellow,large,plural,1,drei große gelbe Bären
de,bear,yellow,large,plural,2,vier große gelbe Bären
de,bear,yellow,large,plural,3,fünf große gelbe Bären
de,bear,yellow,large,plural,4,sechs große gelbe Bären
de,bear,yellow,large,plural,5,sieben große gelbe Bären
de,bear,yellow,large,plural,6,acht große gelbe Bären
de,bear,yellow,young,nom,,der junge gelbe Bär
de,bear,yellow,young,acc,,den jungen gelben Bären
de,bear,yellow,young,dat,,dem jungen gelben Bären
de,bear,yellow,young,plural,0,zwei junge gelbe Bären
de,bear,yellow,young,plural,1,drei junge gelbe Bären
de,bear,yellow,young,plural,2,vier junge gelbe Bären
de,bear,yellow,young,plural,3,fünf junge gelbe Bären
de,bear,yellow,young,plural,4,sechs junge gelbe Bären
de,bear,yellow,young,plural,5,sieben junge gelbe Bären
de,bear,yellow,young,plural,6,acht junge gelbe Bären
de,bear,yellow,old,nom,,der alte gelbe Bär
de,bear,yellow,old,acc,,den alten gelben Bären
de,bear,yellow,old,dat,,dem alten gelben Bären
de,bear,yellow,old,plural,0,zwei alte gelbe Bären
de,bear,yellow,old,plural,1,drei alte gelbe Bären
de,bear,yellow,old,plural,2,vier alte gelbe Bären
de,bear,yellow,old,plural,3,fünf alte gelbe Bären
de,bear,yellow,old,plural,4,sechs alte gelbe Bären
de,bear,yellow,old,plural,5,sieben alte gelbe Bären
de,bear,yellow,old,plural,6,acht alte gelbe Bären
de,bear,black,small,nom,,der kleine schwarze Bär
de,bear,black,small,acc,,den kleinen schwarzen Bären
de,bear,black,small,dat,,dem kleinen schwarzen Bären
de,bear,black,small,plural,0,zwei kleine schwarze Bären
de,bear,black,small,plural,1,drei kleine schwarze Bären
de,bear,black,small,plural,2,vier kleine schwarze Bären
de,bear,black,small,plural,3,fünf kleine schwarze Bären
de,bear,black,small,plural,4,sechs kleine schwarze Bären
de,bear,black,small,plural,5,sieben kleine schwarze Bären
de,bear,black,small,plural,6,acht kleine schwarze Bären
de,bear,black,large,nom,,der große schwarze Bär
de,bear,black,large,acc,,den großen schwarzen Bären
de,bear,black,large,dat,,dem großen schwarzen Bären
de,bear,black,large,plural,0,zwei große schwarze Bären
de,bear,black,large,plural,1,drei große schwarze Bären
de,bear,black,large,plural,2,vier große schwarze Bären
de,bear,black,large,plural,3,fünf große schwarze Bären
de,bear,black,large,plural,4,sechs große schwarze Bären
de,bear,black,large,plural,5,sieben große schwarze Bären
de,bear,black,large,plural,6,acht große schwarze Bären
de,bear,black,young,nom,,der junge schwarze Bär
de,bear,black,young,acc,,den jungen schwarzen Bären
de,bear,black,young,dat,,dem jungen schwarzen Bären
de,bear,black,young,plural,0,zwei junge schwarze Bären
de,bear,black,young,plural,1,drei junge schwarze Bären
de,bear,black,young,plural,2,vier junge schwarze Bären
de,bear,black,young,plural,3,fünf junge schwarze Bären
de,bear,black,young,plural,4,sechs junge schwarze Bären
de,bear,black,young,plural,5,sieben junge schwarze Bären
de,bear,black,young,plural,6,acht junge schwarze Bären
de,bear,black,old,nom,,der alte schwarze Bär
de,bear,black,old,acc,,den alten schwarzen Bären
de,bear,black,old,dat,,dem alten schwarzen Bären
de,bear,black,old,plural,0,zwei alte schwarze Bären
de,bear,black,old,plural,1,drei alte schwarze Bären
de,bear,black,old,plural,2,vier alte schwarze Bären
de,bear,black,old,plural,3,fünf alte schwarze Bären
de,bear,black,old,plural,4,sechs alte schwarze Bären
de,bear,black,old,plural,5,sieben alte schwarze Bären
de,bear,black,old,plural,6,acht alte schwarze Bären
de,bear,white,small,nom,,der kleine weiße Bär
de,bear,white,small,acc,,den kleinen weißen Bären
de,bear,white,small,dat,,dem kleinen weißen Bären
de,bear,white,small,plural,0,zwei kleine weiße Bären
de,bear,white,small,plural,1,drei kleine weiße Bären
de,bear,white,small,plural,2,vier kleine weiße Bären
de,bear,white,small,plural,3,fünf kleine weiße Bären
de,bear,white,small,plural,4,sechs kleine weiße Bären
de,bear,white,small,plural,5,sieben kleine weiße Bären
de,bear,white,small,plural,6,acht kleine weiße Bären
de,bear,white,large,nom,,der große weiße Bär
de,bear,white,large,acc,,den großen weißen Bären
de,bear,white,large,dat,,dem großen weißen Bären
de,bear,white,large,plural,0,zwei große weiße Bären
de,bear,white,large,plural,1,drei große weiße Bären
de,bear,white,large,plural,2,vier große weiße Bären
de,bear,white,large,plural,3,fünf große weiße Bären
de,bear,white,large,plural,4,sechs große weiße Bären
de,bear,white,large,plural,5,sieben große weiße Bären
de,bear,white,large,plural,6,acht große weiße Bären
de,bear,white,young,nom,,der junge weiße Bär
de,bear,white,young,acc,,den jungen weißen Bären
de,bear,white,young,dat,,dem jungen weißen Bären
de,bear,white,young,plural,0,zwei junge weiße Bären
de,bear,white,young,plural,1,drei junge weiße Bären
de,bear,white,young,plural,2,vier junge weiße Bären
de,bear,white,young,plural,3,fünf junge weiße Bären
de,bear,white,young,plural,4,sechs junge weiße Bären
de,bear,white,young,plural,5,sieben junge weiße Bären
de,bear,white,young,plural,6,acht junge weiße Bären
de,bear,white,old,nom,,der alte weiße Bär
de,bear,white,old,acc,,den alten weißen Bären
de,bear,white,old,dat,,dem alten weißen Bären
de,bear,white,old,plural,0,zwei alte weiße Bären
de,bear,white,old,plural,1,drei alte weiße Bären
de,bear,white,old,plural,2,vier alte weiße Bären
de,bear,white,old,plural,3,fünf alte weiße Bären
de,bear,white,old,plural,4,sechs alte weiße Bären
de,bear,white,old,plural,5,sieben alte weiße Bären
de,bear,white,old,plural,6,acht alte weiße Bären
de,lion,red,small,nom,,der kleine rote Löwe
de,lion,red,small,acc,,den kleinen roten Löwen
de,lion,red,small,dat,,dem kleinen roten Löwen
de,lion,red,small,plural,0,zwei kleine rote Löwen
de,lion,red,small,plural,1,drei kleine rote Löwen
de,lion,red,small,plural,2,vier kleine rote Löwen
de,lion,red,small,plural,3,fünf kleine rote Löwen
de,lion,red,small,plural,4,sechs kleine rote Löwen
de,lion,red,small,plural,5,sieben kleine rote Löwen
de,lion,red,small,plural,6,acht kleine rote Löwen
de,lion,red,large,nom,,der große rote Löwe
de,lion,red,large,acc,,den großen roten Löwen
de,lion,red,large,dat,,dem großen roten Löwen
de,lion,red,large,plural,0,zwei große rote Löwen
de,lion,red,large,plural,1,drei große rote Löwen
de,lion,red,large,plural,2,vier große rote Löwen
de,lion,red,large,plural,3,fünf große rote Löwen
de,lion,red,large,plural,4,sechs große rote Löwen
de,lion,red,large,plural,5,sieben große rote Löwen
de,lion,red,large,plural,6,acht große rote Löwen
de,lion,red,young,nom,,der junge rote Löwe
de,lion,red,young,acc,,den jungen roten Löwen
de,lion,red,young,dat,,dem jungen roten Löwen
de,lion,red,young,plural,0,zwei junge rote Löwen
de,lion,red,young,plural,1,drei junge rote Löwen
de,lion,red,young,plural,2,vier junge rote Löwen
de,lion,red,young,plural,3,fünf junge rote Löwen
de,lion,red,young,plural,4,sechs junge rote Löwen
de,lion,red,young,plural,5,sieben junge rote Löwen
de,lion,red,young,plural,6,acht junge rote Löwen
de,lion,red,old,nom,,der alte rote Löwe
de,lion,red,old,acc,,den alten roten Löwen
de,lion,red,old,dat,,dem alten roten Löwen
de,lion,red,old,plural,0,zwei alte rote Löwen
de,lion,red,old,plural,1,drei alte rote Löwen
de,lion,red,old,plural,2,vier alte rote Löwen
de,lion,red,old,plural,3,fünf alte rote Löwen
de,lion,red,old,plural,4,sechs alte rote Löwen
de,lion,red,old,plural,5,sieben alte rote Löwen
de,lion,red,old,plural,6,acht alte rote Löwen
de,lion,blue,small,nom,,der kleine blaue Löwe
de,lion,blue,small,acc,,den kleinen blauen Löwen
de,lion,blue,small,dat,,dem kleinen blauen Löwen
de,lion,blue,small,plural,0,zwei kleine blaue Löwen
de,lion,blue,small,plural,1,drei kleine blaue Löwen
de,lion,blue,small,plural,2,vier kleine blaue Löwen
de,lion,blue,small,plural,3,fünf kleine blaue Löwen
de,lion,blue,small,plural,4,sechs kleine blaue Löwen
de,lion,blue,small,plural,5,sieben kleine blaue Löwen
de,lion,blue,small,plural,6,acht kleine blaue Löwen
de,lion,blue,large,nom,,der große blaue Löwe
de,lion,blue,large,acc,,den großen blauen Löwen
de,lion,blue,large,dat,,dem großen blauen Löwen
de,lion,blue,large,plural,0,zwei große blaue Löwen
de,lion,blue,large,plural,1,drei große blaue Löwen
de,lion,blue,large,plural,2,vier große blaue Löwen
de,lion,blue,large,plural,3,fünf große blaue Löwen
de,lion,blue,large,plural,4,sechs große blaue Löwen
de,lion,blue,large,plural,5,sieben große blaue Löwen
de,lion,blue,large,plural,6,acht große blaue Löwen
de,lion,blue,young,nom,,der junge blaue Löwe
de,lion,blue,young,acc,,den jungen blauen Löwen
de,lion,blue,young,dat,,dem jungen blauen Löwen
de,lion,blue,young,plural,0,zwei junge blaue Löwen
de,lion,blue,young,plural,1,drei junge blaue Löwen
de,lion,blue,young,plural,2,vier junge blaue Löwen
de,lion,blue,young,plural,3,fünf junge blaue Löwen
de,lion,blue,young,plural,4,sechs junge blaue Löwen
de,lion,blue,young,plural,5,sieben junge blaue Löwen
de,lion,blue,young,plural,6,acht junge blaue Löwen
de,lion,blue,old,nom,,der alte blaue Löwe
de,lion,blue,old,acc,,den alten blauen Löwen
de,lion,blue,old,dat,,dem alten blauen Löwen
de,lion,blue,old,plural,0,zwei alte blaue Löwen
de,lion,blue,old,plural,1,drei alte blaue Löwen
de,lion,blue,old,plural,2,vier alte blaue Löwen
de,lion,blue,old,plural,3,fünf alte blaue Löwen
de,lion,blue,old,plural,4,sechs alte blaue Löwen
de,lion,blue,old,plural,5,sieben alte blaue Löwen
de,lion,blue,old,plural,6,acht alte blaue Löwen
de,lion,green,small,nom,,der kleine grüne Löwe
de,lion,green,small,acc,,den kleinen grünen Löwen
de,lion,green,small,dat,,dem kleinen grünen Löwen
de,lion,green,small,plural,0,zwei kleine grüne Löwen
de,lion,green,small,plural,1,drei kleine grüne Löwen
de,lion,green,small,plural,2,vier kleine grüne Löwen
de,lion,green,small,plural,3,fünf kleine grüne Löwen
de,lion,green,small,plural,4,sechs kleine grüne Löwen
de,lion,green,small,plural,5,sieben kleine grüne Löwen
de,lion,green,small,plural,6,acht kleine grüne Löwen
de,lion,green,large,nom,,der große grüne Löwe
de,lion,green,large,acc,,den großen grünen Löwen
de,lion,green,large,dat,,dem großen grünen Löwen
de,lion,green,large,plural,0,zwei große grüne Löwen
de,lion,green,large,plural,1,drei große grüne Löwen
de,lion,green,large,plural,2,vier große grüne Löwen
de,lion,green,large,plural,3,fünf große grüne Löwen
de,lion,green,large,plural,4,sechs große grüne Löwen
de,lion,green,large,plural,5,sieben große grüne Löwen
de,lion,green,large,plural,6,acht große grüne Löwen
de,lion,green,young,nom,,der junge grüne Löwe
de,lion,green,young,acc,,den jungen grünen Löwen
de,lion,green,young,dat,,dem jungen grünen Löwen
de,lion,green,young,plural,0,zwei junge grüne Löwen
de,lion,green,young,plural,1,drei junge grüne Löwen
de,lion,green,young,plural,2,vier junge grüne Löwen
de,lion,green,young,plural,3,fünf junge grüne Löwen
de,lion,green,young,plural,4,sechs junge grüne Löwen
de,lion,green,young,plural,5,sieben junge grüne Löwen
de,lion,green,young,plural,6,acht junge grüne Löwen
de,lion,green,old,nom,,der alte grüne Löwe
de,lion,green,old,acc,,den alten grünen Löwen
de,lion,green,old,dat,,dem alten grünen Löwen
de,lion,green,old,plural,0,zwei alte grüne Löwen
de,lion,green,old,plural,1,drei alte grüne Löwen
de,lion,green,old,plural,2,vier alte grüne Löwen
de,lion,green,old,plural,3,fünf alte grüne Löwen
de,lion,green,old,plural,4,sechs alte grüne Löwen
de,lion,green,old,plural,5,sieben alte grüne Löwen
de,lion,green,old,plural,6,acht alte grüne Löwen
de,lion,yellow,small,nom,,der kleine gelbe Löwe
de,lion,yellow,small,acc,,den kleinen gelben Löwen
de,lion,yellow,small,dat,,dem kleinen gelben Löwen
de,lion,yellow,small,plural,0,zwei kleine gelbe Löwen
de,lion,yellow,small,plural,1,drei kleine gelbe Löwen
de,lion,yellow,small,plural,2,vier kleine gelbe Löwen
de,lion,yellow,small,plural,3,fünf kleine gelbe Löwen
de,lion,yellow,small,plural,4,sechs kleine gelbe Löwen
de,lion,yellow,small,plural,5,sieben kleine gelbe Löwen
de,lion,yellow,small,plural,6,acht kleine gelbe Löwen
de,lion,yellow,large,nom,,der große gelbe Löwe
de,lion,yellow,large,acc,,den großen gelben Löwen
de,lion,yellow,large,dat,,dem großen gelben Löwen
de,lion,yellow,large,plural,0,zwei große gelbe Löwen
de,lion,yellow,large,plural,1,drei große gelbe Löwen
de,lion,yellow,large,plural,2,vier große gelbe Löwen
de,lion,yellow,large,plural,3,fünf große gelbe Löwen
de,lion,yellow,large,plural,4,sechs große gelbe Löwen
de,lion,yellow,large,plural,5,sieben große gelbe Löwen
de,lion,yellow,large,plural,6,acht große gelbe Löwen
de,lion,yellow,young,nom,,der junge gelbe Löwe
de,lion,yellow,young,acc,,den jungen gelben Löwen
de,lion,yellow,young,dat,,dem jungen gelben Löwen
de,lion,yellow,young,plural,0,zwei junge gelbe Löwen
de,lion,yellow,young,plural,1,drei junge gelbe Löwen
de,lion,yellow,young,plural,2,vier junge gelbe Löwen
de,lion,yellow,young,plural,3,fünf junge gelbe Löwen
de,lion,yellow,young,plural,4,sechs junge gelbe Löwen
de,lion,yellow,young,plural,5,sieben junge gelbe Löwen
de,lion,yellow,young,plural,6,acht junge gelbe Löwen
de,lion,yellow,old,nom,,der alte gelbe Löwe
de,lion,yellow,old,acc,,den alten gelben Löwen
de,lion,yellow,old,dat,,dem alten gelben Löwen
de,lion,yellow,old,plural,0,zwei alte gelbe Löwen
de,lion,yellow,old,plural,1,drei alte gelbe Löwen
de,lion,yellow,old,plural,2,vier alte gelbe Löwen
de,lion,yellow,old,plural,3,fünf alte gelbe Löwen
de,lion,yellow,old,plural,4,sechs alte gelbe Löwen
de,lion,yellow,old,plural,5,sieben alte gelbe Löwen
de,lion,yellow,old,plural,6,acht alte gelbe Löwen
de,lion,black,small,nom,,der kleine schwarze Löwe
de,lion,black,small,acc,,den kleinen schwarzen Löwen
de,lion,black,small,dat,,dem kleinen schwarzen Löwen
de,lion,black,small,plural,0,zwei kleine schwarze Löwen
de,lion,black,small,plural,1,drei kleine schwarze Löwen
de,lion,black,small,plural,2,vier kleine schwarze Löwen
de,lion,black,small,plural,3,fünf kleine schwarze Löwen
de,lion,black,small,plural,4,sechs kleine schwarze Löwen
de,lion,black,small,plural,5,sieben kleine schwarze Löwen
de,lion,black,small,plural,6,acht kleine schwarze Löwen
de,lion,black,large,nom,,der große schwarze Löwe
de,lion,black,large,acc,,den großen schwarzen Löwen
de,lion,black,large,dat,,dem großen schwarzen Löwen
de,lion,black,large,plural,0,zwei große schwarze Löwen
de,lion,black,large,plural,1,drei große schwarze Löwen
de,lion,black,large,plural,2,vier große schwarze Löwen
de,lion,black,large,plural,3,fünf große schwarze Löwen
de,lion,black,large,plural,4,sechs große schwarze Löwen
de,lion,black,large,plural,5,sieben große schwarze Löwen
de,lion,black,large,plural,6,acht große schwarze Löwen
de,lion,black,young,nom,,der junge schwarze Löwe
de,lion,black,young,acc,,den jungen schwarzen Löwen
de,lion,black,young,dat,,dem jungen schwarzen Löwen
de,lion,black,young,plural,0,zwei junge schwarze Löwen
de,lion,black,young,plural,1,drei junge schwarze Löwen
de,lion,black,young,plural,2,vier junge schwarze Löwen
de,lion,black,young,plural,3,fünf junge schwarze Löwen
de,lion,black,young,plural,4,sechs junge schwarze Löwen
de,lion,black,young,plural,5,sieben junge schwarze Löwen
de,lion,black,young,plural,6,acht junge schwarze Löwen
de,lion,black,old,nom,,der alte schwarze Löwe
de,lion,black,old,acc,,den alten schwarzen Löwen
de,lion,black,old,dat,,dem alten schwarzen Löwen
de,lion,black,old,plural,0,zwei alte schwarze Löwen
de,lion,black,old,plural,1,drei alte schwarze Löwen
de,lion,black,old,plural,2,vier alte schwarze Löwen
de,lion,black,old,plural,3,fünf alte schwarze Löwen
de,lion,black,old,plural,4,sechs alte schwarze Löwen
de,lion,black,old,plural,5,sieben alte schwarze Löwen
de,lion,black,old,plural,6,acht alte schwarze Löwen
de,lion,white,small,nom,,der kleine weiße Löwe
de,lion,white,small,acc,,den kleinen weißen Löwen
de,lion,white,small,dat,,dem kleinen weißen Löwen
de,lion,white,small,plural,0,zwei kleine weiße Löwen
de,lion,white,small,plural,1,drei kleine weiße Löwen
de,lion,white,small,plural,2,vier kleine weiße Löwen
de,lion,white,small,plural,3,fünf kleine weiße Löwen
de,lion,white,small,plural,4,sechs kleine weiße Löwen
de,lion,white,small,plural,5,sieben kleine weiße Löwen
de,lion,white,small,plural,6,acht kleine weiße Löwen
de,lion,white,large,nom,,der große weiße Löwe
de,lion,white,large,acc,,den großen weißen Löwen
de,lion,white,large,dat,,dem großen weißen Löwen
de,lion,white,large,plural,0,zwei große weiße Löwen
de,lion,white,large,plural,1,drei große weiße Löwen
de,lion,white,large,plural,2,vier große weiße Löwen
de,lion,white,large,plural,3,fünf große weiße Löwen
de,lion,white,large,plural,4,sechs große weiße Löwen
de,lion,white,large,plural,5,sieben große weiße Löwen
de,lion,white,large,plural,6,acht große weiße Löwen
de,lion,white,young,nom,,der junge weiße Löwe
de,lion,white,young,acc,,den jungen weißen Löwen
de,lion,white,young,dat,,dem jungen weißen Löwen
de,lion,white,young,plural,0,zwei junge weiße Löwen
de,lion,white,young,plural,1,drei junge weiße Löwen
de,lion,white,young,plural,2,vier junge weiße Löwen
de,lion,white,young,plural,3,fünf junge weiße Löwen
de,lion,white,young,plural,4,sechs junge weiße Löwen
de,lion,white,young,plural,5,sieben junge weiße Löwen
de,lion,white,young,plural,6,acht junge weiße Löwen
de,lion,white,old,nom,,der alte weiße Löwe
de,lion,white,old,acc,,den alten weißen Löwen
de,lion,white,old,dat,,dem alten weißen Löwen
de,lion,white,old,plural,0,zwei alte weiße Löwen
de,lion,white,old,plural,1,drei alte weiße Löwen
de,lion,white,old,plural,2,vier alte weiße Löwen
de,lion,white,old,plural,3,fünf alte weiße Löwen
de,lion,white,old,plural,4,sechs alte weiße Löwen
de,lion,white,old,plural,5,sieben alte weiße Löwen
de,lion,white,old,plural,6,acht alte weiße Löwen
de,cat,red,small,nom,,die kleine rote Katze
de,cat,red,small,acc,,die kleine rote Katze
de,cat,red,small,dat,,der kleinen roten Katze
de,cat,red,small,plural,0,zwei kleine rote Katzen
de,cat,red,small,plural,1,drei kleine rote Katzen
de,cat,red,small,plural,2,vier kleine rote Katzen
de,cat,red,small,plural,3,fünf kleine rote Katzen
de,cat,red,small,plural,4,sechs kleine rote Katzen
de,cat,red,small,plural,5,sieben kleine rote Katzen
de,cat,red,small,plural,6,acht kleine rote Katzen
de,cat,red,large,nom,,die große rote Katze
de,cat,red,large,acc,,die große rote Katze
de,cat,red,large,dat,,der großen roten Katze
de,cat,red,large,plural,0,zwei große rote Katzen
de,cat,red,large,plural,1,drei große rote Katzen
de,cat,red,large,plural,2,vier große rote Katzen
de,cat,red,large,plural,3,fünf große rote Katzen
de,cat,red,large,plural,4,sechs große rote Katzen
de,cat,red,large,plural,5,sieben große rote Katzen
de,cat,red,large,plural,6,acht große rote Katzen
de,cat,red,young,nom,,die junge rote Katze
de,cat,red,young,acc,,die junge rote Katze
de,cat,red,young,dat,,der jungen roten Katze
de,cat,red,young,plural,0,zwei junge rote Katzen
de,cat,red,young,plural,1,drei junge rote Katzen
de,cat,red,young,plural,2,vier junge rote Katzen
de,cat,red,young,plural,3,fünf junge rote Katzen
de,cat,red,young,plural,4,sechs junge rote Katzen
de,cat,red,young,plural,5,sieben junge rote Katzen
de,cat,red,young,plural,6,acht junge rote Katzen
de,cat,red,old,nom,,die alte rote Katze
de,cat,red,old,acc,,die alte rote Katze
de,cat,red,old,dat,,der alten roten Katze
de,cat,red,old,plural,0,zwei alte rote Katzen
de,cat,red,old,plural,1,drei alte rote Katzen
de,cat,red,old,plural,2,vier alte rote Katzen
de,cat,red,old,plural,3,fünf alte rote Katzen
de,cat,red,old,plural,4,sechs alte rote Katzen
de,cat,red,old,plural,5,sieben alte rote Katzen
de,cat,red,old,plural,6,acht alte rote Katzen
de,cat,blue,small,nom,,die kleine blaue Katze
de,cat,blue,small,acc,,die kleine blaue Katze
de,cat,blue,small,dat,,der kleinen blauen Katze
de,cat,blue,small,plural,0,zwei kleine blaue Katzen
de,cat,blue,small,plural,1,drei kleine blaue Katzen
de,cat,blue,small,plural,2,vier kleine blaue Katzen
de,cat,blue,small,plural,3,fünf kleine blaue Katzen
de,cat,blue,small,plural,4,sechs kleine blaue Katzen
de,cat,blue,small,plural,5,sieben kleine blaue Katzen
de,cat,blue,small,plural,6,acht kleine blaue Katzen
de,cat,blue,large,nom,,die große blaue Katze
de,cat,blue,large,acc,,die große blaue Katze
de,cat,blue,large,dat,,der großen blauen Katze
de,cat,blue,large,plural,0,zwei große blaue Katzen
de,cat,blue,large,plural,1,drei große blaue Katzen
de,cat,blue,large,plural,2,vier große blaue Katzen
de,cat,blue,large,plural,3,fünf große blaue Katzen
de,cat,blue,large,plural,4,sechs große blaue Katzen
de,cat,blue,large,plural,5,sieben große blaue Katzen
de,cat,blue,large,plural,6,acht große blaue Katzen
de,cat,blue,young,nom,,die junge blaue Katze
de,cat,blue,young,acc,,die junge blaue Katze
de,cat,blue,young,dat,,der jungen blauen Katze
de,cat,blue,young,plural,0,zwei junge blaue Katzen
de,cat,blue,young,plural,1,drei junge blaue Katzen
de,cat,blue,young,plural,2,vier junge blaue Katzen
de,cat,blue,young,plural,3,fünf junge blaue Katzen
de,cat,blue,young,plural,4,sechs junge blaue Katzen
de,cat,blue,young,plural,5,sieben junge blaue Katzen
de,cat,blue,young,plural,6,acht junge blaue Katzen
de,cat,blue,old,nom,,die alte blaue Katze
de,cat,blue,old,acc,,die alte blaue Katze
de,cat,blue,old,dat,,der alten blauen Katze
de,cat,blue,old,plural,0,zwei alte blaue Katzen
de,cat,blue,old,plural,1,drei alte blaue Katzen
de,cat,blue,old,plural,2,vier alte blaue Katzen
de,cat,blue,old,plural,3,fünf alte blaue Katzen
de,cat,blue,old,plural,4,sechs alte blaue Katzen
de,cat,blue,old,plural,5,sieben alte blaue Katzen
de,cat,blue,old,plural,6,acht alte blaue Katzen
de,cat,green,small,nom,,die kleine grüne Katze
de,cat,green,small,acc,,die kleine grüne Katze
de,cat,green,small,dat,,der kleinen grünen Katze
de,cat,green,small,plural,0,zwei kleine grüne Katzen
de,cat,green,small,plural,1,drei kleine grüne Katzen
de,cat,green,small,plural,2,vier kleine grüne Katzen
de,cat,green,small,plural,3,fünf kleine grüne Katzen
de,cat,green,small,plural,4,sechs kleine grüne Katzen
de,cat,green,small,plural,5,sieben kleine grüne Katzen
de,cat,green,small,plural,6,acht kleine grüne Katzen
de,cat,green,large,nom,,die große grüne Katze
de,cat,green,large,acc,,die große grüne Katze
de,cat,green,large,dat,,der großen grünen Katze
de,cat,green,large,plural,0,zwei große grüne Katzen
de,cat,green,large,plural,1,drei große grüne Katzen
de,cat,green,large,plural,2,vier große grüne Katzen
de,cat,green,large,plural,3,fünf große grüne Katzen
de,cat,green,large,plural,4,sechs große grüne Katzen
de,cat,green,large,plural,5,sieben große grüne Katzen
de,cat,green,large,plural,6,acht große grüne Katzen
de,cat,green,young,nom,,die junge grüne Katze
de,cat,green,young,acc,,die junge grüne Katze
de,cat,green,young,dat,,der jungen grünen Katze
de,cat,green,young,plural,0,zwei junge grüne Katzen
de,cat,green,young,plural,1,drei junge grüne Katzen
de,cat,green,young,plural,2,vier junge grüne Katzen
de,cat,green,young,plural,3,fünf junge grüne Katzen
de,cat,green,young,plural,4,sechs junge grüne Katzen
de,cat,green,young,plural,5,sieben junge grüne Katzen
de,cat,green,young,plural,6,acht junge grüne Katzen
de,cat,green,old,nom,,die alte grüne Katze
de,cat,green,old,acc,,die alte grüne Katze
de,cat,green,old,dat,,der alten grünen Katze
de,cat,green,old,plural,0,zwei alte grüne Katzen
de,cat,green,old,plural,1,drei alte grüne Katzen
de,cat,green,old,plural,2,vier alte grüne Katzen
de,cat,green,old,plural,3,fünf alte grüne Katzen
de,cat,green,old,plural,4,sechs alte grüne Katzen
de,cat,green,old,plural,5,sieben alte grüne Katzen
de,cat,green,old,plural,6,acht alte grüne Katzen
de,cat,yellow,small,nom,,die kleine gelbe Katze
de,cat,yellow,small,acc,,die kleine gelbe Katze
de,cat,yellow,small,dat,,der kleinen gelben Katze
de,cat,yellow,small,plural,0,zwei kleine gelbe Katzen
de,cat,yellow,small,plural,1,drei kleine gelbe Katzen
de,cat,yellow,small,plural,2,vier kleine gelbe Katzen
de,cat,yellow,small,plural,3,fünf kleine gelbe Katzen
de,cat,yellow,small,plural,4,sechs kleine gelbe Katzen
de,cat,yellow,small,plural,5,sieben kleine gelbe Katzen
de,cat,yellow,small,plural,6,acht kleine gelbe Katzen
de,cat,yellow,large,nom,,die große gelbe Katze
de,cat,yellow,large,acc,,die große gelbe Katze
de,cat,yellow,large,dat,,der großen gelben Katze
de,cat,yellow,large,plural,0,zwei große gelbe Katzen
de,cat,yellow,large,plural,1,drei große gelbe Katzen
de,cat,yellow,large,plural,2,vier große gelbe Katzen
de,cat,yellow,large,plural,3,fünf große gelbe Katzen
de,cat,yellow,large,plural,4,sechs große gelbe Katzen
de,cat,yellow,large,plural,5,sieben große gelbe Katzen
de,cat,yellow,large,plural,6,acht große gelbe Katzen
de,cat,yellow,young,nom,,die junge gelbe Katze
de,cat,yellow,young,acc,,die junge gelbe Katze
de,cat,yellow,young,dat,,der jungen gelben Katze
de,cat,yellow,young,plural,0,zwei junge gelbe Katzen
de,cat,yellow,young,plural,1,drei junge gelbe Katzen
de,cat,yellow,young,plural,2,vier junge gelbe Katzen
de,cat,yellow,young,plural,3,fünf junge gelbe Katzen
de,cat,yellow,young,plural,4,sechs junge gelbe Katzen
de,cat,yellow,young,plural,5,sieben junge gelbe Katzen
de,cat,yellow,young,plural,6,acht junge gelbe Katzen
de,cat,yellow,old,nom,,die alte gelbe Katze
de,cat,yellow,old,acc,,die alte gelbe Katze
de,cat,yellow,old,dat,,der alten gelben Katze
de,cat,yellow,old,plural,0,zwei alte gelbe Katzen
de,cat,yellow,old,plural,1,drei alte gelbe Katzen
de,cat,yellow,old,plural,2,vier alte gelbe Katzen
de,cat,yellow,old,plural,3,fünf alte gelbe Katzen
de,cat,yellow,old,plural,4,sechs alte gelbe Katzen
de,cat,yellow,old,plural,5,sieben alte gelbe Katzen
de,cat,yellow,old,plural,6,acht alte gelbe Katzen
de,cat,black,small,nom,,die kleine schwarze Katze
de,cat,black,small,acc,,die kleine schwarze Katze
de,cat,black,small,dat,,der kleinen schwarzen Katze
de,cat,black,small,plural,0,zwei kleine schwarze Katzen
de,cat,black,small,plural,1,drei kleine schwarze Katzen
de,cat,black,small,plural,2,vier kleine schwarze Katzen
de,cat,black,small,plural,3,fünf kleine schwarze Katzen
de,cat,black,small,plural,4,sechs kleine schwarze Katzen
de,cat,black,small,plural,5,sieben kleine schwarze Katzen
de,cat,black,small,plural,6,acht kleine schwarze Katzen
de,cat,black,large,nom,,die große schwarze Katze
de,cat,black,large,acc,,die große schwarze Katze
de,cat,black,large,dat,,der großen schwarzen Katze
de,cat,black,large,plural,0,zwei große schwarze Katzen
de,cat,black,large,plural,1,drei große schwarze Katzen
de,cat,black,large,plural,2,vier große schwarze Katzen
de,cat,black,large,plural,3,fünf große schwarze Katzen
de,cat,black,large,plural,4,sechs große schwarze Katzen
de,cat,black,large,plural,5,sieben große schwarze Katzen
de,cat,black,large,plural,6,acht große schwarze Katzen
de,cat,black,young,nom,,die junge schwarze Katze
de,cat,black,young,acc,,die junge schwarze Katze
de,cat,black,young,dat,,der jungen schwarzen Katze
de,cat,black,young,plural,0,zwei junge schwarze Katzen
de,cat,black,young,plural,1,drei junge schwarze Katzen
de,cat,black,young,plural,2,vier junge schwarze Katzen
de,cat,black,young,plural,3,fünf junge schwarze Katzen
de,cat,black,young,plural,4,sechs junge schwarze Katzen
de,cat,black,young,plural,5,sieben junge schwarze Katzen
de,cat,black,young,plural,6,acht junge schwarze Katzen
de,cat,black,old,nom,,die alte schwarze Katze
de,cat,black,old,acc,,die alte schwarze Katze
de,cat,black,old,dat,,der alten schwarzen Katze
de,cat,black,old,plural,0,zwei alte schwarze Katzen
de,cat,black,old,plural,1,drei alte schwarze Katzen
de,cat,black,old,plural,2,vier alte schwarze Katzen
de,cat,black,old,plural,3,fünf alte schwarze Katzen
de,cat,black,old,plural,4,sechs alte schwarze Katzen
de,cat,black,old,plural,5,sieben alte schwarze Katzen
de,cat,black,old,plural,6,acht alte schwarze Katzen
de,cat,white,small,nom,,die kleine weiße Katze
de,cat,white,small,acc,,die kleine weiße Katze
de,cat,white,small,dat,,der kleinen weißen Katze
de,cat,white,small,plural,0,zwei kleine weiße Katzen
de,cat,white,small,plural,1,drei kleine weiße Katzen
de,cat,white,small,plural,2,vier kleine weiße Katzen
de,cat,white,small,plural,3,fünf kleine weiße Katzen
de,cat,white,small,plural,4,sechs kleine weiße Katzen
de,cat,white,small,plural,5,sieben kleine weiße Katzen
de,cat,white,small,plural,6,acht kleine weiße Katzen
de,cat,white,large,nom,,die große weiße Katze
de,cat,white,large,acc,,die große weiße Katze
de,cat,white,large,dat,,der großen weißen Katze
de,cat,white,large,plural,0,zwei große weiße Katzen
de,cat,white,large,plural,1,drei große weiße Katzen
de,cat,white,large,plural,2,vier große weiße Katzen
de,cat,white,large,plural,3,fünf große weiße Katzen
de,cat,white,large,plural,4,sechs große weiße Katzen
de,cat,white,large,plural,5,sieben große weiße Katzen
de,cat,white,large,plural,6,acht große weiße Katzen
de,cat,white,young,nom,,die junge weiße Katze
de,cat,white,young,acc,,die junge weiße Katze
de,cat,white,young,dat,,der jungen weißen Katze
de,cat,white,young,plural,0,zwei junge weiße Katzen
de,cat,white,young,plural,1,drei junge weiße Katzen
de,cat,white,young,plural,2,vier junge weiße Katzen
de,cat,white,young,plural,3,fünf junge weiße Katzen
de,cat,white,young,plural,4,sechs junge weiße Katzen
de,cat,white,young,plural,5,sieben junge weiße Katzen
de,cat,white,young,plural,6,acht junge weiße Katzen
de,cat,white,old,nom,,die alte weiße Katze
de,cat,white,old,acc,,die alte weiße Katze
de,cat,white,old,dat,,der alten weißen Katze
de,cat,white,old,plural,0,zwei alte weiße Katzen
de,cat,white,old,plural,1,drei alte weiße Katzen
de,cat,white,old,plural,2,vier alte weiße Katzen
de,cat,white,old,plural,3,fünf alte weiße Katzen
de,cat,white,old,plural,4,sechs alte weiße Katzen
de,cat,white,old,plural,5,sieben alte weiße Katzen
de,cat,white,old,plural,6,acht alte weiße Katzen
de,mouse,red,small,nom,,die kleine rote Maus
de,mouse,red,small,acc,,die kleine rote Maus
de,mouse,red,small,dat,,der kleinen roten Maus
de,mouse,red,small,plural,0,zwei kleine rote Mäuse
de,mouse,red,small,plural,1,drei kleine rote Mäuse
de,mouse,red,small,plural,2,vier kleine rote Mäuse
de,mouse,red,small,plural,3,fünf kleine rote Mäuse
de,mouse,red,small,plural,4,sechs kleine rote Mäuse
de,mouse,red,small,plural,5,sieben kleine rote Mäuse
de,mouse,red,small,plural,6,acht kleine rote Mäuse
de,mouse,red,large,nom,,die große rote Maus
de,mouse,red,large,acc,,die große rote Maus
de,mouse,red,large,dat,,der großen roten Maus
de,mouse,red,large,plural,0,zwei große rote Mäuse
de,mouse,red,large,plural,1,drei große rote Mäuse
de,mouse,red,large,plural,2,vier große rote Mäuse
de,mouse,red,large,plural,3,fünf große rote Mäuse
de,mouse,red,large,plural,4,sechs große rote Mäuse
de,mouse,red,large,plural,5,sieben große rote Mäuse
de,mouse,red,large,plural,6,acht große rote Mäuse
de,mouse,red,young,nom,,die junge rote Maus
de,mouse,red,young,acc,,die junge rote Maus
de,mouse,red,young,dat,,der jungen roten Maus
de,mouse,red,young,plural,0,zwei junge rote Mäuse
de,mouse,red,young,plural,1,drei junge rote Mäuse
de,mouse,red,young,plural,2,vier junge rote Mäuse
de,mouse,red,young,plural,3,fünf junge rote Mäuse
de,mouse,red,young,plural,4,sechs junge rote Mäuse
de,mouse,red,young,plural,5,sieben junge rote Mäuse
de,mouse,red,young,plural,6,acht junge rote Mäuse
de,mouse,red,old,nom,,die alte rote Maus
de,mouse,red,old,acc,,die alte rote Maus
de,mouse,red,old,dat,,der alten roten Maus
de,mouse,red,old,plural,0,zwei alte rote Mäuse
de,mouse,red,old,plural,1,drei alte rote Mäuse
de,mouse,red,old,plural,2,vier alte rote Mäuse
de,mouse,red,old,plural,3,fünf alte rote Mäuse
de,mouse,red,old,plural,4,sechs alte rote Mäuse
de,mouse,red,old,plural,5,sieben alte rote Mäuse
de,mouse,red,old,plural,6,acht alte rote Mäuse
de,mouse,blue,small,nom,,die kleine blaue Maus
de,mouse,blue,small,acc,,die kleine blaue Maus
de,mouse,blue,small,dat,,der kleinen blauen Maus
de,mouse,blue,small,plural,0,zwei kleine blaue Mäuse
de,mouse,blue,small,plural,1,drei kleine blaue Mäuse
de,mouse,blue,small,plural,2,vier kleine blaue Mäuse
de,mouse,blue,small,plural,3,fünf kleine blaue Mäuse
de,mouse,blue,small,plural,4,sechs kleine blaue Mäuse
de,mouse,blue,small,plural,5,sieben kleine blaue Mäuse
de,mouse,blue,small,plural,6,acht kleine blaue Mäuse
de,mouse,blue,large,nom,,die große blaue Maus
de,mouse,blue,large,acc,,die große blaue Maus
de,mouse,blue,large,dat,,der großen blauen Maus
de,mouse,blue,large,plural,0,zwei große blaue Mäuse
de,mouse,blue,large,plural,1,drei große blaue Mäuse
de,mouse,blue,large,plural,2,vier große blaue Mäuse
de,mouse,blue,large,plural,3,fünf große blaue Mäuse
de,mouse,blue,large,plural,4,sechs große blaue Mäuse
de,mouse,blue,large,plural,5,sieben große blaue Mäuse
de,mouse,blue,large,plural,6,acht große blaue Mäuse
de,mouse,blue,young,nom,,die junge blaue Maus
de,mouse,blue,young,acc,,die junge blaue Maus
de,mouse,blue,young,dat,,der jungen blauen Maus
de,mouse,blue,young,plural,0,zwei junge blaue Mäuse
de,mouse,blue,young,plural,1,drei junge blaue Mäuse
de,mouse,blue,young,plural,2,vier junge blaue Mäuse
de,mouse,blue,young,plural,3,fünf junge blaue Mäuse
de,mouse,blue,young,plural,4,sechs junge blaue Mäuse
de,mouse,blue,young,plural,5,sieben junge blaue Mäuse
de,mouse,blue,young,plural,6,acht junge blaue Mäuse
de,mouse,blue,old,nom,,die alte blaue Maus
de,mouse,blue,old,acc,,die alte blaue Maus
de,mouse,blue,old,dat,,der alten blauen Maus
de,mouse,blue,old,plural,0,zwei alte blaue Mäuse
de,mouse,blue,old,plural,1,drei alte blaue Mäuse
de,mouse,blue,old,plural,2,vier alte blaue Mäuse
de,mouse,blue,old,plural,3,fünf alte blaue Mäuse
de,mouse,blue,old,plural,4,sechs alte blaue Mäuse
de,mouse,blue,old,plural,5,sieben alte blaue Mäuse
de,mouse,blue,old,plural,6,acht alte blaue Mäuse
de,mouse,green,small,nom,,die kleine grüne Maus
de,mouse,green,small,acc,,die kleine grüne Maus
de,mouse,green,small,dat,,der kleinen grünen Maus
de,mouse,green,small,plural,0,zwei kleine grüne Mäuse
de,mouse,green,small,plural,1,drei kleine grüne Mäuse
de,mouse,green,small,plural,2,vier kleine grüne Mäuse
de,mouse,green,small,plural,3,fünf kleine grüne Mäuse
de,mouse,green,small,plural,4,sechs kleine grüne Mäuse
de,mouse,green,small,plural,5,sieben kleine grüne Mäuse
de,mouse,green,small,plural,6,acht kleine grüne Mäuse
de,mouse,green,large,nom,,die große grüne Maus
de,mouse,green,large,acc,,die große grüne Maus
de,mouse,green,large,dat,,der großen grünen Maus
de,mouse,green,large,plural,0,zwei große grüne Mäuse
de,mouse,green,large,plural,1,drei große grüne Mäuse
de,mouse,green,large,plural,2,vier große grüne Mäuse
de,mouse,green,large,plural,3,fünf große grüne Mäuse
de,mouse,green,large,plural,4,sechs große grüne Mäuse
de,mouse,green,large,plural,5,sieben große grüne Mäuse
de,mouse,green,large,plural,6,acht große grüne Mäuse
de,mouse,green,young,nom,,die junge grüne Maus
de,mouse,green,young,acc,,die junge grüne Maus
de,mouse,green,young,dat,,der jungen grünen Maus
de,mouse,green,young,plural,0,zwei junge grüne Mäuse
de,mouse,green,young,plural,1,drei junge grüne Mäuse
de,mouse,green,young,plural,2,vier junge grüne Mäuse
de,mouse,green,young,plural,3,fünf junge grüne Mäuse
de,mouse,green,young,plural,4,sechs junge grüne Mäuse
de,mouse,green,young,plural,5,sieben junge grüne Mäuse
de,mouse,green,young,plural,6,acht junge grüne Mäuse
de,mouse,green,old,nom,,die alte grüne Maus
de,mouse,green,old,acc,,die alte grüne Maus
de,mouse,green,old,dat,,der alten grünen Maus
de,mouse,green,old,plural,0,zwei alte grüne Mäuse
de,mouse,green,old,plural,1,drei alte grüne Mäuse
de,mouse,green,old,plural,2,vier alte grüne Mäuse
de,mouse,green,old,plural,3,fünf alte grüne Mäuse
de,mouse,green,old,plural,4,sechs alte grüne Mäuse
de,mouse,green,old,plural,5,sieben alte grüne Mäuse
de,mouse,green,old,plural,6,acht alte grüne Mäuse
de,mouse,yellow,small,nom,,die kleine gelbe Maus
de,mouse,yellow,small,acc,,die kleine gelbe Maus
de,mouse,yellow,small,dat,,der kleinen gelben Maus
de,mouse,yellow,small,plural,0,zwei kleine gelbe Mäuse
de,mouse,yellow,small,plural,1,drei kleine gelbe Mäuse
de,mouse,yellow,small,plural,2,vier kleine gelbe Mäuse
de,mouse,yellow,small,plural,3,fünf kleine gelbe Mäuse
de,mouse,yellow,small,plural,4,sechs kleine gelbe Mäuse
de,mouse,yellow,small,plural,5,sieben kleine gelbe Mäuse
de,mouse,yellow,small,plural,6,acht kleine gelbe Mäuse
de,mouse,yellow,large,nom,,die große gelbe Maus
de,mouse,yellow,large,acc,,die große gelbe Maus
de,mouse,yellow,large,dat,,der großen gelben Maus
de,mouse,yellow,large,plural,0,zwei große gelbe Mäuse
de,mouse,yellow,large,plural,1,drei große gelbe Mäuse
de,mouse,yellow,large,plural,2,vier große gelbe Mäuse
de,mouse,yellow,large,plural,3,fünf große gelbe Mäuse
de,mouse,yellow,large,plural,4,sechs große gelbe Mäuse
de,mouse,yellow,large,plural,5,sieben große gelbe Mäuse
de,mouse,yellow,large,plural,6,acht große gelbe Mäuse
de,mouse,yellow,young,nom,,die junge gelbe Maus
de,mouse,yellow,young,acc,,die junge gelbe Maus
de,mouse,yellow,young,dat,,der jungen gelben Maus
de,mouse,yellow,young,plural,0,zwei junge gelbe Mäuse
de,mouse,yellow,young,plural,1,drei junge gelbe Mäuse
de,mouse,yellow,young,plural,2,vier junge gelbe Mäuse
de,mouse,yellow,young,plural,3,fünf junge gelbe Mäuse
de,mouse,yellow,young,plural,4,sechs junge gelbe Mäuse
de,mouse,yellow,young,plural,5,sieben junge gelbe Mäuse
de,mouse,yellow,young,plural,6,acht junge gelbe Mäuse
de,mouse,yellow,old,nom,,die alte gelbe Maus
de,mouse,yellow,old,acc,,die alte gelbe Maus
de,mouse,yellow,old,dat,,der alten gelben Maus
de,mouse,yellow,old,plural,0,zwei alte gelbe Mäuse
de,mouse,yellow,old,plural,1,drei alte gelbe Mäuse
de,mouse,yellow,old,plural,2,vier alte gelbe Mäuse
de,mouse,yellow,old,plural,3,fünf alte gelbe Mäuse
de,mouse,yellow,old,plural,4,sechs alte gelbe Mäuse
de,mouse,yellow,old,plural,5,sieben alte gelbe Mäuse
de,mouse,yellow,old,plural,6,acht alte gelbe Mäuse
de,mouse,black,small,nom,,die kleine schwarze Maus
de,mouse,black,small,acc,,die kleine schwarze Maus
de,mouse,black,small,dat,,der kleinen schwarzen Maus
de,mouse,black,small,plural,0,zwei kleine schwarze Mäuse
de,mouse,black,small,plural,1,drei kleine schwarze Mäuse
de,mouse,black,small,plural,2,vier kleine schwarze Mäuse
de,mouse,black,small,plural,3,fünf kleine schwarze Mäuse
de,mouse,black,small,plural,4,sechs kleine schwarze Mäuse
de,mouse,black,small,plural,5,sieben kleine schwarze Mäuse
de,mouse,black,small,plural,6,acht kleine schwarze Mäuse
de,mouse,black,large,nom,,die große schwarze Maus
de,mouse,black,large,acc,,die große schwarze Maus
de,mouse,black,large,dat,,der großen schwarzen Maus
de,mouse,black,large,plural,0,zwei große schwarze Mäuse
de,mouse,black,large,plural,1,drei große schwarze Mäuse
de,mouse,black,large,plural,2,vier große schwarze Mäuse
de,mouse,black,large,plural,3,fünf große schwarze Mäuse
de,mouse,black,large,plural,4,sechs große schwarze Mäuse
de,mouse,black,large,plural,5,sieben große schwarze Mäuse
de,mouse,black,large,plural,6,acht große schwarze Mäuse
de,mouse,black,young,nom,,die junge schwarze Maus
de,mouse,black,young,acc,,die junge schwarze Maus
de,mouse,black,young,dat,,der jungen schwarzen Maus
de,mouse,black,young,plural,0,zwei junge schwarze Mäuse
de,mouse,black,young,plural,1,drei junge schwarze Mäuse
de,mouse,black,young,plural,2,vier junge schwarze Mäuse
de,mouse,black,young,plural,3,fünf junge schwarze Mäuse
de,mouse,black,young,plural,4,sechs junge schwarze Mäuse
de,mouse,black,young,plural,5,sieben junge schwarze Mäuse
de,mouse,black,young,plural,6,acht junge schwarze Mäuse
de,mouse,black,old,nom,,die alte schwarze Maus
de,mouse,black,old,acc,,die alte schwarze Maus
de,mouse,black,old,dat,,der alten schwarzen Maus
de,mouse,black,old,plural,0,zwei alte schwarze Mäuse
de,mouse,black,old,plural,1,drei alte schwarze Mäuse
de,mouse,black,old,plural,2,vier alte schwarze Mäuse
de,mouse,black,old,plural,3,fünf alte schwarze Mäuse
de,mouse,black,old,plural,4,sechs alte schwarze Mäuse
de,mouse,black,old,plural,5,sieben alte schwarze Mäuse
de,mouse,black,old,plural,6,acht alte schwarze Mäuse
de,mouse,white,small,nom,,die kleine weiße Maus
de,mouse,white,small,acc,,die kleine weiße Maus
de,mouse,white,small,dat,,der kleinen weißen Maus
de,mouse,white,small,plural,0,zwei kleine weiße Mäuse
de,mouse,white,small,plural,1,drei kleine weiße Mäuse
de,mouse,white,small,plural,2,vier kleine weiße Mäuse
de,mouse,white,small,plural,3,fünf kleine weiße Mäuse
de,mouse,white,small,plural,4,sechs kleine weiße Mäuse
de,mouse,white,small,plural,5,sieben kleine weiße Mäuse
de,mouse,white,small,plural,6,acht kleine weiße Mäuse
de,mouse,white,large,nom,,die große weiße Maus
de,mouse,white,large,acc,,die große weiße Maus
de,mouse,white,large,dat,,der großen weißen Maus
de,mouse,white,large,plural,0,zwei große weiße Mäuse
de,mouse,white,large,plural,1,drei große weiße Mäuse
de,mouse,white,large,plural,2,vier große weiße Mäuse
de,mouse,white,large,plural,3,fünf große weiße Mäuse
de,mouse,white,large,plural,4,sechs große weiße Mäuse
de,mouse,white,large,plural,5,sieben große weiße Mäuse
de,mouse,white,large,plural,6,acht große weiße Mäuse
de,mouse,white,young,nom,,die junge weiße Maus
de,mouse,white,young,acc,,die junge weiße Maus
de,mouse,white,young,dat,,der jungen weißen Maus
de,mouse,white,young,plural,0,zwei junge weiße Mäuse
de,mouse,white,young,plural,1,drei junge weiße Mäuse
de,mouse,white,young,plural,2,vier junge weiße Mäuse
de,mouse,white,young,plural,3,fünf junge weiße Mäuse
de,mouse,white,young,plural,4,sechs junge weiße Mäuse
de,mouse,white,young,plural,5,sieben junge weiße Mäuse
de,mouse,white,young,plural,6,acht junge weiße Mäuse
de,mouse,white,old,nom,,die alte weiße Maus
de,mouse,white,old,acc,,die alte weiße Maus
de,mouse,white,old,dat,,der alten weißen Maus
de,mouse,white,old,plural,0,zwei alte weiße Mäuse
de,mouse,white,old,plural,1,drei alte weiße Mäuse
de,mouse,white,old,plural,2,vier alte weiße Mäuse
de,mouse,white,old,plural,3,fünf alte weiße Mäuse
de,mouse,white,old,plural,4,sechs alte weiße Mäuse
de,mouse,white,old,plural,5,sieben alte weiße Mäuse
de,mouse,white,old,plural,6,acht alte weiße Mäuse
de,cow,red,small,nom,,die kleine rote Kuh
de,cow,red,small,acc,,die kleine rote Kuh
de,cow,red,small,dat,,der kleinen roten Kuh
de,cow,red,small,plural,0,zwei kleine rote Kühe
de,cow,red,small,plural,1,drei kleine rote Kühe
de,cow,red,small,plural,2,vier kleine rote Kühe
de,cow,red,small,plural,3,fünf kleine rote Kühe
de,cow,red,small,plural,4,sechs kleine rote Kühe
de,cow,red,small,plural,5,sieben kleine rote Kühe
de,cow,red,small,plural,6,acht kleine rote Kühe
de,cow,red,large,nom,,die große rote Kuh
de,cow,red,large,acc,,die große rote Kuh
de,cow,red,large,dat,,der großen roten Kuh
de,cow,red,large,plural,0,zwei große rote Kühe
de,cow,red,large,plural,1,drei große rote Kühe
de,cow,red,large,plural,2,vier große rote Kühe
de,cow,red,large,plural,3,fünf große rote Kühe
de,cow,red,large,plural,4,sechs große rote Kühe
de,cow,red,large,plural,5,sieben große rote Kühe
de,cow,red,large,plural,6,acht große rote Kühe
de,cow,red,young,nom,,die junge rote Kuh
de,cow,red,young,acc,,die junge rote Kuh
de,cow,red,young,dat,,der jungen roten Kuh
de,cow,red,young,plural,0,zwei junge rote Kühe
de,cow,red,young,plural,1,drei junge rote Kühe
de,cow,red,young,plural,2,vier junge rote Kühe
de,cow,red,young,plural,3,fünf junge rote Kühe
de,cow,red,young,plural,4,sechs junge rote Kühe
de,cow,red,young,plural,5,sieben junge rote Kühe
de,cow,red,young,plural,6,acht junge rote Kühe
de,cow,red,old,nom,,die alte rote Kuh
de,cow,red,old,acc,,die alte rote Kuh
de,cow,red,old,dat,,der alten roten Kuh
de,cow,red,old,plural,0,zwei alte rote Kühe
de,cow,red,old,plural,1,drei alte rote Kühe
de,cow,red,old,plural,2,vier alte rote Kühe
de,cow,red,old,plural,3,fünf alte rote Kühe
de,cow,red,old,plural,4,sechs alte rote Kühe
de,cow,red,old,plural,5,sieben alte rote Kühe
de,cow,red,old,plural,6,acht alte rote Kühe
de,cow,blue,small,nom,,die kleine blaue Kuh
de,cow,blue,small,acc,,die kleine blaue Kuh
de,cow,blue,small,dat,,der kleinen blauen Kuh
de,cow,blue,small,plural,0,zwei kleine blaue Kühe
de,cow,blue,small,plural,1,drei kleine blaue Kühe
de,cow,blue,small,plural,2,vier kleine blaue Kühe
de,cow,blue,small,plural,3,fünf kleine blaue Kühe
de,cow,blue,small,plural,4,sechs kleine blaue Kühe
de,cow,blue,small,plural,5,sieben kleine blaue Kühe
de,cow,blue,small,plural,6,acht kleine blaue Kühe
de,cow,blue,large,nom,,die große blaue Kuh
de,cow,blue,large,acc,,die große blaue Kuh
de,cow,blue,large,dat,,der großen blauen Kuh
de,cow,blue,large,plural,0,zwei große blaue Kühe
de,cow,blue,large,plural,1,drei große blaue Kühe
de,cow,blue,large,plural,2,vier große blaue Kühe
de,cow,blue,large,plural,3,fünf große blaue Kühe
de,cow,blue,large,plural,4,sechs große blaue Kühe
de,cow,blue,large,plural,5,sieben große blaue Kühe
de,cow,blue,large,plural,6,acht große blaue Kühe
de,cow,blue,young,nom,,die junge blaue Kuh
de,cow,blue,young,acc,,die junge blaue Kuh
de,cow,blue,young,dat,,der jungen blauen Kuh
de,cow,blue,young,plural,0,zwei junge blaue Kühe
de,cow,blue,young,plural,1,drei junge blaue Kühe
de,cow,blue,young,plural,2,vier junge blaue Kühe
de,cow,blue,young,plural,3,fünf junge blaue Kühe
de,cow,blue,young,plural,4,sechs junge blaue Kühe
de,cow,blue,young,plural,5,sieben junge blaue Kühe
de,cow,blue,young,plural,6,acht junge blaue Kühe
de,cow,blue,old,nom,,die alte blaue Kuh
de,cow,blue,old,acc,,die alte blaue Kuh
de,cow,blue,old,dat,,der alten blauen Kuh
de,cow,blue,old,plural,0,zwei alte blaue Kühe
de,cow,blue,old,plural,1,drei alte blaue Kühe
de,cow,blue,old,plural,2,vier alte blaue Kühe
de,cow,blue,old,plural,3,fünf alte blaue Kühe
de,cow,blue,old,plural,4,sechs alte blaue Kühe
de,cow,blue,old,plural,5,sieben alte blaue Kühe
de,cow,blue,old,plural,6,acht alte blaue Kühe
de,cow,green,small,nom,,die kleine grüne Kuh
de,cow,green,small,acc,,die kleine grüne Kuh
de,cow,green,small,dat,,der kleinen grünen Kuh
de,cow,green,small,plural,0,zwei kleine grüne Kühe
de,cow,green,small,plural,1,drei kleine grüne Kühe
de,cow,green,small,plural,2,vier kleine grüne Kühe
de,cow,green,small,plural,3,fünf kleine grüne Kühe
de,cow,green,small,plural,4,sechs kleine grüne Kühe
de,cow,green,small,plural,5,sieben kleine grüne Kühe
de,cow,green,small,plural,6,acht kleine grüne Kühe
de,cow,green,large,nom,,die große grüne Kuh
de,cow,green,large,acc,,die große grüne Kuh
de,cow,green,large,dat,,der großen grünen Kuh
de,cow,green,large,plural,0,zwei große grüne Kühe
de,cow,green,large,plural,1,drei große grüne Kühe
de,cow,green,large,plural,2,vier große grüne Kühe
de,cow,green,large,plural,3,fünf große grüne Kühe
de,cow,green,large,plural,4,sechs große grüne Kühe
de,cow,green,large,plural,5,sieben große grüne Kühe
de,cow,green,large,plural,6,acht große grüne Kühe
de,cow,green,young,nom,,die junge grüne Kuh
de,cow,green,young,acc,,die junge grüne Kuh
de,cow,green,young,dat,,der jungen grünen Kuh
de,cow,green,young,plural,0,zwei junge grüne Kühe
de,cow,green,young,plural,1,drei junge grüne Kühe
de,cow,green,young,plural,2,vier junge grüne Kühe
de,cow,green,young,plural,3,fünf junge grüne Kühe
de,cow,green,young,plural,4,sechs junge grüne Kühe
de,cow,green,young,plural,5,sieben junge grüne Kühe
de,cow,green,young,plural,6,acht junge grüne Kühe
de,cow,green,old,nom,,die alte grüne Kuh
de,cow,green,old,acc,,die alte grüne Kuh
de,cow,green,old,dat,,der alten grünen Kuh
de,cow,green,old,plural,0,zwei alte grüne Kühe
de,cow,green,old,plural,1,drei alte grüne Kühe
de,cow,green,old,plural,2,vier alte grüne Kühe
de,cow,green,old,plural,3,fünf alte grüne Kühe
de,cow,green,old,plural,4,sechs alte grüne Kühe
de,cow,green,old,plural,5,sieben alte grüne Kühe
de,cow,green,old,plural,6,acht alte grüne Kühe
de,cow,yellow,small,nom,,die kleine gelbe Kuh
de,cow,yellow,small,acc,,die kleine gelbe Kuh
de,cow,yellow,small,dat,,der kleinen gelben Kuh
de,cow,yellow,small,plural,0,zwei kleine gelbe Kühe
de,cow,yellow,small,plural,1,drei kleine gelbe Kühe
de,cow,yellow,small,plural,2,vier kleine gelbe Kühe
de,cow,yellow,small,plural,3,fünf kleine gelbe Kühe
de,cow,yellow,small,plural,4,sechs kleine gelbe Kühe
de,cow,yellow,small,plural,5,sieben kleine gelbe Kühe
de,cow,yellow,small,plural,6,acht kleine gelbe Kühe
de,cow,yellow,large,nom,,die große gelbe Kuh
de,cow,yellow,large,acc,,die große gelbe Kuh
de,cow,yellow,large,dat,,der großen gelben Kuh
de,cow,yellow,large,plural,0,zwei große gelbe Kühe
de,cow,yellow,large,plural,1,drei große gelbe Kühe
de,cow,yellow,large,plural,2,vier große gelbe Kühe
de,cow,yellow,large,plural,3,fünf große gelbe Kühe
de,cow,yellow,large,plural,4,sechs große gelbe Kühe
de,cow,yellow,large,plural,5,sieben große gelbe Kühe
de,cow,yellow,large,plural,6,acht große gelbe Kühe
de,cow,yellow,young,nom,,die junge gelbe Kuh
de,cow,yellow,young,acc,,die junge gelbe Kuh
de,cow,yellow,young,dat,,der jungen gelben Kuh
de,cow,yellow,young,plural,0,zwei junge gelbe Kühe
de,cow,yellow,young,plural,1,drei junge gelbe Kühe
de,cow,yellow,young,plural,2,vier junge gelbe Kühe
de,cow,yellow,young,plural,3,fünf junge gelbe Kühe
de,cow,yellow,young,plural,4,sechs junge gelbe Kühe
de,cow,yellow,young,plural,5,sieben junge gelbe Kühe
de,cow,yellow,young,plural,6,acht junge gelbe Kühe
de,cow,yellow,old,nom,,die alte gelbe Kuh
de,cow,yellow,old,acc,,die alte gelbe Kuh
de,cow,yellow,old,dat,,der alten gelben Kuh
de,cow,yellow,old,plural,0,zwei alte gelbe Kühe
de,cow,yellow,old,plural,1,drei alte gelbe Kühe
de,cow,yellow,old,plural,2,vier alte gelbe Kühe
de,cow,yellow,old,plural,3,fünf alte gelbe Kühe
de,cow,yellow,old,plural,4,sechs alte gelbe Kühe
de,cow,yellow,old,plural,5,sieben alte gelbe Kühe
de,cow,yellow,old,plural,6,acht alte gelbe Kühe
de,cow,black,small,nom,,die kleine schwarze Kuh
de,cow,black,small,acc,,die kleine schwarze Kuh
de,cow,black,small,dat,,der kleinen schwarzen Kuh
de,cow,black,small,plural,0,zwei kleine schwarze Kühe
de,cow,black,small,plural,1,drei kleine schwarze Kühe
de,cow,black,small,plural,2,vier kleine schwarze Kühe
de,cow,black,small,plural,3,fünf kleine schwarze Kühe
de,cow,black,small,plural,4,sechs kleine schwarze Kühe
de,cow,black,small,plural,5,sieben kleine schwarze Kühe
de,cow,black,small,plural,6,acht kleine schwarze Kühe
de,cow,black,large,nom,,die große schwarze Kuh
de,cow,black,large,acc,,die große schwarze Kuh
de,cow,black,large,dat,,der großen schwarzen Kuh
de,cow,black,large,plural,0,zwei große schwarze Kühe
de,cow,black,large,plural,1,drei große schwarze Kühe
de,cow,black,large,plural,2,vier große schwarze Kühe
de,cow,black,large,plural,3,fünf große schwarze Kühe
de,cow,black,large,plural,4,sechs große schwarze Kühe
de,cow,black,large,plural,5,sieben große schwarze Kühe
de,cow,black,large,plural,6,acht große schwarze Kühe
de,cow,black,young,nom,,die junge schwarze Kuh
de,cow,black,young,acc,,die junge schwarze Kuh
de,cow,black,young,dat,,der jungen schwarzen Kuh
de,cow,black,young,plural,0,zwei junge schwarze Kühe
de,cow,black,young,plural,1,drei junge schwarze Kühe
de,cow,black,young,plural,2,vier junge schwarze Kühe
de,cow,black,young,plural,3,fünf junge schwarze Kühe
de,cow,black,young,plural,4,sechs junge schwarze Kühe
de,cow,black,young,plural,5,sieben junge schwarze Kühe
de,cow,black,young,plural,6,acht junge schwarze Kühe
de,cow,black,old,nom,,die alte schwarze Kuh
de,cow,black,old,acc,,die alte schwarze Kuh
de,cow,black,old,dat,,der alten schwarzen Kuh
de,cow,black,old,plural,0,zwei alte schwarze Kühe
de,cow,black,old,plural,1,drei alte schwarze Kühe
de,cow,black,old,plural,2,vier alte schwarze Kühe
de,cow,black,old,plural,3,fünf alte schwarze Kühe
de,cow,black,old,plural,4,sechs alte schwarze Kühe
de,cow,black,old,plural,5,sieben alte schwarze Kühe
de,cow,black,old,plural,6,acht alte schwarze Kühe
de,cow,white,small,nom,,die kleine weiße Kuh
de,cow,white,small,acc,,die kleine weiße Kuh
de,cow,white,small,dat,,der kleinen weißen Kuh
de,cow,white,small,plural,0,zwei kleine weiße Kühe
de,cow,white,small,plural,1,drei kleine weiße Kühe
de,cow,white,small,plural,2,vier kleine weiße Kühe
de,cow,white,small,plural,3,fünf kleine weiße Kühe
de,cow,white,small,plural,4,sechs kleine weiße Kühe
de,cow,white,small,plural,5,sieben kleine weiße Kühe
de,cow,white,small,plural,6,acht kleine weiße Kühe
de,cow,white,large,nom,,die große weiße Kuh
de,cow,white,large,acc,,die große weiße Kuh
de,cow,white,large,dat,,der großen weißen Kuh
de,cow,white,large,plural,0,zwei große weiße Kühe
de,cow,white,large,plural,1,drei große weiße Kühe
de,cow,white,large,plural,2,vier große weiße Kühe
de,cow,white,large,plural,3,fünf große weiße Kühe
de,cow,white,large,plural,4,sechs große weiße Kühe
de,cow,white,large,plural,5,sieben große weiße Kühe
de,cow,white,large,plural,6,acht große weiße Kühe
de,cow,white,young,nom,,die junge weiße Kuh
de,cow,white,young,acc,,die junge weiße Kuh
de,cow,white,young,dat,,der jungen weißen Kuh
de,cow,white,young,plural,0,zwei junge weiße Kühe
de,cow,white,young,plural,1,drei junge weiße Kühe
de,cow,white,young,plural,2,vier junge weiße Kühe
de,cow,white,young,plural,3,fünf junge weiße Kühe
de,cow,white,young,plural,4,sechs junge weiße Kühe
de,cow,white,young,plural,5,sieben junge weiße Kühe
de,cow,white,young,plural,6,acht junge weiße Kühe
de,cow,white,old,nom,,die alte weiße Kuh
de,cow,white,old,acc,,die alte weiße Kuh
de,cow,white,old,dat,,der alten weißen Kuh
de,cow,white,old,plural,0,zwei alte weiße Kühe
de,cow,white,old,plural,1,drei alte weiße Kühe
de,cow,white,old,plural,2,vier alte weiße Kühe
de,cow,white,old,plural,3,fünf alte weiße Kühe
de,cow,white,old,plural,4,sechs alte weiße Kühe
de,cow,white,old,plural,5,sieben alte weiße Kühe
de,cow,white,old,plural,6,acht alte weiße Kühe
de,duck,red,small,nom,,die kleine rote Ente
de,duck,red,small,acc,,die kleine rote Ente
de,duck,red,small,dat,,der kleinen roten Ente
de,duck,red,small,plural,0,zwei kleine rote Enten
de,duck,red,small,plural,1,drei kleine rote Enten
de,duck,red,small,plural,2,vier kleine rote Enten
de,duck,red,small,plural,3,fünf kleine rote Enten
de,duck,red,small,plural,4,sechs kleine rote Enten
de,duck,red,small,plural,5,sieben kleine rote Enten
de,duck,red,small,plural,6,acht kleine rote Enten
de,duck,red,large,nom,,die große rote Ente
de,duck,red,large,acc,,die große rote Ente
de,duck,red,large,dat,,der großen roten Ente
de,duck,red,large,plural,0,zwei große rote Enten
de,duck,red,large,plural,1,drei große rote Enten
de,duck,red,large,plural,2,vier große rote Enten
de,duck,red,large,plural,3,fünf große rote Enten
de,duck,red,large,plural,4,sechs große rote Enten
de,duck,red,large,plural,5,sieben große rote Enten
de,duck,red,large,plural,6,acht große rote Enten
de,duck,red,young,nom,,die junge rote Ente
de,duck,red,young,acc,,die junge rote Ente
de,duck,red,young,dat,,der jungen roten Ente
de,duck,red,young,plural,0,zwei junge rote Enten
de,duck,red,young,plural,1,drei junge rote Enten
de,duck,red,young,plural,2,vier junge rote Enten
de,duck,red,young,plural,3,fünf junge rote Enten
de,duck,red,young,plural,4,sechs junge rote Enten
de,duck,red,young,plural,5,sieben junge rote Enten
de,duck,red,young,plural,6,acht junge rote Enten
de,duck,red,old,nom,,die alte rote Ente
de,duck,red,old,acc,,die alte rote Ente
de,duck,red,old,dat,,der alten roten Ente
de,duck,red,old,plural,0,zwei alte rote Enten
de,duck,red,old,plural,1,drei alte rote Enten
de,duck,red,old,plural,2,vier alte rote Enten
de,duck,red,old,plural,3,fünf alte rote Enten
de,duck,red,old,plural,4,sechs alte rote Enten
de,duck,red,old,plural,5,sieben alte rote Enten
de,duck,red,old,plural,6,acht alte rote Enten
de,duck,blue,small,nom,,die kleine blaue Ente
de,duck,blue,small,acc,,die kleine blaue Ente
de,duck,blue,small,dat,,der kleinen blauen Ente
de,duck,blue,small,plural,0,zwei kleine blaue Enten
de,duck,blue,small,plural,1,drei kleine blaue Enten
de,duck,blue,small,plural,2,vier kleine blaue Enten
de,duck,blue,small,plural,3,fünf kleine blaue Enten
de,duck,blue,small,plural,4,sechs kleine blaue Enten
de,duck,blue,small,plural,5,sieben kleine blaue Enten
de,duck,blue,small,plural,6,acht kleine blaue Enten
de,duck,blue,large,nom,,die große blaue Ente
de,duck,blue,large,acc,,die große blaue Ente
de,duck,blue,large,dat,,der großen blauen Ente
de,duck,blue,large,plural,0,zwei große blaue Enten
de,duck,blue,large,plural,1,drei große blaue Enten
de,duck,blue,large,plural,2,vier große blaue Enten
de,duck,blue,large,plural,3,fünf große blaue Enten
de,duck,blue,large,plural,4,sechs große blaue Enten
de,duck,blue,large,plural,5,sieben große blaue Enten
de,duck,blue,large,plural,6,acht große blaue Enten
de,duck,blue,young,nom,,die junge blaue Ente
de,duck,blue,young,acc,,die junge blaue Ente
de,duck,blue,young,dat,,der jungen blauen Ente
de,duck,blue,young,plural,0,zwei junge blaue Enten
de,duck,blue,young,plural,1,drei junge blaue Enten
de,duck,blue,young,plural,2,vier junge blaue Enten
de,duck,blue,young,plural,3,fünf junge blaue Enten
de,duck,blue,young,plural,4,sechs junge blaue Enten
de,duck,blue,young,plural,5,sieben junge blaue Enten
de,duck,blue,young,plural,6,acht junge blaue Enten
de,duck,blue,old,nom,,die alte blaue Ente
de,duck,blue,old,acc,,die alte blaue Ente
de,duck,blue,old,dat,,der alten blauen Ente
de,duck,blue,old,plural,0,zwei alte blaue Enten
de,duck,blue,old,plural,1,drei alte blaue Enten
de,duck,blue,old,plural,2,vier alte blaue Enten
de,duck,blue,old,plural,3,fünf alte blaue Enten
de,duck,blue,old,plural,4,sechs alte blaue Enten
de,duck,blue,old,plural,5,sieben alte blaue Enten
de,duck,blue,old,plural,6,acht alte blaue Enten
de,duck,green,small,nom,,die kleine grüne Ente
de,duck,green,small,acc,,die kleine grüne Ente
de,duck,green,small,dat,,der kleinen grünen Ente
de,duck,green,small,plural,0,zwei kleine grüne Enten
de,duck,green,small,plural,1,drei kleine grüne Enten
de,duck,green,small,plural,2,vier kleine grüne Enten
de,duck,green,small,plural,3,fünf kleine grüne Enten
de,duck,green,small,plural,4,sechs kleine grüne Enten
de,duck,green,small,plural,5,sieben kleine grüne Enten
de,duck,green,small,plural,6,acht kleine grüne Enten
de,duck,green,large,nom,,die große grüne Ente
de,duck,green,large,acc,,die große grüne Ente
de,duck,green,large,dat,,der großen grünen Ente
de,duck,green,large,plural,0,zwei große grüne Enten
de,duck,green,large,plural,1,drei große grüne Enten
de,duck,green,large,plural,2,vier große grüne Enten
de,duck,green,large,plural,3,fünf große grüne Enten
de,duck,green,large,plural,4,sechs große grüne Enten
de,duck,green,large,plural,5,sieben große grüne Enten
de,duck,green,large,plural,6,acht große grüne Enten
de,duck,green,young,nom,,die junge grüne Ente
de,duck,green,young,acc,,die junge grüne Ente
de,duck,green,young,dat,,der jungen grünen Ente
de,duck,green,young,plural,0,zwei junge grüne Enten
de,duck,green,young,plural,1,drei junge grüne Enten
de,duck,green,young,plural,2,vier junge grüne Enten
de,duck,green,young,plural,3,fünf junge grüne Enten
de,duck,green,young,plural,4,sechs junge grüne Enten
de,duck,green,young,plural,5,sieben junge grüne Enten
de,duck,green,young,plural,6,acht junge grüne Enten
de,duck,green,old,nom,,die alte grüne Ente
de,duck,green,old,acc,,die alte grüne Ente
de,duck,green,old,dat,,der alten grünen Ente
de,duck,green,old,plural,0,zwei alte grüne Enten
de,duck,green,old,plural,1,drei alte grüne Enten
de,duck,green,old,plural,2,vier alte grüne Enten
de,duck,green,old,plural,3,fünf alte grüne Enten
de,duck,green,old,plural,4,sechs alte grüne Enten
de,duck,green,old,plural,5,sieben alte grüne Enten
de,duck,green,old,plural,6,acht alte grüne Enten
de,duck,yellow,small,nom,,die kleine gelbe Ente
de,duck,yellow,small,acc,,die kleine gelbe Ente
de,duck,yellow,small,dat,,der kleinen gelben Ente
de,duck,yellow,small,plural,0,zwei kleine gelbe Enten
de,duck,yellow,small,plural,1,drei kleine gelbe Enten
de,duck,yellow,small,plural,2,vier kleine gelbe Enten
de,duck,yellow,small,plural,3,fünf kleine gelbe Enten
de,duck,yellow,small,plural,4,sechs kleine gelbe Enten
de,duck,yellow,small,plural,5,sieben kleine gelbe Enten
de,duck,yellow,small,plural,6,acht kleine gelbe Enten
de,duck,yellow,large,nom,,die große gelbe Ente
de,duck,yellow,large,acc,,die große gelbe Ente
de,duck,yellow,large,dat,,der großen gelben Ente
de,duck,yellow,large,plural,0,zwei große gelbe Enten
de,duck,yellow,large,plural,1,drei große gelbe Enten
de,duck,yellow,large,plural,2,vier große gelbe Enten
de,duck,yellow,large,plural,3,fünf große gelbe Enten
de,duck,yellow,large,plural,4,sechs große gelbe Enten
de,duck,yellow,large,plural,5,sieben große gelbe Enten
de,duck,yellow,large,plural,6,acht große gelbe Enten
de,duck,yellow,young,nom,,die junge gelbe Ente
de,duck,yellow,young,acc,,die junge gelbe Ente
de,duck,yellow,young,dat,,der jungen gelben Ente
de,duck,yellow,young,plural,0,zwei junge gelbe Enten
de,duck,yellow,young,plural,1,drei junge gelbe Enten
de,duck,yellow,young,plural,2,vier junge gelbe Enten
de,duck,yellow,young,plural,3,fünf junge gelbe Enten
de,duck,yellow,young,plural,4,sechs junge gelbe Enten
de,duck,yellow,young,plural,5,sieben junge gelbe Enten
de,duck,yellow,young,plural,6,acht junge gelbe Enten
de,duck,yellow,old,nom,,die alte gelbe Ente
de,duck,yellow,old,acc,,die alte gelbe Ente
de,duck,yellow,old,dat,,der alten gelben Ente
de,duck,yellow,old,plural,0,zwei alte gelbe Enten
de,duck,yellow,old,plural,1,drei alte gelbe Enten
de,duck,yellow,old,plural,2,vier alte gelbe Enten
de,duck,yellow,old,plural,3,fünf alte gelbe Enten
de,duck,yellow,old,plural,4,sechs alte gelbe Enten
de,duck,yellow,old,plural,5,sieben alte gelbe Enten
de,duck,yellow,old,plural,6,acht alte gelbe Enten
de,duck,black,small,nom,,die kleine schwarze Ente
de,duck,black,small,acc,,die kleine schwarze Ente
de,duck,black,small,dat,,der kleinen schwarzen Ente
de,duck,black,small,plural,0,zwei kleine schwarze Enten
de,duck,black,small,plural,1,drei kleine schwarze Enten
de,duck,black,small,plural,2,vier kleine schwarze Enten
de,duck,black,small,plural,3,fünf kleine schwarze Enten
de,duck,black,small,plural,4,sechs kleine schwarze Enten
de,duck,black,small,plural,5,sieben kleine schwarze Enten
de,duck,black,small,plural,6,acht kleine schwarze Enten
de,duck,black,large,nom,,die große schwarze Ente
de,duck,black,large,acc,,die große schwarze Ente
de,duck,black,large,dat,,der großen schwarzen Ente
de,duck,black,large,plural,0,zwei große schwarze Enten
de,duck,black,large,plural,1,drei große schwarze Enten
de,duck,black,large,plural,2,vier große schwarze Enten
de,duck,black,large,plural,3,fünf große schwarze Enten
de,duck,black,large,plural,4,sechs große schwarze Enten
de,duck,black,large,plural,5,sieben große schwarze Enten
de,duck,black,large,plural,6,acht große schwarze Enten
de,duck,black,young,nom,,die junge schwarze Ente
de,duck,black,young,acc,,die junge schwarze Ente
de,duck,black,young,dat,,der jungen schwarzen Ente
de,duck,black,young,plural,0,zwei junge schwarze Enten
de,duck,black,young,plural,1,drei junge schwarze Enten
de,duck,black,young,plural,2,vier junge schwarze Enten
de,duck,black,young,plural,3,fünf junge schwarze Enten
de,duck,black,young,plural,4,sechs junge schwarze Enten
de,duck,black,young,plural,5,sieben junge schwarze Enten
de,duck,black,young,plural,6,acht junge schwarze Enten
de,duck,black,old,nom,,die alte schwarze Ente
de,duck,black,old,acc,,die alte schwarze Ente
de,duck,black,old,dat,,der alten schwarzen Ente
de,duck,black,old,plural,0,zwei alte schwarze Enten
de,duck,black,old,plural,1,drei alte schwarze Enten
de,duck,black,old,plural,2,vier alte schwarze Enten
de,duck,black,old,plural,3,fünf alte schwarze Enten
de,duck,black,old,plural,4,sechs alte schwarze Enten
de,duck,black,old,plural,5,sieben alte schwarze Enten
de,duck,black,old,plural,6,acht alte schwarze Enten
de,duck,white,small,nom,,die kleine weiße Ente
de,duck,white,small,acc,,die kleine weiße Ente
de,duck,white,small,dat,,der kleinen weißen Ente
de,duck,white,small,plural,0,zwei kleine weiße Enten
de,duck,white,small,plural,1,drei kleine weiße Enten
de,duck,white,small,plural,2,vier kleine weiße Enten
de,duck,white,small,plural,3,fünf kleine weiße Enten
de,duck,white,small,plural,4,sechs kleine weiße Enten
de,duck,white,small,plural,5,sieben kleine weiße Enten
de,duck,white,small,plural,6,acht kleine weiße Enten
de,duck,white,large,nom,,die große weiße Ente
de,duck,white,large,acc,,die große weiße Ente
de,duck,white,large,dat,,der großen weißen Ente
de,duck,white,large,plural,0,zwei große weiße Enten
de,duck,white,large,plural,1,drei große weiße Enten
de,duck,white,large,plural,2,vier große weiße Enten
de,duck,white,large,plural,3,fünf große weiße Enten
de,duck,white,large,plural,4,sechs große weiße Enten
de,duck,white,large,plural,5,sieben große weiße Enten
de,duck,white,large,plural,6,acht große weiße Enten
de,duck,white,young,nom,,die junge weiße Ente
de,duck,white,young,acc,,die junge weiße Ente
de,duck,white,young,dat,,der jungen weißen Ente
de,duck,white,young,plural,0,zwei junge weiße Enten
de,duck,white,young,plural,1,drei junge weiße Enten
de,duck,white,young,plural,2,vier junge weiße Enten
de,duck,white,young,plural,3,fünf junge weiße Enten
de,duck,white,young,plural,4,sechs junge weiße Enten
de,duck,white,young,plural,5,sieben junge weiße Enten
de,duck,white,young,plural,6,acht junge weiße Enten
de,duck,white,old,nom,,die alte weiße Ente
de,duck,white,old,acc,,die alte weiße Ente
de,duck,white,old,dat,,der alten weißen Ente
de,duck,white,old,plural,0,zwei alte weiße Enten
de,duck,white,old,plural,1,drei alte weiße Enten
de,duck,white,old,plural,2,vier alte weiße Enten
de,duck,white,old,plural,3,fünf alte weiße Enten
de,duck,white,old,plural,4,sechs alte weiße Enten
de,duck,white,old,plural,5,sieben alte weiße Enten
de,duck,white,old,plural,6,acht alte weiße Enten
de,horse,red,small,nom,,das kleine rote Pferd
de,horse,red,small,acc,,das kleine rote Pferd
de,horse,red,small,dat,,dem kleinen roten Pferd
de,horse,red,small,plural,0,zwei kleine rote Pferde
de,horse,red,small,plural,1,drei kleine rote Pferde
de,horse,red,small,plural,2,vier kleine rote Pferde
de,horse,red,small,plural,3,fünf kleine rote Pferde
de,horse,red,small,plural,4,sechs kleine rote Pferde
de,horse,red,small,plural,5,sieben kleine rote Pferde
de,horse,red,small,plural,6,acht kleine rote Pferde
de,horse,red,large,nom,,das große rote Pferd
de,horse,red,large,acc,,das große rote Pferd
de,horse,red,large,dat,,dem großen roten Pferd
de,horse,red,large,plural,0,zwei große rote Pferde
de,horse,red,large,plural,1,drei große rote Pferde
de,horse,red,large,plural,2,vier große rote Pferde
de,horse,red,large,plural,3,fünf große rote Pferde
de,horse,red,large,plural,4,sechs große rote Pferde
de,horse,red,large,plural,5,sieben große rote Pferde
de,horse,red,large,plural,6,acht große rote Pferde
de,horse,red,young,nom,,das junge rote Pferd
de,horse,red,young,acc,,das junge rote Pferd
de,horse,red,young,dat,,dem jungen roten Pferd
de,horse,red,young,plural,0,zwei junge rote Pferde
de,horse,red,young,plural,1,drei junge rote Pferde
de,horse,red,young,plural,2,vier junge rote Pferde
de,horse,red,young,plural,3,fünf junge rote Pferde
de,horse,red,young,plural,4,sechs junge rote Pferde
de,horse,red,young,plural,5,sieben junge rote Pferde
de,horse,red,young,plural,6,acht junge rote Pferde
de,horse,red,old,nom,,das alte rote Pferd
de,horse,red,old,acc,,das alte rote Pferd
de,horse,red,old,dat,,dem alten roten Pferd
de,horse,red,old,plural,0,zwei alte rote Pferde
de,horse,red,old,plural,1,drei alte rote Pferde
de,horse,red,old,plural,2,vier alte rote Pferde
de,horse,red,old,plural,3,fünf alte rote Pferde
de,horse,red,old,plural,4,sechs alte rote Pferde
de,horse,red,old,plural,5,sieben alte rote Pferde
de,horse,red,old,plural,6,acht alte rote Pferde
de,horse,blue,small,nom,,das kleine blaue Pferd
de,horse,blue,small,acc,,das kleine blaue Pferd
de,horse,blue,small,dat,,dem kleinen blauen Pferd
de,horse,blue,small,plural,0,zwei kleine blaue Pferde
de,horse,blue,small,plural,1,drei kleine blaue Pferde
de,horse,blue,small,plural,2,vier kleine blaue Pferde
de,horse,blue,small,plural,3,fünf kleine blaue Pferde
de,horse,blue,small,plural,4,sechs kleine blaue Pferde
de,horse,blue,small,plural,5,sieben kleine blaue Pferde
de,horse,blue,small,plural,6,acht kleine blaue Pferde
de,horse,blue,large,nom,,das große blaue Pferd
de,horse,blue,large,acc,,das große blaue Pferd
de,horse,blue,large,dat,,dem großen blauen Pferd
de,horse,blue,large,plural,0,zwei große blaue Pferde
de,horse,blue,large,plural,1,drei große blaue Pferde
de,horse,blue,large,plural,2,vier große blaue Pferde
de,horse,blue,large,plural,3,fünf große blaue Pferde
de,horse,blue,large,plural,4,sechs große blaue Pferde
de,horse,blue,large,plural,5,sieben große blaue Pferde
de,horse,blue,large,plural,6,acht große blaue Pferde
de,horse,blue,young,nom,,das junge blaue Pferd
de,horse,blue,young,acc,,das junge blaue Pferd
de,horse,blue,young,dat,,dem jungen blauen Pferd
de,horse,blue,young,plural,0,zwei junge blaue Pferde
de,horse,blue,young,plural,1,drei junge blaue Pferde
de,horse,blue,young,plural,2,vier junge blaue Pferde
de,horse,blue,young,plural,3,fünf junge blaue Pferde
de,horse,blue,young,plural,4,sechs junge blaue Pferde
de,horse,blue,young,plural,5,sieben junge blaue Pferde
de,horse,blue,young,plural,6,acht junge blaue Pferde
de,horse,blue,old,nom,,das alte blaue Pferd
de,horse,blue,old,acc,,das alte blaue Pferd
de,horse,blue,old,dat,,dem alten blauen Pferd
de,horse,blue,old,plural,0,zwei alte blaue Pferde
de,horse,blue,old,plural,1,drei alte blaue Pferde
de,horse,blue,old,plural,2,vier alte blaue Pferde
de,horse,blue,old,plural,3,fünf alte blaue Pferde
de,horse,blue,old,plural,4,sechs alte blaue Pferde
de,horse,blue,old,plural,5,sieben alte blaue Pferde
de,horse,blue,old,plural,6,acht alte blaue Pferde
de,horse,green,small,nom,,das kleine grüne Pferd
de,horse,green,small,acc,,das kleine grüne Pferd
de,horse,green,small,dat,,dem kleinen grünen Pferd
de,horse,green,small,plural,0,zwei kleine grüne Pferde
de,horse,green,small,plural,1,drei kleine grüne Pferde
de,horse,green,small,plural,2,vier kleine grüne Pferde
de,horse,green,small,plural,3,fünf kleine grüne Pferde
de,horse,green,small,plural,4,sechs kleine grüne Pferde
de,horse,green,small,plural,5,sieben kleine grüne Pferde
de,horse,green,small,plural,6,acht kleine grüne Pferde
de,horse,green,large,nom,,das große grüne Pferd
de,horse,green,large,acc,,das große grüne Pferd
de,horse,green,large,dat,,dem großen grünen Pferd
de,horse,green,large,plural,0,zwei große grüne Pferde
de,horse,green,large,plural,1,drei große grüne Pferde
de,horse,green,large,plural,2,vier große grüne Pferde
de,horse,green,large,plural,3,fünf große grüne Pferde
de,horse,green,large,plural,4,sechs große grüne Pferde
de,horse,green,large,plural,5,sieben große grüne Pferde
de,horse,green,large,plural,6,acht große grüne Pferde
de,horse,green,young,nom,,das junge grüne Pferd
de,horse,green,young,acc,,das junge grüne Pferd
de,horse,green,young,dat,,dem jungen grünen Pferd
de,horse,green,young,plural,0,zwei junge grüne Pferde
de,horse,green,young,plural,1,drei junge grüne Pferde
de,horse,green,young,plural,2,vier junge grüne Pferde
de,horse,green,young,plural,3,fünf junge grüne Pferde
de,horse,green,young,plural,4,sechs junge grüne Pferde
de,horse,green,young,plural,5,sieben junge grüne Pferde
de,horse,green,young,plural,6,acht junge grüne Pferde
de,horse,green,old,nom,,das alte grüne Pferd
de,horse,green,old,acc,,das alte grüne Pferd
de,horse,green,old,dat,,dem alten grünen Pferd
de,horse,green,old,plural,0,zwei alte grüne Pferde
de,horse,green,old,plural,1,drei alte grüne Pferde
de,horse,green,old,plural,2,vier alte grüne Pferde
de,horse,green,old,plural,3,fünf alte grüne Pferde
de,horse,green,old,plural,4,sechs alte grüne Pferde
de,horse,green,old,plural,5,sieben alte grüne Pferde
de,horse,green,old,plural,6,acht alte grüne Pferde
de,horse,yellow,small,nom,,das kleine gelbe Pferd
de,horse,yellow,small,acc,,das kleine gelbe Pferd
de,horse,yellow,small,dat,,dem kleinen gelben Pferd
de,horse,yellow,small,plural,0,zwei kleine gelbe Pferde
de,horse,yellow,small,plural,1,drei kleine gelbe Pferde
de,horse,yellow,small,plural,2,vier kleine gelbe Pferde
de,horse,yellow,small,plural,3,fünf kleine gelbe Pferde
de,horse,yellow,small,plural,4,sechs kleine gelbe Pferde
de,horse,yellow,small,plural,5,sieben kleine gelbe Pferde
de,horse,yellow,small,plural,6,acht kleine gelbe Pferde
de,horse,yellow,large,nom,,das große gelbe Pferd
de,horse,yellow,large,acc,,das große gelbe Pferd
de,horse,yellow,large,dat,,dem großen gelben Pferd
de,horse,yellow,large,plural,0,zwei große gelbe Pferde
de,horse,yellow,large,plural,1,drei große gelbe Pferde
de,horse,yellow,large,plural,2,vier große gelbe Pferde
de,horse,yellow,large,plural,3,fünf große gelbe Pferde
de,horse,yellow,large,plural,4,sechs große gelbe Pferde
de,horse,yellow,large,plural,5,sieben große gelbe Pferde
de,horse,yellow,large,plural,6,acht große gelbe Pferde
de,horse,yellow,young,nom,,das junge gelbe Pferd
de,horse,yellow,young,acc,,das junge gelbe Pferd
de,horse,yellow,young,dat,,dem jungen gelben Pferd
de,horse,yellow,young,plural,0,zwei junge gelbe Pferde
de,horse,yellow,young,plural,1,drei junge gelbe Pferde
de,horse,yellow,young,plural,2,vier junge gelbe Pferde
de,horse,yellow,young,plural,3,fünf junge gelbe Pferde
de,horse,yellow,young,plural,4,sechs junge gelbe Pferde
de,horse,yellow,young,plural,5,sieben junge gelbe Pferde
de,horse,yellow,young,plural,6,acht junge gelbe Pferde
de,horse,yellow,old,nom,,das alte gelbe Pferd
de,horse,yellow,old,acc,,das alte gelbe Pferd
de,horse,yellow,old,dat,,dem alten gelben Pferd
de,horse,yellow,old,plural,0,zwei alte gelbe Pferde
de,horse,yellow,old,plural,1,drei alte gelbe Pferde
de,horse,yellow,old,plural,2,vier alte gelbe Pferde
de,horse,yellow,old,plural,3,fünf alte gelbe Pferde
de,horse,yellow,old,plural,4,sechs alte gelbe Pferde
de,horse,yellow,old,plural,5,sieben alte gelbe Pferde
de,horse,yellow,old,plural,6,acht alte gelbe Pferde
de,horse,black,small,nom,,das kleine schwarze Pferd
de,horse,black,small,acc,,das kleine schwarze Pferd
de,horse,black,small,dat,,dem kleinen schwarzen Pferd
de,horse,black,small,plural,0,zwei kleine schwarze Pferde
de,horse,black,small,plural,1,drei kleine schwarze Pferde
de,horse,black,small,plural,2,vier kleine schwarze Pferde
de,horse,black,small,plural,3,fünf kleine schwarze Pferde
de,horse,black,small,plural,4,sechs kleine schwarze Pferde
de,horse,black,small,plural,5,sieben kleine schwarze Pferde
de,horse,black,small,plural,6,acht kleine schwarze Pferde
de,horse,black,large,nom,,das große schwarze Pferd
de,horse,black,large,acc,,das große schwarze Pferd
de,horse,black,large,dat,,dem großen schwarzen Pferd
de,horse,black,large,plural,0,zwei große schwarze Pferde
de,horse,black,large,plural,1,drei große schwarze Pferde
de,horse,black,large,plural,2,vier große schwarze Pferde
de,horse,black,large,plural,3,fünf große schwarze Pferde
de,horse,black,large,plural,4,sechs große schwarze Pferde
de,horse,black,large,plural,5,sieben große schwarze Pferde
de,horse,black,large,plural,6,acht große schwarze Pferde
de,horse,black,young,nom,,das junge schwarze Pferd
de,horse,black,young,acc,,das junge schwarze Pferd
de,horse,black,young,dat,,dem jungen schwarzen Pferd
de,horse,black,young,plural,0,zwei junge schwarze Pferde
de,horse,black,young,plural,1,drei junge schwarze Pferde
de,horse,black,young,plural,2,vier junge schwarze Pferde
de,horse,black,young,plural,3,fünf junge schwarze Pferde
de,horse,black,young,plural,4,sechs junge schwarze Pferde
de,horse,black,young,plural,5,sieben junge schwarze Pferde
de,horse,black,young,plural,6,acht junge schwarze Pferde
de,horse,black,old,nom,,das alte schwarze Pferd
de,horse,black,old,acc,,das alte schwarze Pferd
de,horse,black,old,dat,,dem alten schwarzen Pferd
de,horse,black,old,plural,0,zwei alte schwarze Pferde
de,horse,black,old,plural,1,drei alte schwarze Pferde
de,horse,black,old,plural,2,vier alte schwarze Pferde
de,horse,black,old,plural,3,fünf alte schwarze Pferde
de,horse,black,old,plural,4,sechs alte schwarze Pferde
de,horse,black,old,plural,5,sieben alte schwarze Pferde
de,horse,black,old,plural,6,acht alte schwarze Pferde
de,horse,white,small,nom,,das kleine weiße Pferd
de,horse,white,small,acc,,das kleine weiße Pferd
de,horse,white,small,dat,,dem kleinen weißen Pferd
de,horse,white,small,plural,0,zwei kleine weiße Pferde
de,horse,white,small,plural,1,drei kleine weiße Pferde
de,horse,white,small,plural,2,vier kleine weiße Pferde
de,horse,white,small,plural,3,fünf kleine weiße Pferde
de,horse,white,small,plural,4,sechs kleine weiße Pferde
de,horse,white,small,plural,5,sieben kleine weiße Pferde
de,horse,white,small,plural,6,acht kleine weiße Pferde
de,horse,white,large,nom,,das große weiße Pferd
de,horse,white,large,acc,,das große weiße Pferd
de,horse,white,large,dat,,dem großen weißen Pferd
de,horse,white,large,plural,0,zwei große weiße Pferde
de,horse,white,large,plural,1,drei große weiße Pferde
de,horse,white,large,plural,2,vier große weiße Pferde
de,horse,white,large,plural,3,fünf große weiße Pferde
de,horse,white,large,plural,4,sechs große weiße Pferde
de,horse,white,large,plural,5,sieben große weiße Pferde
de,horse,white,large,plural,6,acht große weiße Pferde
de,horse,white,young,nom,,das junge weiße Pferd
de,horse,white,young,acc,,das junge weiße Pferd
de,horse,white,young,dat,,dem jungen weißen Pferd
de,horse,white,young,plural,0,zwei junge weiße Pferde
de,horse,white,young,plural,1,drei junge weiße Pferde
de,horse,white,young,plural,2,vier junge weiße Pferde
de,horse,white,young,plural,3,fünf junge weiße Pferde
de,horse,white,young,plural,4,sechs junge weiße Pferde
de,horse,white,young,plural,5,sieben junge weiße Pferde
de,horse,white,young,plural,6,acht junge weiße Pferde
de,horse,white,old,nom,,das alte weiße Pferd
de,horse,white,old,acc,,das alte weiße Pferd
de,horse,white,old,dat,,dem alten weißen Pferd
de,horse,white,old,plural,0,zwei alte weiße Pferde
de,horse,white,old,plural,1,drei alte weiße Pferde
de,horse,white,old,plural,2,vier alte weiße Pferde
de,horse,white,old,plural,3,fünf alte weiße Pferde
de,horse,white,old,plural,4,sechs alte weiße Pferde
de,horse,white,old,plural,5,sieben alte weiße Pferde
de,horse,white,old,plural,6,acht alte weiße Pferde
de,sheep,red,small,nom,,das kleine rote Schaf
de,sheep,red,small,acc,,das kleine rote Schaf
de,sheep,red,small,dat,,dem kleinen roten Schaf
de,sheep,red,small,plural,0,zwei kleine rote Schafe
de,sheep,red,small,plural,1,drei kleine rote Schafe
de,sheep,red,small,plural,2,vier kleine rote Schafe
de,sheep,red,small,plural,3,fünf kleine rote Schafe
de,sheep,red,small,plural,4,sechs kleine rote Schafe
de,sheep,red,small,plural,5,sieben kleine rote Schafe
de,sheep,red,small,plural,6,acht kleine rote Schafe
de,sheep,red,large,nom,,das große rote Schaf
de,sheep,red,large,acc,,das große rote Schaf
de,sheep,red,large,dat,,dem großen roten Schaf
de,sheep,red,large,plural,0,zwei große rote Schafe
de,sheep,red,large,plural,1,drei große rote Schafe
de,sheep,red,large,plural,2,vier große rote Schafe
de,sheep,red,large,plural,3,fünf große rote Schafe
de,sheep,red,large,plural,4,sechs große rote Schafe
de,sheep,red,large,plural,5,sieben große rote Schafe
de,sheep,red,large,plural,6,acht große rote Schafe
de,sheep,red,young,nom,,das junge rote Schaf
de,sheep,red,young,acc,,das junge rote Schaf
de,sheep,red,young,dat,,dem jungen roten Schaf
de,sheep,red,young,plural,0,zwei junge rote Schafe
de,sheep,red,young,plural,1,drei junge rote Schafe
de,sheep,red,young,plural,2,vier junge rote Schafe
de,sheep,red,young,plural,3,fünf junge rote Schafe
de,sheep,red,young,plural,4,sechs junge rote Schafe
de,sheep,red,young,plural,5,sieben junge rote Schafe
de,sheep,red,young,plural,6,acht junge rote Schafe
de,sheep,red,old,nom,,das alte rote Schaf
de,sheep,red,old,acc,,das alte rote Schaf
de,sheep,red,old,dat,,dem alten roten Schaf
de,sheep,red,old,plural,0,zwei alte rote Schafe
de,sheep,red,old,plural,1,drei alte rote Schafe
de,sheep,red,old,plural,2,vier alte rote Schafe
de,sheep,red,old,plural,3,fünf alte rote Schafe
de,sheep,red,old,plural,4,sechs alte rote Schafe
de,sheep,red,old,plural,5,sieben alte rote Schafe
de,sheep,red,old,plural,6,acht alte rote Schafe
de,sheep,blue,small,nom,,das kleine blaue Schaf
de,sheep,blue,small,acc,,das kleine blaue Schaf
de,sheep,blue,small,dat,,dem kleinen blauen Schaf
de,sheep,blue,small,plural,0,zwei kleine blaue Schafe
de,sheep,blue,small,plural,1,drei kleine blaue Schafe
de,sheep,blue,small,plural,2,vier kleine blaue Schafe
de,sheep,blue,small,plural,3,fünf kleine blaue Schafe
de,sheep,blue,small,plural,4,sechs kleine blaue Schafe
de,sheep,blue,small,plural,5,sieben kleine blaue Schafe
de,sheep,blue,small,plural,6,acht kleine blaue Schafe
de,sheep,blue,large,nom,,das große blaue Schaf
de,sheep,blue,large,acc,,das große blaue Schaf
de,sheep,blue,large,dat,,dem großen blauen Schaf
de,sheep,blue,large,plural,0,zwei große blaue Schafe
de,sheep,blue,large,plural,1,drei große blaue Schafe
de,sheep,blue,large,plural,2,vier große blaue Schafe
de,sheep,blue,large,plural,3,fünf große blaue Schafe
de,sheep,blue,large,plural,4,sechs große blaue Schafe
de,sheep,blue,large,plural,5,sieben große blaue Schafe
de,sheep,blue,large,plural,6,acht große blaue Schafe
de,sheep,blue,young,nom,,das junge blaue Schaf
de,sheep,blue,young,acc,,das junge blaue Schaf
de,sheep,blue,young,dat,,dem jungen blauen Schaf
de,sheep,blue,young,plural,0,zwei junge blaue Schafe
de,sheep,blue,young,plural,1,drei junge blaue Schafe
de,sheep,blue,young,plural,2,vier junge blaue Schafe
de,sheep,blue,young,plural,3,fünf junge blaue Schafe
de,sheep,blue,young,plural,4,sechs junge blaue Schafe
de,sheep,blue,young,plural,5,sieben junge blaue Schafe
de,sheep,blue,young,plural,6,acht junge blaue Schafe
de,sheep,blue,old,nom,,das alte blaue Schaf
de,sheep,blue,old,acc,,das alte blaue Schaf
de,sheep,blue,old,dat,,dem alten blauen Schaf
de,sheep,blue,old,plural,0,zwei alte blaue Schafe
de,sheep,blue,old,plural,1,drei alte blaue Schafe
de,sheep,blue,old,plural,2,vier alte blaue Schafe
de,sheep,blue,old,plural,3,fünf alte blaue Schafe
de,sheep,blue,old,plural,4,sechs alte blaue Schafe
de,sheep,blue,old,plural,5,sieben alte blaue Schafe
de,sheep,blue,old,plural,6,acht alte blaue Schafe
de,sheep,green,small,nom,,das kleine grüne Schaf
de,sheep,green,small,acc,,das kleine grüne Schaf
de,sheep,green,small,dat,,dem kleinen grünen Schaf
de,sheep,green,small,plural,0,zwei kleine grüne Schafe
de,sheep,green,small,plural,1,drei kleine grüne Schafe
de,sheep,green,small,plural,2,vier kleine grüne Schafe
de,sheep,green,small,plural,3,fünf kleine grüne Schafe
de,sheep,green,small,plural,4,sechs kleine grüne Schafe
de,sheep,green,small,plural,5,sieben kleine grüne Schafe
de,sheep,green,small,plural,6,acht kleine grüne Schafe
de,sheep,green,large,nom,,das große grüne Schaf
de,sheep,green,large,acc,,das große grüne Schaf
de,sheep,green,large,dat,,dem großen grünen Schaf
de,sheep,green,large,plural,0,zwei große grüne Schafe
de,sheep,green,large,plural,1,drei große grüne Schafe
de,sheep,green,large,plural,2,vier große grüne Schafe
de,sheep,green,large,plural,3,fünf große grüne Schafe
de,sheep,green,large,plural,4,sechs große grüne Schafe
de,sheep,green,large,plural,5,sieben große grüne Schafe
de,sheep,green,large,plural,6,acht große grüne Schafe
de,sheep,green,young,nom,,das junge grüne Schaf
de,sheep,green,young,acc,,das junge grüne Schaf
de,sheep,green,young,dat,,dem jungen grünen Schaf
de,sheep,green,young,plural,0,zwei junge grüne Schafe
de,sheep,green,young,plural,1,drei junge grüne Schafe
de,sheep,green,young,plural,2,vier junge grüne Schafe
de,sheep,green,young,plural,3,fünf junge grüne Schafe
de,sheep,green,young,plural,4,sechs junge grüne Schafe
de,sheep,green,young,plural,5,sieben junge grüne Schafe
de,sheep,green,young,plural,6,acht junge grüne Schafe
de,sheep,green,old,nom,,das alte grüne Schaf
de,sheep,green,old,acc,,das alte grüne Schaf
de,sheep,green,old,dat,,dem alten grünen Schaf
de,sheep,green,old,plural,0,zwei alte grüne Schafe
de,sheep,green,old,plural,1,drei alte grüne Schafe
de,sheep,green,old,plural,2,vier alte grüne Schafe
de,sheep,green,old,plural,3,fünf alte grüne Schafe
de,sheep,green,old,plural,4,sechs alte grüne Schafe
de,sheep,green,old,plural,5,sieben alte grüne Schafe
de,sheep,green,old,plural,6,acht alte grüne Schafe
de,sheep,yellow,small,nom,,das kleine gelbe Schaf
de,sheep,yellow,small,acc,,das kleine gelbe Schaf
de,sheep,yellow,small,dat,,dem kleinen gelben Schaf
de,sheep,yellow,small,plural,0,zwei kleine gelbe Schafe
de,sheep,yellow,small,plural,1,drei kleine gelbe Schafe
de,sheep,yellow,small,plural,2,vier kleine gelbe Schafe
de,sheep,yellow,small,plural,3,fünf kleine gelbe Schafe
de,sheep,yellow,small,plural,4,sechs kleine gelbe Schafe
de,sheep,yellow,small,plural,5,sieben kleine gelbe Schafe
de,sheep,yellow,small,plural,6,acht kleine gelbe Schafe
de,sheep,yellow,large,nom,,das große gelbe Schaf
de,sheep,yellow,large,acc,,das große gelbe Schaf
de,sheep,yellow,large,dat,,dem großen gelben Schaf
de,sheep,yellow,large,plural,0,zwei große gelbe Schafe
de,sheep,yellow,large,plural,1,drei große gelbe Schafe
de,sheep,yellow,large,plural,2,vier große gelbe Schafe
de,sheep,yellow,large,plural,3,fünf große gelbe Schafe
de,sheep,yellow,large,plural,4,sechs große gelbe Schafe
de,sheep,yellow,large,plural,5,sieben große gelbe Schafe
de,sheep,yellow,large,plural,6,acht große gelbe Schafe
de,sheep,yellow,young,nom,,das junge gelbe Schaf
de,sheep,yellow,young,acc,,das junge gelbe Schaf
de,sheep,yellow,young,dat,,dem jungen gelben Schaf
de,sheep,yellow,young,plural,0,zwei junge gelbe Schafe
de,sheep,yellow,young,plural,1,drei junge gelbe Schafe
de,sheep,yellow,young,plural,2,vier junge gelbe Schafe
de,sheep,yellow,young,plural,3,fünf junge gelbe Schafe
de,sheep,yellow,young,plural,4,sechs junge gelbe Schafe
de,sheep,yellow,young,plural,5,sieben junge gelbe Schafe
de,sheep,yellow,young,plural,6,acht junge gelbe Schafe
de,sheep,yellow,old,nom,,das alte gelbe Schaf
de,sheep,yellow,old,acc,,das alte gelbe Schaf
de,sheep,yellow,old,dat,,dem alten gelben Schaf
de,sheep,yellow,old,plural,0,zwei alte gelbe Schafe
de,sheep,yellow,old,plural,1,drei alte gelbe Schafe
de,sheep,yellow,old,plural,2,vier alte gelbe Schafe
de,sheep,yellow,old,plural,3,fünf alte gelbe Schafe
de,sheep,yellow,old,plural,4,sechs alte gelbe Schafe
de,sheep,yellow,old,plural,5,sieben alte gelbe Schafe
de,sheep,yellow,old,plural,6,acht alte gelbe Schafe
de,sheep,black,small,nom,,das kleine schwarze Schaf
de,sheep,black,small,acc,,das kleine schwarze Schaf
de,sheep,black,small,dat,,dem kleinen schwarzen Schaf
de,sheep,black,small,plural,0,zwei kleine schwarze Schafe
de,sheep,black,small,plural,1,drei kleine schwarze Schafe
de,sheep,black,small,plural,2,vier kleine schwarze Schafe
de,sheep,black,small,plural,3,fünf kleine schwarze Schafe
de,sheep,black,small,plural,4,sechs kleine schwarze Schafe
de,sheep,black,small,plural,5,sieben kleine schwarze Schafe
de,sheep,black,small,plural,6,acht kleine schwarze Schafe
de,sheep,black,large,nom,,das große schwarze Schaf
de,sheep,black,large,acc,,das große schwarze Schaf
de,sheep,black,large,dat,,dem großen schwarzen Schaf
de,sheep,black,large,plural,0,zwei große schwarze Schafe
de,sheep,black,large,plural,1,drei große schwarze Schafe
de,sheep,black,large,plural,2,vier große schwarze Schafe
de,sheep,black,large,plural,3,fünf große schwarze Schafe
de,sheep,black,large,plural,4,sechs große schwarze Schafe
de,sheep,black,large,plural,5,sieben große schwarze Schafe
de,sheep,black,large,plural,6,acht große schwarze Schafe
de,sheep,black,young,nom,,das junge schwarze Schaf
de,sheep,black,young,acc,,das junge schwarze Schaf
de,sheep,black,young,dat,,dem jungen schwarzen Schaf
de,sheep,black,young,plural,0,zwei junge schwarze Schafe
de,sheep,black,young,plural,1,drei junge schwarze Schafe
de,sheep,black,young,plural,2,vier junge schwarze Schafe
de,sheep,black,young,plural,3,fünf junge schwarze Schafe
de,sheep,black,young,plural,4,sechs junge schwarze Schafe
de,sheep,black,young,plural,5,sieben junge schwarze Schafe
de,sheep,black,young,plural,6,acht junge schwarze Schafe
de,sheep,black,old,nom,,das alte schwarze Schaf
de,sheep,black,old,acc,,das alte schwarze Schaf
de,sheep,black,old,dat,,dem alten schwarzen Schaf
de,sheep,black,old,plural,0,zwei alte schwarze Schafe
de,sheep,black,old,plural,1,drei alte schwarze Schafe
de,sheep,black,old,plural,2,vier alte schwarze Schafe
de,sheep,black,old,plural,3,fünf alte schwarze Schafe
de,sheep,black,old,plural,4,sechs alte schwarze Schafe
de,sheep,black,old,plural,5,sieben alte schwarze Schafe
de,sheep,black,old,plural,6,acht alte schwarze Schafe
de,sheep,white,small,nom,,das kleine weiße Schaf
de,sheep,white,small,acc,,das kleine weiße Schaf
de,sheep,white,small,dat,,dem kleinen weißen Schaf
de,sheep,white,small,plural,0,zwei kleine weiße Schafe
de,sheep,white,small,plural,1,drei kleine weiße Schafe
de,sheep,white,small,plural,2,vier kleine weiße Schafe
de,sheep,white,small,plural,3,fünf kleine weiße Schafe
de,sheep,white,small,plural,4,sechs kleine weiße Schafe
de,sheep,white,small,plural,5,sieben kleine weiße Schafe
de,sheep,white,small,plural,6,acht kleine weiße Schafe
de,sheep,white,large,nom,,das große weiße Schaf
de,sheep,white,large,acc,,das große weiße Schaf
de,sheep,white,large,dat,,dem großen weißen Schaf
de,sheep,white,large,plural,0,zwei große weiße Schafe
de,sheep,white,large,plural,1,drei große weiße Schafe
de,sheep,white,large,plural,2,vier große weiße Schafe
de,sheep,white,large,plural,3,fünf große weiße Schafe
de,sheep,white,large,plural,4,sechs große weiße Schafe
de,sheep,white,large,plural,5,sieben große weiße Schafe
de,sheep,white,large,plural,6,acht große weiße Schafe
de,sheep,white,young,nom,,das junge weiße Schaf
de,sheep,white,young,acc,,das junge weiße Schaf
de,sheep,white,young,dat,,dem jungen weißen Schaf
de,sheep,white,young,plural,0,zwei junge weiße Schafe
de,sheep,white,young,plural,1,drei junge weiße Schafe
de,sheep,white,young,plural,2,vier junge weiße Schafe
de,sheep,white,young,plural,3,fünf junge weiße Schafe
de,sheep,white,young,plural,4,sechs junge weiße Schafe
de,sheep,white,young,plural,5,sieben junge weiße Schafe
de,sheep,white,young,plural,6,acht junge weiße Schafe
de,sheep,white,old,nom,,das alte weiße Schaf
de,sheep,white,old,acc,,das alte weiße Schaf
de,sheep,white,old,dat,,dem alten weißen Schaf
de,sheep,white,old,plural,0,zwei alte weiße Schafe
de,sheep,white,old,plural,1,drei alte weiße Schafe
de,sheep,white,old,plural,2,vier alte weiße Schafe
de,sheep,white,old,plural,3,fünf alte weiße Schafe
de,sheep,white,old,plural,4,sechs alte weiße Schafe
de,sheep,white,old,plural,5,sieben alte weiße Schafe
de,sheep,white,old,plural,6,acht alte weiße Schafe
de,chicken,red,small,nom,,das kleine rote Huhn
de,chicken,red,small,acc,,das kleine rote Huhn
de,chicken,red,small,dat,,dem kleinen roten Huhn
de,chicken,red,small,plural,0,zwei kleine rote Hühner
de,chicken,red,small,plural,1,drei kleine rote Hühner
de,chicken,red,small,plural,2,vier kleine rote Hühner
de,chicken,red,small,plural,3,fünf kleine rote Hühner
de,chicken,red,small,plural,4,sechs kleine rote Hühner
de,chicken,red,small,plural,5,sieben kleine rote Hühner
de,chicken,red,small,plural,6,acht kleine rote Hühner
de,chicken,red,large,nom,,das große rote Huhn
de,chicken,red,large,acc,,das große rote Huhn
de,chicken,red,large,dat,,dem großen roten Huhn
de,chicken,red,large,plural,0,zwei große rote Hühner
de,chicken,red,large,plural,1,drei große rote Hühner
de,chicken,red,large,plural,2,vier große rote Hühner
de,chicken,red,large,plural,3,fünf große rote Hühner
de,chicken,red,large,plural,4,sechs große rote Hühner
de,chicken,red,large,plural,5,sieben große rote Hühner
de,chicken,red,large,plural,6,acht große rote Hühner
de,chicken,red,young,nom,,das junge rote Huhn
de,chicken,red,young,acc,,das junge rote Huhn
de,chicken,red,young,dat,,dem jungen roten Huhn
de,chicken,red,young,plural,0,zwei junge rote Hühner
de,chicken,red,young,plural,1,drei junge rote Hühner
de,chicken,red,young,plural,2,vier junge rote Hühner
de,chicken,red,young,plural,3,fünf junge rote Hühner
de,chicken,red,young,plural,4,sechs junge rote Hühner
de,chicken,red,young,plural,5,sieben junge rote Hühner
de,chicken,red,young,plural,6,acht junge rote Hühner
de,chicken,red,old,nom,,das alte rote Huhn
de,chicken,red,old,acc,,das alte rote Huhn
de,chicken,red,old,dat,,dem alten roten Huhn
de,chicken,red,old,plural,0,zwei alte rote Hühner
de,chicken,red,old,plural,1,drei alte rote Hühner
de,chicken,red,old,plural,2,vier alte rote Hühner
de,chicken,red,old,plural,3,fünf alte rote Hühner
de,chicken,red,old,plural,4,sechs alte rote Hühner
de,chicken,red,old,plural,5,sieben alte rote Hühner
de,chicken,red,old,plural,6,acht alte rote Hühner
de,chicken,blue,small,nom,,das kleine blaue Huhn
de,chicken,blue,small,acc,,das kleine blaue Huhn
de,chicken,blue,small,dat,,dem kleinen blauen Huhn
de,chicken,blue,small,plural,0,zwei kleine blaue Hühner
de,chicken,blue,small,plural,1,drei kleine blaue Hühner
de,chicken,blue,small,plural,2,vier kleine blaue Hühner
de,chicken,blue,small,plural,3,fünf kleine blaue Hühner
de,chicken,blue,small,plural,4,sechs kleine blaue Hühner
de,chicken,blue,small,plural,5,sieben kleine blaue Hühner
de,chicken,blue,small,plural,6,acht kleine blaue Hühner
de,chicken,blue,large,nom,,das große blaue Huhn
de,chicken,blue,large,acc,,das große blaue Huhn
de,chicken,blue,large,dat,,dem großen blauen Huhn
de,chicken,blue,large,plural,0,zwei große blaue Hühner
de,chicken,blue,large,plural,1,drei große blaue Hühner
de,chicken,blue,large,plural,2,vier große blaue Hühner
de,chicken,blue,large,plural,3,fünf große blaue Hühner
de,chicken,blue,large,plural,4,sechs große blaue Hühner
de,chicken,blue,large,plural,5,sieben große blaue Hühner
de,chicken,blue,large,plural,6,acht große blaue Hühner
de,chicken,blue,young,nom,,das junge blaue Huhn
de,chicken,blue,young,acc,,das junge blaue Huhn
de,chicken,blue,young,dat,,dem jungen blauen Huhn
de,chicken,blue,young,plural,0,zwei junge blaue Hühner
de,chicken,blue,young,plural,1,drei junge blaue Hühner
de,chicken,blue,young,plural,2,vier junge blaue Hühner
de,chicken,blue,young,plural,3,fünf junge blaue Hühner
de,chicken,blue,young,plural,4,sechs junge blaue Hühner
de,chicken,blue,young,plural,5,sieben junge blaue Hühner
de,chicken,blue,young,plural,6,acht junge blaue Hühner
de,chicken,blue,old,nom,,das alte blaue Huhn
de,chicken,blue,old,acc,,das alte blaue Huhn
de,chicken,blue,old,dat,,dem alten blauen Huhn
de,chicken,blue,old,plural,0,zwei alte blaue Hühner
de,chicken,blue,old,plural,1,drei alte blaue Hühner
de,chicken,blue,old,plural,2,vier alte blaue Hühner
de,chicken,blue,old,plural,3,fünf alte blaue Hühner
de,chicken,blue,old,plural,4,sechs alte blaue Hühner
de,chicken,blue,old,plural,5,sieben alte blaue Hühner
de,chicken,blue,old,plural,6,acht alte blaue Hühner
de,chicken,green,small,nom,,das kleine grüne Huhn
de,chicken,green,small,acc,,das kleine grüne Huhn
de,chicken,green,small,dat,,dem kleinen grünen Huhn
de,chicken,green,small,plural,0,zwei kleine grüne Hühner
de,chicken,green,small,plural,1,drei kleine grüne Hühner
de,chicken,green,small,plural,2,vier kleine grüne Hühner
de,chicken,green,small,plural,3,fünf kleine grüne Hühner
de,chicken,green,small,plural,4,sechs kleine grüne Hühner
de,chicken,green,small,plural,5,sieben kleine grüne Hühner
de,chicken,green,small,plural,6,acht kleine grüne Hühner
de,chicken,green,large,nom,,das große grüne Huhn
de,chicken,green,large,acc,,das große grüne Huhn
de,chicken,green,large,dat,,dem großen grünen Huhn
de,chicken,green,large,plural,0,zwei große grüne Hühner
de,chicken,green,large,plural,1,drei große grüne Hühner
de,chicken,green,large,plural,2,vier große grüne Hühner
de,chicken,green,large,plural,3,fünf große grüne Hühner
de,chicken,green,large,plural,4,sechs große grüne Hühner
de,chicken,green,large,plural,5,sieben große grüne Hühner
de,chicken,green,large,plural,6,acht große grüne Hühner
de,chicken,green,young,nom,,das junge grüne Huhn
de,chicken,green,young,acc,,das junge grüne Huhn
de,chicken,green,young,dat,,dem jungen grünen Huhn
de,chicken,green,young,plural,0,zwei junge grüne Hühner
de,chicken,green,young,plural,1,drei junge grüne Hühner
de,chicken,green,young,plural,2,vier junge grüne Hühner
de,chicken,green,young,plural,3,fünf junge grüne Hühner
de,chicken,green,young,plural,4,sechs junge grüne Hühner
de,chicken,green,young,plural,5,sieben junge grüne Hühner
de,chicken,green,young,plural,6,acht junge grüne Hühner
de,chicken,green,old,nom,,das alte grüne Huhn
de,chicken,green,old,acc,,das alte grüne Huhn
de,chicken,green,old,dat,,dem alten grünen Huhn
de,chicken,green,old,plural,0,zwei alte grüne Hühner
de,chicken,green,old,plural,1,drei alte grüne Hühner
de,chicken,green,old,plural,2,vier alte grüne Hühner
de,chicken,green,old,plural,3,fünf alte grüne Hühner
de,chicken,green,old,plural,4,sechs alte grüne Hühner
de,chicken,green,old,plural,5,sieben alte grüne Hühner
de,chicken,green,old,plural,6,acht alte grüne Hühner
de,chicken,yellow,small,nom,,das kleine gelbe Huhn
de,chicken,yellow,small,acc,,das kleine gelbe Huhn
de,chicken,yellow,small,dat,,dem kleinen gelben Huhn
de,chicken,yellow,small,plural,0,zwei kleine gelbe Hühner
de,chicken,yellow,small,plural,1,drei kleine gelbe Hühner
de,chicken,yellow,small,plural,2,vier kleine gelbe Hühner
de,chicken,yellow,small,plural,3,fünf kleine gelbe Hühner
de,chicken,yellow,small,plural,4,sechs kleine gelbe Hühner
de,chicken,yellow,small,plural,5,sieben kleine gelbe Hühner
de,chicken,yellow,small,plural,6,acht kleine gelbe Hühner
de,chicken,yellow,large,nom,,das große gelbe Huhn
de,chicken,yellow,large,acc,,das große gelbe Huhn
de,chicken,yellow,large,dat,,dem großen gelben Huhn
de,chicken,yellow,large,plural,0,zwei große gelbe Hühner
de,chicken,yellow,large,plural,1,drei große gelbe Hühner
de,chicken,yellow,large,plural,2,vier große gelbe Hühner
de,chicken,yellow,large,plural,3,fünf große gelbe Hühner
de,chicken,yellow,large,plural,4,sechs große gelbe Hühner
de,chicken,yellow,large,plural,5,sieben große gelbe Hühner
de,chicken,yellow,large,plural,6,acht große gelbe Hühner
de,chicken,yellow,young,nom,,das junge gelbe Huhn
de,chicken,yellow,young,acc,,das junge gelbe Huhn
de,chicken,yellow,young,dat,,dem jungen gelben Huhn
de,chicken,yellow,young,plural,0,zwei junge gelbe Hühner
de,chicken,yellow,young,plural,1,drei junge gelbe Hühner
de,chicken,yellow,young,plural,2,vier junge gelbe Hühner
de,chicken,yellow,young,plural,3,fünf junge gelbe Hühner
de,chicken,yellow,young,plural,4,sechs junge gelbe Hühner
de,chicken,yellow,young,plural,5,sieben junge gelbe Hühner
de,chicken,yellow,young,plural,6,acht junge gelbe Hühner
de,chicken,yellow,old,nom,,das alte gelbe Huhn
de,chicken,yellow,old,acc,,das alte gelbe Huhn
de,chicken,yellow,old,dat,,dem alten gelben Huhn
de,chicken,yellow,old,plural,0,zwei alte gelbe Hühner
de,chicken,yellow,old,plural,1,drei alte gelbe Hühner
de,chicken,yellow,old,plural,2,vier alte gelbe Hühner
de,chicken,yellow,old,plural,3,fünf alte gelbe Hühner
de,chicken,yellow,old,plural,4,sechs alte gelbe Hühner
de,chicken,yellow,old,plural,5,sieben alte gelbe Hühner
de,chicken,yellow,old,plural,6,acht alte gelbe Hühner
de,chicken,black,small,nom,,das kleine schwarze Huhn
de,chicken,black,small,acc,,das kleine schwarze Huhn
de,chicken,black,small,dat,,dem kleinen schwarzen Huhn
de,chicken,black,small,plural,0,zwei kleine schwarze Hühner
de,chicken,black,small,plural,1,drei kleine schwarze Hühner
de,chicken,black,small,plural,2,vier kleine schwarze Hühner
de,chicken,black,small,plural,3,fünf kleine schwarze Hühner
de,chicken,black,small,plural,4,sechs kleine schwarze Hühner
de,chicken,black,small,plural,5,sieben kleine schwarze Hühner
de,chicken,black,small,plural,6,acht kleine schwarze Hühner
de,chicken,black,large,nom,,das große schwarze Huhn
de,chicken,black,large,acc,,das große schwarze Huhn
de,chicken,black,large,dat,,dem großen schwarzen Huhn
de,chicken,black,large,plural,0,zwei große schwarze Hühner
de,chicken,black,large,plural,1,drei große schwarze Hühner
de,chicken,black,large,plural,2,vier große schwarze Hühner
de,chicken,black,large,plural,3,fünf große schwarze Hühner
de,chicken,black,large,plural,4,sechs große schwarze Hühner
de,chicken,black,large,plural,5,sieben große schwarze Hühner
de,chicken,black,large,plural,6,acht große schwarze Hühner
de,chicken,black,young,nom,,das junge schwarze Huhn
de,chicken,black,young,acc,,das junge schwarze Huhn
de,chicken,black,young,dat,,dem jungen schwarzen Huhn
de,chicken,black,young,plural,0,zwei junge schwarze Hühner
de,chicken,black,young,plural,1,drei junge schwarze Hühner
de,chicken,black,young,plural,2,vier junge schwarze Hühner
de,chicken,black,young,plural,3,fünf junge schwarze Hühner
de,chicken,black,young,plural,4,sechs junge schwarze Hühner
de,chicken,black,young,plural,5,sieben junge schwarze Hühner
de,chicken,black,young,plural,6,acht junge schwarze Hühner
de,chicken,black,old,nom,,das alte schwarze Huhn
de,chicken,black,old,acc,,das alte schwarze Huhn
de,chicken,black,old,dat,,dem alten schwarzen Huhn
de,chicken,black,old,plural,0,zwei alte schwarze Hühner
de,chicken,black,old,plural,1,drei alte schwarze Hühner
de,chicken,black,old,plural,2,vier alte schwarze Hühner
de,chicken,black,old,plural,3,fünf alte schwarze Hühner
de,chicken,black,old,plural,4,sechs alte schwarze Hühner
de,chicken,black,old,plural,5,sieben alte schwarze Hühner
de,chicken,black,old,plural,6,acht alte schwarze Hühner
de,chicken,white,small,nom,,das kleine weiße Huhn
de,chicken,white,small,acc,,das kleine weiße Huhn
de,chicken,white,small,dat,,dem kleinen weißen Huhn
de,chicken,white,small,plural,0,zwei kleine weiße Hühner
de,chicken,white,small,plural,1,drei kleine weiße Hühner
de,chicken,white,small,plural,2,vier kleine weiße Hühner
de,chicken,white,small,plural,3,fünf kleine weiße Hühner
de,chicken,white,small,plural,4,sechs kleine weiße Hühner
de,chicken,white,small,plural,5,sieben kleine weiße Hühner
de,chicken,white,small,plural,6,acht kleine weiße Hühner
de,chicken,white,large,nom,,das große weiße Huhn
de,chicken,white,large,acc,,das große weiße Huhn
de,chicken,white,large,dat,,dem großen weißen Huhn
de,chicken,white,large,plural,0,zwei große weiße Hühner
de,chicken,white,large,plural,1,drei große weiße Hühner
de,chicken,white,large,plural,2,vier große weiße Hühner
de,chicken,white,large,plural,3,fünf große weiße Hühner
de,chicken,white,large,plural,4,sechs große weiße Hühner
de,chicken,white,large,plural,5,sieben große weiße Hühner
de,chicken,white,large,plural,6,acht große weiße Hühner
de,chicken,white,young,nom,,das junge weiße Huhn
de,chicken,white,young,acc,,das junge weiße Huhn
de,chicken,white,young,dat,,dem jungen weißen Huhn
de,chicken,white,young,plural,0,zwei junge weiße Hühner
de,chicken,white,young,plural,1,drei junge weiße Hühner
de,chicken,white,young,plural,2,vier junge weiße Hühner
de,chicken,white,young,plural,3,fünf junge weiße Hühner
de,chicken,white,young,plural,4,sechs junge weiße Hühner
de,chicken,white,young,plural,5,sieben junge weiße Hühner
de,chicken,white,young,plural,6,acht junge weiße Hühner
de,chicken,white,old,nom,,das alte weiße Huhn
de,chicken,white,old,acc,,das alte weiße Huhn
de,chicken,white,old,dat,,dem alten weißen Huhn
de,chicken,white,old,plural,0,zwei alte weiße Hühner
de,chicken,white,old,plural,1,drei alte weiße Hühner
de,chicken,white,old,plural,2,vier alte weiße Hühner
de,chicken,white,old,plural,3,fünf alte weiße Hühner
de,chicken,white,old,plural,4,sechs alte weiße Hühner
de,chicken,white,old,plural,5,sieben alte weiße Hühner
de,chicken,white,old,plural,6,acht alte weiße Hühner
de,rabbit,red,small,nom,,das kleine rote Kaninchen
de,rabbit,red,small,acc,,das kleine rote Kaninchen
de,rabbit,red,small,dat,,dem kleinen roten Kaninchen
de,rabbit,red,small,plural,0,zwei kleine rote Kaninchen
de,rabbit,red,small,plural,1,drei kleine rote Kaninchen
de,rabbit,red,small,plural,2,vier kleine rote Kaninchen
de,rabbit,red,small,plural,3,fünf kleine rote Kaninchen
de,rabbit,red,small,plural,4,sechs kleine rote Kaninchen
de,rabbit,red,small,plural,5,sieben kleine rote Kaninchen
de,rabbit,red,small,plural,6,acht kleine rote Kaninchen
de,rabbit,red,large,nom,,das große rote Kaninchen
de,rabbit,red,large,acc,,das große rote Kaninchen
de,rabbit,red,large,dat,,dem großen roten Kaninchen
de,rabbit,red,large,plural,0,zwei große rote Kaninchen
de,rabbit,red,large,plural,1,drei große rote Kaninchen
de,rabbit,red,large,plural,2,vier große rote Kaninchen
de,rabbit,red,large,plural,3,fünf große rote Kaninchen
de,rabbit,red,large,plural,4,sechs große rote Kaninchen
de,rabbit,red,large,plural,5,sieben große rote Kaninchen
de,rabbit,red,large,plural,6,acht große rote Kaninchen
de,rabbit,red,young,nom,,das junge rote Kaninchen
de,rabbit,red,young,acc,,das junge rote Kaninchen
de,rabbit,red,young,dat,,dem jungen roten Kaninchen
de,rabbit,red,young,plural,0,zwei junge rote Kaninchen
de,rabbit,red,young,plural,1,drei junge rote Kaninchen
de,rabbit,red,young,plural,2,vier junge rote Kaninchen
de,rabbit,red,young,plural,3,fünf junge rote Kaninchen
de,rabbit,red,young,plural,4,sechs junge rote Kaninchen
de,rabbit,red,young,plural,5,sieben junge rote Kaninchen
de,rabbit,red,young,plural,6,acht junge rote Kaninchen
de,rabbit,red,old,nom,,das alte rote Kaninchen
de,rabbit,red,old,acc,,das alte rote Kaninchen
de,rabbit,red,old,dat,,dem alten roten Kaninchen
de,rabbit,red,old,plural,0,zwei alte rote Kaninchen
de,rabbit,red,old,plural,1,drei alte rote Kaninchen
de,rabbit,red,old,plural,2,vier alte rote Kaninchen
de,rabbit,red,old,plural,3,fünf alte rote Kaninchen
de,rabbit,red,old,plural,4,sechs alte rote Kaninchen
de,rabbit,red,old,plural,5,sieben alte rote Kaninchen
de,rabbit,red,old,plural,6,acht alte rote Kaninchen
de,rabbit,blue,small,nom,,das kleine blaue Kaninchen
de,rabbit,blue,small,acc,,das kleine blaue Kaninchen
de,rabbit,blue,small,dat,,dem kleinen blauen Kaninchen
de,rabbit,blue,small,plural,0,zwei kleine blaue Kaninchen
de,rabbit,blue,small,plural,1,drei kleine blaue Kaninchen
de,rabbit,blue,small,plural,2,vier kleine blaue Kaninchen
de,rabbit,blue,small,plural,3,fünf kleine blaue Kaninchen
de,rabbit,blue,small,plural,4,sechs kleine blaue Kaninchen
de,rabbit,blue,small,plural,5,sieben kleine blaue Kaninchen
de,rabbit,blue,small,plural,6,acht kleine blaue Kaninchen
de,rabbit,blue,large,nom,,das große blaue Kaninchen
de,rabbit,blue,large,acc,,das große blaue Kaninchen
de,rabbit,blue,large,dat,,dem großen blauen Kaninchen
de,rabbit,blue,large,plural,0,zwei große blaue Kaninchen
de,rabbit,blue,large,plural,1,drei große blaue Kaninchen
de,rabbit,blue,large,plural,2,vier große blaue Kaninchen
de,rabbit,blue,large,plural,3,fünf große blaue Kaninchen
de,rabbit,blue,large,plural,4,sechs große blaue Kaninchen
de,rabbit,blue,large,plural,5,sieben große blaue Kaninchen
de,rabbit,blue,large,plural,6,acht große blaue Kaninchen
de,rabbit,blue,young,nom,,das junge blaue Kaninchen
de,rabbit,blue,young,acc,,das junge blaue Kaninchen
de,rabbit,blue,young,dat,,dem jungen blauen Kaninchen
de,rabbit,blue,young,plural,0,zwei junge blaue Kaninchen
de,rabbit,blue,young,plural,1,drei junge blaue Kaninchen
de,rabbit,blue,young,plural,2,vier junge blaue Kaninchen
de,rabbit,blue,young,plural,3,fünf junge blaue Kaninchen
de,rabbit,blue,young,plural,4,sechs junge blaue Kaninchen
de,rabbit,blue,young,plural,5,sieben junge blaue Kaninchen
de,rabbit,blue,young,plural,6,acht junge blaue Kaninchen
de,rabbit,blue,old,nom,,das alte blaue Kaninchen
de,rabbit,blue,old,acc,,das alte blaue Kaninchen
de,rabbit,blue,old,dat,,dem alten blauen Kaninchen
de,rabbit,blue,old,plural,0,zwei alte blaue Kaninchen
de,rabbit,blue,old,plural,1,drei alte blaue Kaninchen
de,rabbit,blue,old,plural,2,vier alte blaue Kaninchen
de,rabbit,blue,old,plural,3,fünf alte blaue Kaninchen
de,rabbit,blue,old,plural,4,sechs alte blaue Kaninchen
de,rabbit,blue,old,plural,5,sieben alte blaue Kaninchen
de,rabbit,blue,old,plural,6,acht alte blaue Kaninchen
de,rabbit,green,small,nom,,das kleine grüne Kaninchen
de,rabbit,green,small,acc,,das kleine grüne Kaninchen
de,rabbit,green,small,dat,,dem kleinen grünen Kaninchen
de,rabbit,green,small,plural,0,zwei kleine grüne Kaninchen
de,rabbit,green,small,plural,1,drei kleine grüne Kaninchen
de,rabbit,green,small,plural,2,vier kleine grüne Kaninchen
de,rabbit,green,small,plural,3,fünf kleine grüne Kaninchen
de,rabbit,green,small,plural,4,sechs kleine grüne Kaninchen
de,rabbit,green,small,plural,5,sieben kleine grüne Kaninchen
de,rabbit,green,small,plural,6,acht kleine grüne Kaninchen
de,rabbit,green,large,nom,,das große grüne Kaninchen
de,rabbit,green,large,acc,,das große grüne Kaninchen
de,rabbit,green,large,dat,,dem großen grünen Kaninchen
de,rabbit,green,large,plural,0,zwei große grüne Kaninchen
de,rabbit,green,large,plural,1,drei große grüne Kaninchen
de,rabbit,green,large,plural,2,vier große grüne Kaninchen
de,rabbit,green,large,plural,3,fünf große grüne Kaninchen
de,rabbit,green,large,plural,4,sechs große grüne Kaninchen
de,rabbit,green,large,plural,5,sieben große grüne Kaninchen
de,rabbit,green,large,plural,6,acht große grüne Kaninchen
de,rabbit,green,young,nom,,das junge grüne Kaninchen
de,rabbit,green,young,acc,,das junge grüne Kaninchen
de,rabbit,green,young,dat,,dem jungen grünen Kaninchen
de,rabbit,green,young,plural,0,zwei junge grüne Kaninchen
de,rabbit,green,young,plural,1,drei junge grüne Kaninchen
de,rabbit,green,young,plural,2,vier junge grüne Kaninchen
de,rabbit,green,young,plural,3,fünf junge grüne Kaninchen
de,rabbit,green,young,plural,4,sechs junge grüne Kaninchen
de,rabbit,green,young,plural,5,sieben junge grüne Kaninchen
de,rabbit,green,young,plural,6,acht junge grüne Kaninchen
de,rabbit,green,old,nom,,das alte grüne Kaninchen
de,rabbit,green,old,acc,,das alte grüne Kaninchen
de,rabbit,green,old,dat,,dem alten grünen Kaninchen
de,rabbit,green,old,plural,0,zwei alte grüne Kaninchen
de,rabbit,green,old,plural,1,drei alte grüne Kaninchen
de,rabbit,green,old,plural,2,vier alte grüne Kaninchen
de,rabbit,green,old,plural,3,fünf alte grüne Kaninchen
de,rabbit,green,old,plural,4,sechs alte grüne Kaninchen
de,rabbit,green,old,plural,5,sieben alte grüne Kaninchen
de,rabbit,green,old,plural,6,acht alte grüne Kaninchen
de,rabbit,yellow,small,nom,,das kleine gelbe Kaninchen
de,rabbit,yellow,small,acc,,das kleine gelbe Kaninchen
de,rabbit,yellow,small,dat,,dem kleinen gelben Kaninchen
de,rabbit,yellow,small,plural,0,zwei kleine gelbe Kaninchen
de,rabbit,yellow,small,plural,1,drei kleine gelbe Kaninchen
de,rabbit,yellow,small,plural,2,vier kleine gelbe Kaninchen
de,rabbit,yellow,small,plural,3,fünf kleine gelbe Kaninchen
de,rabbit,yellow,small,plural,4,sechs kleine gelbe Kaninchen
de,rabbit,yellow,small,plural,5,sieben kleine gelbe Kaninchen
de,rabbit,yellow,small,plural,6,acht kleine gelbe Kaninchen
de,rabbit,yellow,large,nom,,das große gelbe Kaninchen
de,rabbit,yellow,large,acc,,das große gelbe Kaninchen
de,rabbit,yellow,large,dat,,dem großen gelben Kaninchen
de,rabbit,yellow,large,plural,0,zwei große gelbe Kaninchen
de,rabbit,yellow,large,plural,1,drei große gelbe Kaninchen
de,rabbit,yellow,large,plural,2,vier große gelbe Kaninchen
de,rabbit,yellow,large,plural,3,fünf große gelbe Kaninchen
de,rabbit,yellow,large,plural,4,sechs große gelbe Kaninchen
de,rabbit,yellow,large,plural,5,sieben große gelbe Kaninchen
de,rabbit,yellow,large,plural,6,acht große gelbe Kaninchen
de,rabbit,yellow,young,nom,,das junge gelbe Kaninchen
de,rabbit,yellow,young,acc,,das junge gelbe Kaninchen
de,rabbit,yellow,young,dat,,dem jungen gelben Kaninchen
de,rabbit,yellow,young,plural,0,zwei junge gelbe Kaninchen
de,rabbit,yellow,young,plural,1,drei junge gelbe Kaninchen
de,rabbit,yellow,young,plural,2,vier junge gelbe Kaninchen
de,rabbit,yellow,young,plural,3,fünf junge gelbe Kaninchen
de,rabbit,yellow,young,plural,4,sechs junge gelbe Kaninchen
de,rabbit,yellow,young,plural,5,sieben junge gelbe Kaninchen
de,rabbit,yellow,young,plural,6,acht junge gelbe Kaninchen
de,rabbit,yellow,old,nom,,das alte gelbe Kaninchen
de,rabbit,yellow,old,acc,,das alte gelbe Kaninchen
de,rabbit,yellow,old,dat,,dem alten gelben Kaninchen
de,rabbit,yellow,old,plural,0,zwei alte gelbe Kaninchen
de,rabbit,yellow,old,plural,1,drei alte gelbe Kaninchen
de,rabbit,yellow,old,plural,2,vier alte gelbe Kaninchen
de,rabbit,yellow,old,plural,3,fünf alte gelbe Kaninchen
de,rabbit,yellow,old,plural,4,sechs alte gelbe Kaninchen
de,rabbit,yellow,old,plural,5,sieben alte gelbe Kaninchen
de,rabbit,yellow,old,plural,6,acht alte gelbe Kaninchen
de,rabbit,black,small,nom,,das kleine schwarze Kaninchen
de,rabbit,black,small,acc,,das kleine schwarze Kaninchen
de,rabbit,black,small,dat,,dem kleinen schwarzen Kaninchen
de,rabbit,black,small,plural,0,zwei kleine schwarze Kaninchen
de,rabbit,black,small,plural,1,drei kleine schwarze Kaninchen
de,rabbit,black,small,plural,2,vier kleine schwarze Kaninchen
de,rabbit,black,small,plural,3,fünf kleine schwarze Kaninchen
de,rabbit,black,small,plural,4,sechs kleine schwarze Kaninchen
de,rabbit,black,small,plural,5,sieben kleine schwarze Kaninchen
de,rabbit,black,small,plural,6,acht kleine schwarze Kaninchen
de,rabbit,black,large,nom,,das große schwarze Kaninchen
de,rabbit,black,large,acc,,das große schwarze Kaninchen
de,rabbit,black,large,dat,,dem großen schwarzen Kaninchen
de,rabbit,black,large,plural,0,zwei große schwarze Kaninchen
de,rabbit,black,large,plural,1,drei große schwarze Kaninchen
de,rabbit,black,large,plural,2,vier große schwarze Kaninchen
de,rabbit,black,large,plural,3,fünf große schwarze Kaninchen
de,rabbit,black,large,plural,4,sechs große schwarze Kaninchen
de,rabbit,black,large,plural,5,sieben große schwarze Kaninchen
de,rabbit,black,large,plural,6,acht große schwarze Kaninchen
de,rabbit,black,young,nom,,das junge schwarze Kaninchen
de,rabbit,black,young,acc,,das junge schwarze Kaninchen
de,rabbit,black,young,dat,,dem jungen schwarzen Kaninchen
de,rabbit,black,young,plural,0,zwei junge schwarze Kaninchen
de,rabbit,black,young,plural,1,drei junge schwarze Kaninchen
de,rabbit,black,young,plural,2,vier junge schwarze Kaninchen
de,rabbit,black,young,plural,3,fünf junge schwarze Kaninchen
de,rabbit,black,young,plural,4,sechs junge schwarze Kaninchen
de,rabbit,black,young,plural,5,sieben junge schwarze Kaninchen
de,rabbit,black,young,plural,6,acht junge schwarze Kaninchen
de,rabbit,black,old,nom,,das alte schwarze Kaninchen
de,rabbit,black,old,acc,,das alte schwarze Kaninchen
de,rabbit,black,old,dat,,dem alten schwarzen Kaninchen
de,rabbit,black,old,plural,0,zwei alte schwarze Kaninchen
de,rabbit,black,old,plural,1,drei alte schwarze Kaninchen
de,rabbit,black,old,plural,2,vier alte schwarze Kaninchen
de,rabbit,black,old,plural,3,fünf alte schwarze Kaninchen
de,rabbit,black,old,plural,4,sechs alte schwarze Kaninchen
de,rabbit,black,old,plural,5,sieben alte schwarze Kaninchen
de,rabbit,black,old,plural,6,acht alte schwarze Kaninchen
de,rabbit,white,small,nom,,das kleine weiße Kaninchen
de,rabbit,white,small,acc,,das kleine weiße Kaninchen
de,rabbit,white,small,dat,,dem kleinen weißen Kaninchen
de,rabbit,white,small,plural,0,zwei kleine weiße Kaninchen
de,rabbit,white,small,plural,1,drei kleine weiße Kaninchen
de,rabbit,white,small,plural,2,vier kleine weiße Kaninchen
de,rabbit,white,small,plural,3,fünf kleine weiße Kaninchen
de,rabbit,white,small,plural,4,sechs kleine weiße Kaninchen
de,rabbit,white,small,plural,5,sieben kleine weiße Kaninchen
de,rabbit,white,small,plural,6,acht kleine weiße Kaninchen
de,rabbit,white,large,nom,,das große weiße Kaninchen
de,rabbit,white,large,acc,,das große weiße Kaninchen
de,rabbit,white,large,dat,,dem großen weißen Kaninchen
de,rabbit,white,large,plural,0,zwei große weiße Kaninchen
de,rabbit,white,large,plural,1,drei große weiße Kaninchen
de,rabbit,white,large,plural,2,vier große weiße Kaninchen
de,rabbit,white,large,plural,3,fünf große weiße Kaninchen
de,rabbit,white,large,plural,4,sechs große weiße Kaninchen
de,rabbit,white,large,plural,5,sieben große weiße Kaninchen
de,rabbit,white,large,plural,6,acht große weiße Kaninchen
de,rabbit,white,young,nom,,das junge weiße Kaninchen
de,rabbit,white,young,acc,,das junge weiße Kaninchen
de,rabbit,white,young,dat,,dem jungen weißen Kaninchen
de,rabbit,white,young,plural,0,zwei junge weiße Kaninchen
de,rabbit,white,young,plural,1,drei junge weiße Kaninchen
de,rabbit,white,young,plural,2,vier junge weiße Kaninchen
de,rabbit,white,young,plural,3,fünf junge weiße Kaninchen
de,rabbit,white,young,plural,4,sechs junge weiße Kaninchen
de,rabbit,white,young,plural,5,sieben junge weiße Kaninchen
de,rabbit,white,young,plural,6,acht junge weiße Kaninchen
de,rabbit,white,old,nom,,das alte weiße Kaninchen
de,rabbit,white,old,acc,,das alte weiße Kaninchen
de,rabbit,white,old,dat,,dem alten weißen Kaninchen
de,rabbit,white,old,plural,0,zwei alte weiße Kaninchen
de,rabbit,white,old,plural,1,drei alte weiße Kaninchen
de,rabbit,white,old,plural,2,vier alte weiße Kaninchen
de,rabbit,white,old,plural,3,fünf alte weiße Kaninchen
de,rabbit,white,old,plural,4,sechs alte weiße Kaninchen
de,rabbit,white,old,plural,5,sieben alte weiße Kaninchen
de,rabbit,white,old,plural,6,acht alte weiße Kaninchen
ko,dog,red,small,nom,,작은 빨간색 개가
ko,dog,red,small,acc,,작은 빨간색 개를
ko,dog,red,small,gen,,작은 빨간색 개의
ko,dog,red,small,plural,0,작은 빨간색 개 두 마리
ko,dog,red,small,plural,1,작은 빨간색 개 세 마리
ko,dog,red,small,plural,2,작은 빨간색 개 네 마리
ko,dog,red,small,plural,3,작은 빨간색 개 다섯 마리
ko,dog,red,small,plural,4,작은 빨간색 개 여섯 마리
ko,dog,red,small,plural,5,작은 빨간색 개 일곱 마리
ko,dog,red,small,plural,6,작은 빨간색 개 여덟 마리
ko,dog,red,large,nom,,큰 빨간색 개가
ko,dog,red,large,acc,,큰 빨간색 개를
ko,dog,red,large,gen,,큰 빨간색 개의
ko,dog,red,large,plural,0,큰 빨간색 개 두 마리
ko,dog,red,large,plural,1,큰 빨간색 개 세 마리
ko,dog,red,large,plural,2,큰 빨간색 개 네 마리
ko,dog,red,large,plural,3,큰 빨간색 개 다섯 마리
ko,dog,red,large,plural,4,큰 빨간색 개 여섯 마리
ko,dog,red,large,plural,5,큰 빨간색 개 일곱 마리
ko,dog,red,large,plural,6,큰 빨간색 개 여덟 마리
ko,dog,red,young,nom,,어린 빨간색 개가
ko,dog,red,young,acc,,어린 빨간색 개를
ko,dog,red,young,gen,,어린 빨간색 개의
ko,dog,red,young,plural,0,어린 빨간색 개 두 마리
ko,dog,red,young,plural,1,어린 빨간색 개 세 마리
ko,dog,red,young,plural,2,어린 빨간색 개 네 마리
ko,dog,red,young,plural,3,어린 빨간색 개 다섯 마리
ko,dog,red,young,plural,4,어린 빨간색 개 여섯 마리
ko,dog,red,young,plural,5,어린 빨간색 개 일곱 마리
ko,dog,red,young,plural,6,어린 빨간색 개 여덟 마리
ko,dog,red,old,nom,,늙은 빨간색 개가
ko,dog,red,old,acc,,늙은 빨간색 개를
ko,dog,red,old,gen,,늙은 빨간색 개의
ko,dog,red,old,plural,0,늙은 빨간색 개 두 마리
ko,dog,red,old,plural,1,늙은 빨간색 개 세 마리
ko,dog,red,old,plural,2,늙은 빨간색 개 네 마리
ko,dog,red,old,plural,3,늙은 빨간색 개 다섯 마리
ko,dog,red,old,plural,4,늙은 빨간색 개 여섯 마리
ko,dog,red,old,plural,5,늙은 빨간색 개 일곱 마리
ko,dog,red,old,plural,6,늙은 빨간색 개 여덟 마리
ko,dog,blue,small,nom,,작은 파란색 개가
ko,dog,blue,small,acc,,작은 파란색 개를
ko,dog,blue,small,gen,,작은 파란색 개의
ko,dog,blue,small,plural,0,작은 파란색 개 두 마리
ko,dog,blue,small,plural,1,작은 파란색 개 세 마리
ko,dog,blue,small,plural,2,작은 파란색 개 네 마리
ko,dog,blue,small,plural,3,작은 파란색 개 다섯 마리
ko,dog,blue,small,plural,4,작은 파란색 개 여섯 마리
ko,dog,blue,small,plural,5,작은 파란색 개 일곱 마리
ko,dog,blue,small,plural,6,작은 파란색 개 여덟 마리
ko,dog,blue,large,nom,,큰 파란색 개가
ko,dog,blue,large,acc,,큰 파란색 개를
ko,dog,blue,large,gen,,큰 파란색 개의
ko,dog,blue,large,plural,0,큰 파란색 개 두 마리
ko,dog,blue,large,plural,1,큰 파란색 개 세 마리
ko,dog,blue,large,plural,2,큰 파란색 개 네 마리
ko,dog,blue,large,plural,3,큰 파란색 개 다섯 마리
ko,dog,blue,large,plural,4,큰 파란색 개 여섯 마리
ko,dog,blue,large,plural,5,큰 파란색 개 일곱 마리
ko,dog,blue,large,plural,6,큰 파란색 개 여덟 마리
ko,dog,blue,young,nom,,어린 파란색 개가
ko,dog,blue,young,acc,,어린 파란색 개를
ko,dog,blue,young,gen,,어린 파란색 개의
ko,dog,blue,young,plural,0,어린 파란색 개 두 마리
ko,dog,blue,young,plural,1,어린 파란색 개 세 마리
ko,dog,blue,young,plural,2,어린 파란색 개 네 마리
ko,dog,blue,young,plural,3,어린 파란색 개 다섯 마리
ko,dog,blue,young,plural,4,어린 파란색 개 여섯 마리
ko,dog,blue,young,plural,5,어린 파란색 개 일곱 마리
ko,dog,blue,young,plural,6,어린 파란색 개 여덟 마리
ko,dog,blue,old,nom,,늙은 파란색 개가
ko,dog,blue,old,acc,,늙은 파란색 개를
ko,dog,blue,old,gen,,늙은 파란색 개의
ko,dog,blue,old,plural,0,늙은 파란색 개 두 마리
ko,dog,blue,old,plural,1,늙은 파란색 개 세 마리
ko,dog,blue,old,plural,2,늙은 파란색 개 네 마리
ko,dog,blue,old,plural,3,늙은 파란색 개 다섯 마리
ko,dog,blue,old,plural,4,늙은 파란색 개 여섯 마리
ko,dog,blue,old,plural,5,늙은 파란색 개 일곱 마리
ko,dog,blue,old,plural,6,늙은 파란색 개 여덟 마리
ko,dog,green,small,nom,,작은 초록색 개가
ko,dog,green,small,acc,,작은 초록색 개를
ko,dog,green,small,gen,,작은 초록색 개의
ko,dog,green,small,plural,0,작은 초록색 개 두 마리
ko,dog,green,small,plural,1,작은 초록색 개 세 마리
ko,dog,green,small,plural,2,작은 초록색 개 네 마리
ko,dog,green,small,plural,3,작은 초록색 개 다섯 마리
ko,dog,green,small,plural,4,작은 초록색 개 여섯 마리
ko,dog,green,small,plural,5,작은 초록색 개 일곱 마리
ko,dog,green,small,plural,6,작은 초록색 개 여덟 마리
ko,dog,green,large,nom,,큰 초록색 개가
ko,dog,green,large,acc,,큰 초록색 개를
ko,dog,green,large,gen,,큰 초록색 개의
ko,dog,green,large,plural,0,큰 초록색 개 두 마리
ko,dog,green,large,plural,1,큰 초록색 개 세 마리
ko,dog,green,large,plural,2,큰 초록색 개 네 마리
ko,dog,green,large,plural,3,큰 초록색 개 다섯 마리
ko,dog,green,large,plural,4,큰 초록색 개 여섯 마리
ko,dog,green,large,plural,5,큰 초록색 개 일곱 마리
ko,dog,green,large,plural,6,큰 초록색 개 여덟 마리
ko,dog,green,young,nom,,어린 초록색 개가
ko,dog,green,young,acc,,어린 초록색 개를
ko,dog,green,young,gen,,어린 초록색 개의
ko,dog,green,young,plural,0,어린 초록색 개 두 마리
ko,dog,green,young,plural,1,어린 초록색 개 세 마리
ko,dog,green,young,plural,2,어린 초록색 개 네 마리
ko,dog,green,young,plural,3,어린 초록색 개 다섯 마리
ko,dog,green,young,plural,4,어린 초록색 개 여섯 마리
ko,dog,green,young,plural,5,어린 초록색 개 일곱 마리
ko,dog,green,young,plural,6,어린 초록색 개 여덟 마리
ko,dog,green,old,nom,,늙은 초록색 개가
ko,dog,green,old,acc,,늙은 초록색 개를
ko,dog,green,old,gen,,늙은 초록색 개의
ko,dog,green,old,plural,0,늙은 초록색 개 두 마리
ko,dog,green,old,plural,1,늙은 초록색 개 세 마리
ko,dog,green,old,plural,2,늙은 초록색 개 네 마리
ko,dog,green,old,plural,3,늙은 초록색 개 다섯 마리
ko,dog,green,old,plural,4,늙은 초록색 개 여섯 마리
ko,dog,green,old,plural,5,늙은 초록색 개 일곱 마리
ko,dog,green,old,plural,6,늙은 초록색 개 여덟 마리
ko,dog,yellow,small,nom,,작은 노란색 개가
ko,dog,yellow,small,acc,,작은 노란색 개를
ko,dog,yellow,small,gen,,작은 노란색 개의
ko,dog,yellow,small,plural,0,작은 노란색 개 두 마리
ko,dog,yellow,small,plural,1,작은 노란색 개 세 마리
ko,dog,yellow,small,plural,2,작은 노란색 개 네 마리
ko,dog,yellow,small,plural,3,작은 노란색 개 다섯 마리
ko,dog,yellow,small,plural,4,작은 노란색 개 여섯 마리
ko,dog,yellow,small,plural,5,작은 노란색 개 일곱 마리
ko,dog,yellow,small,plural,6,작은 노란색 개 여덟 마리
ko,dog,yellow,large,nom,,큰 노란색 개가
ko,dog,yellow,large,acc,,큰 노란색 개를
ko,dog,yellow,large,gen,,큰 노란색 개의
ko,dog,yellow,large,plural,0,큰 노란색 개 두 마리
ko,dog,yellow,large,plural,1,큰 노란색 개 세 마리
ko,dog,yellow,large,plural,2,큰 노란색 개 네 마리
ko,dog,yellow,large,plural,3,큰 노란색 개 다섯 마리
ko,dog,yellow,large,plural,4,큰 노란색 개 여섯 마리
ko,dog,yellow,large,plural,5,큰 노란색 개 일곱 마리
ko,dog,yellow,large,plural,6,큰 노란색 개 여덟 마리
ko,dog,yellow,young,nom,,어린 노란색 개가
ko,dog,yellow,young,acc,,어린 노란색 개를
ko,dog,yellow,young,gen,,어린 노란색 개의
ko,dog,yellow,young,plural,0,어린 노란색 개 두 마리
ko,dog,yellow,young,plural,1,어린 노란색 개 세 마리
ko,dog,yellow,young,plural,2,어린 노란색 개 네 마리
ko,dog,yellow,young,plural,3,어린 노란색 개 다섯 마리
ko,dog,yellow,young,plural,4,어린 노란색 개 여섯 마리
ko,dog,yellow,young,plural,5,어린 노란색 개 일곱 마리
ko,dog,yellow,young,plural,6,어린 노란색 개 여덟 마리
ko,dog,yellow,old,nom,,늙은 노란색 개가
ko,dog,yellow,old,acc,,늙은 노란색 개를
ko,dog,yellow,old,gen,,늙은 노란색 개의
ko,dog,yellow,old,plural,0,늙은 노란색 개 두 마리
ko,dog,yellow,old,plural,1,늙은 노란색 개 세 마리
ko,dog,yellow,old,plural,2,늙은 노란색 개 네 마리
ko,dog,yellow,old,plural,3,늙은 노란색 개 다섯 마리
ko,dog,yellow,old,plural,4,늙은 노란색 개 여섯 마리
ko,dog,yellow,old,plural,5,늙은 노란색 개 일곱 마리
ko,dog,yellow,old,plural,6,늙은 노란색 개 여덟 마리
ko,dog,black,small,nom,,작은 검은색 개가
ko,dog,black,small,acc,,작은 검은색 개를
ko,dog,black,small,gen,,작은 검은색 개의
ko,dog,black,small,plural,0,작은 검은색 개 두 마리
ko,dog,black,small,plural,1,작은 검은색 개 세 마리
ko,dog,black,small,plural,2,작은 검은색 개 네 마리
ko,dog,black,small,plural,3,작은 검은색 개 다섯 마리
ko,dog,black,small,plural,4,작은 검은색 개 여섯 마리
ko,dog,black,small,plural,5,작은 검은색 개 일곱 마리
ko,dog,black,small,plural,6,작은 검은색 개 여덟 마리
ko,dog,black,large,nom,,큰 검은색 개가
ko,dog,black,large,acc,,큰 검은색 개를
ko,dog,black,large,gen,,큰 검은색 개의
ko,dog,black,large,plural,0,큰 검은색 개 두 마리
ko,dog,black,large,plural,1,큰 검은색 개 세 마리
ko,dog,black,large,plural,2,큰 검은색 개 네 마리
ko,dog,black,large,plural,3,큰 검은색 개 다섯 마리
ko,dog,black,large,plural,4,큰 검은색 개 여섯 마리
ko,dog,black,large,plural,5,큰 검은색 개 일곱 마리
ko,dog,black,large,plural,6,큰 검은색 개 여덟 마리
ko,dog,black,young,nom,,어린 검은색 개가
ko,dog,black,young,acc,,어린 검은색 개를
ko,dog,black,young,gen,,어린 검은색 개의
ko,dog,black,young,plural,0,어린 검은색 개 두 마리
ko,dog,black,young,plural,1,어린 검은색 개 세 마리
ko,dog,black,young,plural,2,어린 검은색 개 네 마리
ko,dog,black,young,plural,3,어린 검은색 개 다섯 마리
ko,dog,black,young,plural,4,어린 검은색 개 여섯 마리
ko,dog,black,young,plural,5,어린 검은색 개 일곱 마리
ko,dog,black,young,plural,6,어린 검은색 개 여덟 마리
ko,dog,black,old,nom,,늙은 검은색 개가
ko,dog,black,old,acc,,늙은 검은색 개를
ko,dog,black,old,gen,,늙은 검은색 개의
ko,dog,black,old,plural,0,늙은 검은색 개 두 마리
ko,dog,black,old,plural,1,늙은 검은색 개 세 마리
ko,dog,black,old,plural,2,늙은 검은색 개 네 마리
ko,dog,black,old,plural,3,늙은 검은색 개 다섯 마리
ko,dog,black,old,plural,4,늙은 검은색 개 여섯 마리
ko,dog,black,old,plural,5,늙은 검은색 개 일곱 마리
ko,dog,black,old,plural,6,늙은 검은색 개 여덟 마리
ko,dog,white,small,nom,,작은 하얀색 개가
ko,dog,white,small,acc,,작은 하얀색 개를
ko,dog,white,small,gen,,작은 하얀색 개의
ko,dog,white,small,plural,0,작은 하얀색 개 두 마리
ko,dog,white,small,plural,1,작은 하얀색 개 세 마리
ko,dog,white,small,plural,2,작은 하얀색 개 네 마리
ko,dog,white,small,plural,3,작은 하얀색 개 다섯 마리
ko,dog,white,small,plural,4,작은 하얀색 개 여섯 마리
ko,dog,white,small,plural,5,작은 하얀색 개 일곱 마리
ko,dog,white,small,plural,6,작은 하얀색 개 여덟 마리
ko,dog,white,large,nom,,큰 하얀색 개가
ko,dog,white,large,acc,,큰 하얀색 개를
ko,dog,white,large,gen,,큰 하얀색 개의
ko,dog,white,large,plural,0,큰 하얀색 개 두 마리
ko,dog,white,large,plural,1,큰 하얀색 개 세 마리
ko,dog,white,large,plural,2,큰 하얀색 개 네 마리
ko,dog,white,large,plural,3,큰 하얀색 개 다섯 마리
ko,dog,white,large,plural,4,큰 하얀색 개 여섯 마리
ko,dog,white,large,plural,5,큰 하얀색 개 일곱 마리
ko,dog,white,large,plural,6,큰 하얀색 개 여덟 마리
ko,dog,white,young,nom,,어린 하얀색 개가
ko,dog,white,young,acc,,어린 하얀색 개를
ko,dog,white,young,gen,,어린 하얀색 개의
ko,dog,white,young,plural,0,어린 하얀색 개 두 마리
ko,dog,white,young,plural,1,어린 하얀색 개 세 마리
ko,dog,white,young,plural,2,어린 하얀색 개 네 마리
ko,dog,white,young,plural,3,어린 하얀색 개 다섯 마리
ko,dog,white,young,plural,4,어린 하얀색 개 여섯 마리
ko,dog,white,young,plural,5,어린 하얀색 개 일곱 마리
ko,dog,white,young,plural,6,어린 하얀색 개 여덟 마리
ko,dog,white,old,nom,,늙은 하얀색 개가
ko,dog,white,old,acc,,늙은 하얀색 개를
ko,dog,white,old,gen,,늙은 하얀색 개의
ko,dog,white,old,plural,0,늙은 하얀색 개 두 마리
ko,dog,white,old,plural,1,늙은 하얀색 개 세 마리
ko,dog,white,old,plural,2,늙은 하얀색 개 네 마리
ko,dog,white,old,plural,3,늙은 하얀색 개 다섯 마리
ko,dog,white,old,plural,4,늙은 하얀색 개 여섯 마리
ko,dog,white,old,plural,5,늙은 하얀색 개 일곱 마리
ko,dog,white,old,plural,6,늙은 하얀색 개 여덟 마리
ko,fox,red,small,nom,,작은 빨간색 여우가
ko,fox,red,small,acc,,작은 빨간색 여우를
ko,fox,red,small,gen,,작은 빨간색 여우의
ko,fox,red,small,plural,0,작은 빨간색 여우 두 마리
ko,fox,red,small,plural,1,작은 빨간색 여우 세 마리
ko,fox,red,small,plural,2,작은 빨간색 여우 네 마리
ko,fox,red,small,plural,3,작은 빨간색 여우 다섯 마리
ko,fox,red,small,plural,4,작은 빨간색 여우 여섯 마리
ko,fox,red,small,plural,5,작은 빨간색 여우 일곱 마리
ko,fox,red,small,plural,6,작은 빨간색 여우 여덟 마리
ko,fox,red,large,nom,,큰 빨간색 여우가
ko,fox,red,large,acc,,큰 빨간색 여우를
ko,fox,red,large,gen,,큰 빨간색 여우의
ko,fox,red,large,plural,0,큰 빨간색 여우 두 마리
ko,fox,red,large,plural,1,큰 빨간색 여우 세 마리
ko,fox,red,large,plural,2,큰 빨간색 여우 네 마리
ko,fox,red,large,plural,3,큰 빨간색 여우 다섯 마리
ko,fox,red,large,plural,4,큰 빨간색 여우 여섯 마리
ko,fox,red,large,plural,5,큰 빨간색 여우 일곱 마리
ko,fox,red,large,plural,6,큰 빨간색 여우 여덟 마리
ko,fox,red,young,nom,,어린 빨간색 여우가
ko,fox,red,young,acc,,어린 빨간색 여우를
ko,fox,red,young,gen,,어린 빨간색 여우의
ko,fox,red,young,plural,0,어린 빨간색 여우 두 마리
ko,fox,red,young,plural,1,어린 빨간색 여우 세 마리
ko,fox,red,young,plural,2,어린 빨간색 여우 네 마리
ko,fox,red,young,plural,3,어린 빨간색 여우 다섯 마리
ko,fox,red,young,plural,4,어린 빨간색 여우 여섯 마리
ko,fox,red,young,plural,5,어린 빨간색 여우 일곱 마리
ko,fox,red,young,plural,6,어린 빨간색 여우 여덟 마리
ko,fox,red,old,nom,,늙은 빨간색 여우가
ko,fox,red,old,acc,,늙은 빨간색 여우를
ko,fox,red,old,gen,,늙은 빨간색 여우의
ko,fox,red,old,plural,0,늙은 빨간색 여우 두 마리
ko,fox,red,old,plural,1,늙은 빨간색 여우 세 마리
ko,fox,red,old,plural,2,늙은 빨간색 여우 네 마리
ko,fox,red,old,plural,3,늙은 빨간색 여우 다섯 마리
ko,fox,red,old,plural,4,늙은 빨간색 여우 여섯 마리
ko,fox,red,old,plural,5,늙은 빨간색 여우 일곱 마리
ko,fox,red,old,plural,6,늙은 빨간색 여우 여덟 마리
ko,fox,blue,small,nom,,작은 파란색 여우가
ko,fox,blue,small,acc,,작은 파란색 여우를
ko,fox,blue,small,gen,,작은 파란색 여우의
ko,fox,blue,small,plural,0,작은 파란색 여우 두 마리
ko,fox,blue,small,plural,1,작은 파란색 여우 세 마리
ko,fox,blue,small,plural,2,작은 파란색 여우 네 마리
ko,fox,blue,small,plural,3,작은 파란색 여우 다섯 마리
ko,fox,blue,small,plural,4,작은 파란색 여우 여섯 마리
ko,fox,blue,small,plural,5,작은 파란색 여우 일곱 마리
ko,fox,blue,small,plural,6,작은 파란색 여우 여덟 마리
ko,fox,blue,large,nom,,큰 파란색 여우가
ko,fox,blue,large,acc,,큰 파란색 여우를
ko,fox,blue,large,gen,,큰 파란색 여우의
ko,fox,blue,large,plural,0,큰 파란색 여우 두 마리
ko,fox,blue,large,plural,1,큰 파란색 여우 세 마리
ko,fox,blue,large,plural,2,큰 파란색 여우 네 마리
ko,fox,blue,large,plural,3,큰 파란색 여우 다섯 마리
ko,fox,blue,large,plural,4,큰 파란색 여우 여섯 마리
ko,fox,blue,large,plural,5,큰 파란색 여우 일곱 마리
ko,fox,blue,large,plural,6,큰 파란색 여우 여덟 마리
ko,fox,blue,young,nom,,어린 파란색 여우가
ko,fox,blue,young,acc,,어린 파란색 여우를
ko,fox,blue,young,gen,,어린 파란색 여우의
ko,fox,blue,young,plural,0,어린 파란색 여우 두 마리
ko,fox,blue,young,plural,1,어린 파란색 여우 세 마리
ko,fox,blue,young,plural,2,어린 파란색 여우 네 마리
ko,fox,blue,young,plural,3,어린 파란색 여우 다섯 마리
ko,fox,blue,young,plural,4,어린 파란색 여우 여섯 마리
ko,fox,blue,young,plural,5,어린 파란색 여우 일곱 마리
ko,fox,blue,young,plural,6,어린 파란색 여우 여덟 마리
ko,fox,blue,old,nom,,늙은 파란색 여우가
ko,fox,blue,old,acc,,늙은 파란색 여우를
ko,fox,blue,old,gen,,늙은 파란색 여우의
ko,fox,blue,old,plural,0,늙은 파란색 여우 두 마리
ko,fox,blue,old,plural,1,늙은 파란색 여우 세 마리
ko,fox,blue,old,plural,2,늙은 파란색 여우 네 마리
ko,fox,blue,old,plural,3,늙은 파란색 여우 다섯 마리
ko,fox,blue,old,plural,4,늙은 파란색 여우 여섯 마리
ko,fox,blue,old,plural,5,늙은 파란색 여우 일곱 마리
ko,fox,blue,old,plural,6,늙은 파란색 여우 여덟 마리
ko,fox,green,small,nom,,작은 초록색 여우가
ko,fox,green,small,acc,,작은 초록색 여우를
ko,fox,green,small,gen,,작은 초록색 여우의
ko,fox,green,small,plural,0,작은 초록색 여우 두 마리
ko,fox,green,small,plural,1,작은 초록색 여우 세 마리
ko,fox,green,small,plural,2,작은 초록색 여우 네 마리
ko,fox,green,small,plural,3,작은 초록색 여우 다섯 마리
ko,fox,green,small,plural,4,작은 초록색 여우 여섯 마리
ko,fox,green,small,plural,5,작은 초록색 여우 일곱 마리
ko,fox,green,small,plural,6,작은 초록색 여우 여덟 마리
ko,fox,green,large,nom,,큰 초록색 여우가
ko,fox,green,large,acc,,큰 초록색 여우를
ko,fox,green,large,gen,,큰 초록색 여우의
ko,fox,green,large,plural,0,큰 초록색 여우 두 마리
ko,fox,green,large,plural,1,큰 초록색 여우 세 마리
ko,fox,green,large,plural,2,큰 초록색 여우 네 마리
ko,fox,green,large,plural,3,큰 초록색 여우 다섯 마리
ko,fox,green,large,plural,4,큰 초록색 여우 여섯 마리
ko,fox,green,large,plural,5,큰 초록색 여우 일곱 마리
ko,fox,green,large,plural,6,큰 초록색 여우 여덟 마리
ko,fox,green,young,nom,,어린 초록색 여우가
ko,fox,green,young,acc,,어린 초록색 여우를
ko,fox,green,young,gen,,어린 초록색 여우의
ko,fox,green,young,plural,0,어린 초록색 여우 두 마리
ko,fox,green,young,plural,1,어린 초록색 여우 세 마리
ko,fox,green,young,plural,2,어린 초록색 여우 네 마리
ko,fox,green,young,plural,3,어린 초록색 여우 다섯 마리
ko,fox,green,young,plural,4,어린 초록색 여우 여섯 마리
ko,fox,green,young,plural,5,어린 초록색 여우 일곱 마리
ko,fox,green,young,plural,6,어린 초록색 여우 여덟 마리
ko,fox,green,old,nom,,늙은 초록색 여우가
ko,fox,green,old,acc,,늙은 초록색 여우를
ko,fox,green,old,gen,,늙은 초록색 여우의
ko,fox,green,old,plural,0,늙은 초록색 여우 두 마리
ko,fox,green,old,plural,1,늙은 초록색 여우 세 마리
ko,fox,green,old,plural,2,늙은 초록색 여우 네 마리
ko,fox,green,old,plural,3,늙은 초록색 여우 다섯 마리
ko,fox,green,old,plural,4,늙은 초록색 여우 여섯 마리
ko,fox,green,old,plural,5,늙은 초록색 여우 일곱 마리
ko,fox,green,old,plural,6,늙은 초록색 여우 여덟 마리
ko,fox,yellow,small,nom,,작은 노란색 여우가
ko,fox,yellow,small,acc,,작은 노란색 여우를
ko,fox,yellow,small,gen,,작은 노란색 여우의
ko,fox,yellow,small,plural,0,작은 노란색 여우 두 마리
ko,fox,yellow,small,plural,1,작은 노란색 여우 세 마리
ko,fox,yellow,small,plural,2,작은 노란색 여우 네 마리
ko,fox,yellow,small,plural,3,작은 노란색 여우 다섯 마리
ko,fox,yellow,small,plural,4,작은 노란색 여우 여섯 마리
ko,fox,yellow,small,plural,5,작은 노란색 여우 일곱 마리
ko,fox,yellow,small,plural,6,작은 노란색 여우 여덟 마리
ko,fox,yellow,large,nom,,큰 노란색 여우가
ko,fox,yellow,large,acc,,큰 노란색 여우를
ko,fox,yellow,large,gen,,큰 노란색 여우의
ko,fox,yellow,large,plural,0,큰 노란색 여우 두 마리
ko,fox,yellow,large,plural,1,큰 노란색 여우 세 마리
ko,fox,yellow,large,plural,2,큰 노란색 여우 네 마리
ko,fox,yellow,large,plural,3,큰 노란색 여우 다섯 마리
ko,fox,yellow,large,plural,4,큰 노란색 여우 여섯 마리
ko,fox,yellow,large,plural,5,큰 노란색 여우 일곱 마리
ko,fox,yellow,large,plural,6,큰 노란색 여우 여덟 마리
ko,fox,yellow,young,nom,,어린 노란색 여우가
ko,fox,yellow,young,acc,,어린 노란색 여우를
ko,fox,yellow,young,gen,,어린 노란색 여우의
ko,fox,yellow,young,plural,0,어린 노란색 여우 두 마리
ko,fox,yellow,young,plural,1,어린 노란색 여우 세 마리
ko,fox,yellow,young,plural,2,어린 노란색 여우 네 마리
ko,fox,yellow,young,plural,3,어린 노란색 여우 다섯 마리
ko,fox,yellow,young,plural,4,어린 노란색 여우 여섯 마리
ko,fox,yellow,young,plural,5,어린 노란색 여우 일곱 마리
ko,fox,yellow,young,plural,6,어린 노란색 여우 여덟 마리
ko,fox,yellow,old,nom,,늙은 노란색 여우가
ko,fox,yellow,old,acc,,늙은 노란색 여우를
ko,fox,yellow,old,gen,,늙은 노란색 여우의
ko,fox,yellow,old,plural,0,늙은 노란색 여우 두 마리
ko,fox,yellow,old,plural,1,늙은 노란색 여우 세 마리
ko,fox,yellow,old,plural,2,늙은 노란색 여우 네 마리
ko,fox,yellow,old,plural,3,늙은 노란색 여우 다섯 마리
ko,fox,yellow,old,plural,4,늙은 노란색 여우 여섯 마리
ko,fox,yellow,old,plural,5,늙은 노란색 여우 일곱 마리
ko,fox,yellow,old,plural,6,늙은 노란색 여우 여덟 마리
ko,fox,black,small,nom,,작은 검은색 여우가
ko,fox,black,small,acc,,작은 검은색 여우를
ko,fox,black,small,gen,,작은 검은색 여우의
ko,fox,black,small,plural,0,작은 검은색 여우 두 마리
ko,fox,black,small,plural,1,작은 검은색 여우 세 마리
ko,fox,black,small,plural,2,작은 검은색 여우 네 마리
ko,fox,black,small,plural,3,작은 검은색 여우 다섯 마리
ko,fox,black,small,plural,4,작은 검은색 여우 여섯 마리
ko,fox,black,small,plural,5,작은 검은색 여우 일곱 마리
ko,fox,black,small,plural,6,작은 검은색 여우 여덟 마리
ko,fox,black,large,nom,,큰 검은색 여우가
ko,fox,black,large,acc,,큰 검은색 여우를
ko,fox,black,large,gen,,큰 검은색 여우의
ko,fox,black,large,plural,0,큰 검은색 여우 두 마리
ko,fox,black,large,plural,1,큰 검은색 여우 세 마리
ko,fox,black,large,plural,2,큰 검은색 여우 네 마리
ko,fox,black,large,plural,3,큰 검은색 여우 다섯 마리
ko,fox,black,large,plural,4,큰 검은색 여우 여섯 마리
ko,fox,black,large,plural,5,큰 검은색 여우 일곱 마리
ko,fox,black,large,plural,6,큰 검은색 여우 여덟 마리
ko,fox,black,young,nom,,어린 검은색 여우가
ko,fox,black,young,acc,,어린 검은색 여우를
ko,fox,black,young,gen,,어린 검은색 여우의
ko,fox,black,young,plural,0,어린 검은색 여우 두 마리
ko,fox,black,young,plural,1,어린 검은색 여우 세 마리
ko,fox,black,young,plural,2,어린 검은색 여우 네 마리
ko,fox,black,young,plural,3,어린 검은색 여우 다섯 마리
ko,fox,black,young,plural,4,어린 검은색 여우 여섯 마리
ko,fox,black,young,plural,5,어린 검은색 여우 일곱 마리
ko,fox,black,young,plural,6,어린 검은색 여우 여덟 마리
ko,fox,black,old,nom,,늙은 검은색 여우가
ko,fox,black,old,acc,,늙은 검은색 여우를
ko,fox,black,old,gen,,늙은 검은색 여우의
ko,fox,black,old,plural,0,늙은 검은색 여우 두 마리
ko,fox,black,old,plural,1,늙은 검은색 여우 세 마리
ko,fox,black,old,plural,2,늙은 검은색 여우 네 마리
ko,fox,black,old,plural,3,늙은 검은색 여우 다섯 마리
ko,fox,black,old,plural,4,늙은 검은색 여우 여섯 마리
ko,fox,black,old,plural,5,늙은 검은색 여우 일곱 마리
ko,fox,black,old,plural,6,늙은 검은색 여우 여덟 마리
ko,fox,white,small,nom,,작은 하얀색 여우가
ko,fox,white,small,acc,,작은 하얀색 여우를
ko,fox,white,small,gen,,작은 하얀색 여우의
ko,fox,white,small,plural,0,작은 하얀색 여우 두 마리
ko,fox,white,small,plural,1,작은 하얀색 여우 세 마리
ko,fox,white,small,plural,2,작은 하얀색 여우 네 마리
ko,fox,white,small,plural,3,작은 하얀색 여우 다섯 마리
ko,fox,white,small,plural,4,작은 하얀색 여우 여섯 마리
ko,fox,white,small,plural,5,작은 하얀색 여우 일곱 마리
ko,fox,white,small,plural,6,작은 하얀색 여우 여덟 마리
ko,fox,white,large,nom,,큰 하얀색 여우가
ko,fox,white,large,acc,,큰 하얀색 여우를
ko,fox,white,large,gen,,큰 하얀색 여우의
ko,fox,white,large,plural,0,큰 하얀색 여우 두 마리
ko,fox,white,large,plural,1,큰 하얀색 여우 세 마리
ko,fox,white,large,plural,2,큰 하얀색 여우 네 마리
ko,fox,white,large,plural,3,큰 하얀색 여우 다섯 마리
ko,fox,white,large,plural,4,큰 하얀색 여우 여섯 마리
ko,fox,white,large,plural,5,큰 하얀색 여우 일곱 마리
ko,fox,white,large,plural,6,큰 하얀색 여우 여덟 마리
ko,fox,white,young,nom,,어린 하얀색 여우가
ko,fox,white,young,acc,,어린 하얀색 여우를
ko,fox,white,young,gen,,어린 하얀색 여우의
ko,fox,white,young,plural,0,어린 하얀색 여우 두 마리
ko,fox,white,young,plural,1,어린 하얀색 여우 세 마리
ko,fox,white,young,plural,2,어린 하얀색 여우 네 마리
ko,fox,white,young,plural,3,어린 하얀색 여우 다섯 마리
ko,fox,white,young,plural,4,어린 하얀색 여우 여섯 마리
ko,fox,white,young,plural,5,어린 하얀색 여우 일곱 마리
ko,fox,white,young,plural,6,어린 하얀색 여우 여덟 마리
ko,fox,white,old,nom,,늙은 하얀색 여우가
ko,fox,white,old,acc,,늙은 하얀색 여우를
ko,fox,white,old,gen,,늙은 하얀색 여우의
ko,fox,white,old,plural,0,늙은 하얀색 여우 두 마리
ko,fox,white,old,plural,1,늙은 하얀색 여우 세 마리
ko,fox,white,old,plural,2,늙은 하얀색 여우 네 마리
ko,fox,white,old,plural,3,늙은 하얀색 여우 다섯 마리
ko,fox,white,old,plural,4,늙은 하얀색 여우 여섯 마리
ko,fox,white,old,plural,5,늙은 하얀색 여우 일곱 마리
ko,fox,white,old,plural,6,늙은 하얀색 여우 여덟 마리
ko,bear,red,small,nom,,작은 빨간색 곰이
ko,bear,red,small,acc,,작은 빨간색 곰을
ko,bear,red,small,gen,,작은 빨간색 곰의
ko,bear,red,small,plural,0,작은 빨간색 곰 두 마리
ko,bear,red,small,plural,1,작은 빨간색 곰 세 마리
ko,bear,red,small,plural,2,작은 빨간색 곰 네 마리
ko,bear,red,small,plural,3,작은 빨간색 곰 다섯 마리
ko,bear,red,small,plural,4,작은 빨간색 곰 여섯 마리
ko,bear,red,small,plural,5,작은 빨간색 곰 일곱 마리
ko,bear,red,small,plural,6,작은 빨간색 곰 여덟 마리
ko,bear,red,large,nom,,큰 빨간색 곰이
ko,bear,red,large,acc,,큰 빨간색 곰을
ko,bear,red,large,gen,,큰 빨간색 곰의
ko,bear,red,large,plural,0,큰 빨간색 곰 두 마리
ko,bear,red,large,plural,1,큰 빨간색 곰 세 마리
ko,bear,red,large,plural,2,큰 빨간색 곰 네 마리
ko,bear,red,large,plural,3,큰 빨간색 곰 다섯 마리
ko,bear,red,large,plural,4,큰 빨간색 곰 여섯 마리
ko,bear,red,large,plural,5,큰 빨간색 곰 일곱 마리
ko,bear,red,large,plural,6,큰 빨간색 곰 여덟 마리
ko,bear,red,young,nom,,어린 빨간색 곰이
ko,bear,red,young,acc,,어린 빨간색 곰을
ko,bear,red,young,gen,,어린 빨간색 곰의
ko,bear,red,young,plural,0,어린 빨간색 곰 두 마리
ko,bear,red,young,plural,1,어린 빨간색 곰 세 마리
ko,bear,red,young,plural,2,어린 빨간색 곰 네 마리
ko,bear,red,young,plural,3,어린 빨간색 곰 다섯 마리
ko,bear,red,young,plural,4,어린 빨간색 곰 여섯 마리
ko,bear,red,young,plural,5,어린 빨간색 곰 일곱 마리
ko,bear,red,young,plural,6,어린 빨간색 곰 여덟 마리
ko,bear,red,old,nom,,늙은 빨간색 곰이
ko,bear,red,old,acc,,늙은 빨간색 곰을
ko,bear,red,old,gen,,늙은 빨간색 곰의
ko,bear,red,old,plural,0,늙은 빨간색 곰 두 마리
ko,bear,red,old,plural,1,늙은 빨간색 곰 세 마리
ko,bear,red,old,plural,2,늙은 빨간색 곰 네 마리
ko,bear,red,old,plural,3,늙은 빨간색 곰 다섯 마리
ko,bear,red,old,plural,4,늙은 빨간색 곰 여섯 마리
ko,bear,red,old,plural,5,늙은 빨간색 곰 일곱 마리
ko,bear,red,old,plural,6,늙은 빨간색 곰 여덟 마리
ko,bear,blue,small,nom,,작은 파란색 곰이
ko,bear,blue,small,acc,,작은 파란색 곰을
ko,bear,blue,small,gen,,작은 파란색 곰의
ko,bear,blue,small,plural,0,작은 파란색 곰 두 마리
ko,bear,blue,small,plural,1,작은 파란색 곰 세 마리
ko,bear,blue,small,plural,2,작은 파란색 곰 네 마리
ko,bear,blue,small,plural,3,작은 파란색 곰 다섯 마리
ko,bear,blue,small,plural,4,작은 파란색 곰 여섯 마리
ko,bear,blue,small,plural,5,작은 파란색 곰 일곱 마리
ko,bear,blue,small,plural,6,작은 파란색 곰 여덟 마리
ko,bear,blue,large,nom,,큰 파란색 곰이
ko,bear,blue,large,acc,,큰 파란색 곰을
ko,bear,blue,large,gen,,큰 파란색 곰의
ko,bear,blue,large,plural,0,큰 파란색 곰 두 마리
ko,bear,blue,large,plural,1,큰 파란색 곰 세 마리
ko,bear,blue,large,plural,2,큰 파란색 곰 네 마리
ko,bear,blue,large,plural,3,큰 파란색 곰 다섯 마리
ko,bear,blue,large,plural,4,큰 파란색 곰 여섯 마리
ko,bear,blue,large,plural,5,큰 파란색 곰 일곱 마리
ko,bear,blue,large,plural,6,큰 파란색 곰 여덟 마리
ko,bear,blue,young,nom,,어린 파란색 곰이
ko,bear,blue,young,acc,,어린 파란색 곰을
ko,bear,blue,young,gen,,어린 파란색 곰의
ko,bear,blue,young,plural,0,어린 파란색 곰 두 마리
ko,bear,blue,young,plural,1,어린 파란색 곰 세 마리
ko,bear,blue,young,plural,2,어린 파란색 곰 네 마리
ko,bear,blue,young,plural,3,어린 파란색 곰 다섯 마리
ko,bear,blue,young,plural,4,어린 파란색 곰 여섯 마리
ko,bear,blue,young,plural,5,어린 파란색 곰 일곱 마리
ko,bear,blue,young,plural,6,어린 파란색 곰 여덟 마리
ko,bear,blue,old,nom,,늙은 파란색 곰이
ko,bear,blue,old,acc,,늙은 파란색 곰을
ko,bear,blue,old,gen,,늙은 파란색 곰의
ko,bear,blue,old,plural,0,늙은 파란색 곰 두 마리
ko,bear,blue,old,plural,1,늙은 파란색 곰 세 마리
ko,bear,blue,old,plural,2,늙은 파란색 곰 네 마리
ko,bear,blue,old,plural,3,늙은 파란색 곰 다섯 마리
ko,bear,blue,old,plural,4,늙은 파란색 곰 여섯 마리
ko,bear,blue,old,plural,5,늙은 파란색 곰 일곱 마리
ko,bear,blue,old,plural,6,늙은 파란색 곰 여덟 마리
ko,bear,green,small,nom,,작은 초록색 곰이
ko,bear,green,small,acc,,작은 초록색 곰을
ko,bear,green,small,gen,,작은 초록색 곰의
ko,bear,green,small,plural,0,작은 초록색 곰 두 마리
ko,bear,green,small,plural,1,작은 초록색 곰 세 마리
ko,bear,green,small,plural,2,작은 초록색 곰 네 마리
ko,bear,green,small,plural,3,작은 초록색 곰 다섯 마리
ko,bear,green,small,plural,4,작은 초록색 곰 여섯 마리
ko,bear,green,small,plural,5,작은 초록색 곰 일곱 마리
ko,bear,green,small,plural,6,작은 초록색 곰 여덟 마리
ko,bear,green,large,nom,,큰 초록색 곰이
ko,bear,green,large,acc,,큰 초록색 곰을
ko,bear,green,large,gen,,큰 초록색 곰의
ko,bear,green,large,plural,0,큰 초록색 곰 두 마리
ko,bear,green,large,plural,1,큰 초록색 곰 세 마리
ko,bear,green,large,plural,2,큰 초록색 곰 네 마리
ko,bear,green,large,plural,3,큰 초록색 곰 다섯 마리
ko,bear,green,large,plural,4,큰 초록색 곰 여섯 마리
ko,bear,green,large,plural,5,큰 초록색 곰 일곱 마리
ko,bear,green,large,plural,6,큰 초록색 곰 여덟 마리
ko,bear,green,young,nom,,어린 초록색 곰이
ko,bear,green,young,acc,,어린 초록색 곰을
ko,bear,green,young,gen,,어린 초록색 곰의
ko,bear,green,young,plural,0,어린 초록색 곰 두 마리
ko,bear,green,young,plural,1,어린 초록색 곰 세 마리
ko,bear,green,young,plural,2,어린 초록색 곰 네 마리
ko,bear,green,young,plural,3,어린 초록색 곰 다섯 마리
ko,bear,green,young,plural,4,어린 초록색 곰 여섯 마리
ko,bear,green,young,plural,5,어린 초록색 곰 일곱 마리
ko,bear,green,young,plural,6,어린 초록색 곰 여덟 마리
ko,bear,green,old,nom,,늙은 초록색 곰이
ko,bear,green,old,acc,,늙은 초록색 곰을
ko,bear,green,old,gen,,늙은 초록색 곰의
ko,bear,green,old,plural,0,늙은 초록색 곰 두 마리
ko,bear,green,old,plural,1,늙은 초록색 곰 세 마리
ko,bear,green,old,plural,2,늙은 초록색 곰 네 마리
ko,bear,green,old,plural,3,늙은 초록색 곰 다섯 마리
ko,bear,green,old,plural,4,늙은 초록색 곰 여섯 마리
ko,bear,green,old,plural,5,늙은 초록색 곰 일곱 마리
ko,bear,green,old,plural,6,늙은 초록색 곰 여덟 마리
ko,bear,yellow,small,nom,,작은 노란색 곰이
ko,bear,yellow,small,acc,,작은 노란색 곰을
ko,bear,yellow,small,gen,,작은 노란색 곰의
ko,bear,yellow,small,plural,0,작은 노란색 곰 두 마리
ko,bear,yellow,small,plural,1,작은 노란색 곰 세 마리
ko,bear,yellow,small,plural,2,작은 노란색 곰 네 마리
ko,bear,yellow,small,plural,3,작은 노란색 곰 다섯 마리
ko,bear,yellow,small,plural,4,작은 노란색 곰 여섯 마리
ko,bear,yellow,small,plural,5,작은 노란색 곰 일곱 마리
ko,bear,yellow,small,plural,6,작은 노란색 곰 여덟 마리
ko,bear,yellow,large,nom,,큰 노란색 곰이
ko,bear,yellow,large,acc,,큰 노란색 곰을
ko,bear,yellow,large,gen,,큰 노란색 곰의
ko,bear,yellow,large,plural,0,큰 노란색 곰 두 마리
ko,bear,yellow,large,plural,1,큰 노란색 곰 세 마리
ko,bear,yellow,large,plural,2,큰 노란색 곰 네 마리
ko,bear,yellow,large,plural,3,큰 노란색 곰 다섯 마리
ko,bear,yellow,large,plural,4,큰 노란색 곰 여섯 마리
ko,bear,yellow,large,plural,5,큰 노란색 곰 일곱 마리
ko,bear,yellow,large,plural,6,큰 노란색 곰 여덟 마리
ko,bear,yellow,young,nom,,어린 노란색 곰이
ko,bear,yellow,young,acc,,어린 노란색 곰을
ko,bear,yellow,young,gen,,어린 노란색 곰의
ko,bear,yellow,young,plural,0,어린 노란색 곰 두 마리
ko,bear,yellow,young,plural,1,어린 노란색 곰 세 마리
ko,bear,yellow,young,plural,2,어린 노란색 곰 네 마리
ko,bear,yellow,young,plural,3,어린 노란색 곰 다섯 마리
ko,bear,yellow,young,plural,4,어린 노란색 곰 여섯 마리
ko,bear,yellow,young,plural,5,어린 노란색 곰 일곱 마리
ko,bear,yellow,young,plural,6,어린 노란색 곰 여덟 마리
ko,bear,yellow,old,nom,,늙은 노란색 곰이
ko,bear,yellow,old,acc,,늙은 노란색 곰을
ko,bear,yellow,old,gen,,늙은 노란색 곰의
ko,bear,yellow,old,plural,0,늙은 노란색 곰 두 마리
ko,bear,yellow,old,plural,1,늙은 노란색 곰 세 마리
ko,bear,yellow,old,plural,2,늙은 노란색 곰 네 마리
ko,bear,yellow,old,plural,3,늙은 노란색 곰 다섯 마리
ko,bear,yellow,old,plural,4,늙은 노란색 곰 여섯 마리
ko,bear,yellow,old,plural,5,늙은 노란색 곰 일곱 마리
ko,bear,yellow,old,plural,6,늙은 노란색 곰 여덟 마리
ko,bear,black,small,nom,,작은 검은색 곰이
ko,bear,black,small,acc,,작은 검은색 곰을
ko,bear,black,small,gen,,작은 검은색 곰의
ko,bear,black,small,plural,0,작은 검은색 곰 두 마리
ko,bear,black,small,plural,1,작은 검은색 곰 세 마리
ko,bear,black,small,plural,2,작은 검은색 곰 네 마리
ko,bear,black,small,plural,3,작은 검은색 곰 다섯 마리
ko,bear,black,small,plural,4,작은 검은색 곰 여섯 마리
ko,bear,black,small,plural,5,작은 검은색 곰 일곱 마리
ko,bear,black,small,plural,6,작은 검은색 곰 여덟 마리
ko,bear,black,large,nom,,큰 검은색 곰이
ko,bear,black,large,acc,,큰 검은색 곰을
ko,bear,black,large,gen,,큰 검은색 곰의
ko,bear,black,large,plural,0,큰 검은색 곰 두 마리
ko,bear,black,large,plural,1,큰 검은색 곰 세 마리
ko,bear,black,large,plural,2,큰 검은색 곰 네 마리
ko,bear,black,large,plural,3,큰 검은색 곰 다섯 마리
ko,bear,black,large,plural,4,큰 검은색 곰 여섯 마리
ko,bear,black,large,plural,5,큰 검은색 곰 일곱 마리
ko,bear,black,large,plural,6,큰 검은색 곰 여덟 마리
ko,bear,black,young,nom,,어린 검은색 곰이
ko,bear,black,young,acc,,어린 검은색 곰을
ko,bear,black,young,gen,,어린 검은색 곰의
ko,bear,black,young,plural,0,어린 검은색 곰 두 마리
ko,bear,black,young,plural,1,어린 검은색 곰 세 마리
ko,bear,black,young,plural,2,어린 검은색 곰 네 마리
ko,bear,black,young,plural,3,어린 검은색 곰 다섯 마리
ko,bear,black,young,plural,4,어린 검은색 곰 여섯 마리
ko,bear,black,young,plural,5,어린 검은색 곰 일곱 마리
ko,bear,black,young,plural,6,어린 검은색 곰 여덟 마리
ko,bear,black,old,nom,,늙은 검은색 곰이
ko,bear,black,old,acc,,늙은 검은색 곰을
ko,bear,black,old,gen,,늙은 검은색 곰의
ko,bear,black,old,plural,0,늙은 검은색 곰 두 마리
ko,bear,black,old,plural,1,늙은 검은색 곰 세 마리
ko,bear,black,old,plural,2,늙은 검은색 곰 네 마리
ko,bear,black,old,plural,3,늙은 검은색 곰 다섯 마리
ko,bear,black,old,plural,4,늙은 검은색 곰 여섯 마리
ko,bear,black,old,plural,5,늙은 검은색 곰 일곱 마리
ko,bear,black,old,plural,6,늙은 검은색 곰 여덟 마리
ko,bear,white,small,nom,,작은 하얀색 곰이
ko,bear,white,small,acc,,작은 하얀색 곰을
ko,bear,white,small,gen,,작은 하얀색 곰의
ko,bear,white,small,plural,0,작은 하얀색 곰 두 마리
ko,bear,white,small,plural,1,작은 하얀색 곰 세 마리
ko,bear,white,small,plural,2,작은 하얀색 곰 네 마리
ko,bear,white,small,plural,3,작은 하얀색 곰 다섯 마리
ko,bear,white,small,plural,4,작은 하얀색 곰 여섯 마리
ko,bear,white,small,plural,5,작은 하얀색 곰 일곱 마리
ko,bear,white,small,plural,6,작은 하얀색 곰 여덟 마리
ko,bear,white,large,nom,,큰 하얀색 곰이
ko,bear,white,large,acc,,큰 하얀색 곰을
ko,bear,white,large,gen,,큰 하얀색 곰의
ko,bear,white,large,plural,0,큰 하얀색 곰 두 마리
ko,bear,white,large,plural,1,큰 하얀색 곰 세 마리
ko,bear,white,large,plural,2,큰 하얀색 곰 네 마리
ko,bear,white,large,plural,3,큰 하얀색 곰 다섯 마리
ko,bear,white,large,plural,4,큰 하얀색 곰 여섯 마리
ko,bear,white,large,plural,5,큰 하얀색 곰 일곱 마리
ko,bear,white,large,plural,6,큰 하얀색 곰 여덟 마리
ko,bear,white,young,nom,,어린 하얀색 곰이
ko,bear,white,young,acc,,어린 하얀색 곰을
ko,bear,white,young,gen,,어린 하얀색 곰의
ko,bear,white,young,plural,0,어린 하얀색 곰 두 마리
ko,bear,white,young,plural,1,어린 하얀색 곰 세 마리
ko,bear,white,young,plural,2,어린 하얀색 곰 네 마리
ko,bear,white,young,plural,3,어린 하얀색 곰 다섯 마리
ko,bear,white,young,plural,4,어린 하얀색 곰 여섯 마리
ko,bear,white,young,plural,5,어린 하얀색 곰 일곱 마리
ko,bear,white,young,plural,6,어린 하얀색 곰 여덟 마리
ko,bear,white,old,nom,,늙은 하얀색 곰이
ko,bear,white,old,acc,,늙은 하얀색 곰을
ko,bear,white,old,gen,,늙은 하얀색 곰의
ko,bear,white,old,plural,0,늙은 하얀색 곰 두 마리
ko,bear,white,old,plural,1,늙은 하얀색 곰 세 마리
ko,bear,white,old,plural,2,늙은 하얀색 곰 네 마리
ko,bear,white,old,plural,3,늙은 하얀색 곰 다섯 마리
ko,bear,white,old,plural,4,늙은 하얀색 곰 여섯 마리
ko,bear,white,old,plural,5,늙은 하얀색 곰 일곱 마리
ko,bear,white,old,plural,6,늙은 하얀색 곰 여덟 마리
ko,lion,red,small,nom,,작은 빨간색 사자가
ko,lion,red,small,acc,,작은 빨간색 사자를
ko,lion,red,small,gen,,작은 빨간색 사자의
ko,lion,red,small,plural,0,작은 빨간색 사자 두 마리
ko,lion,red,small,plural,1,작은 빨간색 사자 세 마리
ko,lion,red,small,plural,2,작은 빨간색 사자 네 마리
ko,lion,red,small,plural,3,작은 빨간색 사자 다섯 마리
ko,lion,red,small,plural,4,작은 빨간색 사자 여섯 마리
ko,lion,red,small,plural,5,작은 빨간색 사자 일곱 마리
ko,lion,red,small,plural,6,작은 빨간색 사자 여덟 마리
ko,lion,red,large,nom,,큰 빨간색 사자가
ko,lion,red,large,acc,,큰 빨간색 사자를
ko,lion,red,large,gen,,큰 빨간색 사자의
ko,lion,red,large,plural,0,큰 빨간색 사자 두 마리
ko,lion,red,large,plural,1,큰 빨간색 사자 세 마리
ko,lion,red,large,plural,2,큰 빨간색 사자 네 마리
ko,lion,red,large,plural,3,큰 빨간색 사자 다섯 마리
ko,lion,red,large,plural,4,큰 빨간색 사자 여섯 마리
ko,lion,red,large,plural,5,큰 빨간색 사자 일곱 마리
ko,lion,red,large,plural,6,큰 빨간색 사자 여덟 마리
ko,lion,red,young,nom,,어린 빨간색 사자가
ko,lion,red,young,acc,,어린 빨간색 사자를
ko,lion,red,young,gen,,어린 빨간색 사자의
ko,lion,red,young,plural,0,어린 빨간색 사자 두 마리
ko,lion,red,young,plural,1,어린 빨간색 사자 세 마리
ko,lion,red,young,plural,2,어린 빨간색 사자 네 마리
ko,lion,red,young,plural,3,어린 빨간색 사자 다섯 마리
ko,lion,red,young,plural,4,어린 빨간색 사자 여섯 마리
ko,lion,red,young,plural,5,어린 빨간색 사자 일곱 마리
ko,lion,red,young,plural,6,어린 빨간색 사자 여덟 마리
ko,lion,red,old,nom,,늙은 빨간색 사자가
ko,lion,red,old,acc,,늙은 빨간색 사자를
ko,lion,red,old,gen,,늙은 빨간색 사자의
ko,lion,red,old,plural,0,늙은 빨간색 사자 두 마리
ko,lion,red,old,plural,1,늙은 빨간색 사자 세 마리
ko,lion,red,old,plural,2,늙은 빨간색 사자 네 마리
ko,lion,red,old,plural,3,늙은 빨간색 사자 다섯 마리
ko,lion,red,old,plural,4,늙은 빨간색 사자 여섯 마리
ko,lion,red,old,plural,5,늙은 빨간색 사자 일곱 마리
ko,lion,red,old,plural,6,늙은 빨간색 사자 여덟 마리
ko,lion,blue,small,nom,,작은 파란색 사자가
ko,lion,blue,small,acc,,작은 파란색 사자를
ko,lion,blue,small,gen,,작은 파란색 사자의
ko,lion,blue,small,plural,0,작은 파란색 사자 두 마리
ko,lion,blue,small,plural,1,작은 파란색 사자 세 마리
ko,lion,blue,small,plural,2,작은 파란색 사자 네 마리
ko,lion,blue,small,plural,3,작은 파란색 사자 다섯 마리
ko,lion,blue,small,plural,4,작은 파란색 사자 여섯 마리
ko,lion,blue,small,plural,5,작은 파란색 사자 일곱 마리
ko,lion,blue,small,plural,6,작은 파란색 사자 여덟 마리
ko,lion,blue,large,nom,,큰 파란색 사자가
ko,lion,blue,large,acc,,큰 파란색 사자를
ko,lion,blue,large,gen,,큰 파란색 사자의
ko,lion,blue,large,plural,0,큰 파란색 사자 두 마리
ko,lion,blue,large,plural,1,큰 파란색 사자 세 마리
ko,lion,blue,large,plural,2,큰 파란색 사자 네 마리
ko,lion,blue,large,plural,3,큰 파란색 사자 다섯 마리
ko,lion,blue,large,plural,4,큰 파란색 사자 여섯 마리
ko,lion,blue,large,plural,5,큰 파란색 사자 일곱 마리
ko,lion,blue,large,plural,6,큰 파란색 사자 여덟 마리
ko,lion,blue,young,nom,,어린 파란색 사자가
ko,lion,blue,young,acc,,어린 파란색 사자를
ko,lion,blue,young,gen,,어린 파란색 사자의
ko,lion,blue,young,plural,0,어린 파란색 사자 두 마리
ko,lion,blue,young,plural,1,어린 파란색 사자 세 마리
ko,lion,blue,young,plural,2,어린 파란색 사자 네 마리
ko,lion,blue,young,plural,3,어린 파란색 사자 다섯 마리
ko,lion,blue,young,plural,4,어린 파란색 사자 여섯 마리
ko,lion,blue,young,plural,5,어린 파란색 사자 일곱 마리
ko,lion,blue,young,plural,6,어린 파란색 사자 여덟 마리
ko,lion,blue,old,nom,,늙은 파란색 사자가
ko,lion,blue,old,acc,,늙은 파란색 사자를
ko,lion,blue,old,gen,,늙은 파란색 사자의
ko,lion,blue,old,plural,0,늙은 파란색 사자 두 마리
ko,lion,blue,old,plural,1,늙은 파란색 사자 세 마리
ko,lion,blue,old,plural,2,늙은 파란색 사자 네 마리
ko,lion,blue,old,plural,3,늙은 파란색 사자 다섯 마리
ko,lion,blue,old,plural,4,늙은 파란색 사자 여섯 마리
ko,lion,blue,old,plural,5,늙은 파란색 사자 일곱 마리
ko,lion,blue,old,plural,6,늙은 파란색 사자 여덟 마리
ko,lion,green,small,nom,,작은 초록색 사자가
ko,lion,green,small,acc,,작은 초록색 사자를
ko,lion,green,small,gen,,작은 초록색 사자의
ko,lion,green,small,plural,0,작은 초록색 사자 두 마리
ko,lion,green,small,plural,1,작은 초록색 사자 세 마리
ko,lion,green,small,plural,2,작은 초록색 사자 네 마리
ko,lion,green,small,plural,3,작은 초록색 사자 다섯 마리
ko,lion,green,small,plural,4,작은 초록색 사자 여섯 마리
ko,lion,green,small,plural,5,작은 초록색 사자 일곱 마리
ko,lion,green,small,plural,6,작은 초록색 사자 여덟 마리
ko,lion,green,large,nom,,큰 초록색 사자가
ko,lion,green,large,acc,,큰 초록색 사자를
ko,lion,green,large,gen,,큰 초록색 사자의
ko,lion,green,large,plural,0,큰 초록색 사자 두 마리
ko,lion,green,large,plural,1,큰 초록색 사자 세 마리
ko,lion,green,large,plural,2,큰 초록색 사자 네 마리
ko,lion,green,large,plural,3,큰 초록색 사자 다섯 마리
ko,lion,green,large,plural,4,큰 초록색 사자 여섯 마리
ko,lion,green,large,plural,5,큰 초록색 사자 일곱 마리
ko,lion,green,large,plural,6,큰 초록색 사자 여덟 마리
ko,lion,green,young,nom,,어린 초록색 사자가
ko,lion,green,young,acc,,어린 초록색 사자를
ko,lion,green,young,gen,,어린 초록색 사자의
ko,lion,green,young,plural,0,어린 초록색 사자 두 마리
ko,lion,green,young,plural,1,어린 초록색 사자 세 마리
ko,lion,green,young,plural,2,어린 초록색 사자 네 마리
ko,lion,green,young,plural,3,어린 초록색 사자 다섯 마리
ko,lion,green,young,plural,4,어린 초록색 사자 여섯 마리
ko,lion,green,young,plural,5,어린 초록색 사자 일곱 마리
ko,lion,green,young,plural,6,어린 초록색 사자 여덟 마리
ko,lion,green,old,nom,,늙은 초록색 사자가
ko,lion,green,old,acc,,늙은 초록색 사자를
ko,lion,green,old,gen,,늙은 초록색 사자의
ko,lion,green,old,plural,0,늙은 초록색 사자 두 마리
ko,lion,green,old,plural,1,늙은 초록색 사자 세 마리
ko,lion,green,old,plural,2,늙은 초록색 사자 네 마리
ko,lion,green,old,plural,3,늙은 초록색 사자 다섯 마리
ko,lion,green,old,plural,4,늙은 초록색 사자 여섯 마리
ko,lion,green,old,plural,5,늙은 초록색 사자 일곱 마리
ko,lion,green,old,plural,6,늙은 초록색 사자 여덟 마리
ko,lion,yellow,small,nom,,작은 노란색 사자가
ko,lion,yellow,small,acc,,작은 노란색 사자를
ko,lion,yellow,small,gen,,작은 노란색 사자의
ko,lion,yellow,small,plural,0,작은 노란색 사자 두 마리
ko,lion,yellow,small,plural,1,작은 노란색 사자 세 마리
ko,lion,yellow,small,plural,2,작은 노란색 사자 네 마리
ko,lion,yellow,small,plural,3,작은 노란색 사자 다섯 마리
ko,lion,yellow,small,plural,4,작은 노란색 사자 여섯 마리
ko,lion,yellow,small,plural,5,작은 노란색 사자 일곱 마리
ko,lion,yellow,small,plural,6,작은 노란색 사자 여덟 마리
ko,lion,yellow,large,nom,,큰 노란색 사자가
ko,lion,yellow,large,acc,,큰 노란색 사자를
ko,lion,yellow,large,gen,,큰 노란색 사자의
ko,lion,yellow,large,plural,0,큰 노란색 사자 두 마리
ko,lion,yellow,large,plural,1,큰 노란색 사자 세 마리
ko,lion,yellow,large,plural,2,큰 노란색 사자 네 마리
ko,lion,yellow,large,plural,3,큰 노란색 사자 다섯 마리
ko,lion,yellow,large,plural,4,큰 노란색 사자 여섯 마리
ko,lion,yellow,large,plural,5,큰 노란색 사자 일곱 마리
ko,lion,yellow,large,plural,6,큰 노란색 사자 여덟 마리
ko,lion,yellow,young,nom,,어린 노란색 사자가
ko,lion,yellow,young,acc,,어린 노란색 사자를
ko,lion,yellow,young,gen,,어린 노란색 사자의
ko,lion,yellow,young,plural,0,어린 노란색 사자 두 마리
ko,lion,yellow,young,plural,1,어린 노란색 사자 세 마리
ko,lion,yellow,young,plural,2,어린 노란색 사자 네 마리
ko,lion,yellow,young,plural,3,어린 노란색 사자 다섯 마리
ko,lion,yellow,young,plural,4,어린 노란색 사자 여섯 마리
ko,lion,yellow,young,plural,5,어린 노란색 사자 일곱 마리
ko,lion,yellow,young,plural,6,어린 노란색 사자 여덟 마리
ko,lion,yellow,old,nom,,늙은 노란색 사자가
ko,lion,yellow,old,acc,,늙은 노란색 사자를
ko,lion,yellow,old,gen,,늙은 노란색 사자의
ko,lion,yellow,old,plural,0,늙은 노란색 사자 두 마리
ko,lion,yellow,old,plural,1,늙은 노란색 사자 세 마리
ko,lion,yellow,old,plural,2,늙은 노란색 사자 네 마리
ko,lion,yellow,old,plural,3,늙은 노란색 사자 다섯 마리
ko,lion,yellow,old,plural,4,늙은 노란색 사자 여섯 마리
ko,lion,yellow,old,plural,5,늙은 노란색 사자 일곱 마리
ko,lion,yellow,old,plural,6,늙은 노란색 사자 여덟 마리
ko,lion,black,small,nom,,작은 검은색 사자가
ko,lion,black,small,acc,,작은 검은색 사자를
ko,lion,black,small,gen,,작은 검은색 사자의
ko,lion,black,small,plural,0,작은 검은색 사자 두 마리
ko,lion,black,small,plural,1,작은 검은색 사자 세 마리
ko,lion,black,small,plural,2,작은 검은색 사자 네 마리
ko,lion,black,small,plural,3,작은 검은색 사자 다섯 마리
ko,lion,black,small,plural,4,작은 검은색 사자 여섯 마리
ko,lion,black,small,plural,5,작은 검은색 사자 일곱 마리
ko,lion,black,small,plural,6,작은 검은색 사자 여덟 마리
ko,lion,black,large,nom,,큰 검은색 사자가
ko,lion,black,large,acc,,큰 검은색 사자를
ko,lion,black,large,gen,,큰 검은색 사자의
ko,lion,black,large,plural,0,큰 검은색 사자 두 마리
ko,lion,black,large,plural,1,큰 검은색 사자 세 마리
ko,lion,black,large,plural,2,큰 검은색 사자 네 마리
ko,lion,black,large,plural,3,큰 검은색 사자 다섯 마리
ko,lion,black,large,plural,4,큰 검은색 사자 여섯 마리
ko,lion,black,large,plural,5,큰 검은색 사자 일곱 마리
ko,lion,black,large,plural,6,큰 검은색 사자 여덟 마리
ko,lion,black,young,nom,,어린 검은색 사자가
ko,lion,black,young,acc,,어린 검은색 사자를
ko,lion,black,young,gen,,어린 검은색 사자의
ko,lion,black,young,plural,0,어린 검은색 사자 두 마리
ko,lion,black,young,plural,1,어린 검은색 사자 세 마리
ko,lion,black,young,plural,2,어린 검은색 사자 네 마리
ko,lion,black,young,plural,3,어린 검은색 사자 다섯 마리
ko,lion,black,young,plural,4,어린 검은색 사자 여섯 마리
ko,lion,black,young,plural,5,어린 검은색 사자 일곱 마리
ko,lion,black,young,plural,6,어린 검은색 사자 여덟 마리
ko,lion,black,old,nom,,늙은 검은색 사자가
ko,lion,black,old,acc,,늙은 검은색 사자를
ko,lion,black,old,gen,,늙은 검은색 사자의
ko,lion,black,old,plural,0,늙은 검은색 사자 두 마리
ko,lion,black,old,plural,1,늙은 검은색 사자 세 마리
ko,lion,black,old,plural,2,늙은 검은색 사자 네 마리
ko,lion,black,old,plural,3,늙은 검은색 사자 다섯 마리
ko,lion,black,old,plural,4,늙은 검은색 사자 여섯 마리
ko,lion,black,old,plural,5,늙은 검은색 사자 일곱 마리
ko,lion,black,old,plural,6,늙은 검은색 사자 여덟 마리
ko,lion,white,small,nom,,작은 하얀색 사자가
ko,lion,white,small,acc,,작은 하얀색 사자를
ko,lion,white,small,gen,,작은 하얀색 사자의
ko,lion,white,small,plural,0,작은 하얀색 사자 두 마리
ko,lion,white,small,plural,1,작은 하얀색 사자 세 마리
ko,lion,white,small,plural,2,작은 하얀색 사자 네 마리
ko,lion,white,small,plural,3,작은 하얀색 사자 다섯 마리
ko,lion,white,small,plural,4,작은 하얀색 사자 여섯 마리
ko,lion,white,small,plural,5,작은 하얀색 사자 일곱 마리
ko,lion,white,small,plural,6,작은 하얀색 사자 여덟 마리
ko,lion,white,large,nom,,큰 하얀색 사자가
ko,lion,white,large,acc,,큰 하얀색 사자를
ko,lion,white,large,gen,,큰 하얀색 사자의
ko,lion,white,large,plural,0,큰 하얀색 사자 두 마리
ko,lion,white,large,plural,1,큰 하얀색 사자 세 마리
ko,lion,white,large,plural,2,큰 하얀색 사자 네 마리
ko,lion,white,large,plural,3,큰 하얀색 사자 다섯 마리
ko,lion,white,large,plural,4,큰 하얀색 사자 여섯 마리
ko,lion,white,large,plural,5,큰 하얀색 사자 일곱 마리
ko,lion,white,large,plural,6,큰 하얀색 사자 여덟 마리
ko,lion,white,young,nom,,어린 하얀색 사자가
ko,lion,white,young,acc,,어린 하얀색 사자를
ko,lion,white,young,gen,,어린 하얀색 사자의
ko,lion,white,young,plural,0,어린 하얀색 사자 두 마리
ko,lion,white,young,plural,1,어린 하얀색 사자 세 마리
ko,lion,white,young,plural,2,어린 하얀색 사자 네 마리
ko,lion,white,young,plural,3,어린 하얀색 사자 다섯 마리
ko,lion,white,young,plural,4,어린 하얀색 사자 여섯 마리
ko,lion,white,young,plural,5,어린 하얀색 사자 일곱 마리
ko,lion,white,young,plural,6,어린 하얀색 사자 여덟 마리
ko,lion,white,old,nom,,늙은 하얀색 사자가
ko,lion,white,old,acc,,늙은 하얀색 사자를
ko,lion,white,old,gen,,늙은 하얀색 사자의
ko,lion,white,old,plural,0,늙은 하얀색 사자 두 마리
ko,lion,white,old,plural,1,늙은 하얀색 사자 세 마리
ko,lion,white,old,plural,2,늙은 하얀색 사자 네 마리
ko,lion,white,old,plural,3,늙은 하얀색 사자 다섯 마리
ko,lion,white,old,plural,4,늙은 하얀색 사자 여섯 마리
ko,lion,white,old,plural,5,늙은 하얀색 사자 일곱 마리
ko,lion,white,old,plural,6,늙은 하얀색 사자 여덟 마리
ko,cat,red,small,nom,,작은 빨간색 고양이가
ko,cat,red,small,acc,,작은 빨간색 고양이를
ko,cat,red,small,gen,,작은 빨간색 고양이의
ko,cat,red,small,plural,0,작은 빨간색 고양이 두 마리
ko,cat,red,small,plural,1,작은 빨간색 고양이 세 마리
ko,cat,red,small,plural,2,작은 빨간색 고양이 네 마리
ko,cat,red,small,plural,3,작은 빨간색 고양이 다섯 마리
ko,cat,red,small,plural,4,작은 빨간색 고양이 여섯 마리
ko,cat,red,small,plural,5,작은 빨간색 고양이 일곱 마리
ko,cat,red,small,plural,6,작은 빨간색 고양이 여덟 마리
ko,cat,red,large,nom,,큰 빨간색 고양이가
ko,cat,red,large,acc,,큰 빨간색 고양이를
ko,cat,red,large,gen,,큰 빨간색 고양이의
ko,cat,red,large,plural,0,큰 빨간색 고양이 두 마리
ko,cat,red,large,plural,1,큰 빨간색 고양이 세 마리
ko,cat,red,large,plural,2,큰 빨간색 고양이 네 마리
ko,cat,red,large,plural,3,큰 빨간색 고양이 다섯 마리
ko,cat,red,large,plural,4,큰 빨간색 고양이 여섯 마리
ko,cat,red,large,plural,5,큰 빨간색 고양이 일곱 마리
ko,cat,red,large,plural,6,큰 빨간색 고양이 여덟 마리
ko,cat,red,young,nom,,어린 빨간색 고양이가
ko,cat,red,young,acc,,어린 빨간색 고양이를
ko,cat,red,young,gen,,어린 빨간색 고양이의
ko,cat,red,young,plural,0,어린 빨간색 고양이 두 마리
ko,cat,red,young,plural,1,어린 빨간색 고양이 세 마리
ko,cat,red,young,plural,2,어린 빨간색 고양이 네 마리
ko,cat,red,young,plural,3,어린 빨간색 고양이 다섯 마리
ko,cat,red,young,plural,4,어린 빨간색 고양이 여섯 마리
ko,cat,red,young,plural,5,어린 빨간색 고양이 일곱 마리
ko,cat,red,young,plural,6,어린 빨간색 고양이 여덟 마리
ko,cat,red,old,nom,,늙은 빨간색 고양이가
ko,cat,red,old,acc,,늙은 빨간색 고양이를
ko,cat,red,old,gen,,늙은 빨간색 고양이의
ko,cat,red,old,plural,0,늙은 빨간색 고양이 두 마리
ko,cat,red,old,plural,1,늙은 빨간색 고양이 세 마리
ko,cat,red,old,plural,2,늙은 빨간색 고양이 네 마리
ko,cat,red,old,plural,3,늙은 빨간색 고양이 다섯 마리
ko,cat,red,old,plural,4,늙은 빨간색 고양이 여섯 마리
ko,cat,red,old,plural,5,늙은 빨간색 고양이 일곱 마리
ko,cat,red,old,plural,6,늙은 빨간색 고양이 여덟 마리
ko,cat,blue,small,nom,,작은 파란색 고양이가
ko,cat,blue,small,acc,,작은 파란색 고양이를
ko,cat,blue,small,gen,,작은 파란색 고양이의
ko,cat,blue,small,plural,0,작은 파란색 고양이 두 마리
ko,cat,blue,small,plural,1,작은 파란색 고양이 세 마리
ko,cat,blue,small,plural,2,작은 파란색 고양이 네 마리
ko,cat,blue,small,plural,3,작은 파란색 고양이 다섯 마리
ko,cat,blue,small,plural,4,작은 파란색 고양이 여섯 마리
ko,cat,blue,small,plural,5,작은 파란색 고양이 일곱 마리
ko,cat,blue,small,plural,6,작은 파란색 고양이 여덟 마리
ko,cat,blue,large,nom,,큰 파란색 고양이가
ko,cat,blue,large,acc,,큰 파란색 고양이를
ko,cat,blue,large,gen,,큰 파란색 고양이의
ko,cat,blue,large,plural,0,큰 파란색 고양이 두 마리
ko,cat,blue,large,plural,1,큰 파란색 고양이 세 마리
ko,cat,blue,large,plural,2,큰 파란색 고양이 네 마리
ko,cat,blue,large,plural,3,큰 파란색 고양이 다섯 마리
ko,cat,blue,large,plural,4,큰 파란색 고양이 여섯 마리
ko,cat,blue,large,plural,5,큰 파란색 고양이 일곱 마리
ko,cat,blue,large,plural,6,큰 파란색 고양이 여덟 마리
ko,cat,blue,young,nom,,어린 파란색 고양이가
ko,cat,blue,young,acc,,어린 파란색 고양이를
ko,cat,blue,young,gen,,어린 파란색 고양이의
ko,cat,blue,young,plural,0,어린 파란색 고양이 두 마리
ko,cat,blue,young,plural,1,어린 파란색 고양이 세 마리
ko,cat,blue,young,plural,2,어린 파란색 고양이 네 마리
ko,cat,blue,young,plural,3,어린 파란색 고양이 다섯 마리
ko,cat,blue,young,plural,4,어린 파란색 고양이 여섯 마리
ko,cat,blue,young,plural,5,어린 파란색 고양이 일곱 마리
ko,cat,blue,young,plural,6,어린 파란색 고양이 여덟 마리
ko,cat,blue,old,nom,,늙은 파란색 고양이가
ko,cat,blue,old,acc,,늙은 파란색 고양이를
ko,cat,blue,old,gen,,늙은 파란색 고양이의
ko,cat,blue,old,plural,0,늙은 파란색 고양이 두 마리
ko,cat,blue,old,plural,1,늙은 파란색 고양이 세 마리
ko,cat,blue,old,plural,2,늙은 파란색 고양이 네 마리
ko,cat,blue,old,plural,3,늙은 파란색 고양이 다섯 마리
ko,cat,blue,old,plural,4,늙은 파란색 고양이 여섯 마리
ko,cat,blue,old,plural,5,늙은 파란색 고양이 일곱 마리
ko,cat,blue,old,plural,6,늙은 파란색 고양이 여덟 마리
ko,cat,green,small,nom,,작은 초록색 고양이가
ko,cat,green,small,acc,,작은 초록색 고양이를
ko,cat,green,small,gen,,작은 초록색 고양이의
ko,cat,green,small,plural,0,작은 초록색 고양이 두 마리
ko,cat,green,small,plural,1,작은 초록색 고양이 세 마리
ko,cat,green,small,plural,2,작은 초록색 고양이 네 마리
ko,cat,green,small,plural,3,작은 초록색 고양이 다섯 마리
ko,cat,green,small,plural,4,작은 초록색 고양이 여섯 마리
ko,cat,green,small,plural,5,작은 초록색 고양이 일곱 마리
ko,cat,green,small,plural,6,작은 초록색 고양이 여덟 마리
ko,cat,green,large,nom,,큰 초록색 고양이가
ko,cat,green,large,acc,,큰 초록색 고양이를
ko,cat,green,large,gen,,큰 초록색 고양이의
ko,cat,green,large,plural,0,큰 초록색 고양이 두 마리
ko,cat,green,large,plural,1,큰 초록색 고양이 세 마리
ko,cat,green,large,plural,2,큰 초록색 고양이 네 마리
ko,cat,green,large,plural,3,큰 초록색 고양이 다섯 마리
ko,cat,green,large,plural,4,큰 초록색 고양이 여섯 마리
ko,cat,green,large,plural,5,큰 초록색 고양이 일곱 마리
ko,cat,green,large,plural,6,큰 초록색 고양이 여덟 마리
ko,cat,green,young,nom,,어린 초록색 고양이가
ko,cat,green,young,acc,,어린 초록색 고양이를
ko,cat,green,young,gen,,어린 초록색 고양이의
ko,cat,green,young,plural,0,어린 초록색 고양이 두 마리
ko,cat,green,young,plural,1,어린 초록색 고양이 세 마리
ko,cat,green,young,plural,2,어린 초록색 고양이 네 마리
ko,cat,green,young,plural,3,어린 초록색 고양이 다섯 마리
ko,cat,green,young,plural,4,어린 초록색 고양이 여섯 마리
ko,cat,green,young,plural,5,어린 초록색 고양이 일곱 마리
ko,cat,green,young,plural,6,어린 초록색 고양이 여덟 마리
ko,cat,green,old,nom,,늙은 초록색 고양이가
ko,cat,green,old,acc,,늙은 초록색 고양이를
ko,cat,green,old,gen,,늙은 초록색 고양이의
ko,cat,green,old,plural,0,늙은 초록색 고양이 두 마리
ko,cat,green,old,plural,1,늙은 초록색 고양이 세 마리
ko,cat,green,old,plural,2,늙은 초록색 고양이 네 마리
ko,cat,green,old,plural,3,늙은 초록색 고양이 다섯 마리
ko,cat,green,old,plural,4,늙은 초록색 고양이 여섯 마리
ko,cat,green,old,plural,5,늙은 초록색 고양이 일곱 마리
ko,cat,green,old,plural,6,늙은 초록색 고양이 여덟 마리
ko,cat,yellow,small,nom,,작은 노란색 고양이가
ko,cat,yellow,small,acc,,작은 노란색 고양이를
ko,cat,yellow,small,gen,,작은 노란색 고양이의
ko,cat,yellow,small,plural,0,작은 노란색 고양이 두 마리
ko,cat,yellow,small,plural,1,작은 노란색 고양이 세 마리
ko,cat,yellow,small,plural,2,작은 노란색 고양이 네 마리
ko,cat,yellow,small,plural,3,작은 노란색 고양이 다섯 마리
ko,cat,yellow,small,plural,4,작은 노란색 고양이 여섯 마리
ko,cat,yellow,small,plural,5,작은 노란색 고양이 일곱 마리
ko,cat,yellow,small,plural,6,작은 노란색 고양이 여덟 마리
ko,cat,yellow,large,nom,,큰 노란색 고양이가
ko,cat,yellow,large,acc,,큰 노란색 고양이를
ko,cat,yellow,large,gen,,큰 노란색 고양이의
ko,cat,yellow,large,plural,0,큰 노란색 고양이 두 마리
ko,cat,yellow,large,plural,1,큰 노란색 고양이 세 마리
ko,cat,yellow,large,plural,2,큰 노란색 고양이 네 마리
ko,cat,yellow,large,plural,3,큰 노란색 고양이 다섯 마리
ko,cat,yellow,large,plural,4,큰 노란색 고양이 여섯 마리
ko,cat,yellow,large,plural,5,큰 노란색 고양이 일곱 마리
ko,cat,yellow,large,plural,6,큰 노란색 고양이 여덟 마리
ko,cat,yellow,young,nom,,어린 노란색 고양이가
ko,cat,yellow,young,acc,,어린 노란색 고양이를
ko,cat,yellow,young,gen,,어린 노란색 고양이의
ko,cat,yellow,young,plural,0,어린 노란색 고양이 두 마리
ko,cat,yellow,young,plural,1,어린 노란색 고양이 세 마리
ko,cat,yellow,young,plural,2,어린 노란색 고양이 네 마리
ko,cat,yellow,young,plural,3,어린 노란색 고양이 다섯 마리
ko,cat,yellow,young,plural,4,어린 노란색 고양이 여섯 마리
ko,cat,yellow,young,plural,5,어린 노란색 고양이 일곱 마리
ko,cat,yellow,young,plural,6,어린 노란색 고양이 여덟 마리
ko,cat,yellow,old,nom,,늙은 노란색 고양이가
ko,cat,yellow,old,acc,,늙은 노란색 고양이를
ko,cat,yellow,old,gen,,늙은 노란색 고양이의
ko,cat,yellow,old,plural,0,늙은 노란색 고양이 두 마리
ko,cat,yellow,old,plural,1,늙은 노란색 고양이 세 마리
ko,cat,yellow,old,plural,2,늙은 노란색 고양이 네 마리
ko,cat,yellow,old,plural,3,늙은 노란색 고양이 다섯 마리
ko,cat,yellow,old,plural,4,늙은 노란색 고양이 여섯 마리
ko,cat,yellow,old,plural,5,늙은 노란색 고양이 일곱 마리
ko,cat,yellow,old,plural,6,늙은 노란색 고양이 여덟 마리
ko,cat,black,small,nom,,작은 검은색 고양이가
ko,cat,black,small,acc,,작은 검은색 고양이를
ko,cat,black,small,gen,,작은 검은색 고양이의
ko,cat,black,small,plural,0,작은 검은색 고양이 두 마리
ko,cat,black,small,plural,1,작은 검은색 고양이 세 마리
ko,cat,black,small,plural,2,작은 검은색 고양이 네 마리
ko,cat,black,small,plural,3,작은 검은색 고양이 다섯 마리
ko,cat,black,small,plural,4,작은 검은색 고양이 여섯 마리
ko,cat,black,small,plural,5,작은 검은색 고양이 일곱 마리
ko,cat,black,small,plural,6,작은 검은색 고양이 여덟 마리
ko,cat,black,large,nom,,큰 검은색 고양이가
ko,cat,black,large,acc,,큰 검은색 고양이를
ko,cat,black,large,gen,,큰 검은색 고양이의
ko,cat,black,large,plural,0,큰 검은색 고양이 두 마리
ko,cat,black,large,plural,1,큰 검은색 고양이 세 마리
ko,cat,black,large,plural,2,큰 검은색 고양이 네 마리
ko,cat,black,large,plural,3,큰 검은색 고양이 다섯 마리
ko,cat,black,large,plural,4,큰 검은색 고양이 여섯 마리
ko,cat,black,large,plural,5,큰 검은색 고양이 일곱 마리
ko,cat,black,large,plural,6,큰 검은색 고양이 여덟 마리
ko,cat,black,young,nom,,어린 검은색 고양이가
ko,cat,black,young,acc,,어린 검은색 고양이를
ko,cat,black,young,gen,,어린 검은색 고양이의
ko,cat,black,young,plural,0,어린 검은색 고양이 두 마리
ko,cat,black,young,plural,1,어린 검은색 고양이 세 마리
ko,cat,black,young,plural,2,어린 검은색 고양이 네 마리
ko,cat,black,young,plural,3,어린 검은색 고양이 다섯 마리
ko,cat,black,young,plural,4,어린 검은색 고양이 여섯 마리
ko,cat,black,young,plural,5,어린 검은색 고양이 일곱 마리
ko,cat,black,young,plural,6,어린 검은색 고양이 여덟 마리
ko,cat,black,old,nom,,늙은 검은색 고양이가
ko,cat,black,old,acc,,늙은 검은색 고양이를
ko,cat,black,old,gen,,늙은 검은색 고양이의
ko,cat,black,old,plural,0,늙은 검은색 고양이 두 마리
ko,cat,black,old,plural,1,늙은 검은색 고양이 세 마리
ko,cat,black,old,plural,2,늙은 검은색 고양이 네 마리
ko,cat,black,old,plural,3,늙은 검은색 고양이 다섯 마리
ko,cat,black,old,plural,4,늙은 검은색 고양이 여섯 마리
ko,cat,black,old,plural,5,늙은 검은색 고양이 일곱 마리
ko,cat,black,old,plural,6,늙은 검은색 고양이 여덟 마리
ko,cat,white,small,nom,,작은 하얀색 고양이가
ko,cat,white,small,acc,,작은 하얀색 고양이를
ko,cat,white,small,gen,,작은 하얀색 고양이의
ko,cat,white,small,plural,0,작은 하얀색 고양이 두 마리
ko,cat,white,small,plural,1,작은 하얀색 고양이 세 마리
ko,cat,white,small,plural,2,작은 하얀색 고양이 네 마리
ko,cat,white,small,plural,3,작은 하얀색 고양이 다섯 마리
ko,cat,white,small,plural,4,작은 하얀색 고양이 여섯 마리
ko,cat,white,small,plural,5,작은 하얀색 고양이 일곱 마리
ko,cat,white,small,plural,6,작은 하얀색 고양이 여덟 마리
ko,cat,white,large,nom,,큰 하얀색 고양이가
ko,cat,white,large,acc,,큰 하얀색 고양이를
ko,cat,white,large,gen,,큰 하얀색 고양이의
ko,cat,white,large,plural,0,큰 하얀색 고양이 두 마리
ko,cat,white,large,plural,1,큰 하얀색 고양이 세 마리
ko,cat,white,large,plural,2,큰 하얀색 고양이 네 마리
ko,cat,white,large,plural,3,큰 하얀색 고양이 다섯 마리
ko,cat,white,large,plural,4,큰 하얀색 고양이 여섯 마리
ko,cat,white,large,plural,5,큰 하얀색 고양이 일곱 마리
ko,cat,white,large,plural,6,큰 하얀색 고양이 여덟 마리
ko,cat,white,young,nom,,어린 하얀색 고양이가
ko,cat,white,young,acc,,어린 하얀색 고양이를
ko,cat,white,young,gen,,어린 하얀색 고양이의
ko,cat,white,young,plural,0,어린 하얀색 고양이 두 마리
ko,cat,white,young,plural,1,어린 하얀색 고양이 세 마리
ko,cat,white,young,plural,2,어린 하얀색 고양이 네 마리
ko,cat,white,young,plural,3,어린 하얀색 고양이 다섯 마리
ko,cat,white,young,plural,4,어린 하얀색 고양이 여섯 마리
ko,cat,white,young,plural,5,어린 하얀색 고양이 일곱 마리
ko,cat,white,young,plural,6,어린 하얀색 고양이 여덟 마리
ko,cat,white,old,nom,,늙은 하얀색 고양이가
ko,cat,white,old,acc,,늙은 하얀색 고양이를
ko,cat,white,old,gen,,늙은 하얀색 고양이의
ko,cat,white,old,plural,0,늙은 하얀색 고양이 두 마리
ko,cat,white,old,plural,1,늙은 하얀색 고양이 세 마리
ko,cat,white,old,plural,2,늙은 하얀색 고양이 네 마리
ko,cat,white,old,plural,3,늙은 하얀색 고양이 다섯 마리
ko,cat,white,old,plural,4,늙은 하얀색 고양이 여섯 마리
ko,cat,white,old,plural,5,늙은 하얀색 고양이 일곱 마리
ko,cat,white,old,plural,6,늙은 하얀색 고양이 여덟 마리
ko,mouse,red,small,nom,,작은 빨간색 쥐가
ko,mouse,red,small,acc,,작은 빨간색 쥐를
ko,mouse,red,small,gen,,작은 빨간색 쥐의
ko,mouse,red,small,plural,0,작은 빨간색 쥐 두 마리
ko,mouse,red,small,plural,1,작은 빨간색 쥐 세 마리
ko,mouse,red,small,plural,2,작은 빨간색 쥐 네 마리
ko,mouse,red,small,plural,3,작은 빨간색 쥐 다섯 마리
ko,mouse,red,small,plural,4,작은 빨간색 쥐 여섯 마리
ko,mouse,red,small,plural,5,작은 빨간색 쥐 일곱 마리
ko,mouse,red,small,plural,6,작은 빨간색 쥐 여덟 마리
ko,mouse,red,large,nom,,큰 빨간색 쥐가
ko,mouse,red,large,acc,,큰 빨간색 쥐를
ko,mouse,red,large,gen,,큰 빨간색 쥐의
ko,mouse,red,large,plural,0,큰 빨간색 쥐 두 마리
ko,mouse,red,large,plural,1,큰 빨간색 쥐 세 마리
ko,mouse,red,large,plural,2,큰 빨간색 쥐 네 마리
ko,mouse,red,large,plural,3,큰 빨간색 쥐 다섯 마리
ko,mouse,red,large,plural,4,큰 빨간색 쥐 여섯 마리
ko,mouse,red,large,plural,5,큰 빨간색 쥐 일곱 마리
ko,mouse,red,large,plural,6,큰 빨간색 쥐 여덟 마리
ko,mouse,red,young,nom,,어린 빨간색 쥐가
ko,mouse,red,young,acc,,어린 빨간색 쥐를
ko,mouse,red,young,gen,,어린 빨간색 쥐의
ko,mouse,red,young,plural,0,어린 빨간색 쥐 두 마리
ko,mouse,red,young,plural,1,어린 빨간색 쥐 세 마리
ko,mouse,red,young,plural,2,어린 빨간색 쥐 네 마리
ko,mouse,red,young,plural,3,어린 빨간색 쥐 다섯 마리
ko,mouse,red,young,plural,4,어린 빨간색 쥐 여섯 마리
ko,mouse,red,young,plural,5,어린 빨간색 쥐 일곱 마리
ko,mouse,red,young,plural,6,어린 빨간색 쥐 여덟 마리
ko,mouse,red,old,nom,,늙은 빨간색 쥐가
ko,mouse,red,old,acc,,늙은 빨간색 쥐를
ko,mouse,red,old,gen,,늙은 빨간색 쥐의
ko,mouse,red,old,plural,0,늙은 빨간색 쥐 두 마리
ko,mouse,red,old,plural,1,늙은 빨간색 쥐 세 마리
ko,mouse,red,old,plural,2,늙은 빨간색 쥐 네 마리
ko,mouse,red,old,plural,3,늙은 빨간색 쥐 다섯 마리
ko,mouse,red,old,plural,4,늙은 빨간색 쥐 여섯 마리
ko,mouse,red,old,plural,5,늙은 빨간색 쥐 일곱 마리
ko,mouse,red,old,plural,6,늙은 빨간색 쥐 여덟 마리
ko,mouse,blue,small,nom,,작은 파란색 쥐가
ko,mouse,blue,small,acc,,작은 파란색 쥐를
ko,mouse,blue,small,gen,,작은 파란색 쥐의
ko,mouse,blue,small,plural,0,작은 파란색 쥐 두 마리
ko,mouse,blue,small,plural,1,작은 파란색 쥐 세 마리
ko,mouse,blue,small,plural,2,작은 파란색 쥐 네 마리
ko,mouse,blue,small,plural,3,작은 파란색 쥐 다섯 마리
ko,mouse,blue,small,plural,4,작은 파란색 쥐 여섯 마리
ko,mouse,blue,small,plural,5,작은 파란색 쥐 일곱 마리
ko,mouse,blue,small,plural,6,작은 파란색 쥐 여덟 마리
ko,mouse,blue,large,nom,,큰 파란색 쥐가
ko,mouse,blue,large,acc,,큰 파란색 쥐를
ko,mouse,blue,large,gen,,큰 파란색 쥐의
ko,mouse,blue,large,plural,0,큰 파란색 쥐 두 마리
ko,mouse,blue,large,plural,1,큰 파란색 쥐 세 마리
ko,mouse,blue,large,plural,2,큰 파란색 쥐 네 마리
ko,mouse,blue,large,plural,3,큰 파란색 쥐 다섯 마리
ko,mouse,blue,large,plural,4,큰 파란색 쥐 여섯 마리
ko,mouse,blue,large,plural,5,큰 파란색 쥐 일곱 마리
ko,mouse,blue,large,plural,6,큰 파란색 쥐 여덟 마리
ko,mouse,blue,young,nom,,어린 파란색 쥐가
ko,mouse,blue,young,acc,,어린 파란색 쥐를
ko,mouse,blue,young,gen,,어린 파란색 쥐의
ko,mouse,blue,young,plural,0,어린 파란색 쥐 두 마리
ko,mouse,blue,young,plural,1,어린 파란색 쥐 세 마리
ko,mouse,blue,young,plural,2,어린 파란색 쥐 네 마리
ko,mouse,blue,young,plural,3,어린 파란색 쥐 다섯 마리
ko,mouse,blue,young,plural,4,어린 파란색 쥐 여섯 마리
ko,mouse,blue,young,plural,5,어린 파란색 쥐 일곱 마리
ko,mouse,blue,young,plural,6,어린 파란색 쥐 여덟 마리
ko,mouse,blue,old,nom,,늙은 파란색 쥐가
ko,mouse,blue,old,acc,,늙은 파란색 쥐를
ko,mouse,blue,old,gen,,늙은 파란색 쥐의
ko,mouse,blue,old,plural,0,늙은 파란색 쥐 두 마리
ko,mouse,blue,old,plural,1,늙은 파란색 쥐 세 마리
ko,mouse,blue,old,plural,2,늙은 파란색 쥐 네 마리
ko,mouse,blue,old,plural,3,늙은 파란색 쥐 다섯 마리
ko,mouse,blue,old,plural,4,늙은 파란색 쥐 여섯 마리
ko,mouse,blue,old,plural,5,늙은 파란색 쥐 일곱 마리
ko,mouse,blue,old,plural,6,늙은 파란색 쥐 여덟 마리
ko,mouse,green,small,nom,,작은 초록색 쥐가
ko,mouse,green,small,acc,,작은 초록색 쥐를
ko,mouse,green,small,gen,,작은 초록색 쥐의
ko,mouse,green,small,plural,0,작은 초록색 쥐 두 마리
ko,mouse,green,small,plural,1,작은 초록색 쥐 세 마리
ko,mouse,green,small,plural,2,작은 초록색 쥐 네 마리
ko,mouse,green,small,plural,3,작은 초록색 쥐 다섯 마리
ko,mouse,green,small,plural,4,작은 초록색 쥐 여섯 마리
ko,mouse,green,small,plural,5,작은 초록색 쥐 일곱 마리
ko,mouse,green,small,plural,6,작은 초록색 쥐 여덟 마리
ko,mouse,green,large,nom,,큰 초록색 쥐가
ko,mouse,green,large,acc,,큰 초록색 쥐를
ko,mouse,green,large,gen,,큰 초록색 쥐의
ko,mouse,green,large,plural,0,큰 초록색 쥐 두 마리
ko,mouse,green,large,plural,1,큰 초록색 쥐 세 마리
ko,mouse,green,large,plural,2,큰 초록색 쥐 네 마리
ko,mouse,green,large,plural,3,큰 초록색 쥐 다섯 마리
ko,mouse,green,large,plural,4,큰 초록색 쥐 여섯 마리
ko,mouse,green,large,plural,5,큰 초록색 쥐 일곱 마리
ko,mouse,green,large,plural,6,큰 초록색 쥐 여덟 마리
ko,mouse,green,young,nom,,어린 초록색 쥐가
ko,mouse,green,young,acc,,어린 초록색 쥐를
ko,mouse,green,young,gen,,어린 초록색 쥐의
ko,mouse,green,young,plural,0,어린 초록색 쥐 두 마리
ko,mouse,green,young,plural,1,어린 초록색 쥐 세 마리
ko,mouse,green,young,plural,2,어린 초록색 쥐 네 마리
ko,mouse,green,young,plural,3,어린 초록색 쥐 다섯 마리
ko,mouse,green,young,plural,4,어린 초록색 쥐 여섯 마리
ko,mouse,green,young,plural,5,어린 초록색 쥐 일곱 마리
ko,mouse,green,young,plural,6,어린 초록색 쥐 여덟 마리
ko,mouse,green,old,nom,,늙은 초록색 쥐가
ko,mouse,green,old,acc,,늙은 초록색 쥐를
ko,mouse,green,old,gen,,늙은 초록색 쥐의
ko,mouse,green,old,plural,0,늙은 초록색 쥐 두 마리
ko,mouse,green,old,plural,1,늙은 초록색 쥐 세 마리
ko,mouse,green,old,plural,2,늙은 초록색 쥐 네 마리
ko,mouse,green,old,plural,3,늙은 초록색 쥐 다섯 마리
ko,mouse,green,old,plural,4,늙은 초록색 쥐 여섯 마리
ko,mouse,green,old,plural,5,늙은 초록색 쥐 일곱 마리
ko,mouse,green,old,plural,6,늙은 초록색 쥐 여덟 마리
ko,mouse,yellow,small,nom,,작은 노란색 쥐가
ko,mouse,yellow,small,acc,,작은 노란색 쥐를
ko,mouse,yellow,small,gen,,작은 노란색 쥐의
ko,mouse,yellow,small,plural,0,작은 노란색 쥐 두 마리
ko,mouse,yellow,small,plural,1,작은 노란색 쥐 세 마리
ko,mouse,yellow,small,plural,2,작은 노란색 쥐 네 마리
ko,mouse,yellow,small,plural,3,작은 노란색 쥐 다섯 마리
ko,mouse,yellow,small,plural,4,작은 노란색 쥐 여섯 마리
ko,mouse,yellow,small,plural,5,작은 노란색 쥐 일곱 마리
ko,mouse,yellow,small,plural,6,작은 노란색 쥐 여덟 마리
ko,mouse,yellow,large,nom,,큰 노란색 쥐가
ko,mouse,yellow,large,acc,,큰 노란색 쥐를
ko,mouse,yellow,large,gen,,큰 노란색 쥐의
ko,mouse,yellow,large,plural,0,큰 노란색 쥐 두 마리
ko,mouse,yellow,large,plural,1,큰 노란색 쥐 세 마리
ko,mouse,yellow,large,plural,2,큰 노란색 쥐 네 마리
ko,mouse,yellow,large,plural,3,큰 노란색 쥐 다섯 마리
ko,mouse,yellow,large,plural,4,큰 노란색 쥐 여섯 마리
ko,mouse,yellow,large,plural,5,큰 노란색 쥐 일곱 마리
ko,mouse,yellow,large,plural,6,큰 노란색 쥐 여덟 마리
ko,mouse,yellow,young,nom,,어린 노란색 쥐가
ko,mouse,yellow,young,acc,,어린 노란색 쥐를
ko,mouse,yellow,young,gen,,어린 노란색 쥐의
ko,mouse,yellow,young,plural,0,어린 노란색 쥐 두 마리
ko,mouse,yellow,young,plural,1,어린 노란색 쥐 세 마리
ko,mouse,yellow,young,plural,2,어린 노란색 쥐 네 마리
ko,mouse,yellow,young,plural,3,어린 노란색 쥐 다섯 마리
ko,mouse,yellow,young,plural,4,어린 노란색 쥐 여섯 마리
ko,mouse,yellow,young,plural,5,어린 노란색 쥐 일곱 마리
ko,mouse,yellow,young,plural,6,어린 노란색 쥐 여덟 마리
ko,mouse,yellow,old,nom,,늙은 노란색 쥐가
ko,mouse,yellow,old,acc,,늙은 노란색 쥐를
ko,mouse,yellow,old,gen,,늙은 노란색 쥐의
ko,mouse,yellow,old,plural,0,늙은 노란색 쥐 두 마리
ko,mouse,yellow,old,plural,1,늙은 노란색 쥐 세 마리
ko,mouse,yellow,old,plural,2,늙은 노란색 쥐 네 마리
ko,mouse,yellow,old,plural,3,늙은 노란색 쥐 다섯 마리
ko,mouse,yellow,old,plural,4,늙은 노란색 쥐 여섯 마리
ko,mouse,yellow,old,plural,5,늙은 노란색 쥐 일곱 마리
ko,mouse,yellow,old,plural,6,늙은 노란색 쥐 여덟 마리
ko,mouse,black,small,nom,,작은 검은색 쥐가
ko,mouse,black,small,acc,,작은 검은색 쥐를
ko,mouse,black,small,gen,,작은 검은색 쥐의
ko,mouse,black,small,plural,0,작은 검은색 쥐 두 마리
ko,mouse,black,small,plural,1,작은 검은색 쥐 세 마리
ko,mouse,black,small,plural,2,작은 검은색 쥐 네 마리
ko,mouse,black,small,plural,3,작은 검은색 쥐 다섯 마리
ko,mouse,black,small,plural,4,작은 검은색 쥐 여섯 마리
ko,mouse,black,small,plural,5,작은 검은색 쥐 일곱 마리
ko,mouse,black,small,plural,6,작은 검은색 쥐 여덟 마리
ko,mouse,black,large,nom,,큰 검은색 쥐가
ko,mouse,black,large,acc,,큰 검은색 쥐를
ko,mouse,black,large,gen,,큰 검은색 쥐의
ko,mouse,black,large,plural,0,큰 검은색 쥐 두 마리
ko,mouse,black,large,plural,1,큰 검은색 쥐 세 마리
ko,mouse,black,large,plural,2,큰 검은색 쥐 네 마리
ko,mouse,black,large,plural,3,큰 검은색 쥐 다섯 마리
ko,mouse,black,large,plural,4,큰 검은색 쥐 여섯 마리
ko,mouse,black,large,plural,5,큰 검은색 쥐 일곱 마리
ko,mouse,black,large,plural,6,큰 검은색 쥐 여덟 마리
ko,mouse,black,young,nom,,어린 검은색 쥐가
ko,mouse,black,young,acc,,어린 검은색 쥐를
ko,mouse,black,young,gen,,어린 검은색 쥐의
ko,mouse,black,young,plural,0,어린 검은색 쥐 두 마리
ko,mouse,black,young,plural,1,어린 검은색 쥐 세 마리
ko,mouse,black,young,plural,2,어린 검은색 쥐 네 마리
ko,mouse,black,young,plural,3,어린 검은색 쥐 다섯 마리
ko,mouse,black,young,plural,4,어린 검은색 쥐 여섯 마리
ko,mouse,black,young,plural,5,어린 검은색 쥐 일곱 마리
ko,mouse,black,young,plural,6,어린 검은색 쥐 여덟 마리
ko,mouse,black,old,nom,,늙은 검은색 쥐가
ko,mouse,black,old,acc,,늙은 검은색 쥐를
ko,mouse,black,old,gen,,늙은 검은색 쥐의
ko,mouse,black,old,plural,0,늙은 검은색 쥐 두 마리
ko,mouse,black,old,plural,1,늙은 검은색 쥐 세 마리
ko,mouse,black,old,plural,2,늙은 검은색 쥐 네 마리
ko,mouse,black,old,plural,3,늙은 검은색 쥐 다섯 마리
ko,mouse,black,old,plural,4,늙은 검은색 쥐 여섯 마리
ko,mouse,black,old,plural,5,늙은 검은색 쥐 일곱 마리
ko,mouse,black,old,plural,6,늙은 검은색 쥐 여덟 마리
ko,mouse,white,small,nom,,작은 하얀색 쥐가
ko,mouse,white,small,acc,,작은 하얀색 쥐를
ko,mouse,white,small,gen,,작은 하얀색 쥐의
ko,mouse,white,small,plural,0,작은 하얀색 쥐 두 마리
ko,mouse,white,small,plural,1,작은 하얀색 쥐 세 마리
ko,mouse,white,small,plural,2,작은 하얀색 쥐 네 마리
ko,mouse,white,small,plural,3,작은 하얀색 쥐 다섯 마리
ko,mouse,white,small,plural,4,작은 하얀색 쥐 여섯 마리
ko,mouse,white,small,plural,5,작은 하얀색 쥐 일곱 마리
ko,mouse,white,small,plural,6,작은 하얀색 쥐 여덟 마리
ko,mouse,white,large,nom,,큰 하얀색 쥐가
ko,mouse,white,large,acc,,큰 하얀색 쥐를
ko,mouse,white,large,gen,,큰 하얀색 쥐의
ko,mouse,white,large,plural,0,큰 하얀색 쥐 두 마리
ko,mouse,white,large,plural,1,큰 하얀색 쥐 세 마리
ko,mouse,white,large,plural,2,큰 하얀색 쥐 네 마리
ko,mouse,white,large,plural,3,큰 하얀색 쥐 다섯 마리
ko,mouse,white,large,plural,4,큰 하얀색 쥐 여섯 마리
ko,mouse,white,large,plural,5,큰 하얀색 쥐 일곱 마리
ko,mouse,white,large,plural,6,큰 하얀색 쥐 여덟 마리
ko,mouse,white,young,nom,,어린 하얀색 쥐가
ko,mouse,white,young,acc,,어린 하얀색 쥐를
ko,mouse,white,young,gen,,어린 하얀색 쥐의
ko,mouse,white,young,plural,0,어린 하얀색 쥐 두 마리
ko,mouse,white,young,plural,1,어린 하얀색 쥐 세 마리
ko,mouse,white,young,plural,2,어린 하얀색 쥐 네 마리
ko,mouse,white,young,plural,3,어린 하얀색 쥐 다섯 마리
ko,mouse,white,young,plural,4,어린 하얀색 쥐 여섯 마리
ko,mouse,white,young,plural,5,어린 하얀색 쥐 일곱 마리
ko,mouse,white,young,plural,6,어린 하얀색 쥐 여덟 마리
ko,mouse,white,old,nom,,늙은 하얀색 쥐가
ko,mouse,white,old,acc,,늙은 하얀색 쥐를
ko,mouse,white,old,gen,,늙은 하얀색 쥐의
ko,mouse,white,old,plural,0,늙은 하얀색 쥐 두 마리
ko,mouse,white,old,plural,1,늙은 하얀색 쥐 세 마리
ko,mouse,white,old,plural,2,늙은 하얀색 쥐 네 마리
ko,mouse,white,old,plural,3,늙은 하얀색 쥐 다섯 마리
ko,mouse,white,old,plural,4,늙은 하얀색 쥐 여섯 마리
ko,mouse,white,old,plural,5,늙은 하얀색 쥐 일곱 마리
ko,mouse,white,old,plural,6,늙은 하얀색 쥐 여덟 마리
ko,cow,red,small,nom,,작은 빨간색 소가
ko,cow,red,small,acc,,작은 빨간색 소를
ko,cow,red,small,gen,,작은 빨간색 소의
ko,cow,red,small,plural,0,작은 빨간색 소 두 마리
ko,cow,red,small,plural,1,작은 빨간색 소 세 마리
ko,cow,red,small,plural,2,작은 빨간색 소 네 마리
ko,cow,red,small,plural,3,작은 빨간색 소 다섯 마리
ko,cow,red,small,plural,4,작은 빨간색 소 여섯 마리
ko,cow,red,small,plural,5,작은 빨간색 소 일곱 마리
ko,cow,red,small,plural,6,작은 빨간색 소 여덟 마리
ko,cow,red,large,nom,,큰 빨간색 소가
ko,cow,red,large,acc,,큰 빨간색 소를
ko,cow,red,large,gen,,큰 빨간색 소의
ko,cow,red,large,plural,0,큰 빨간색 소 두 마리
ko,cow,red,large,plural,1,큰 빨간색 소 세 마리
ko,cow,red,large,plural,2,큰 빨간색 소 네 마리
ko,cow,red,large,plural,3,큰 빨간색 소 다섯 마리
ko,cow,red,large,plural,4,큰 빨간색 소 여섯 마리
ko,cow,red,large,plural,5,큰 빨간색 소 일곱 마리
ko,cow,red,large,plural,6,큰 빨간색 소 여덟 마리
ko,cow,red,young,nom,,어린 빨간색 소가
ko,cow,red,young,acc,,어린 빨간색 소를
ko,cow,red,young,gen,,어린 빨간색 소의
ko,cow,red,young,plural,0,어린 빨간색 소 두 마리
ko,cow,red,young,plural,1,어린 빨간색 소 세 마리
ko,cow,red,young,plural,2,어린 빨간색 소 네 마리
ko,cow,red,young,plural,3,어린 빨간색 소 다섯 마리
ko,cow,red,young,plural,4,어린 빨간색 소 여섯 마리
ko,cow,red,young,plural,5,어린 빨간색 소 일곱 마리
ko,cow,red,young,plural,6,어린 빨간색 소 여덟 마리
ko,cow,red,old,nom,,늙은 빨간색 소가
ko,cow,red,old,acc,,늙은 빨간색 소를
ko,cow,red,old,gen,,늙은 빨간색 소의
ko,cow,red,old,plural,0,늙은 빨간색 소 두 마리
ko,cow,red,old,plural,1,늙은 빨간색 소 세 마리
ko,cow,red,old,plural,2,늙은 빨간색 소 네 마리
ko,cow,red,old,plural,3,늙은 빨간색 소 다섯 마리
ko,cow,red,old,plural,4,늙은 빨간색 소 여섯 마리
ko,cow,red,old,plural,5,늙은 빨간색 소 일곱 마리
ko,cow,red,old,plural,6,늙은 빨간색 소 여덟 마리
ko,cow,blue,small,nom,,작은 파란색 소가
ko,cow,blue,small,acc,,작은 파란색 소를
ko,cow,blue,small,gen,,작은 파란색 소의
ko,cow,blue,small,plural,0,작은 파란색 소 두 마리
ko,cow,blue,small,plural,1,작은 파란색 소 세 마리
ko,cow,blue,small,plural,2,작은 파란색 소 네 마리
ko,cow,blue,small,plural,3,작은 파란색 소 다섯 마리
ko,cow,blue,small,plural,4,작은 파란색 소 여섯 마리
ko,cow,blue,small,plural,5,작은 파란색 소 일곱 마리
ko,cow,blue,small,plural,6,작은 파란색 소 여덟 마리
ko,cow,blue,large,nom,,큰 파란색 소가
ko,cow,blue,large,acc,,큰 파란색 소를
ko,cow,blue,large,gen,,큰 파란색 소의
ko,cow,blue,large,plural,0,큰 파란색 소 두 마리
ko,cow,blue,large,plural,1,큰 파란색 소 세 마리
ko,cow,blue,large,plural,2,큰 파란색 소 네 마리
ko,cow,blue,large,plural,3,큰 파란색 소 다섯 마리
ko,cow,blue,large,plural,4,큰 파란색 소 여섯 마리
ko,cow,blue,large,plural,5,큰 파란색 소 일곱 마리
ko,cow,blue,large,plural,6,큰 파란색 소 여덟 마리
ko,cow,blue,young,nom,,어린 파란색 소가
ko,cow,blue,young,acc,,어린 파란색 소를
ko,cow,blue,young,gen,,어린 파란색 소의
ko,cow,blue,young,plural,0,어린 파란색 소 두 마리
ko,cow,blue,young,plural,1,어린 파란색 소 세 마리
ko,cow,blue,young,plural,2,어린 파란색 소 네 마리
ko,cow,blue,young,plural,3,어린 파란색 소 다섯 마리
ko,cow,blue,young,plural,4,어린 파란색 소 여섯 마리
ko,cow,blue,young,plural,5,어린 파란색 소 일곱 마리
ko,cow,blue,young,plural,6,어린 파란색 소 여덟 마리
ko,cow,blue,old,nom,,늙은 파란색 소가
ko,cow,blue,old,acc,,늙은 파란색 소를
ko,cow,blue,old,gen,,늙은 파란색 소의
ko,cow,blue,old,plural,0,늙은 파란색 소 두 마리
ko,cow,blue,old,plural,1,늙은 파란색 소 세 마리
ko,cow,blue,old,plural,2,늙은 파란색 소 네 마리
ko,cow,blue,old,plural,3,늙은 파란색 소 다섯 마리
ko,cow,blue,old,plural,4,늙은 파란색 소 여섯 마리
ko,cow,blue,old,plural,5,늙은 파란색 소 일곱 마리
ko,cow,blue,old,plural,6,늙은 파란색 소 여덟 마리
ko,cow,green,small,nom,,작은 초록색 소가
ko,cow,green,small,acc,,작은 초록색 소를
ko,cow,green,small,gen,,작은 초록색 소의
ko,cow,green,small,plural,0,작은 초록색 소 두 마리
ko,cow,green,small,plural,1,작은 초록색 소 세 마리
ko,cow,green,small,plural,2,작은 초록색 소 네 마리
ko,cow,green,small,plural,3,작은 초록색 소 다섯 마리
ko,cow,green,small,plural,4,작은 초록색 소 여섯 마리
ko,cow,green,small,plural,5,작은 초록색 소 일곱 마리
ko,cow,green,small,plural,6,작은 초록색 소 여덟 마리
ko,cow,green,large,nom,,큰 초록색 소가
ko,cow,green,large,acc,,큰 초록색 소를
ko,cow,green,large,gen,,큰 초록색 소의
ko,cow,green,large,plural,0,큰 초록색 소 두 마리
ko,cow,green,large,plural,1,큰 초록색 소 세 마리
ko,cow,green,large,plural,2,큰 초록색 소 네 마리
ko,cow,green,large,plural,3,큰 초록색 소 다섯 마리
ko,cow,green,large,plural,4,큰 초록색 소 여섯 마리
ko,cow,green,large,plural,5,큰 초록색 소 일곱 마리
ko,cow,green,large,plural,6,큰 초록색 소 여덟 마리
ko,cow,green,young,nom,,어린 초록색 소가
ko,cow,green,young,acc,,어린 초록색 소를
ko,cow,green,young,gen,,어린 초록색 소의
ko,cow,green,young,plural,0,어린 초록색 소 두 마리
ko,cow,green,young,plural,1,어린 초록색 소 세 마리
ko,cow,green,young,plural,2,어린 초록색 소 네 마리
ko,cow,green,young,plural,3,어린 초록색 소 다섯 마리
ko,cow,green,young,plural,4,어린 초록색 소 여섯 마리
ko,cow,green,young,plural,5,어린 초록색 소 일곱 마리
ko,cow,green,young,plural,6,어린 초록색 소 여덟 마리
ko,cow,green,old,nom,,늙은 초록색 소가
ko,cow,green,old,acc,,늙은 초록색 소를
ko,cow,green,old,gen,,늙은 초록색 소의
ko,cow,green,old,plural,0,늙은 초록색 소 두 마리
ko,cow,green,old,plural,1,늙은 초록색 소 세 마리
ko,cow,green,old,plural,2,늙은 초록색 소 네 마리
ko,cow,green,old,plural,3,늙은 초록색 소 다섯 마리
ko,cow,green,old,plural,4,늙은 초록색 소 여섯 마리
ko,cow,green,old,plural,5,늙은 초록색 소 일곱 마리
ko,cow,green,old,plural,6,늙은 초록색 소 여덟 마리
ko,cow,yellow,small,nom,,작은 노란색 소가
ko,cow,yellow,small,acc,,작은 노란색 소를
ko,cow,yellow,small,gen,,작은 노란색 소의
ko,cow,yellow,small,plural,0,작은 노란색 소 두 마리
ko,cow,yellow,small,plural,1,작은 노란색 소 세 마리
ko,cow,yellow,small,plural,2,작은 노란색 소 네 마리
ko,cow,yellow,small,plural,3,작은 노란색 소 다섯 마리
ko,cow,yellow,small,plural,4,작은 노란색 소 여섯 마리
ko,cow,yellow,small,plural,5,작은 노란색 소 일곱 마리
ko,cow,yellow,small,plural,6,작은 노란색 소 여덟 마리
ko,cow,yellow,large,nom,,큰 노란색 소가
ko,cow,yellow,large,acc,,큰 노란색 소를
ko,cow,yellow,large,gen,,큰 노란색 소의
ko,cow,yellow,large,plural,0,큰 노란색 소 두 마리
ko,cow,yellow,large,plural,1,큰 노란색 소 세 마리
ko,cow,yellow,large,plural,2,큰 노란색 소 네 마리
ko,cow,yellow,large,plural,3,큰 노란색 소 다섯 마리
ko,cow,yellow,large,plural,4,큰 노란색 소 여섯 마리
ko,cow,yellow,large,plural,5,큰 노란색 소 일곱 마리
ko,cow,yellow,large,plural,6,큰 노란색 소 여덟 마리
ko,cow,yellow,young,nom,,어린 노란색 소가
ko,cow,yellow,young,acc,,어린 노란색 소를
ko,cow,yellow,young,gen,,어린 노란색 소의
ko,cow,yellow,young,plural,0,어린 노란색 소 두 마리
ko,cow,yellow,young,plural,1,어린 노란색 소 세 마리
ko,cow,yellow,young,plural,2,어린 노란색 소 네 마리
ko,cow,yellow,young,plural,3,어린 노란색 소 다섯 마리
ko,cow,yellow,young,plural,4,어린 노란색 소 여섯 마리
ko,cow,yellow,young,plural,5,어린 노란색 소 일곱 마리
ko,cow,yellow,young,plural,6,어린 노란색 소 여덟 마리
ko,cow,yellow,old,nom,,늙은 노란색 소가
ko,cow,yellow,old,acc,,늙은 노란색 소를
ko,cow,yellow,old,gen,,늙은 노란색 소의
ko,cow,yellow,old,plural,0,늙은 노란색 소 두 마리
ko,cow,yellow,old,plural,1,늙은 노란색 소 세 마리
ko,cow,yellow,old,plural,2,늙은 노란색 소 네 마리
ko,cow,yellow,old,plural,3,늙은 노란색 소 다섯 마리
ko,cow,yellow,old,plural,4,늙은 노란색 소 여섯 마리
ko,cow,yellow,old,plural,5,늙은 노란색 소 일곱 마리
ko,cow,yellow,old,plural,6,늙은 노란색 소 여덟 마리
ko,cow,black,small,nom,,작은 검은색 소가
ko,cow,black,small,acc,,작은 검은색 소를
ko,cow,black,small,gen,,작은 검은색 소의
ko,cow,black,small,plural,0,작은 검은색 소 두 마리
ko,cow,black,small,plural,1,작은 검은색 소 세 마리
ko,cow,black,small,plural,2,작은 검은색 소 네 마리
ko,cow,black,small,plural,3,작은 검은색 소 다섯 마리
ko,cow,black,small,plural,4,작은 검은색 소 여섯 마리
ko,cow,black,small,plural,5,작은 검은색 소 일곱 마리
ko,cow,black,small,plural,6,작은 검은색 소 여덟 마리
ko,cow,black,large,nom,,큰 검은색 소가
ko,cow,black,large,acc,,큰 검은색 소를
ko,cow,black,large,gen,,큰 검은색 소의
ko,cow,black,large,plural,0,큰 검은색 소 두 마리
ko,cow,black,large,plural,1,큰 검은색 소 세 마리
ko,cow,black,large,plural,2,큰 검은색 소 네 마리
ko,cow,black,large,plural,3,큰 검은색 소 다섯 마리
ko,cow,black,large,plural,4,큰 검은색 소 여섯 마리
ko,cow,black,large,plural,5,큰 검은색 소 일곱 마리
ko,cow,black,large,plural,6,큰 검은색 소 여덟 마리
ko,cow,black,young,nom,,어린 검은색 소가
ko,cow,black,young,acc,,어린 검은색 소를
ko,cow,black,young,gen,,어린 검은색 소의
ko,cow,black,young,plural,0,어린 검은색 소 두 마리
ko,cow,black,young,plural,1,어린 검은색 소 세 마리
ko,cow,black,young,plural,2,어린 검은색 소 네 마리
ko,cow,black,young,plural,3,어린 검은색 소 다섯 마리
ko,cow,black,young,plural,4,어린 검은색 소 여섯 마리
ko,cow,black,young,plural,5,어린 검은색 소 일곱 마리
ko,cow,black,young,plural,6,어린 검은색 소 여덟 마리
ko,cow,black,old,nom,,늙은 검은색 소가
ko,cow,black,old,acc,,늙은 검은색 소를
ko,cow,black,old,gen,,늙은 검은색 소의
ko,cow,black,old,plural,0,늙은 검은색 소 두 마리
ko,cow,black,old,plural,1,늙은 검은색 소 세 마리
ko,cow,black,old,plural,2,늙은 검은색 소 네 마리
ko,cow,black,old,plural,3,늙은 검은색 소 다섯 마리
ko,cow,black,old,plural,4,늙은 검은색 소 여섯 마리
ko,cow,black,old,plural,5,늙은 검은색 소 일곱 마리
ko,cow,black,old,plural,6,늙은 검은색 소 여덟 마리
ko,cow,white,small,nom,,작은 하얀색 소가
ko,cow,white,small,acc,,작은 하얀색 소를
ko,cow,white,small,gen,,작은 하얀색 소의
ko,cow,white,small,plural,0,작은 하얀색 소 두 마리
ko,cow,white,small,plural,1,작은 하얀색 소 세 마리
ko,cow,white,small,plural,2,작은 하얀색 소 네 마리
ko,cow,white,small,plural,3,작은 하얀색 소 다섯 마리
ko,cow,white,small,plural,4,작은 하얀색 소 여섯 마리
ko,cow,white,small,plural,5,작은 하얀색 소 일곱 마리
ko,cow,white,small,plural,6,작은 하얀색 소 여덟 마리
ko,cow,white,large,nom,,큰 하얀색 소가
ko,cow,white,large,acc,,큰 하얀색 소를
ko,cow,white,large,gen,,큰 하얀색 소의
ko,cow,white,large,plural,0,큰 하얀색 소 두 마리
ko,cow,white,large,plural,1,큰 하얀색 소 세 마리
ko,cow,white,large,plural,2,큰 하얀색 소 네 마리
ko,cow,white,large,plural,3,큰 하얀색 소 다섯 마리
ko,cow,white,large,plural,4,큰 하얀색 소 여섯 마리
ko,cow,white,large,plural,5,큰 하얀색 소 일곱 마리
ko,cow,white,large,plural,6,큰 하얀색 소 여덟 마리
ko,cow,white,young,nom,,어린 하얀색 소가
ko,cow,white,young,acc,,어린 하얀색 소를
ko,cow,white,young,gen,,어린 하얀색 소의
ko,cow,white,young,plural,0,어린 하얀색 소 두 마리
ko,cow,white,young,plural,1,어린 하얀색 소 세 마리
ko,cow,white,young,plural,2,어린 하얀색 소 네 마리
ko,cow,white,young,plural,3,어린 하얀색 소 다섯 마리
ko,cow,white,young,plural,4,어린 하얀색 소 여섯 마리
ko,cow,white,young,plural,5,어린 하얀색 소 일곱 마리
ko,cow,white,young,plural,6,어린 하얀색 소 여덟 마리
ko,cow,white,old,nom,,늙은 하얀색 소가
ko,cow,white,old,acc,,늙은 하얀색 소를
ko,cow,white,old,gen,,늙은 하얀색 소의
ko,cow,white,old,plural,0,늙은 하얀색 소 두 마리
ko,cow,white,old,plural,1,늙은 하얀색 소 세 마리
ko,cow,white,old,plural,2,늙은 하얀색 소 네 마리
ko,cow,white,old,plural,3,늙은 하얀색 소 다섯 마리
ko,cow,white,old,plural,4,늙은 하얀색 소 여섯 마리
ko,cow,white,old,plural,5,늙은 하얀색 소 일곱 마리
ko,cow,white,old,plural,6,늙은 하얀색 소 여덟 마리
ko,duck,red,small,nom,,작은 빨간색 오리가
ko,duck,red,small,acc,,작은 빨간색 오리를
ko,duck,red,small,gen,,작은 빨간색 오리의
ko,duck,red,small,plural,0,작은 빨간색 오리 두 마리
ko,duck,red,small,plural,1,작은 빨간색 오리 세 마리
ko,duck,red,small,plural,2,작은 빨간색 오리 네 마리
ko,duck,red,small,plural,3,작은 빨간색 오리 다섯 마리
ko,duck,red,small,plural,4,작은 빨간색 오리 여섯 마리
ko,duck,red,small,plural,5,작은 빨간색 오리 일곱 마리
ko,duck,red,small,plural,6,작은 빨간색 오리 여덟 마리
ko,duck,red,large,nom,,큰 빨간색 오리가
ko,duck,red,large,acc,,큰 빨간색 오리를
ko,duck,red,large,gen,,큰 빨간색 오리의
ko,duck,red,large,plural,0,큰 빨간색 오리 두 마리
ko,duck,red,large,plural,1,큰 빨간색 오리 세 마리
ko,duck,red,large,plural,2,큰 빨간색 오리 네 마리
ko,duck,red,large,plural,3,큰 빨간색 오리 다섯 마리
ko,duck,red,large,plural,4,큰 빨간색 오리 여섯 마리
ko,duck,red,large,plural,5,큰 빨간색 오리 일곱 마리
ko,duck,red,large,plural,6,큰 빨간색 오리 여덟 마리
ko,duck,red,young,nom,,어린 빨간색 오리가
ko,duck,red,young,acc,,어린 빨간색 오리를
ko,duck,red,young,gen,,어린 빨간색 오리의
ko,duck,red,young,plural,0,어린 빨간색 오리 두 마리
ko,duck,red,young,plural,1,어린 빨간색 오리 세 마리
ko,duck,red,young,plural,2,어린 빨간색 오리 네 마리
ko,duck,red,young,plural,3,어린 빨간색 오리 다섯 마리
ko,duck,red,young,plural,4,어린 빨간색 오리 여섯 마리
ko,duck,red,young,plural,5,어린 빨간색 오리 일곱 마리
ko,duck,red,young,plural,6,어린 빨간색 오리 여덟 마리
ko,duck,red,old,nom,,늙은 빨간색 오리가
ko,duck,red,old,acc,,늙은 빨간색 오리를
ko,duck,red,old,gen,,늙은 빨간색 오리의
ko,duck,red,old,plural,0,늙은 빨간색 오리 두 마리
ko,duck,red,old,plural,1,늙은 빨간색 오리 세 마리
ko,duck,red,old,plural,2,늙은 빨간색 오리 네 마리
ko,duck,red,old,plural,3,늙은 빨간색 오리 다섯 마리
ko,duck,red,old,plural,4,늙은 빨간색 오리 여섯 마리
ko,duck,red,old,plural,5,늙은 빨간색 오리 일곱 마리
ko,duck,red,old,plural,6,늙은 빨간색 오리 여덟 마리
ko,duck,blue,small,nom,,작은 파란색 오리가
ko,duck,blue,small,acc,,작은 파란색 오리를
ko,duck,blue,small,gen,,작은 파란색 오리의
ko,duck,blue,small,plural,0,작은 파란색 오리 두 마리
ko,duck,blue,small,plural,1,작은 파란색 오리 세 마리
ko,duck,blue,small,plural,2,작은 파란색 오리 네 마리
ko,duck,blue,small,plural,3,작은 파란색 오리 다섯 마리
ko,duck,blue,small,plural,4,작은 파란색 오리 여섯 마리
ko,duck,blue,small,plural,5,작은 파란색 오리 일곱 마리
ko,duck,blue,small,plural,6,작은 파란색 오리 여덟 마리
ko,duck,blue,large,nom,,큰 파란색 오리가
ko,duck,blue,large,acc,,큰 파란색 오리를
ko,duck,blue,large,gen,,큰 파란색 오리의
ko,duck,blue,large,plural,0,큰 파란색 오리 두 마리
ko,duck,blue,large,plural,1,큰 파란색 오리 세 마리
ko,duck,blue,large,plural,2,큰 파란색 오리 네 마리
ko,duck,blue,large,plural,3,큰 파란색 오리 다섯 마리
ko,duck,blue,large,plural,4,큰 파란색 오리 여섯 마리
ko,duck,blue,large,plural,5,큰 파란색 오리 일곱 마리
ko,duck,blue,large,plural,6,큰 파란색 오리 여덟 마리
ko,duck,blue,young,nom,,어린 파란색 오리가
ko,duck,blue,young,acc,,어린 파란색 오리를
ko,duck,blue,young,gen,,어린 파란색 오리의
ko,duck,blue,young,plural,0,어린 파란색 오리 두 마리
ko,duck,blue,young,plural,1,어린 파란색 오리 세 마리
ko,duck,blue,young,plural,2,어린 파란색 오리 네 마리
ko,duck,blue,young,plural,3,어린 파란색 오리 다섯 마리
ko,duck,blue,young,plural,4,어린 파란색 오리 여섯 마리
ko,duck,blue,young,plural,5,어린 파란색 오리 일곱 마리
ko,duck,blue,young,plural,6,어린 파란색 오리 여덟 마리
ko,duck,blue,old,nom,,늙은 파란색 오리가
ko,duck,blue,old,acc,,늙은 파란색 오리를
ko,duck,blue,old,gen,,늙은 파란색 오리의
ko,duck,blue,old,plural,0,늙은 파란색 오리 두 마리
ko,duck,blue,old,plural,1,늙은 파란색 오리 세 마리
ko,duck,blue,old,plural,2,늙은 파란색 오리 네 마리
ko,duck,blue,old,plural,3,늙은 파란색 오리 다섯 마리
ko,duck,blue,old,plural,4,늙은 파란색 오리 여섯 마리
ko,duck,blue,old,plural,5,늙은 파란색 오리 일곱 마리
ko,duck,blue,old,plural,6,늙은 파란색 오리 여덟 마리
ko,duck,green,small,nom,,작은 초록색 오리가
ko,duck,green,small,acc,,작은 초록색 오리를
ko,duck,green,small,gen,,작은 초록색 오리의
ko,duck,green,small,plural,0,작은 초록색 오리 두 마리
ko,duck,green,small,plural,1,작은 초록색 오리 세 마리
ko,duck,green,small,plural,2,작은 초록색 오리 네 마리
ko,duck,green,small,plural,3,작은 초록색 오리 다섯 마리
ko,duck,green,small,plural,4,작은 초록색 오리 여섯 마리
ko,duck,green,small,plural,5,작은 초록색 오리 일곱 마리
ko,duck,green,small,plural,6,작은 초록색 오리 여덟 마리
ko,duck,green,large,nom,,큰 초록색 오리가
ko,duck,green,large,acc,,큰 초록색 오리를
ko,duck,green,large,gen,,큰 초록색 오리의
ko,duck,green,large,plural,0,큰 초록색 오리 두 마리
ko,duck,green,large,plural,1,큰 초록색 오리 세 마리
ko,duck,green,large,plural,2,큰 초록색 오리 네 마리
ko,duck,green,large,plural,3,큰 초록색 오리 다섯 마리
ko,duck,green,large,plural,4,큰 초록색 오리 여섯 마리
ko,duck,green,large,plural,5,큰 초록색 오리 일곱 마리
ko,duck,green,large,plural,6,큰 초록색 오리 여덟 마리
ko,duck,green,young,nom,,어린 초록색 오리가
ko,duck,green,young,acc,,어린 초록색 오리를
ko,duck,green,young,gen,,어린 초록색 오리의
ko,duck,green,young,plural,0,어린 초록색 오리 두 마리
ko,duck,green,young,plural,1,어린 초록색 오리 세 마리
ko,duck,green,young,plural,2,어린 초록색 오리 네 마리
ko,duck,green,young,plural,3,어린 초록색 오리 다섯 마리
ko,duck,green,young,plural,4,어린 초록색 오리 여섯 마리
ko,duck,green,young,plural,5,어린 초록색 오리 일곱 마리
ko,duck,green,young,plural,6,어린 초록색 오리 여덟 마리
ko,duck,green,old,nom,,늙은 초록색 오리가
ko,duck,green,old,acc,,늙은 초록색 오리를
ko,duck,green,old,gen,,늙은 초록색 오리의
ko,duck,green,old,plural,0,늙은 초록색 오리 두 마리
ko,duck,green,old,plural,1,늙은 초록색 오리 세 마리
ko,duck,green,old,plural,2,늙은 초록색 오리 네 마리
ko,duck,green,old,plural,3,늙은 초록색 오리 다섯 마리
ko,duck,green,old,plural,4,늙은 초록색 오리 여섯 마리
ko,duck,green,old,plural,5,늙은 초록색 오리 일곱 마리
ko,duck,green,old,plural,6,늙은 초록색 오리 여덟 마리
ko,duck,yellow,small,nom,,작은 노란색 오리가
ko,duck,yellow,small,acc,,작은 노란색 오리를
ko,duck,yellow,small,gen,,작은 노란색 오리의
ko,duck,yellow,small,plural,0,작은 노란색 오리 두 마리
ko,duck,yellow,small,plural,1,작은 노란색 오리 세 마리
ko,duck,yellow,small,plural,2,작은 노란색 오리 네 마리
ko,duck,yellow,small,plural,3,작은 노란색 오리 다섯 마리
ko,duck,yellow,small,plural,4,작은 노란색 오리 여섯 마리
ko,duck,yellow,small,plural,5,작은 노란색 오리 일곱 마리
ko,duck,yellow,small,plural,6,작은 노란색 오리 여덟 마리
ko,duck,yellow,large,nom,,큰 노란색 오리가
ko,duck,yellow,large,acc,,큰 노란색 오리를
ko,duck,yellow,large,gen,,큰 노란색 오리의
ko,duck,yellow,large,plural,0,큰 노란색 오리 두 마리
ko,duck,yellow,large,plural,1,큰 노란색 오리 세 마리
ko,duck,yellow,large,plural,2,큰 노란색 오리 네 마리
ko,duck,yellow,large,plural,3,큰 노란색 오리 다섯 마리
ko,duck,yellow,large,plural,4,큰 노란색 오리 여섯 마리
ko,duck,yellow,large,plural,5,큰 노란색 오리 일곱 마리
ko,duck,yellow,large,plural,6,큰 노란색 오리 여덟 마리
ko,duck,yellow,young,nom,,어린 노란색 오리가
ko,duck,yellow,young,acc,,어린 노란색 오리를
ko,duck,yellow,young,gen,,어린 노란색 오리의
ko,duck,yellow,young,plural,0,어린 노란색 오리 두 마리
ko,duck,yellow,young,plural,1,어린 노란색 오리 세 마리
ko,duck,yellow,young,plural,2,어린 노란색 오리 네 마리
ko,duck,yellow,young,plural,3,어린 노란색 오리 다섯 마리
ko,duck,yellow,young,plural,4,어린 노란색 오리 여섯 마리
ko,duck,yellow,young,plural,5,어린 노란색 오리 일곱 마리
ko,duck,yellow,young,plural,6,어린 노란색 오리 여덟 마리
ko,duck,yellow,old,nom,,늙은 노란색 오리가
ko,duck,yellow,old,acc,,늙은 노란색 오리를
ko,duck,yellow,old,gen,,늙은 노란색 오리의
ko,duck,yellow,old,plural,0,늙은 노란색 오리 두 마리
ko,duck,yellow,old,plural,1,늙은 노란색 오리 세 마리
ko,duck,yellow,old,plural,2,늙은 노란색 오리 네 마리
ko,duck,yellow,old,plural,3,늙은 노란색 오리 다섯 마리
ko,duck,yellow,old,plural,4,늙은 노란색 오리 여섯 마리
ko,duck,yellow,old,plural,5,늙은 노란색 오리 일곱 마리
ko,duck,yellow,old,plural,6,늙은 노란색 오리 여덟 마리
ko,duck,black,small,nom,,작은 검은색 오리가
ko,duck,black,small,acc,,작은 검은색 오리를
ko,duck,black,small,gen,,작은 검은색 오리의
ko,duck,black,small,plural,0,작은 검은색 오리 두 마리
ko,duck,black,small,plural,1,작은 검은색 오리 세 마리
ko,duck,black,small,plural,2,작은 검은색 오리 네 마리
ko,duck,black,small,plural,3,작은 검은색 오리 다섯 마리
ko,duck,black,small,plural,4,작은 검은색 오리 여섯 마리
ko,duck,black,small,plural,5,작은 검은색 오리 일곱 마리
ko,duck,black,small,plural,6,작은 검은색 오리 여덟 마리
ko,duck,black,large,nom,,큰 검은색 오리가
ko,duck,black,large,acc,,큰 검은색 오리를
ko,duck,black,large,gen,,큰 검은색 오리의
ko,duck,black,large,plural,0,큰 검은색 오리 두 마리
ko,duck,black,large,plural,1,큰 검은색 오리 세 마리
ko,duck,black,large,plural,2,큰 검은색 오리 네 마리
ko,duck,black,large,plural,3,큰 검은색 오리 다섯 마리
ko,duck,black,large,plural,4,큰 검은색 오리 여섯 마리
ko,duck,black,large,plural,5,큰 검은색 오리 일곱 마리
ko,duck,black,large,plural,6,큰 검은색 오리 여덟 마리
ko,duck,black,young,nom,,어린 검은색 오리가
ko,duck,black,young,acc,,어린 검은색 오리를
ko,duck,black,young,gen,,어린 검은색 오리의
ko,duck,black,young,plural,0,어린 검은색 오리 두 마리
ko,duck,black,young,plural,1,어린 검은색 오리 세 마리
ko,duck,black,young,plural,2,어린 검은색 오리 네 마리
ko,duck,black,young,plural,3,어린 검은색 오리 다섯 마리
ko,duck,black,young,plural,4,어린 검은색 오리 여섯 마리
ko,duck,black,young,plural,5,어린 검은색 오리 일곱 마리
ko,duck,black,young,plural,6,어린 검은색 오리 여덟 마리
ko,duck,black,old,nom,,늙은 검은색 오리가
ko,duck,black,old,acc,,늙은 검은색 오리를
ko,duck,black,old,gen,,늙은 검은색 오리의
ko,duck,black,old,plural,0,늙은 검은색 오리 두 마리
ko,duck,black,old,plural,1,늙은 검은색 오리 세 마리
ko,duck,black,old,plural,2,늙은 검은색 오리 네 마리
ko,duck,black,old,plural,3,늙은 검은색 오리 다섯 마리
ko,duck,black,old,plural,4,늙은 검은색 오리 여섯 마리
ko,duck,black,old,plural,5,늙은 검은색 오리 일곱 마리
ko,duck,black,old,plural,6,늙은 검은색 오리 여덟 마리
ko,duck,white,small,nom,,작은 하얀색 오리가
ko,duck,white,small,acc,,작은 하얀색 오리를
ko,duck,white,small,gen,,작은 하얀색 오리의
ko,duck,white,small,plural,0,작은 하얀색 오리 두 마리
ko,duck,white,small,plural,1,작은 하얀색 오리 세 마리
ko,duck,white,small,plural,2,작은 하얀색 오리 네 마리
ko,duck,white,small,plural,3,작은 하얀색 오리 다섯 마리
ko,duck,white,small,plural,4,작은 하얀색 오리 여섯 마리
ko,duck,white,small,plural,5,작은 하얀색 오리 일곱 마리
ko,duck,white,small,plural,6,작은 하얀색 오리 여덟 마리
ko,duck,white,large,nom,,큰 하얀색 오리가
ko,duck,white,large,acc,,큰 하얀색 오리를
ko,duck,white,large,gen,,큰 하얀색 오리의
ko,duck,white,large,plural,0,큰 하얀색 오리 두 마리
ko,duck,white,large,plural,1,큰 하얀색 오리 세 마리
ko,duck,white,large,plural,2,큰 하얀색 오리 네 마리
ko,duck,white,large,plural,3,큰 하얀색 오리 다섯 마리
ko,duck,white,large,plural,4,큰 하얀색 오리 여섯 마리
ko,duck,white,large,plural,5,큰 하얀색 오리 일곱 마리
ko,duck,white,large,plural,6,큰 하얀색 오리 여덟 마리
ko,duck,white,young,nom,,어린 하얀색 오리가
ko,duck,white,young,acc,,어린 하얀색 오리를
ko,duck,white,young,gen,,어린 하얀색 오리의
ko,duck,white,young,plural,0,어린 하얀색 오리 두 마리
ko,duck,white,young,plural,1,어린 하얀색 오리 세 마리
ko,duck,white,young,plural,2,어린 하얀색 오리 네 마리
ko,duck,white,young,plural,3,어린 하얀색 오리 다섯 마리
ko,duck,white,young,plural,4,어린 하얀색 오리 여섯 마리
ko,duck,white,young,plural,5,어린 하얀색 오리 일곱 마리
ko,duck,white,young,plural,6,어린 하얀색 오리 여덟 마리
ko,duck,white,old,nom,,늙은 하얀색 오리가
ko,duck,white,old,acc,,늙은 하얀색 오리를
ko,duck,white,old,gen,,늙은 하얀색 오리의
ko,duck,white,old,plural,0,늙은 하얀색 오리 두 마리
ko,duck,white,old,plural,1,늙은 하얀색 오리 세 마리
ko,duck,white,old,plural,2,늙은 하얀색 오리 네 마리
ko,duck,white,old,plural,3,늙은 하얀색 오리 다섯 마리
ko,duck,white,old,plural,4,늙은 하얀색 오리 여섯 마리
ko,duck,white,old,plural,5,늙은 하얀색 오리 일곱 마리
ko,duck,white,old,plural,6,늙은 하얀색 오리 여덟 마리
ko,horse,red,small,nom,,작은 빨간색 말이
ko,horse,red,small,acc,,작은 빨간색 말을
ko,horse,red,small,gen,,작은 빨간색 말의
ko,horse,red,small,plural,0,작은 빨간색 말 두 마리
ko,horse,red,small,plural,1,작은 빨간색 말 세 마리
ko,horse,red,small,plural,2,작은 빨간색 말 네 마리
ko,horse,red,small,plural,3,작은 빨간색 말 다섯 마리
ko,horse,red,small,plural,4,작은 빨간색 말 여섯 마리
ko,horse,red,small,plural,5,작은 빨간색 말 일곱 마리
ko,horse,red,small,plural,6,작은 빨간색 말 여덟 마리
ko,horse,red,large,nom,,큰 빨간색 말이
ko,horse,red,large,acc,,큰 빨간색 말을
ko,horse,red,large,gen,,큰 빨간색 말의
ko,horse,red,large,plural,0,큰 빨간색 말 두 마리
ko,horse,red,large,plural,1,큰 빨간색 말 세 마리
ko,horse,red,large,plural,2,큰 빨간색 말 네 마리
ko,horse,red,large,plural,3,큰 빨간색 말 다섯 마리
ko,horse,red,large,plural,4,큰 빨간색 말 여섯 마리
ko,horse,red,large,plural,5,큰 빨간색 말 일곱 마리
ko,horse,red,large,plural,6,큰 빨간색 말 여덟 마리
ko,horse,red,young,nom,,어린 빨간색 말이
ko,horse,red,young,acc,,어린 빨간색 말을
ko,horse,red,young,gen,,어린 빨간색 말의
ko,horse,red,young,plural,0,어린 빨간색 말 두 마리
ko,horse,red,young,plural,1,어린 빨간색 말 세 마리
ko,horse,red,young,plural,2,어린 빨간색 말 네 마리
ko,horse,red,young,plural,3,어린 빨간색 말 다섯 마리
ko,horse,red,young,plural,4,어린 빨간색 말 여섯 마리
ko,horse,red,young,plural,5,어린 빨간색 말 일곱 마리
ko,horse,red,young,plural,6,어린 빨간색 말 여덟 마리
ko,horse,red,old,nom,,늙은 빨간색 말이
ko,horse,red,old,acc,,늙은 빨간색 말을
ko,horse,red,old,gen,,늙은 빨간색 말의
ko,horse,red,old,plural,0,늙은 빨간색 말 두 마리
ko,horse,red,old,plural,1,늙은 빨간색 말 세 마리
ko,horse,red,old,plural,2,늙은 빨간색 말 네 마리
ko,horse,red,old,plural,3,늙은 빨간색 말 다섯 마리
ko,horse,red,old,plural,4,늙은 빨간색 말 여섯 마리
ko,horse,red,old,plural,5,늙은 빨간색 말 일곱 마리
ko,horse,red,old,plural,6,늙은 빨간색 말 여덟 마리
ko,horse,blue,small,nom,,작은 파란색 말이
ko,horse,blue,small,acc,,작은 파란색 말을
ko,horse,blue,small,gen,,작은 파란색 말의
ko,horse,blue,small,plural,0,작은 파란색 말 두 마리
ko,horse,blue,small,plural,1,작은 파란색 말 세 마리
ko,horse,blue,small,plural,2,작은 파란색 말 네 마리
ko,horse,blue,small,plural,3,작은 파란색 말 다섯 마리
ko,horse,blue,small,plural,4,작은 파란색 말 여섯 마리
ko,horse,blue,small,plural,5,작은 파란색 말 일곱 마리
ko,horse,blue,small,plural,6,작은 파란색 말 여덟 마리
ko,horse,blue,large,nom,,큰 파란색 말이
ko,horse,blue,large,acc,,큰 파란색 말을
ko,horse,blue,large,gen,,큰 파란색 말의
ko,horse,blue,large,plural,0,큰 파란색 말 두 마리
ko,horse,blue,large,plural,1,큰 파란색 말 세 마리
ko,horse,blue,large,plural,2,큰 파란색 말 네 마리
ko,horse,blue,large,plural,3,큰 파란색 말 다섯 마리
ko,horse,blue,large,plural,4,큰 파란색 말 여섯 마리
ko,horse,blue,large,plural,5,큰 파란색 말 일곱 마리
ko,horse,blue,large,plural,6,큰 파란색 말 여덟 마리
ko,horse,blue,young,nom,,어린 파란색 말이
ko,horse,blue,young,acc,,어린 파란색 말을
ko,horse,blue,young,gen,,어린 파란색 말의
ko,horse,blue,young,plural,0,어린 파란색 말 두 마리
ko,horse,blue,young,plural,1,어린 파란색 말 세 마리
ko,horse,blue,young,plural,2,어린 파란색 말 네 마리
ko,horse,blue,young,plural,3,어린 파란색 말 다섯 마리
ko,horse,blue,young,plural,4,어린 파란색 말 여섯 마리
ko,horse,blue,young,plural,5,어린 파란색 말 일곱 마리
ko,horse,blue,young,plural,6,어린 파란색 말 여덟 마리
ko,horse,blue,old,nom,,늙은 파란색 말이
ko,horse,blue,old,acc,,늙은 파란색 말을
ko,horse,blue,old,gen,,늙은 파란색 말의
ko,horse,blue,old,plural,0,늙은 파란색 말 두 마리
ko,horse,blue,old,plural,1,늙은 파란색 말 세 마리
ko,horse,blue,old,plural,2,늙은 파란색 말 네 마리
ko,horse,blue,old,plural,3,늙은 파란색 말 다섯 마리
ko,horse,blue,old,plural,4,늙은 파란색 말 여섯 마리
ko,horse,blue,old,plural,5,늙은 파란색 말 일곱 마리
ko,horse,blue,old,plural,6,늙은 파란색 말 여덟 마리
ko,horse,green,small,nom,,작은 초록색 말이
ko,horse,green,small,acc,,작은 초록색 말을
ko,horse,green,small,gen,,작은 초록색 말의
ko,horse,green,small,plural,0,작은 초록색 말 두 마리
ko,horse,green,small,plural,1,작은 초록색 말 세 마리
ko,horse,green,small,plural,2,작은 초록색 말 네 마리
ko,horse,green,small,plural,3,작은 초록색 말 다섯 마리
ko,horse,green,small,plural,4,작은 초록색 말 여섯 마리
ko,horse,green,small,plural,5,작은 초록색 말 일곱 마리
ko,horse,green,small,plural,6,작은 초록색 말 여덟 마리
ko,horse,green,large,nom,,큰 초록색 말이
ko,horse,green,large,acc,,큰 초록색 말을
ko,horse,green,large,gen,,큰 초록색 말의
ko,horse,green,large,plural,0,큰 초록색 말 두 마리
ko,horse,green,large,plural,1,큰 초록색 말 세 마리
ko,horse,green,large,plural,2,큰 초록색 말 네 마리
ko,horse,green,large,plural,3,큰 초록색 말 다섯 마리
ko,horse,green,large,plural,4,큰 초록색 말 여섯 마리
ko,horse,green,large,plural,5,큰 초록색 말 일곱 마리
ko,horse,green,large,plural,6,큰 초록색 말 여덟 마리
ko,horse,green,young,nom,,어린 초록색 말이
ko,horse,green,young,acc,,어린 초록색 말을
ko,horse,green,young,gen,,어린 초록색 말의
ko,horse,green,young,plural,0,어린 초록색 말 두 마리
ko,horse,green,young,plural,1,어린 초록색 말 세 마리
ko,horse,green,young,plural,2,어린 초록색 말 네 마리
ko,horse,green,young,plural,3,어린 초록색 말 다섯 마리
ko,horse,green,young,plural,4,어린 초록색 말 여섯 마리
ko,horse,green,young,plural,5,어린 초록색 말 일곱 마리
ko,horse,green,young,plural,6,어린 초록색 말 여덟 마리
ko,horse,green,old,nom,,늙은 초록색 말이
ko,horse,green,old,acc,,늙은 초록색 말을
ko,horse,green,old,gen,,늙은 초록색 말의
ko,horse,green,old,plural,0,늙은 초록색 말 두 마리
ko,horse,green,old,plural,1,늙은 초록색 말 세 마리
ko,horse,green,old,plural,2,늙은 초록색 말 네 마리
ko,horse,green,old,plural,3,늙은 초록색 말 다섯 마리
ko,horse,green,old,plural,4,늙은 초록색 말 여섯 마리
ko,horse,green,old,plural,5,늙은 초록색 말 일곱 마리
ko,horse,green,old,plural,6,늙은 초록색 말 여덟 마리
ko,horse,yellow,small,nom,,작은 노란색 말이
ko,horse,yellow,small,acc,,작은 노란색 말을
ko,horse,yellow,small,gen,,작은 노란색 말의
ko,horse,yellow,small,plural,0,작은 노란색 말 두 마리
ko,horse,yellow,small,plural,1,작은 노란색 말 세 마리
ko,horse,yellow,small,plural,2,작은 노란색 말 네 마리
ko,horse,yellow,small,plural,3,작은 노란색 말 다섯 마리
ko,horse,yellow,small,plural,4,작은 노란색 말 여섯 마리
ko,horse,yellow,small,plural,5,작은 노란색 말 일곱 마리
ko,horse,yellow,small,plural,6,작은 노란색 말 여덟 마리
ko,horse,yellow,large,nom,,큰 노란색 말이
ko,horse,yellow,large,acc,,큰 노란색 말을
ko,horse,yellow,large,gen,,큰 노란색 말의
ko,horse,yellow,large,plural,0,큰 노란색 말 두 마리
ko,horse,yellow,large,plural,1,큰 노란색 말 세 마리
ko,horse,yellow,large,plural,2,큰 노란색 말 네 마리
ko,horse,yellow,large,plural,3,큰 노란색 말 다섯 마리
ko,horse,yellow,large,plural,4,큰 노란색 말 여섯 마리
ko,horse,yellow,large,plural,5,큰 노란색 말 일곱 마리
ko,horse,yellow,large,plural,6,큰 노란색 말 여덟 마리
ko,horse,yellow,young,nom,,어린 노란색 말이
ko,horse,yellow,young,acc,,어린 노란색 말을
ko,horse,yellow,young,gen,,어린 노란색 말의
ko,horse,yellow,young,plural,0,어린 노란색 말 두 마리
ko,horse,yellow,young,plural,1,어린 노란색 말 세 마리
ko,horse,yellow,young,plural,2,어린 노란색 말 네 마리
ko,horse,yellow,young,plural,3,어린 노란색 말 다섯 마리
ko,horse,yellow,young,plural,4,어린 노란색 말 여섯 마리
ko,horse,yellow,young,plural,5,어린 노란색 말 일곱 마리
ko,horse,yellow,young,plural,6,어린 노란색 말 여덟 마리
ko,horse,yellow,old,nom,,늙은 노란색 말이
ko,horse,yellow,old,acc,,늙은 노란색 말을
ko,horse,yellow,old,gen,,늙은 노란색 말의
ko,horse,yellow,old,plural,0,늙은 노란색 말 두 마리
ko,horse,yellow,old,plural,1,늙은 노란색 말 세 마리
ko,horse,yellow,old,plural,2,늙은 노란색 말 네 마리
ko,horse,yellow,old,plural,3,늙은 노란색 말 다섯 마리
ko,horse,yellow,old,plural,4,늙은 노란색 말 여섯 마리
ko,horse,yellow,old,plural,5,늙은 노란색 말 일곱 마리
ko,horse,yellow,old,plural,6,늙은 노란색 말 여덟 마리
ko,horse,black,small,nom,,작은 검은색 말이
ko,horse,black,small,acc,,작은 검은색 말을
ko,horse,black,small,gen,,작은 검은색 말의
ko,horse,black,small,plural,0,작은 검은색 말 두 마리
ko,horse,black,small,plural,1,작은 검은색 말 세 마리
ko,horse,black,small,plural,2,작은 검은색 말 네 마리
ko,horse,black,small,plural,3,작은 검은색 말 다섯 마리
ko,horse,black,small,plural,4,작은 검은색 말 여섯 마리
ko,horse,black,small,plural,5,작은 검은색 말 일곱 마리
ko,horse,black,small,plural,6,작은 검은색 말 여덟 마리
ko,horse,black,large,nom,,큰 검은색 말이
ko,horse,black,large,acc,,큰 검은색 말을
ko,horse,black,large,gen,,큰 검은색 말의
ko,horse,black,large,plural,0,큰 검은색 말 두 마리
ko,horse,black,large,plural,1,큰 검은색 말 세 마리
ko,horse,black,large,plural,2,큰 검은색 말 네 마리
ko,horse,black,large,plural,3,큰 검은색 말 다섯 마리
ko,horse,black,large,plural,4,큰 검은색 말 여섯 마리
ko,horse,black,large,plural,5,큰 검은색 말 일곱 마리
ko,horse,black,large,plural,6,큰 검은색 말 여덟 마리
ko,horse,black,young,nom,,어린 검은색 말이
ko,horse,black,young,acc,,어린 검은색 말을
ko,horse,black,young,gen,,어린 검은색 말의
ko,horse,black,young,plural,0,어린 검은색 말 두 마리
ko,horse,black,young,plural,1,어린 검은색 말 세 마리
ko,horse,black,young,plural,2,어린 검은색 말 네 마리
ko,horse,black,young,plural,3,어린 검은색 말 다섯 마리
ko,horse,black,young,plural,4,어린 검은색 말 여섯 마리
ko,horse,black,young,plural,5,어린 검은색 말 일곱 마리
ko,horse,black,young,plural,6,어린 검은색 말 여덟 마리
ko,horse,black,old,nom,,늙은 검은색 말이
ko,horse,black,old,acc,,늙은 검은색 말을
ko,horse,black,old,gen,,늙은 검은색 말의
ko,horse,black,old,plural,0,늙은 검은색 말 두 마리
ko,horse,black,old,plural,1,늙은 검은색 말 세 마리
ko,horse,black,old,plural,2,늙은 검은색 말 네 마리
ko,horse,black,old,plural,3,늙은 검은색 말 다섯 마리
ko,horse,black,old,plural,4,늙은 검은색 말 여섯 마리
ko,horse,black,old,plural,5,늙은 검은색 말 일곱 마리
ko,horse,black,old,plural,6,늙은 검은색 말 여덟 마리
ko,horse,white,small,nom,,작은 하얀색 말이
ko,horse,white,small,acc,,작은 하얀색 말을
ko,horse,white,small,gen,,작은 하얀색 말의
ko,horse,white,small,plural,0,작은 하얀색 말 두 마리
ko,horse,white,small,plural,1,작은 하얀색 말 세 마리
ko,horse,white,small,plural,2,작은 하얀색 말 네 마리
ko,horse,white,small,plural,3,작은 하얀색 말 다섯 마리
ko,horse,white,small,plural,4,작은 하얀색 말 여섯 마리
ko,horse,white,small,plural,5,작은 하얀색 말 일곱 마리
ko,horse,white,small,plural,6,작은 하얀색 말 여덟 마리
ko,horse,white,large,nom,,큰 하얀색 말이
ko,horse,white,large,acc,,큰 하얀색 말을
ko,horse,white,large,gen,,큰 하얀색 말의
ko,horse,white,large,plural,0,큰 하얀색 말 두 마리
ko,horse,white,large,plural,1,큰 하얀색 말 세 마리
ko,horse,white,large,plural,2,큰 하얀색 말 네 마리
ko,horse,white,large,plural,3,큰 하얀색 말 다섯 마리
ko,horse,white,large,plural,4,큰 하얀색 말 여섯 마리
ko,horse,white,large,plural,5,큰 하얀색 말 일곱 마리
ko,horse,white,large,plural,6,큰 하얀색 말 여덟 마리
ko,horse,white,young,nom,,어린 하얀색 말이
ko,horse,white,young,acc,,어린 하얀색 말을
ko,horse,white,young,gen,,어린 하얀색 말의
ko,horse,white,young,plural,0,어린 하얀색 말 두 마리
ko,horse,white,young,plural,1,어린 하얀색 말 세 마리
ko,horse,white,young,plural,2,어린 하얀색 말 네 마리
ko,horse,white,young,plural,3,어린 하얀색 말 다섯 마리
ko,horse,white,young,plural,4,어린 하얀색 말 여섯 마리
ko,horse,white,young,plural,5,어린 하얀색 말 일곱 마리
ko,horse,white,young,plural,6,어린 하얀색 말 여덟 마리
ko,horse,white,old,nom,,늙은 하얀색 말이
ko,horse,white,old,acc,,늙은 하얀색 말을
ko,horse,white,old,gen,,늙은 하얀색 말의
ko,horse,white,old,plural,0,늙은 하얀색 말 두 마리
ko,horse,white,old,plural,1,늙은 하얀색 말 세 마리
ko,horse,white,old,plural,2,늙은 하얀색 말 네 마리
ko,horse,white,old,plural,3,늙은 하얀색 말 다섯 마리
ko,horse,white,old,plural,4,늙은 하얀색 말 여섯 마리
ko,horse,white,old,plural,5,늙은 하얀색 말 일곱 마리
ko,horse,white,old,plural,6,늙은 하얀색 말 여덟 마리
ko,sheep,red,small,nom,,작은 빨간색 양이
ko,sheep,red,small,acc,,작은 빨간색 양을
ko,sheep,red,small,gen,,작은 빨간색 양의
ko,sheep,red,small,plural,0,작은 빨간색 양 두 마리
ko,sheep,red,small,plural,1,작은 빨간색 양 세 마리
ko,sheep,red,small,plural,2,작은 빨간색 양 네 마리
ko,sheep,red,small,plural,3,작은 빨간색 양 다섯 마리
ko,sheep,red,small,plural,4,작은 빨간색 양 여섯 마리
ko,sheep,red,small,plural,5,작은 빨간색 양 일곱 마리
ko,sheep,red,small,plural,6,작은 빨간색 양 여덟 마리
ko,sheep,red,large,nom,,큰 빨간색 양이
ko,sheep,red,large,acc,,큰 빨간색 양을
ko,sheep,red,large,gen,,큰 빨간색 양의
ko,sheep,red,large,plural,0,큰 빨간색 양 두 마리
ko,sheep,red,large,plural,1,큰 빨간색 양 세 마리
ko,sheep,red,large,plural,2,큰 빨간색 양 네 마리
ko,sheep,red,large,plural,3,큰 빨간색 양 다섯 마리
ko,sheep,red,large,plural,4,큰 빨간색 양 여섯 마리
ko,sheep,red,large,plural,5,큰 빨간색 양 일곱 마리
ko,sheep,red,large,plural,6,큰 빨간색 양 여덟 마리
ko,sheep,red,young,nom,,어린 빨간색 양이
ko,sheep,red,young,acc,,어린 빨간색 양을
ko,sheep,red,young,gen,,어린 빨간색 양의
ko,sheep,red,young,plural,0,어린 빨간색 양 두 마리
ko,sheep,red,young,plural,1,어린 빨간색 양 세 마리
ko,sheep,red,young,plural,2,어린 빨간색 양 네 마리
ko,sheep,red,young,plural,3,어린 빨간색 양 다섯 마리
ko,sheep,red,young,plural,4,어린 빨간색 양 여섯 마리
ko,sheep,red,young,plural,5,어린 빨간색 양 일곱 마리
ko,sheep,red,young,plural,6,어린 빨간색 양 여덟 마리
ko,sheep,red,old,nom,,늙은 빨간색 양이
ko,sheep,red,old,acc,,늙은 빨간색 양을
ko,sheep,red,old,gen,,늙은 빨간색 양의
ko,sheep,red,old,plural,0,늙은 빨간색 양 두 마리
ko,sheep,red,old,plural,1,늙은 빨간색 양 세 마리
ko,sheep,red,old,plural,2,늙은 빨간색 양 네 마리
ko,sheep,red,old,plural,3,늙은 빨간색 양 다섯 마리
ko,sheep,red,old,plural,4,늙은 빨간색 양 여섯 마리
ko,sheep,red,old,plural,5,늙은 빨간색 양 일곱 마리
ko,sheep,red,old,plural,6,늙은 빨간색 양 여덟 마리
ko,sheep,blue,small,nom,,작은 파란색 양이
ko,sheep,blue,small,acc,,작은 파란색 양을
ko,sheep,blue,small,gen,,작은 파란색 양의
ko,sheep,blue,small,plural,0,작은 파란색 양 두 마리
ko,sheep,blue,small,plural,1,작은 파란색 양 세 마리
ko,sheep,blue,small,plural,2,작은 파란색 양 네 마리
ko,sheep,blue,small,plural,3,작은 파란색 양 다섯 마리
ko,sheep,blue,small,plural,4,작은 파란색 양 여섯 마리
ko,sheep,blue,small,plural,5,작은 파란색 양 일곱 마리
ko,sheep,blue,small,plural,6,작은 파란색 양 여덟 마리
ko,sheep,blue,large,nom,,큰 파란색 양이
ko,sheep,blue,large,acc,,큰 파란색 양을
ko,sheep,blue,large,gen,,큰 파란색 양의
ko,sheep,blue,large,plural,0,큰 파란색 양 두 마리
ko,sheep,blue,large,plural,1,큰 파란색 양 세 마리
ko,sheep,blue,large,plural,2,큰 파란색 양 네 마리
ko,sheep,blue,large,plural,3,큰 파란색 양 다섯 마리
ko,sheep,blue,large,plural,4,큰 파란색 양 여섯 마리
ko,sheep,blue,large,plural,5,큰 파란색 양 일곱 마리
ko,sheep,blue,large,plural,6,큰 파란색 양 여덟 마리
ko,sheep,blue,young,nom,,어린 파란색 양이
ko,sheep,blue,young,acc,,어린 파란색 양을
ko,sheep,blue,young,gen,,어린 파란색 양의
ko,sheep,blue,young,plural,0,어린 파란색 양 두 마리
ko,sheep,blue,young,plural,1,어린 파란색 양 세 마리
ko,sheep,blue,young,plural,2,어린 파란색 양 네 마리
ko,sheep,blue,young,plural,3,어린 파란색 양 다섯 마리
ko,sheep,blue,young,plural,4,어린 파란색 양 여섯 마리
ko,sheep,blue,young,plural,5,어린 파란색 양 일곱 마리
ko,sheep,blue,young,plural,6,어린 파란색 양 여덟 마리
ko,sheep,blue,old,nom,,늙은 파란색 양이
ko,sheep,blue,old,acc,,늙은 파란색 양을
ko,sheep,blue,old,gen,,늙은 파란색 양의
ko,sheep,blue,old,plural,0,늙은 파란색 양 두 마리
ko,sheep,blue,old,plural,1,늙은 파란색 양 세 마리
ko,sheep,blue,old,plural,2,늙은 파란색 양 네 마리
ko,sheep,blue,old,plural,3,늙은 파란색 양 다섯 마리
ko,sheep,blue,old,plural,4,늙은 파란색 양 여섯 마리
ko,sheep,blue,old,plural,5,늙은 파란색 양 일곱 마리
ko,sheep,blue,old,plural,6,늙은 파란색 양 여덟 마리
ko,sheep,green,small,nom,,작은 초록색 양이
ko,sheep,green,small,acc,,작은 초록색 양을
ko,sheep,green,small,gen,,작은 초록색 양의
ko,sheep,green,small,plural,0,작은 초록색 양 두 마리
ko,sheep,green,small,plural,1,작은 초록색 양 세 마리
ko,sheep,green,small,plural,2,작은 초록색 양 네 마리
ko,sheep,green,small,plural,3,작은 초록색 양 다섯 마리
ko,sheep,green,small,plural,4,작은 초록색 양 여섯 마리
ko,sheep,green,small,plural,5,작은 초록색 양 일곱 마리
ko,sheep,green,small,plural,6,작은 초록색 양 여덟 마리
ko,sheep,green,large,nom,,큰 초록색 양이
ko,sheep,green,large,acc,,큰 초록색 양을
ko,sheep,green,large,gen,,큰 초록색 양의
ko,sheep,green,large,plural,0,큰 초록색 양 두 마리
ko,sheep,green,large,plural,1,큰 초록색 양 세 마리
ko,sheep,green,large,plural,2,큰 초록색 양 네 마리
ko,sheep,green,large,plural,3,큰 초록색 양 다섯 마리
ko,sheep,green,large,plural,4,큰 초록색 양 여섯 마리
ko,sheep,green,large,plural,5,큰 초록색 양 일곱 마리
ko,sheep,green,large,plural,6,큰 초록색 양 여덟 마리
ko,sheep,green,young,nom,,어린 초록색 양이
ko,sheep,green,young,acc,,어린 초록색 양을
ko,sheep,green,young,gen,,어린 초록색 양의
ko,sheep,green,young,plural,0,어린 초록색 양 두 마리
ko,sheep,green,young,plural,1,어린 초록색 양 세 마리
ko,sheep,green,young,plural,2,어린 초록색 양 네 마리
ko,sheep,green,young,plural,3,어린 초록색 양 다섯 마리
ko,sheep,green,young,plural,4,어린 초록색 양 여섯 마리
ko,sheep,green,young,plural,5,어린 초록색 양 일곱 마리
ko,sheep,green,young,plural,6,어린 초록색 양 여덟 마리
ko,sheep,green,old,nom,,늙은 초록색 양이
ko,sheep,green,old,acc,,늙은 초록색 양을
ko,sheep,green,old,gen,,늙은 초록색 양의
ko,sheep,green,old,plural,0,늙은 초록색 양 두 마리
ko,sheep,green,old,plural,1,늙은 초록색 양 세 마리
ko,sheep,green,old,plural,2,늙은 초록색 양 네 마리
ko,sheep,green,old,plural,3,늙은 초록색 양 다섯 마리
ko,sheep,green,old,plural,4,늙은 초록색 양 여섯 마리
ko,sheep,green,old,plural,5,늙은 초록색 양 일곱 마리
ko,sheep,green,old,plural,6,늙은 초록색 양 여덟 마리
ko,sheep,yellow,small,nom,,작은 노란색 양이
ko,sheep,yellow,small,acc,,작은 노란색 양을
ko,sheep,yellow,small,gen,,작은 노란색 양의
ko,sheep,yellow,small,plural,0,작은 노란색 양 두 마리
ko,sheep,yellow,small,plural,1,작은 노란색 양 세 마리
ko,sheep,yellow,small,plural,2,작은 노란색 양 네 마리
ko,sheep,yellow,small,plural,3,작은 노란색 양 다섯 마리
ko,sheep,yellow,small,plural,4,작은 노란색 양 여섯 마리
ko,sheep,yellow,small,plural,5,작은 노란색 양 일곱 마리
ko,sheep,yellow,small,plural,6,작은 노란색 양 여덟 마리
ko,sheep,yellow,large,nom,,큰 노란색 양이
ko,sheep,yellow,large,acc,,큰 노란색 양을
ko,sheep,yellow,large,gen,,큰 노란색 양의
ko,sheep,yellow,large,plural,0,큰 노란색 양 두 마리
ko,sheep,yellow,large,plural,1,큰 노란색 양 세 마리
ko,sheep,yellow,large,plural,2,큰 노란색 양 네 마리
ko,sheep,yellow,large,plural,3,큰 노란색 양 다섯 마리
ko,sheep,yellow,large,plural,4,큰 노란색 양 여섯 마리
ko,sheep,yellow,large,plural,5,큰 노란색 양 일곱 마리
ko,sheep,yellow,large,plural,6,큰 노란색 양 여덟 마리
ko,sheep,yellow,young,nom,,어린 노란색 양이
ko,sheep,yellow,young,acc,,어린 노란색 양을
ko,sheep,yellow,young,gen,,어린 노란색 양의
ko,sheep,yellow,young,plural,0,어린 노란색 양 두 마리
ko,sheep,yellow,young,plural,1,어린 노란색 양 세 마리
ko,sheep,yellow,young,plural,2,어린 노란색 양 네 마리
ko,sheep,yellow,young,plural,3,어린 노란색 양 다섯 마리
ko,sheep,yellow,young,plural,4,어린 노란색 양 여섯 마리
ko,sheep,yellow,young,plural,5,어린 노란색 양 일곱 마리
ko,sheep,yellow,young,plural,6,어린 노란색 양 여덟 마리
ko,sheep,yellow,old,nom,,늙은 노란색 양이
ko,sheep,yellow,old,acc,,늙은 노란색 양을
ko,sheep,yellow,old,gen,,늙은 노란색 양의
ko,sheep,yellow,old,plural,0,늙은 노란색 양 두 마리
ko,sheep,yellow,old,plural,1,늙은 노란색 양 세 마리
ko,sheep,yellow,old,plural,2,늙은 노란색 양 네 마리
ko,sheep,yellow,old,plural,3,늙은 노란색 양 다섯 마리
ko,sheep,yellow,old,plural,4,늙은 노란색 양 여섯 마리
ko,sheep,yellow,old,plural,5,늙은 노란색 양 일곱 마리
ko,sheep,yellow,old,plural,6,늙은 노란색 양 여덟 마리
ko,sheep,black,small,nom,,작은 검은색 양이
ko,sheep,black,small,acc,,작은 검은색 양을
ko,sheep,black,small,gen,,작은 검은색 양의
ko,sheep,black,small,plural,0,작은 검은색 양 두 마리
ko,sheep,black,small,plural,1,작은 검은색 양 세 마리
ko,sheep,black,small,plural,2,작은 검은색 양 네 마리
ko,sheep,black,small,plural,3,작은 검은색 양 다섯 마리
ko,sheep,black,small,plural,4,작은 검은색 양 여섯 마리
ko,sheep,black,small,plural,5,작은 검은색 양 일곱 마리
ko,sheep,black,small,plural,6,작은 검은색 양 여덟 마리
ko,sheep,black,large,nom,,큰 검은색 양이
ko,sheep,black,large,acc,,큰 검은색 양을
ko,sheep,black,large,gen,,큰 검은색 양의
ko,sheep,black,large,plural,0,큰 검은색 양 두 마리
ko,sheep,black,large,plural,1,큰 검은색 양 세 마리
ko,sheep,black,large,plural,2,큰 검은색 양 네 마리
ko,sheep,black,large,plural,3,큰 검은색 양 다섯 마리
ko,sheep,black,large,plural,4,큰 검은색 양 여섯 마리
ko,sheep,black,large,plural,5,큰 검은색 양 일곱 마리
ko,sheep,black,large,plural,6,큰 검은색 양 여덟 마리
ko,sheep,black,young,nom,,어린 검은색 양이
ko,sheep,black,young,acc,,어린 검은색 양을
ko,sheep,black,young,gen,,어린 검은색 양의
ko,sheep,black,young,plural,0,어린 검은색 양 두 마리
ko,sheep,black,young,plural,1,어린 검은색 양 세 마리
ko,sheep,black,young,plural,2,어린 검은색 양 네 마리
ko,sheep,black,young,plural,3,어린 검은색 양 다섯 마리
ko,sheep,black,young,plural,4,어린 검은색 양 여섯 마리
ko,sheep,black,young,plural,5,어린 검은색 양 일곱 마리
ko,sheep,black,young,plural,6,어린 검은색 양 여덟 마리
ko,sheep,black,old,nom,,늙은 검은색 양이
ko,sheep,black,old,acc,,늙은 검은색 양을
ko,sheep,black,old,gen,,늙은 검은색 양의
ko,sheep,black,old,plural,0,늙은 검은색 양 두 마리
ko,sheep,black,old,plural,1,늙은 검은색 양 세 마리
ko,sheep,black,old,plural,2,늙은 검은색 양 네 마리
ko,sheep,black,old,plural,3,늙은 검은색 양 다섯 마리
ko,sheep,black,old,plural,4,늙은 검은색 양 여섯 마리
ko,sheep,black,old,plural,5,늙은 검은색 양 일곱 마리
ko,sheep,black,old,plural,6,늙은 검은색 양 여덟 마리
ko,sheep,white,small,nom,,작은 하얀색 양이
ko,sheep,white,small,acc,,작은 하얀색 양을
ko,sheep,white,small,gen,,작은 하얀색 양의
ko,sheep,white,small,plural,0,작은 하얀색 양 두 마리
ko,sheep,white,small,plural,1,작은 하얀색 양 세 마리
ko,sheep,white,small,plural,2,작은 하얀색 양 네 마리
ko,sheep,white,small,plural,3,작은 하얀색 양 다섯 마리
ko,sheep,white,small,plural,4,작은 하얀색 양 여섯 마리
ko,sheep,white,small,plural,5,작은 하얀색 양 일곱 마리
ko,sheep,white,small,plural,6,작은 하얀색 양 여덟 마리
ko,sheep,white,large,nom,,큰 하얀색 양이
ko,sheep,white,large,acc,,큰 하얀색 양을
ko,sheep,white,large,gen,,큰 하얀색 양의
ko,sheep,white,large,plural,0,큰 하얀색 양 두 마리
ko,sheep,white,large,plural,1,큰 하얀색 양 세 마리
ko,sheep,white,large,plural,2,큰 하얀색 양 네 마리
ko,sheep,white,large,plural,3,큰 하얀색 양 다섯 마리
ko,sheep,white,large,plural,4,큰 하얀색 양 여섯 마리
ko,sheep,white,large,plural,5,큰 하얀색 양 일곱 마리
ko,sheep,white,large,plural,6,큰 하얀색 양 여덟 마리
ko,sheep,white,young,nom,,어린 하얀색 양이
ko,sheep,white,young,acc,,어린 하얀색 양을
ko,sheep,white,young,gen,,어린 하얀색 양의
ko,sheep,white,young,plural,0,어린 하얀색 양 두 마리
ko,sheep,white,young,plural,1,어린 하얀색 양 세 마리
ko,sheep,white,young,plural,2,어린 하얀색 양 네 마리
ko,sheep,white,young,plural,3,어린 하얀색 양 다섯 마리
ko,sheep,white,young,plural,4,어린 하얀색 양 여섯 마리
ko,sheep,white,young,plural,5,어린 하얀색 양 일곱 마리
ko,sheep,white,young,plural,6,어린 하얀색 양 여덟 마리
ko,sheep,white,old,nom,,늙은 하얀색 양이
ko,sheep,white,old,acc,,늙은 하얀색 양을
ko,sheep,white,old,gen,,늙은 하얀색 양의
ko,sheep,white,old,plural,0,늙은 하얀색 양 두 마리
ko,sheep,white,old,plural,1,늙은 하얀색 양 세 마리
ko,sheep,white,old,plural,2,늙은 하얀색 양 네 마리
ko,sheep,white,old,plural,3,늙은 하얀색 양 다섯 마리
ko,sheep,white,old,plural,4,늙은 하얀색 양 여섯 마리
ko,sheep,white,old,plural,5,늙은 하얀색 양 일곱 마리
ko,sheep,white,old,plural,6,늙은 하얀색 양 여덟 마리
ko,chicken,red,small,nom,,작은 빨간색 닭이
ko,chicken,red,small,acc,,작은 빨간색 닭을
ko,chicken,red,small,gen,,작은 빨간색 닭의
ko,chicken,red,small,plural,0,작은 빨간색 닭 두 마리
ko,chicken,red,small,plural,1,작은 빨간색 닭 세 마리
ko,chicken,red,small,plural,2,작은 빨간색 닭 네 마리
ko,chicken,red,small,plural,3,작은 빨간색 닭 다섯 마리
ko,chicken,red,small,plural,4,작은 빨간색 닭 여섯 마리
ko,chicken,red,small,plural,5,작은 빨간색 닭 일곱 마리
ko,chicken,red,small,plural,6,작은 빨간색 닭 여덟 마리
ko,chicken,red,large,nom,,큰 빨간색 닭이
ko,chicken,red,large,acc,,큰 빨간색 닭을
ko,chicken,red,large,gen,,큰 빨간색 닭의
ko,chicken,red,large,plural,0,큰 빨간색 닭 두 마리
ko,chicken,red,large,plural,1,큰 빨간색 닭 세 마리
ko,chicken,red,large,plural,2,큰 빨간색 닭 네 마리
ko,chicken,red,large,plural,3,큰 빨간색 닭 다섯 마리
ko,chicken,red,large,plural,4,큰 빨간색 닭 여섯 마리
ko,chicken,red,large,plural,5,큰 빨간색 닭 일곱 마리
ko,chicken,red,large,plural,6,큰 빨간색 닭 여덟 마리
ko,chicken,red,young,nom,,어린 빨간색 닭이
ko,chicken,red,young,acc,,어린 빨간색 닭을
ko,chicken,red,young,gen,,어린 빨간색 닭의
ko,chicken,red,young,plural,0,어린 빨간색 닭 두 마리
ko,chicken,red,young,plural,1,어린 빨간색 닭 세 마리
ko,chicken,red,young,plural,2,어린 빨간색 닭 네 마리
ko,chicken,red,young,plural,3,어린 빨간색 닭 다섯 마리
ko,chicken,red,young,plural,4,어린 빨간색 닭 여섯 마리
ko,chicken,red,young,plural,5,어린 빨간색 닭 일곱 마리
ko,chicken,red,young,plural,6,어린 빨간색 닭 여덟 마리
ko,chicken,red,old,nom,,늙은 빨간색 닭이
ko,chicken,red,old,acc,,늙은 빨간색 닭을
ko,chicken,red,old,gen,,늙은 빨간색 닭의
ko,chicken,red,old,plural,0,늙은 빨간색 닭 두 마리
ko,chicken,red,old,plural,1,늙은 빨간색 닭 세 마리
ko,chicken,red,old,plural,2,늙은 빨간색 닭 네 마리
ko,chicken,red,old,plural,3,늙은 빨간색 닭 다섯 마리
ko,chicken,red,old,plural,4,늙은 빨간색 닭 여섯 마리
ko,chicken,red,old,plural,5,늙은 빨간색 닭 일곱 마리
ko,chicken,red,old,plural,6,늙은 빨간색 닭 여덟 마리
ko,chicken,blue,small,nom,,작은 파란색 닭이
ko,chicken,blue,small,acc,,작은 파란색 닭을
ko,chicken,blue,small,gen,,작은 파란색 닭의
ko,chicken,blue,small,plural,0,작은 파란색 닭 두 마리
ko,chicken,blue,small,plural,1,작은 파란색 닭 세 마리
ko,chicken,blue,small,plural,2,작은 파란색 닭 네 마리
ko,chicken,blue,small,plural,3,작은 파란색 닭 다섯 마리
ko,chicken,blue,small,plural,4,작은 파란색 닭 여섯 마리
ko,chicken,blue,small,plural,5,작은 파란색 닭 일곱 마리
ko,chicken,blue,small,plural,6,작은 파란색 닭 여덟 마리
ko,chicken,blue,large,nom,,큰 파란색 닭이
ko,chicken,blue,large,acc,,큰 파란색 닭을
ko,chicken,blue,large,gen,,큰 파란색 닭의
ko,chicken,blue,large,plural,0,큰 파란색 닭 두 마리
ko,chicken,blue,large,plural,1,큰 파란색 닭 세 마리
ko,chicken,blue,large,plural,2,큰 파란색 닭 네 마리
ko,chicken,blue,large,plural,3,큰 파란색 닭 다섯 마리
ko,chicken,blue,large,plural,4,큰 파란색 닭 여섯 마리
ko,chicken,blue,large,plural,5,큰 파란색 닭 일곱 마리
ko,chicken,blue,large,plural,6,큰 파란색 닭 여덟 마리
ko,chicken,blue,young,nom,,어린 파란색 닭이
ko,chicken,blue,young,acc,,어린 파란색 닭을
ko,chicken,blue,young,gen,,어린 파란색 닭의
ko,chicken,blue,young,plural,0,어린 파란색 닭 두 마리
ko,chicken,blue,young,plural,1,어린 파란색 닭 세 마리
ko,chicken,blue,young,plural,2,어린 파란색 닭 네 마리
ko,chicken,blue,young,plural,3,어린 파란색 닭 다섯 마리
ko,chicken,blue,young,plural,4,어린 파란색 닭 여섯 마리
ko,chicken,blue,young,plural,5,어린 파란색 닭 일곱 마리
ko,chicken,blue,young,plural,6,어린 파란색 닭 여덟 마리
ko,chicken,blue,old,nom,,늙은 파란색 닭이
ko,chicken,blue,old,acc,,늙은 파란색 닭을
ko,chicken,blue,old,gen,,늙은 파란색 닭의
ko,chicken,blue,old,plural,0,늙은 파란색 닭 두 마리
ko,chicken,blue,old,plural,1,늙은 파란색 닭 세 마리
ko,chicken,blue,old,plural,2,늙은 파란색 닭 네 마리
ko,chicken,blue,old,plural,3,늙은 파란색 닭 다섯 마리
ko,chicken,blue,old,plural,4,늙은 파란색 닭 여섯 마리
ko,chicken,blue,old,plural,5,늙은 파란색 닭 일곱 마리
ko,chicken,blue,old,plural,6,늙은 파란색 닭 여덟 마리
ko,chicken,green,small,nom,,작은 초록색 닭이
ko,chicken,green,small,acc,,작은 초록색 닭을
ko,chicken,green,small,gen,,작은 초록색 닭의
ko,chicken,green,small,plural,0,작은 초록색 닭 두 마리
ko,chicken,green,small,plural,1,작은 초록색 닭 세 마리
ko,chicken,green,small,plural,2,작은 초록색 닭 네 마리
ko,chicken,green,small,plural,3,작은 초록색 닭 다섯 마리
ko,chicken,green,small,plural,4,작은 초록색 닭 여섯 마리
ko,chicken,green,small,plural,5,작은 초록색 닭 일곱 마리
ko,chicken,green,small,plural,6,작은 초록색 닭 여덟 마리
ko,chicken,green,large,nom,,큰 초록색 닭이
ko,chicken,green,large,acc,,큰 초록색 닭을
ko,chicken,green,large,gen,,큰 초록색 닭의
ko,chicken,green,large,plural,0,큰 초록색 닭 두 마리
ko,chicken,green,large,plural,1,큰 초록색 닭 세 마리
ko,chicken,green,large,plural,2,큰 초록색 닭 네 마리
ko,chicken,green,large,plural,3,큰 초록색 닭 다섯 마리
ko,chicken,green,large,plural,4,큰 초록색 닭 여섯 마리
ko,chicken,green,large,plural,5,큰 초록색 닭 일곱 마리
ko,chicken,green,large,plural,6,큰 초록색 닭 여덟 마리
ko,chicken,green,young,nom,,어린 초록색 닭이
ko,chicken,green,young,acc,,어린 초록색 닭을
ko,chicken,green,young,gen,,어린 초록색 닭의
ko,chicken,green,young,plural,0,어린 초록색 닭 두 마리
ko,chicken,green,young,plural,1,어린 초록색 닭 세 마리
ko,chicken,green,young,plural,2,어린 초록색 닭 네 마리
ko,chicken,green,young,plural,3,어린 초록색 닭 다섯 마리
ko,chicken,green,young,plural,4,어린 초록색 닭 여섯 마리
ko,chicken,green,young,plural,5,어린 초록색 닭 일곱 마리
ko,chicken,green,young,plural,6,어린 초록색 닭 여덟 마리
ko,chicken,green,old,nom,,늙은 초록색 닭이
ko,chicken,green,old,acc,,늙은 초록색 닭을
ko,chicken,green,old,gen,,늙은 초록색 닭의
ko,chicken,green,old,plural,0,늙은 초록색 닭 두 마리
ko,chicken,green,old,plural,1,늙은 초록색 닭 세 마리
ko,chicken,green,old,plural,2,늙은 초록색 닭 네 마리
ko,chicken,green,old,plural,3,늙은 초록색 닭 다섯 마리
ko,chicken,green,old,plural,4,늙은 초록색 닭 여섯 마리
ko,chicken,green,old,plural,5,늙은 초록색 닭 일곱 마리
ko,chicken,green,old,plural,6,늙은 초록색 닭 여덟 마리
ko,chicken,yellow,small,nom,,작은 노란색 닭이
ko,chicken,yellow,small,acc,,작은 노란색 닭을
ko,chicken,yellow,small,gen,,작은 노란색 닭의
ko,chicken,yellow,small,plural,0,작은 노란색 닭 두 마리
ko,chicken,yellow,small,plural,1,작은 노란색 닭 세 마리
ko,chicken,yellow,small,plural,2,작은 노란색 닭 네 마리
ko,chicken,yellow,small,plural,3,작은 노란색 닭 다섯 마리
ko,chicken,yellow,small,plural,4,작은 노란색 닭 여섯 마리
ko,chicken,yellow,small,plural,5,작은 노란색 닭 일곱 마리
ko,chicken,yellow,small,plural,6,작은 노란색 닭 여덟 마리
ko,chicken,yellow,large,nom,,큰 노란색 닭이
ko,chicken,yellow,large,acc,,큰 노란색 닭을
ko,chicken,yellow,large,gen,,큰 노란색 닭의
ko,chicken,yellow,large,plural,0,큰 노란색 닭 두 마리
ko,chicken,yellow,large,plural,1,큰 노란색 닭 세 마리
ko,chicken,yellow,large,plural,2,큰 노란색 닭 네 마리
ko,chicken,yellow,large,plural,3,큰 노란색 닭 다섯 마리
ko,chicken,yellow,large,plural,4,큰 노란색 닭 여섯 마리
ko,chicken,yellow,large,plural,5,큰 노란색 닭 일곱 마리
ko,chicken,yellow,large,plural,6,큰 노란색 닭 여덟 마리
ko,chicken,yellow,young,nom,,어린 노란색 닭이
ko,chicken,yellow,young,acc,,어린 노란색 닭을
ko,chicken,yellow,young,gen,,어린 노란색 닭의
ko,chicken,yellow,young,plural,0,어린 노란색 닭 두 마리
ko,chicken,yellow,young,plural,1,어린 노란색 닭 세 마리
ko,chicken,yellow,young,plural,2,어린 노란색 닭 네 마리
ko,chicken,yellow,young,plural,3,어린 노란색 닭 다섯 마리
ko,chicken,yellow,young,plural,4,어린 노란색 닭 여섯 마리
ko,chicken,yellow,young,plural,5,어린 노란색 닭 일곱 마리
ko,chicken,yellow,young,plural,6,어린 노란색 닭 여덟 마리
ko,chicken,yellow,old,nom,,늙은 노란색 닭이
ko,chicken,yellow,old,acc,,늙은 노란색 닭을
ko,chicken,yellow,old,gen,,늙은 노란색 닭의
ko,chicken,yellow,old,plural,0,늙은 노란색 닭 두 마리
ko,chicken,yellow,old,plural,1,늙은 노란색 닭 세 마리
ko,chicken,yellow,old,plural,2,늙은 노란색 닭 네 마리
ko,chicken,yellow,old,plural,3,늙은 노란색 닭 다섯 마리
ko,chicken,yellow,old,plural,4,늙은 노란색 닭 여섯 마리
ko,chicken,yellow,old,plural,5,늙은 노란색 닭 일곱 마리
ko,chicken,yellow,old,plural,6,늙은 노란색 닭 여덟 마리
ko,chicken,black,small,nom,,작은 검은색 닭이
ko,chicken,black,small,acc,,작은 검은색 닭을
ko,chicken,black,small,gen,,작은 검은색 닭의
ko,chicken,black,small,plural,0,작은 검은색 닭 두 마리
ko,chicken,black,small,plural,1,작은 검은색 닭 세 마리
ko,chicken,black,small,plural,2,작은 검은색 닭 네 마리
ko,chicken,black,small,plural,3,작은 검은색 닭 다섯 마리
ko,chicken,black,small,plural,4,작은 검은색 닭 여섯 마리
ko,chicken,black,small,plural,5,작은 검은색 닭 일곱 마리
ko,chicken,black,small,plural,6,작은 검은색 닭 여덟 마리
ko,chicken,black,large,nom,,큰 검은색 닭이
ko,chicken,black,large,acc,,큰 검은색 닭을
ko,chicken,black,large,gen,,큰 검은색 닭의
ko,chicken,black,large,plural,0,큰 검은색 닭 두 마리
ko,chicken,black,large,plural,1,큰 검은색 닭 세 마리
ko,chicken,black,large,plural,2,큰 검은색 닭 네 마리
ko,chicken,black,large,plural,3,큰 검은색 닭 다섯 마리
ko,chicken,black,large,plural,4,큰 검은색 닭 여섯 마리
ko,chicken,black,large,plural,5,큰 검은색 닭 일곱 마리
ko,chicken,black,large,plural,6,큰 검은색 닭 여덟 마리
ko,chicken,black,young,nom,,어린 검은색 닭이
ko,chicken,black,young,acc,,어린 검은색 닭을
ko,chicken,black,young,gen,,어린 검은색 닭의
ko,chicken,black,young,plural,0,어린 검은색 닭 두 마리
ko,chicken,black,young,plural,1,어린 검은색 닭 세 마리
ko,chicken,black,young,plural,2,어린 검은색 닭 네 마리
ko,chicken,black,young,plural,3,어린 검은색 닭 다섯 마리
ko,chicken,black,young,plural,4,어린 검은색 닭 여섯 마리
ko,chicken,black,young,plural,5,어린 검은색 닭 일곱 마리
ko,chicken,black,young,plural,6,어린 검은색 닭 여덟 마리
ko,chicken,black,old,nom,,늙은 검은색 닭이
ko,chicken,black,old,acc,,늙은 검은색 닭을
ko,chicken,black,old,gen,,늙은 검은색 닭의
ko,chicken,black,old,plural,0,늙은 검은색 닭 두 마리
ko,chicken,black,old,plural,1,늙은 검은색 닭 세 마리
ko,chicken,black,old,plural,2,늙은 검은색 닭 네 마리
ko,chicken,black,old,plural,3,늙은 검은색 닭 다섯 마리
ko,chicken,black,old,plural,4,늙은 검은색 닭 여섯 마리
ko,chicken,black,old,plural,5,늙은 검은색 닭 일곱 마리
ko,chicken,black,old,plural,6,늙은 검은색 닭 여덟 마리
ko,chicken,white,small,nom,,작은 하얀색 닭이
ko,chicken,white,small,acc,,작은 하얀색 닭을
ko,chicken,white,small,gen,,작은 하얀색 닭의
ko,chicken,white,small,plural,0,작은 하얀색 닭 두 마리
ko,chicken,white,small,plural,1,작은 하얀색 닭 세 마리
ko,chicken,white,small,plural,2,작은 하얀색 닭 네 마리
ko,chicken,white,small,plural,3,작은 하얀색 닭 다섯 마리
ko,chicken,white,small,plural,4,작은 하얀색 닭 여섯 마리
ko,chicken,white,small,plural,5,작은 하얀색 닭 일곱 마리
ko,chicken,white,small,plural,6,작은 하얀색 닭 여덟 마리
ko,chicken,white,large,nom,,큰 하얀색 닭이
ko,chicken,white,large,acc,,큰 하얀색 닭을
ko,chicken,white,large,gen,,큰 하얀색 닭의
ko,chicken,white,large,plural,0,큰 하얀색 닭 두 마리
ko,chicken,white,large,plural,1,큰 하얀색 닭 세 마리
ko,chicken,white,large,plural,2,큰 하얀색 닭 네 마리
ko,chicken,white,large,plural,3,큰 하얀색 닭 다섯 마리
ko,chicken,white,large,plural,4,큰 하얀색 닭 여섯 마리
ko,chicken,white,large,plural,5,큰 하얀색 닭 일곱 마리
ko,chicken,white,large,plural,6,큰 하얀색 닭 여덟 마리
ko,chicken,white,young,nom,,어린 하얀색 닭이
ko,chicken,white,young,acc,,어린 하얀색 닭을
ko,chicken,white,young,gen,,어린 하얀색 닭의
ko,chicken,white,young,plural,0,어린 하얀색 닭 두 마리
ko,chicken,white,young,plural,1,어린 하얀색 닭 세 마리
ko,chicken,white,young,plural,2,어린 하얀색 닭 네 마리
ko,chicken,white,young,plural,3,어린 하얀색 닭 다섯 마리
ko,chicken,white,young,plural,4,어린 하얀색 닭 여섯 마리
ko,chicken,white,young,plural,5,어린 하얀색 닭 일곱 마리
ko,chicken,white,young,plural,6,어린 하얀색 닭 여덟 마리
ko,chicken,white,old,nom,,늙은 하얀색 닭이
ko,chicken,white,old,acc,,늙은 하얀색 닭을
ko,chicken,white,old,gen,,늙은 하얀색 닭의
ko,chicken,white,old,plural,0,늙은 하얀색 닭 두 마리
ko,chicken,white,old,plural,1,늙은 하얀색 닭 세 마리
ko,chicken,white,old,plural,2,늙은 하얀색 닭 네 마리
ko,chicken,white,old,plural,3,늙은 하얀색 닭 다섯 마리
ko,chicken,white,old,plural,4,늙은 하얀색 닭 여섯 마리
ko,chicken,white,old,plural,5,늙은 하얀색 닭 일곱 마리
ko,chicken,white,old,plural,6,늙은 하얀색 닭 여덟 마리
ko,rabbit,red,small,nom,,작은 빨간색 토끼가
ko,rabbit,red,small,acc,,작은 빨간색 토끼를
ko,rabbit,red,small,gen,,작은 빨간색 토끼의
ko,rabbit,red,small,plural,0,작은 빨간색 토끼 두 마리
ko,rabbit,red,small,plural,1,작은 빨간색 토끼 세 마리
ko,rabbit,red,small,plural,2,작은 빨간색 토끼 네 마리
ko,rabbit,red,small,plural,3,작은 빨간색 토끼 다섯 마리
ko,rabbit,red,small,plural,4,작은 빨간색 토끼 여섯 마리
ko,rabbit,red,small,plural,5,작은 빨간색 토끼 일곱 마리
ko,rabbit,red,small,plural,6,작은 빨간색 토끼 여덟 마리
ko,rabbit,red,large,nom,,큰 빨간색 토끼가
ko,rabbit,red,large,acc,,큰 빨간색 토끼를
ko,rabbit,red,large,gen,,큰 빨간색 토끼의
ko,rabbit,red,large,plural,0,큰 빨간색 토끼 두 마리
ko,rabbit,red,large,plural,1,큰 빨간색 토끼 세 마리
ko,rabbit,red,large,plural,2,큰 빨간색 토끼 네 마리
ko,rabbit,red,large,plural,3,큰 빨간색 토끼 다섯 마리
ko,rabbit,red,large,plural,4,큰 빨간색 토끼 여섯 마리
ko,rabbit,red,large,plural,5,큰 빨간색 토끼 일곱 마리
ko,rabbit,red,large,plural,6,큰 빨간색 토끼 여덟 마리
ko,rabbit,red,young,nom,,어린 빨간색 토끼가
ko,rabbit,red,young,acc,,어린 빨간색 토끼를
ko,rabbit,red,young,gen,,어린 빨간색 토끼의
ko,rabbit,red,young,plural,0,어린 빨간색 토끼 두 마리
ko,rabbit,red,young,plural,1,어린 빨간색 토끼 세 마리
ko,rabbit,red,young,plural,2,어린 빨간색 토끼 네 마리
ko,rabbit,red,young,plural,3,어린 빨간색 토끼 다섯 마리
ko,rabbit,red,young,plural,4,어린 빨간색 토끼 여섯 마리
ko,rabbit,red,young,plural,5,어린 빨간색 토끼 일곱 마리
ko,rabbit,red,young,plural,6,어린 빨간색 토끼 여덟 마리
ko,rabbit,red,old,nom,,늙은 빨간색 토끼가
ko,rabbit,red,old,acc,,늙은 빨간색 토끼를
ko,rabbit,red,old,gen,,늙은 빨간색 토끼의
ko,rabbit,red,old,plural,0,늙은 빨간색 토끼 두 마리
ko,rabbit,red,old,plural,1,늙은 빨간색 토끼 세 마리
ko,rabbit,red,old,plural,2,늙은 빨간색 토끼 네 마리
ko,rabbit,red,old,plural,3,늙은 빨간색 토끼 다섯 마리
ko,rabbit,red,old,plural,4,늙은 빨간색 토끼 여섯 마리
ko,rabbit,red,old,plural,5,늙은 빨간색 토끼 일곱 마리
ko,rabbit,red,old,plural,6,늙은 빨간색 토끼 여덟 마리
ko,rabbit,blue,small,nom,,작은 파란색 토끼가
ko,rabbit,blue,small,acc,,작은 파란색 토끼를
ko,rabbit,blue,small,gen,,작은 파란색 토끼의
ko,rabbit,blue,small,plural,0,작은 파란색 토끼 두 마리
ko,rabbit,blue,small,plural,1,작은 파란색 토끼 세 마리
ko,rabbit,blue,small,plural,2,작은 파란색 토끼 네 마리
ko,rabbit,blue,small,plural,3,작은 파란색 토끼 다섯 마리
ko,rabbit,blue,small,plural,4,작은 파란색 토끼 여섯 마리
ko,rabbit,blue,small,plural,5,작은 파란색 토끼 일곱 마리
ko,rabbit,blue,small,plural,6,작은 파란색 토끼 여덟 마리
ko,rabbit,blue,large,nom,,큰 파란색 토끼가
ko,rabbit,blue,large,acc,,큰 파란색 토끼를
ko,rabbit,blue,large,gen,,큰 파란색 토끼의
ko,rabbit,blue,large,plural,0,큰 파란색 토끼 두 마리
ko,rabbit,blue,large,plural,1,큰 파란색 토끼 세 마리
ko,rabbit,blue,large,plural,2,큰 파란색 토끼 네 마리
ko,rabbit,blue,large,plural,3,큰 파란색 토끼 다섯 마리
ko,rabbit,blue,large,plural,4,큰 파란색 토끼 여섯 마리
ko,rabbit,blue,large,plural,5,큰 파란색 토끼 일곱 마리
ko,rabbit,blue,large,plural,6,큰 파란색 토끼 여덟 마리
ko,rabbit,blue,young,nom,,어린 파란색 토끼가
ko,rabbit,blue,young,acc,,어린 파란색 토끼를
ko,rabbit,blue,young,gen,,어린 파란색 토끼의
ko,rabbit,blue,young,plural,0,어린 파란색 토끼 두 마리
ko,rabbit,blue,young,plural,1,어린 파란색 토끼 세 마리
ko,rabbit,blue,young,plural,2,어린 파란색 토끼 네 마리
ko,rabbit,blue,young,plural,3,어린 파란색 토끼 다섯 마리
ko,rabbit,blue,young,plural,4,어린 파란색 토끼 여섯 마리
ko,rabbit,blue,young,plural,5,어린 파란색 토끼 일곱 마리
ko,rabbit,blue,young,plural,6,어린 파란색 토끼 여덟 마리
ko,rabbit,blue,old,nom,,늙은 파란색 토끼가
ko,rabbit,blue,old,acc,,늙은 파란색 토끼를
ko,rabbit,blue,old,gen,,늙은 파란색 토끼의
ko,rabbit,blue,old,plural,0,늙은 파란색 토끼 두 마리
ko,rabbit,blue,old,plural,1,늙은 파란색 토끼 세 마리
ko,rabbit,blue,old,plural,2,늙은 파란색 토끼 네 마리
ko,rabbit,blue,old,plural,3,늙은 파란색 토끼 다섯 마리
ko,rabbit,blue,old,plural,4,늙은 파란색 토끼 여섯 마리
ko,rabbit,blue,old,plural,5,늙은 파란색 토끼 일곱 마리
ko,rabbit,blue,old,plural,6,늙은 파란색 토끼 여덟 마리
ko,rabbit,green,small,nom,,작은 초록색 토끼가
ko,rabbit,green,small,acc,,작은 초록색 토끼를
ko,rabbit,green,small,gen,,작은 초록색 토끼의
ko,rabbit,green,small,plural,0,작은 초록색 토끼 두 마리
ko,rabbit,green,small,plural,1,작은 초록색 토끼 세 마리
ko,rabbit,green,small,plural,2,작은 초록색 토끼 네 마리
ko,rabbit,green,small,plural,3,작은 초록색 토끼 다섯 마리
ko,rabbit,green,small,plural,4,작은 초록색 토끼 여섯 마리
ko,rabbit,green,small,plural,5,작은 초록색 토끼 일곱 마리
ko,rabbit,green,small,plural,6,작은 초록색 토끼 여덟 마리
ko,rabbit,green,large,nom,,큰 초록색 토끼가
ko,rabbit,green,large,acc,,큰 초록색 토끼를
ko,rabbit,green,large,gen,,큰 초록색 토끼의
ko,rabbit,green,large,plural,0,큰 초록색 토끼 두 마리
ko,rabbit,green,large,plural,1,큰 초록색 토끼 세 마리
ko,rabbit,green,large,plural,2,큰 초록색 토끼 네 마리
ko,rabbit,green,large,plural,3,큰 초록색 토끼 다섯 마리
ko,rabbit,green,large,plural,4,큰 초록색 토끼 여섯 마리
ko,rabbit,green,large,plural,5,큰 초록색 토끼 일곱 마리
ko,rabbit,green,large,plural,6,큰 초록색 토끼 여덟 마리
ko,rabbit,green,young,nom,,어린 초록색 토끼가
ko,rabbit,green,young,acc,,어린 초록색 토끼를
ko,rabbit,green,young,gen,,어린 초록색 토끼의
ko,rabbit,green,young,plural,0,어린 초록색 토끼 두 마리
ko,rabbit,green,young,plural,1,어린 초록색 토끼 세 마리
ko,rabbit,green,young,plural,2,어린 초록색 토끼 네 마리
ko,rabbit,green,young,plural,3,어린 초록색 토끼 다섯 마리
ko,rabbit,green,young,plural,4,어린 초록색 토끼 여섯 마리
ko,rabbit,green,young,plural,5,어린 초록색 토끼 일곱 마리
ko,rabbit,green,young,plural,6,어린 초록색 토끼 여덟 마리
ko,rabbit,green,old,nom,,늙은 초록색 토끼가
ko,rabbit,green,old,acc,,늙은 초록색 토끼를
ko,rabbit,green,old,gen,,늙은 초록색 토끼의
ko,rabbit,green,old,plural,0,늙은 초록색 토끼 두 마리
ko,rabbit,green,old,plural,1,늙은 초록색 토끼 세 마리
ko,rabbit,green,old,plural,2,늙은 초록색 토끼 네 마리
ko,rabbit,green,old,plural,3,늙은 초록색 토끼 다섯 마리
ko,rabbit,green,old,plural,4,늙은 초록색 토끼 여섯 마리
ko,rabbit,green,old,plural,5,늙은 초록색 토끼 일곱 마리
ko,rabbit,green,old,plural,6,늙은 초록색 토끼 여덟 마리
ko,rabbit,yellow,small,nom,,작은 노란색 토끼가
ko,rabbit,yellow,small,acc,,작은 노란색 토끼를
ko,rabbit,yellow,small,gen,,작은 노란색 토끼의
ko,rabbit,yellow,small,plural,0,작은 노란색 토끼 두 마리
ko,rabbit,yellow,small,plural,1,작은 노란색 토끼 세 마리
ko,rabbit,yellow,small,plural,2,작은 노란색 토끼 네 마리
ko,rabbit,yellow,small,plural,3,작은 노란색 토끼 다섯 마리
ko,rabbit,yellow,small,plural,4,작은 노란색 토끼 여섯 마리
ko,rabbit,yellow,small,plural,5,작은 노란색 토끼 일곱 마리
ko,rabbit,yellow,small,plural,6,작은 노란색 토끼 여덟 마리
ko,rabbit,yellow,large,nom,,큰 노란색 토끼가
ko,rabbit,yellow,large,acc,,큰 노란색 토끼를
ko,rabbit,yellow,large,gen,,큰 노란색 토끼의
ko,rabbit,yellow,large,plural,0,큰 노란색 토끼 두 마리
ko,rabbit,yellow,large,plural,1,큰 노란색 토끼 세 마리
ko,rabbit,yellow,large,plural,2,큰 노란색 토끼 네 마리
ko,rabbit,yellow,large,plural,3,큰 노란색 토끼 다섯 마리
ko,rabbit,yellow,large,plural,4,큰 노란색 토끼 여섯 마리
ko,rabbit,yellow,large,plural,5,큰 노란색 토끼 일곱 마리
ko,rabbit,yellow,large,plural,6,큰 노란색 토끼 여덟 마리
ko,rabbit,yellow,young,nom,,어린 노란색 토끼가
ko,rabbit,yellow,young,acc,,어린 노란색 토끼를
ko,rabbit,yellow,young,gen,,어린 노란색 토끼의
ko,rabbit,yellow,young,plural,0,어린 노란색 토끼 두 마리
ko,rabbit,yellow,young,plural,1,어린 노란색 토끼 세 마리
ko,rabbit,yellow,young,plural,2,어린 노란색 토끼 네 마리
ko,rabbit,yellow,young,plural,3,어린 노란색 토끼 다섯 마리
ko,rabbit,yellow,young,plural,4,어린 노란색 토끼 여섯 마리
ko,rabbit,yellow,young,plural,5,어린 노란색 토끼 일곱 마리
ko,rabbit,yellow,young,plural,6,어린 노란색 토끼 여덟 마리
ko,rabbit,yellow,old,nom,,늙은 노란색 토끼가
ko,rabbit,yellow,old,acc,,늙은 노란색 토끼를
ko,rabbit,yellow,old,gen,,늙은 노란색 토끼의
ko,rabbit,yellow,old,plural,0,늙은 노란색 토끼 두 마리
ko,rabbit,yellow,old,plural,1,늙은 노란색 토끼 세 마리
ko,rabbit,yellow,old,plural,2,늙은 노란색 토끼 네 마리
ko,rabbit,yellow,old,plural,3,늙은 노란색 토끼 다섯 마리
ko,rabbit,yellow,old,plural,4,늙은 노란색 토끼 여섯 마리
ko,rabbit,yellow,old,plural,5,늙은 노란색 토끼 일곱 마리
ko,rabbit,yellow,old,plural,6,늙은 노란색 토끼 여덟 마리
ko,rabbit,black,small,nom,,작은 검은색 토끼가
ko,rabbit,black,small,acc,,작은 검은색 토끼를
ko,rabbit,black,small,gen,,작은 검은색 토끼의
ko,rabbit,black,small,plural,0,작은 검은색 토끼 두 마리
ko,rabbit,black,small,plural,1,작은 검은색 토끼 세 마리
ko,rabbit,black,small,plural,2,작은 검은색 토끼 네 마리
ko,rabbit,black,small,plural,3,작은 검은색 토끼 다섯 마리
ko,rabbit,black,small,plural,4,작은 검은색 토끼 여섯 마리
ko,rabbit,black,small,plural,5,작은 검은색 토끼 일곱 마리
ko,rabbit,black,small,plural,6,작은 검은색 토끼 여덟 마리
ko,rabbit,black,large,nom,,큰 검은색 토끼가
ko,rabbit,black,large,acc,,큰 검은색 토끼를
ko,rabbit,black,large,gen,,큰 검은색 토끼의
ko,rabbit,black,large,plural,0,큰 검은색 토끼 두 마리
ko,rabbit,black,large,plural,1,큰 검은색 토끼 세 마리
ko,rabbit,black,large,plural,2,큰 검은색 토끼 네 마리
ko,rabbit,black,large,plural,3,큰 검은색 토끼 다섯 마리
ko,rabbit,black,large,plural,4,큰 검은색 토끼 여섯 마리
ko,rabbit,black,large,plural,5,큰 검은색 토끼 일곱 마리
ko,rabbit,black,large,plural,6,큰 검은색 토끼 여덟 마리
ko,rabbit,black,young,nom,,어린 검은색 토끼가
ko,rabbit,black,young,acc,,어린 검은색 토끼를
ko,rabbit,black,young,gen,,어린 검은색 토끼의
ko,rabbit,black,young,plural,0,어린 검은색 토끼 두 마리
ko,rabbit,black,young,plural,1,어린 검은색 토끼 세 마리
ko,rabbit,black,young,plural,2,어린 검은색 토끼 네 마리
ko,rabbit,black,young,plural,3,어린 검은색 토끼 다섯 마리
ko,rabbit,black,young,plural,4,어린 검은색 토끼 여섯 마리
ko,rabbit,black,young,plural,5,어린 검은색 토끼 일곱 마리
ko,rabbit,black,young,plural,6,어린 검은색 토끼 여덟 마리
ko,rabbit,black,old,nom,,늙은 검은색 토끼가
ko,rabbit,black,old,acc,,늙은 검은색 토끼를
ko,rabbit,black,old,gen,,늙은 검은색 토끼의
ko,rabbit,black,old,plural,0,늙은 검은색 토끼 두 마리
ko,rabbit,black,old,plural,1,늙은 검은색 토끼 세 마리
ko,rabbit,black,old,plural,2,늙은 검은색 토끼 네 마리
ko,rabbit,black,old,plural,3,늙은 검은색 토끼 다섯 마리
ko,rabbit,black,old,plural,4,늙은 검은색 토끼 여섯 마리
ko,rabbit,black,old,plural,5,늙은 검은색 토끼 일곱 마리
ko,rabbit,black,old,plural,6,늙은 검은색 토끼 여덟 마리
ko,rabbit,white,small,nom,,작은 하얀색 토끼가
ko,rabbit,white,small,acc,,작은 하얀색 토끼를
ko,rabbit,white,small,gen,,작은 하얀색 토끼의
ko,rabbit,white,small,plural,0,작은 하얀색 토끼 두 마리
ko,rabbit,white,small,plural,1,작은 하얀색 토끼 세 마리
ko,rabbit,white,small,plural,2,작은 하얀색 토끼 네 마리
ko,rabbit,white,small,plural,3,작은 하얀색 토끼 다섯 마리
ko,rabbit,white,small,plural,4,작은 하얀색 토끼 여섯 마리
ko,rabbit,white,small,plural,5,작은 하얀색 토끼 일곱 마리
ko,rabbit,white,small,plural,6,작은 하얀색 토끼 여덟 마리
ko,rabbit,white,large,nom,,큰 하얀색 토끼가
ko,rabbit,white,large,acc,,큰 하얀색 토끼를
ko,rabbit,white,large,gen,,큰 하얀색 토끼의
ko,rabbit,white,large,plural,0,큰 하얀색 토끼 두 마리
ko,rabbit,white,large,plural,1,큰 하얀색 토끼 세 마리
ko,rabbit,white,large,plural,2,큰 하얀색 토끼 네 마리
ko,rabbit,white,large,plural,3,큰 하얀색 토끼 다섯 마리
ko,rabbit,white,large,plural,4,큰 하얀색 토끼 여섯 마리
ko,rabbit,white,large,plural,5,큰 하얀색 토끼 일곱 마리
ko,rabbit,white,large,plural,6,큰 하얀색 토끼 여덟 마리
ko,rabbit,white,young,nom,,어린 하얀색 토끼가
ko,rabbit,white,young,acc,,어린 하얀색 토끼를
ko,rabbit,white,young,gen,,어린 하얀색 토끼의
ko,rabbit,white,young,plural,0,어린 하얀색 토끼 두 마리
ko,rabbit,white,young,plural,1,어린 하얀색 토끼 세 마리
ko,rabbit,white,young,plural,2,어린 하얀색 토끼 네 마리
ko,rabbit,white,young,plural,3,어린 하얀색 토끼 다섯 마리
ko,rabbit,white,young,plural,4,어린 하얀색 토끼 여섯 마리
ko,rabbit,white,young,plural,5,어린 하얀색 토끼 일곱 마리
ko,rabbit,white,young,plural,6,어린 하얀색 토끼 여덟 마리
ko,rabbit,white,old,nom,,늙은 하얀색 토끼가
ko,rabbit,white,old,acc,,늙은 하얀색 토끼를
ko,rabbit,white,old,gen,,늙은 하얀색 토끼의
ko,rabbit,white,old,plural,0,늙은 하얀색 토끼 두 마리
ko,rabbit,white,old,plural,1,늙은 하얀색 토끼 세 마리
ko,rabbit,white,old,plural,2,늙은 하얀색 토끼 네 마리
ko,rabbit,white,old,plural,3,늙은 하얀색 토끼 다섯 마리
ko,rabbit,white,old,plural,4,늙은 하얀색 토끼 여섯 마리
ko,rabbit,white,old,plural,5,늙은 하얀색 토끼 일곱 마리
ko,rabbit,white,old,plural,6,늙은 하얀색 토끼 여덟 마리
