language,noun,color,size,case,count_index,surface
de,0,0,0,nom,,der kleine rote Hund
de,0,0,0,acc,,den kleinen roten Hund
de,0,0,0,dat,,dem kleinen roten Hund
de,0,0,0,plural,0,zwei kleine rote Hunde
de,0,0,0,plural,1,drei kleine rote Hunde
de,0,0,0,plural,2,vier kleine rote Hunde
de,0,0,0,plural,3,fünf kleine rote Hunde
de,0,0,0,plural,4,sechs kleine rote Hunde
de,0,0,0,plural,5,sieben kleine rote Hunde
de,0,0,0,plural,6,acht kleine rote Hunde
de,0,0,1,nom,,der große rote Hund
de,0,0,1,acc,,den großen roten Hund
de,0,0,1,dat,,dem großen roten Hund
de,0,0,1,plural,0,zwei große rote Hunde
de,0,0,1,plural,1,drei große rote Hunde
de,0,0,1,plural,2,vier große rote Hunde
de,0,0,1,plural,3,fünf große rote Hunde
de,0,0,1,plural,4,sechs große rote Hunde
de,0,0,1,plural,5,sieben große rote Hunde
de,0,0,1,plural,6,acht große rote Hunde
de,0,0,2,nom,,der junge rote Hund
de,0,0,2,acc,,den jungen roten Hund
de,0,0,2,dat,,dem jungen roten Hund
de,0,0,2,plural,0,zwei junge rote Hunde
de,0,0,2,plural,1,drei junge rote Hunde
de,0,0,2,plural,2,vier junge rote Hunde
de,0,0,2,plural,3,fünf junge rote Hunde
de,0,0,2,plural,4,sechs junge rote Hunde
de,0,0,2,plural,5,sieben junge rote Hunde
de,0,0,2,plural,6,acht junge rote Hunde
de,0,0,3,nom,,der alte rote Hund
de,0,0,3,acc,,den alten roten Hund
de,0,0,3,dat,,dem alten roten Hund
de,0,0,3,plural,0,zwei alte rote Hunde
de,0,0,3,plural,1,drei alte rote Hunde
de,0,0,3,plural,2,vier alte rote Hunde
de,0,0,3,plural,3,fünf alte rote Hunde
de,0,0,3,plural,4,sechs alte rote Hunde
de,0,0,3,plural,5,sieben alte rote Hunde
de,0,0,3,plural,6,acht alte rote Hunde
de,0,1,0,nom,,der kleine blaue Hund
de,0,1,0,acc,,den kleinen blauen Hund
de,0,1,0,dat,,dem kleinen blauen Hund
de,0,1,0,plural,0,zwei kleine blaue Hunde
de,0,1,0,plural,1,drei kleine blaue Hunde
de,0,1,0,plural,2,vier kleine blaue Hunde
de,0,1,0,plural,3,fünf kleine blaue Hunde
de,0,1,0,plural,4,sechs kleine blaue Hunde
de,0,1,0,plural,5,sieben kleine blaue Hunde
de,0,1,0,plural,6,acht kleine blaue Hunde
de,0,1,1,nom,,der große blaue Hund
de,0,1,1,acc,,den großen blauen Hund
de,0,1,1,dat,,dem großen blauen Hund
de,0,1,1,plural,0,zwei große blaue Hunde
de,0,1,1,plural,1,drei große blaue Hunde
de,0,1,1,plural,2,vier große blaue Hunde
de,0,1,1,plural,3,fünf große blaue Hunde
de,0,1,1,plural,4,sechs große blaue Hunde
de,0,1,1,plural,5,sieben große blaue Hunde
de,0,1,1,plural,6,acht große blaue Hunde
de,0,1,2,nom,,der junge blaue Hund
de,0,1,2,acc,,den jungen blauen Hund
de,0,1,2,dat,,dem jungen blauen Hund
de,0,1,2,plural,0,zwei junge blaue Hunde
de,0,1,2,plural,1,drei junge blaue Hunde
de,0,1,2,plural,2,vier junge blaue Hunde
de,0,1,2,plural,3,fünf junge blaue Hunde
de,0,1,2,plural,4,sechs junge blaue Hunde
de,0,1,2,plural,5,sieben junge blaue Hunde
de,0,1,2,plural,6,acht junge blaue Hunde
de,0,1,3,nom,,der alte blaue Hund
de,0,1,3,acc,,den alten blauen Hund
de,0,1,3,dat,,dem alten blauen Hund
de,0,1,3,plural,0,zwei alte blaue Hunde
de,0,1,3,plural,1,drei alte blaue Hunde
de,0,1,3,plural,2,vier alte blaue Hunde
de,0,1,3,plural,3,fünf alte blaue Hunde
de,0,1,3,plural,4,sechs alte blaue Hunde
de,0,1,3,plural,5,sieben alte blaue Hunde
de,0,1,3,plural,6,acht alte blaue Hunde
de,0,2,0,nom,,der kleine grüne Hund
de,0,2,0,acc,,den kleinen grünen Hund
de,0,2,0,dat,,dem kleinen grünen Hund
de,0,2,0,plural,0,zwei kleine grüne Hunde
de,0,2,0,plural,1,drei kleine grüne Hunde
de,0,2,0,plural,2,vier kleine grüne Hunde
de,0,2,0,plural,3,fünf kleine grüne Hunde
de,0,2,0,plural,4,sechs kleine grüne Hunde
de,0,2,0,plural,5,sieben kleine grüne Hunde
de,0,2,0,plural,6,acht kleine grüne Hunde
de,0,2,1,nom,,der große grüne Hund
de,0,2,1,acc,,den großen grünen Hund
de,0,2,1,dat,,dem großen grünen Hund
de,0,2,1,plural,0,zwei große grüne Hunde
de,0,2,1,plural,1,drei große grüne Hunde
de,0,2,1,plural,2,vier große grüne Hunde
de,0,2,1,plural,3,fünf große grüne Hunde
de,0,2,1,plural,4,sechs große grüne Hunde
de,0,2,1,plural,5,sieben große grüne Hunde
de,0,2,1,plural,6,acht große grüne Hunde
de,0,2,2,nom,,der junge grüne Hund
de,0,2,2,acc,,den jungen grünen Hund
de,0,2,2,dat,,dem jungen grünen Hund
de,0,2,2,plural,0,zwei junge grüne Hunde
de,0,2,2,plural,1,drei junge grüne Hunde
de,0,2,2,plural,2,vier junge grüne Hunde
de,0,2,2,plural,3,fünf junge grüne Hunde
de,0,2,2,plural,4,sechs junge grüne Hunde
de,0,2,2,plural,5,sieben junge grüne Hunde
de,0,2,2,plural,6,acht junge grüne Hunde
de,0,2,3,nom,,der alte grüne Hund
de,0,2,3,acc,,den alten grünen Hund
de,0,2,3,dat,,dem alten grünen Hund
de,0,2,3,plural,0,zwei alte grüne Hunde
de,0,2,3,plural,1,drei alte grüne Hunde
de,0,2,3,plural,2,vier alte grüne Hunde
de,0,2,3,plural,3,fünf alte grüne Hunde
de,0,2,3,plural,4,sechs alte grüne Hunde
de,0,2,3,plural,5,sieben alte grüne Hunde
de,0,2,3,plural,6,acht alte grüne Hunde
de,0,3,0,nom,,der kleine gelbe Hund
de,0,3,0,acc,,den kleinen gelben Hund
de,0,3,0,dat,,dem kleinen gelben Hund
de,0,3,0,plural,0,zwei kleine gelbe Hunde
de,0,3,0,plural,1,drei kleine gelbe Hunde
de,0,3,0,plural,2,vier kleine gelbe Hunde
de,0,3,0,plural,3,fünf kleine gelbe Hunde
de,0,3,0,plural,4,sechs kleine gelbe Hunde
de,0,3,0,plural,5,sieben kleine gelbe Hunde
de,0,3,0,plural,6,acht kleine gelbe Hunde
de,0,3,1,nom,,der große gelbe Hund
de,0,3,1,acc,,den großen gelben Hund
de,0,3,1,dat,,dem großen gelben Hund
de,0,3,1,plural,0,zwei große gelbe Hunde
de,0,3,1,plural,1,drei große gelbe Hunde
de,0,3,1,plural,2,vier große gelbe Hunde
de,0,3,1,plural,3,fünf große gelbe Hunde
de,0,3,1,plural,4,sechs große gelbe Hunde
de,0,3,1,plural,5,sieben große gelbe Hunde
de,0,3,1,plural,6,acht große gelbe Hunde
de,0,3,2,nom,,der junge gelbe Hund
de,0,3,2,acc,,den jungen gelben Hund
de,0,3,2,dat,,dem jungen gelben Hund
de,0,3,2,plural,0,zwei junge gelbe Hunde
de,0,3,2,plural,1,drei junge gelbe Hunde
de,0,3,2,plural,2,vier junge gelbe Hunde
de,0,3,2,plural,3,fünf junge gelbe Hunde
de,0,3,2,plural,4,sechs junge gelbe Hunde
de,0,3,2,plural,5,sieben junge gelbe Hunde
de,0,3,2,plural,6,acht junge gelbe Hunde
de,0,3,3,nom,,der alte gelbe Hund
de,0,3,3,acc,,den alten gelben Hund
de,0,3,3,dat,,dem alten gelben Hund
de,0,3,3,plural,0,zwei alte gelbe Hunde
de,0,3,3,plural,1,drei alte gelbe Hunde
de,0,3,3,plural,2,vier alte gelbe Hunde
de,0,3,3,plural,3,fünf alte gelbe Hunde
de,0,3,3,plural,4,sechs alte gelbe Hunde
de,0,3,3,plural,5,sieben alte gelbe Hunde
de,0,3,3,plural,6,acht alte gelbe Hunde
de,0,4,0,nom,,der kleine schwarze Hund
de,0,4,0,acc,,den kleinen schwarzen Hund
de,0,4,0,dat,,dem kleinen schwarzen Hund
de,0,4,0,plural,0,zwei kleine schwarze Hunde
de,0,4,0,plural,1,drei kleine schwarze Hunde
de,0,4,0,plural,2,vier kleine schwarze Hunde
de,0,4,0,plural,3,fünf kleine schwarze Hunde
de,0,4,0,plural,4,sechs kleine schwarze Hunde
de,0,4,0,plural,5,sieben kleine schwarze Hunde
de,0,4,0,plural,6,acht kleine schwarze Hunde
de,0,4,1,nom,,der große schwarze Hund
de,0,4,1,acc,,den großen schwarzen Hund
de,0,4,1,dat,,dem großen schwarzen Hund
de,0,4,1,plural,0,zwei große schwarze Hunde
de,0,4,1,plural,1,drei große schwarze Hunde
de,0,4,1,plural,2,vier große schwarze Hunde
de,0,4,1,plural,3,fünf große schwarze Hunde
de,0,4,1,plural,4,sechs große schwarze Hunde
de,0,4,1,plural,5,sieben große schwarze Hunde
de,0,4,1,plural,6,acht große schwarze Hunde
de,0,4,2,nom,,der junge schwarze Hund
de,0,4,2,acc,,den jungen schwarzen Hund
de,0,4,2,dat,,dem jungen schwarzen Hund
de,0,4,2,plural,0,zwei junge schwarze Hunde
de,0,4,2,plural,1,drei junge schwarze Hunde
de,0,4,2,plural,2,vier junge schwarze Hunde
de,0,4,2,plural,3,fünf junge schwarze Hunde
de,0,4,2,plural,4,sechs junge schwarze Hunde
de,0,4,2,plural,5,sieben junge schwarze Hunde
de,0,4,2,plural,6,acht junge schwarze Hunde
de,0,4,3,nom,,der alte schwarze Hund
de,0,4,3,acc,,den alten schwarzen Hund
de,0,4,3,dat,,dem alten schwarzen Hund
de,0,4,3,plural,0,zwei alte schwarze Hunde
de,0,4,3,plural,1,drei alte schwarze Hunde
de,0,4,3,plural,2,vier alte schwarze Hunde
de,0,4,3,plural,3,fünf alte schwarze Hunde
de,0,4,3,plural,4,sechs alte schwarze Hunde
de,0,4,3,plural,5,sieben alte schwarze Hunde
de,0,4,3,plural,6,acht alte schwarze Hunde
de,0,5,0,nom,,der kleine weiße Hund
de,0,5,0,acc,,den kleinen weißen Hund
de,0,5,0,dat,,dem kleinen weißen Hund
de,0,5,0,plural,0,zwei kleine weiße Hunde
de,0,5,0,plural,1,drei kleine weiße Hunde
de,0,5,0,plural,2,vier kleine weiße Hunde
de,0,5,0,plural,3,fünf kleine weiße Hunde
de,0,5,0,plural,4,sechs kleine weiße Hunde
de,0,5,0,plural,5,sieben kleine weiße Hunde
de,0,5,0,plural,6,acht kleine weiße Hunde
de,0,5,1,nom,,der große weiße Hund
de,0,5,1,acc,,den großen weißen Hund
de,0,5,1,dat,,dem großen weißen Hund
de,0,5,1,plural,0,zwei große weiße Hunde
de,0,5,1,plural,1,drei große weiße Hunde
de,0,5,1,plural,2,vier große weiße Hunde
de,0,5,1,plural,3,fünf große weiße Hunde
de,0,5,1,plural,4,sechs große weiße Hunde
de,0,5,1,plural,5,sieben große weiße Hunde
de,0,5,1,plural,6,acht große weiße Hunde
de,0,5,2,nom,,der junge weiße Hund
de,0,5,2,acc,,den jungen weißen Hund
de,0,5,2,dat,,dem jungen weißen Hund
de,0,5,2,plural,0,zwei junge weiße Hunde
de,0,5,2,plural,1,drei junge weiße Hunde
de,0,5,2,plural,2,vier junge weiße Hunde
de,0,5,2,plural,3,fünf junge weiße Hunde
de,0,5,2,plural,4,sechs junge weiße Hunde
de,0,5,2,plural,5,sieben junge weiße Hunde
de,0,5,2,plural,6,acht junge weiße Hunde
de,0,5,3,nom,,der alte weiße Hund
de,0,5,3,acc,,den alten weißen Hund
de,0,5,3,dat,,dem alten weißen Hund
de,0,5,3,plural,0,zwei alte weiße Hunde
de,0,5,3,plural,1,drei alte weiße Hunde
de,0,5,3,plural,2,vier alte weiße Hunde
de,0,5,3,plural,3,fünf alte weiße Hunde
de,0,5,3,plural,4,sechs alte weiße Hunde
de,0,5,3,plural,5,sieben alte weiße Hunde
de,0,5,3,plural,6,acht alte weiße Hunde
de,1,0,0,nom,,der kleine rote Fuchs
de,1,0,0,acc,,den kleinen roten Fuchs
de,1,0,0,dat,,dem kleinen roten Fuchs
de,1,0,0,plural,0,zwei kleine rote Füchse
de,1,0,0,plural,1,drei kleine rote Füchse
de,1,0,0,plural,2,vier kleine rote Füchse
de,1,0,0,plural,3,fünf kleine rote Füchse
de,1,0,0,plural,4,sechs kleine rote Füchse
de,1,0,0,plural,5,sieben kleine rote Füchse
de,1,0,0,plural,6,acht kleine rote Füchse
de,1,0,1,nom,,der große rote Fuchs
de,1,0,1,acc,,den großen roten Fuchs
de,1,0,1,dat,,dem großen roten Fuchs
de,1,0,1,plural,0,zwei große rote Füchse
de,1,0,1,plural,1,drei große rote Füchse
de,1,0,1,plural,2,vier große rote Füchse
de,1,0,1,plural,3,fünf große rote Füchse
de,1,0,1,plural,4,sechs große rote Füchse
de,1,0,1,plural,5,sieben große rote Füchse
de,1,0,1,plural,6,acht große rote Füchse
de,1,0,2,nom,,der junge rote Fuchs
de,1,0,2,acc,,den jungen roten Fuchs
de,1,0,2,dat,,dem jungen roten Fuchs
de,1,0,2,plural,0,zwei junge rote Füchse
de,1,0,2,plural,1,drei junge rote Füchse
de,1,0,2,plural,2,vier junge rote Füchse
de,1,0,2,plural,3,fünf junge rote Füchse
de,1,0,2,plural,4,sechs junge rote Füchse
de,1,0,2,plural,5,sieben junge rote Füchse
de,1,0,2,plural,6,acht junge rote Füchse
de,1,0,3,nom,,der alte rote Fuchs
de,1,0,3,acc,,den alten roten Fuchs
de,1,0,3,dat,,dem alten roten Fuchs
de,1,0,3,plural,0,zwei alte rote Füchse
de,1,0,3,plural,1,drei alte rote Füchse
de,1,0,3,plural,2,vier alte rote Füchse
de,1,0,3,plural,3,fünf alte rote Füchse
de,1,0,3,plural,4,sechs alte rote Füchse
de,1,0,3,plural,5,sieben alte rote Füchse
de,1,0,3,plural,6,acht alte rote Füchse
de,1,1,0,nom,,der kleine blaue Fuchs
de,1,1,0,acc,,den kleinen blauen Fuchs
de,1,1,0,dat,,dem kleinen blauen Fuchs
de,1,1,0,plural,0,zwei kleine blaue Füchse
de,1,1,0,plural,1,drei kleine blaue Füchse
de,1,1,0,plural,2,vier kleine blaue Füchse
de,1,1,0,plural,3,fünf kleine blaue Füchse
de,1,1,0,plural,4,sechs kleine blaue Füchse
de,1,1,0,plural,5,sieben kleine blaue Füchse
de,1,1,0,plural,6,acht kleine blaue Füchse
de,1,1,1,nom,,der große blaue Fuchs
de,1,1,1,acc,,den großen blauen Fuchs
de,1,1,1,dat,,dem großen blauen Fuchs
de,1,1,1,plural,0,zwei große blaue Füchse
de,1,1,1,plural,1,drei große blaue Füchse
de,1,1,1,plural,2,vier große blaue Füchse
de,1,1,1,plural,3,fünf große blaue Füchse
de,1,1,1,plural,4,sechs große blaue Füchse
de,1,1,1,plural,5,sieben große blaue Füchse
de,1,1,1,plural,6,acht große blaue Füchse
de,1,1,2,nom,,der junge blaue Fuchs
de,1,1,2,acc,,den jungen blauen Fuchs
de,1,1,2,dat,,dem jungen blauen Fuchs
de,1,1,2,plural,0,zwei junge blaue Füchse
de,1,1,2,plural,1,drei junge blaue Füchse
de,1,1,2,plural,2,vier junge blaue Füchse
de,1,1,2,plural,3,fünf junge blaue Füchse
de,1,1,2,plural,4,sechs junge blaue Füchse
de,1,1,2,plural,5,sieben junge blaue Füchse
de,1,1,2,plural,6,acht junge blaue Füchse
de,1,1,3,nom,,der alte blaue Fuchs
de,1,1,3,acc,,den alten blauen Fuchs
de,1,1,3,dat,,dem alten blauen Fuchs
de,1,1,3,plural,0,zwei alte blaue Füchse
de,1,1,3,plural,1,drei alte blaue Füchse
de,1,1,3,plural,2,vier alte blaue Füchse
de,1,1,3,plural,3,fünf alte blaue Füchse
de,1,1,3,plural,4,sechs alte blaue Füchse
de,1,1,3,plural,5,sieben alte blaue Füchse
de,1,1,3,plural,6,acht alte blaue Füchse
de,1,2,0,nom,,der kleine grüne Fuchs
de,1,2,0,acc,,den kleinen grünen Fuchs
de,1,2,0,dat,,dem kleinen grünen Fuchs
de,1,2,0,plural,0,zwei kleine grüne Füchse
de,1,2,0,plural,1,drei kleine grüne Füchse
de,1,2,0,plural,2,vier kleine grüne Füchse
de,1,2,0,plural,3,fünf kleine grüne Füchse
de,1,2,0,plural,4,sechs kleine grüne Füchse
de,1,2,0,plural,5,sieben kleine grüne Füchse
de,1,2,0,plural,6,acht kleine grüne Füchse
de,1,2,1,nom,,der große grüne Fuchs
de,1,2,1,acc,,den großen grünen Fuchs
de,1,2,1,dat,,dem großen grünen Fuchs
de,1,2,1,plural,0,zwei große grüne Füchse
de,1,2,1,plural,1,drei große grüne Füchse
de,1,2,1,plural,2,vier große grüne Füchse
de,1,2,1,plural,3,fünf große grüne Füchse
de,1,2,1,plural,4,sechs große grüne Füchse
de,1,2,1,plural,5,sieben große grüne Füchse
de,1,2,1,plural,6,acht große grüne Füchse
de,1,2,2,nom,,der junge grüne Fuchs
de,1,2,2,acc,,den jungen grünen Fuchs
de,1,2,2,dat,,dem jungen grünen Fuchs
de,1,2,2,plural,0,zwei junge grüne Füchse
de,1,2,2,plural,1,drei junge grüne Füchse
de,1,2,2,plural,2,vier junge grüne Füchse
de,1,2,2,plural,3,fünf junge grüne Füchse
de,1,2,2,plural,4,sechs junge grüne Füchse
de,1,2,2,plural,5,sieben junge grüne Füchse
de,1,2,2,plural,6,acht junge grüne Füchse
de,1,2,3,nom,,der alte grüne Fuchs
de,1,2,3,acc,,den alten grünen Fuchs
de,1,2,3,dat,,dem alten grünen Fuchs
de,1,2,3,plural,0,zwei alte grüne Füchse
de,1,2,3,plural,1,drei alte grüne Füchse
de,1,2,3,plural,2,vier alte grüne Füchse
de,1,2,3,plural,3,fünf alte grüne Füchse
de,1,2,3,plural,4,sechs alte grüne Füchse
de,1,2,3,plural,5,sieben alte grüne Füchse
de,1,2,3,plural,6,acht alte grüne Füchse
de,1,3,0,nom,,der kleine gelbe Fuchs
de,1,3,0,acc,,den kleinen gelben Fuchs
de,1,3,0,dat,,dem kleinen gelben Fuchs
de,1,3,0,plural,0,zwei kleine gelbe Füchse
de,1,3,0,plural,1,drei kleine gelbe Füchse
de,1,3,0,plural,2,vier kleine gelbe Füchse
de,1,3,0,plural,3,fünf kleine gelbe Füchse
de,1,3,0,plural,4,sechs kleine gelbe Füchse
de,1,3,0,plural,5,sieben kleine gelbe Füchse
de,1,3,0,plural,6,acht kleine gelbe Füchse
de,1,3,1,nom,,der große gelbe Fuchs
de,1,3,1,acc,,den großen gelben Fuchs
de,1,3,1,dat,,dem großen gelben Fuchs
de,1,3,1,plural,0,zwei große gelbe Füchse
de,1,3,1,plural,1,drei große gelbe Füchse
de,1,3,1,plural,2,vier große gelbe Füchse
de,1,3,1,plural,3,fünf große gelbe Füchse
de,1,3,1,plural,4,sechs große gelbe Füchse
de,1,3,1,plural,5,sieben große gelbe Füchse
de,1,3,1,plural,6,acht große gelbe Füchse
de,1,3,2,nom,,der junge gelbe Fuchs
de,1,3,2,acc,,den jungen gelben Fuchs
de,1,3,2,dat,,dem jungen gelben Fuchs
de,1,3,2,plural,0,zwei junge gelbe Füchse
de,1,3,2,plural,1,drei junge gelbe Füchse
de,1,3,2,plural,2,vier junge gelbe Füchse
de,1,3,2,plural,3,fünf junge gelbe Füchse
de,1,3,2,plural,4,sechs junge gelbe Füchse
de,1,3,2,plural,5,sieben junge gelbe Füchse
de,1,3,2,plural,6,acht junge gelbe Füchse
de,1,3,3,nom,,der alte gelbe Fuchs
de,1,3,3,acc,,den alten gelben Fuchs
de,1,3,3,dat,,dem alten gelben Fuchs
de,1,3,3,plural,0,zwei alte gelbe Füchse
de,1,3,3,plural,1,drei alte gelbe Füchse
de,1,3,3,plural,2,vier alte gelbe Füchse
de,1,3,3,plural,3,fünf alte gelbe Füchse
de,1,3,3,plural,4,sechs alte gelbe Füchse
de,1,3,3,plural,5,sieben alte gelbe Füchse
de,1,3,3,plural,6,acht alte gelbe Füchse
de,1,4,0,nom,,der kleine schwarze Fuchs
de,1,4,0,acc,,den kleinen schwarzen Fuchs
de,1,4,0,dat,,dem kleinen schwarzen Fuchs
de,1,4,0,plural,0,zwei kleine schwarze Füchse
de,1,4,0,plural,1,drei kleine schwarze Füchse
de,1,4,0,plural,2,vier kleine schwarze Füchse
de,1,4,0,plural,3,fünf kleine schwarze Füchse
de,1,4,0,plural,4,sechs kleine schwarze Füchse
de,1,4,0,plural,5,sieben kleine schwarze Füchse
de,1,4,0,plural,6,acht kleine schwarze Füchse
de,1,4,1,nom,,der große schwarze Fuchs
de,1,4,1,acc,,den großen schwarzen Fuchs
de,1,4,1,dat,,dem großen schwarzen Fuchs
de,1,4,1,plural,0,zwei große schwarze Füchse
de,1,4,1,plural,1,drei große schwarze Füchse
de,1,4,1,plural,2,vier große schwarze Füchse
de,1,4,1,plural,3,fünf große schwarze Füchse
de,1,4,1,plural,4,sechs große schwarze Füchse
de,1,4,1,plural,5,sieben große schwarze Füchse
de,1,4,1,plural,6,acht große schwarze Füchse
de,1,4,2,nom,,der junge schwarze Fuchs
de,1,4,2,acc,,den jungen schwarzen Fuchs
de,1,4,2,dat,,dem jungen schwarzen Fuchs
de,1,4,2,plural,0,zwei junge schwarze Füchse
de,1,4,2,plural,1,drei junge schwarze Füchse
de,1,4,2,plural,2,vier junge schwarze Füchse
de,1,4,2,plural,3,fünf junge schwarze Füchse
de,1,4,2,plural,4,sechs junge schwarze Füchse
de,1,4,2,plural,5,sieben junge schwarze Füchse
de,1,4,2,plural,6,acht junge schwarze Füchse
de,1,4,3,nom,,der alte schwarze Fuchs
de,1,4,3,acc,,den alten schwarzen Fuchs
de,1,4,3,dat,,dem alten schwarzen Fuchs
de,1,4,3,plural,0,zwei alte schwarze Füchse
de,1,4,3,plural,1,drei alte schwarze Füchse
de,1,4,3,plural,2,vier alte schwarze Füchse
de,1,4,3,plural,3,fünf alte schwarze Füchse
de,1,4,3,plural,4,sechs alte schwarze Füchse
de,1,4,3,plural,5,sieben alte schwarze Füchse
de,1,4,3,plural,6,acht alte schwarze Füchse
de,1,5,0,nom,,der kleine weiße Fuchs
de,1,5,0,acc,,den kleinen weißen Fuchs
de,1,5,0,dat,,dem kleinen weißen Fuchs
de,1,5,0,plural,0,zwei kleine weiße Füchse
de,1,5,0,plural,1,drei kleine weiße Füchse
de,1,5,0,plural,2,vier kleine weiße Füchse
de,1,5,0,plural,3,fünf kleine weiße Füchse
de,1,5,0,plural,4,sechs kleine weiße Füchse
de,1,5,0,plural,5,sieben kleine weiße Füchse
de,1,5,0,plural,6,acht kleine weiße Füchse
de,1,5,1,nom,,der große weiße Fuchs
de,1,5,1,acc,,den großen weißen Fuchs
de,1,5,1,dat,,dem großen weißen Fuchs
de,1,5,1,plural,0,zwei große weiße Füchse
de,1,5,1,plural,1,drei große weiße Füchse
de,1,5,1,plural,2,vier große weiße Füchse
de,1,5,1,plural,3,fünf große weiße Füchse
de,1,5,1,plural,4,sechs große weiße Füchse
de,1,5,1,plural,5,sieben große weiße Füchse
de,1,5,1,plural,6,acht große weiße Füchse
de,1,5,2,nom,,der junge weiße Fuchs
de,1,5,2,acc,,den jungen weißen Fuchs
de,1,5,2,dat,,dem jungen weißen Fuchs
de,1,5,2,plural,0,zwei junge weiße Füchse
de,1,5,2,plural,1,drei junge weiße Füchse
de,1,5,2,plural,2,vier junge weiße Füchse
de,1,5,2,plural,3,fünf junge weiße Füchse
de,1,5,2,plural,4,sechs junge weiße Füchse
de,1,5,2,plural,5,sieben junge weiße Füchse
de,1,5,2,plural,6,acht junge weiße Füchse
de,1,5,3,nom,,der alte weiße Fuchs
de,1,5,3,acc,,den alten weißen Fuchs
de,1,5,3,dat,,dem alten weißen Fuchs
de,1,5,3,plural,0,zwei alte weiße Füchse
de,1,5,3,plural,1,drei alte weiße Füchse
de,1,5,3,plural,2,vier alte weiße Füchse
de,1,5,3,plural,3,fünf alte weiße Füchse
de,1,5,3,plural,4,sechs alte weiße Füchse
de,1,5,3,plural,5,sieben alte weiße Füchse
de,1,5,3,plural,6,acht alte weiße Füchse
de,2,0,0,nom,,der kleine rote Bär
de,2,0,0,acc,,den kleinen roten Bären
de,2,0,0,dat,,dem kleinen roten Bären
de,2,0,0,plural,0,zwei kleine rote Bären
de,2,0,0,plural,1,drei kleine rote Bären
de,2,0,0,plural,2,vier kleine rote Bären
de,2,0,0,plural,3,fünf kleine rote Bären
de,2,0,0,plural,4,sechs kleine rote Bären
de,2,0,0,plural,5,sieben kleine rote Bären
de,2,0,0,plural,6,acht kleine rote Bären
de,2,0,1,nom,,der große rote Bär
de,2,0,1,acc,,den großen roten Bären
de,2,0,1,dat,,dem großen roten Bären
de,2,0,1,plural,0,zwei große rote Bären
de,2,0,1,plural,1,drei große rote Bären
de,2,0,1,plural,2,vier große rote Bären
de,2,0,1,plural,3,fünf große rote Bären
de,2,0,1,plural,4,sechs große rote Bären
de,2,0,1,plural,5,sieben große rote Bären
de,2,0,1,plural,6,acht große rote Bären
de,2,0,2,nom,,der junge rote Bär
de,2,0,2,acc,,den jungen roten Bären
de,2,0,2,dat,,dem jungen roten Bären
de,2,0,2,plural,0,zwei junge rote Bären
de,2,0,2,plural,1,drei junge rote Bären
de,2,0,2,plural,2,vier junge rote Bären
de,2,0,2,plural,3,fünf junge rote Bären
de,2,0,2,plural,4,sechs junge rote Bären
de,2,0,2,plural,5,sieben junge rote Bären
de,2,0,2,plural,6,acht junge rote Bären
de,2,0,3,nom,,der alte rote Bär
de,2,0,3,acc,,den alten roten Bären
de,2,0,3,dat,,dem alten roten Bären
de,2,0,3,plural,0,zwei alte rote Bären
de,2,0,3,plural,1,drei alte rote Bären
de,2,0,3,plural,2,vier alte rote Bären
de,2,0,3,plural,3,fünf alte rote Bären
de,2,0,3,plural,4,sechs alte rote Bären
de,2,0,3,plural,5,sieben alte rote Bären
de,2,0,3,plural,6,acht alte rote Bären
de,2,1,0,nom,,der kleine blaue Bär
de,2,1,0,acc,,den kleinen blauen Bären
de,2,1,0,dat,,dem kleinen blauen Bären
de,2,1,0,plural,0,zwei kleine blaue Bären
de,2,1,0,plural,1,drei kleine blaue Bären
de,2,1,0,plural,2,vier kleine blaue Bären
de,2,1,0,plural,3,fünf kleine blaue Bären
de,2,1,0,plural,4,sechs kleine blaue Bären
de,2,1,0,plural,5,sieben kleine blaue Bären
de,2,1,0,plural,6,acht kleine blaue Bären
de,2,1,1,nom,,der große blaue Bär
de,2,1,1,acc,,den großen blauen Bären
de,2,1,1,dat,,dem großen blauen Bären
de,2,1,1,plural,0,zwei große blaue Bären
de,2,1,1,plural,1,drei große blaue Bären
de,2,1,1,plural,2,vier große blaue Bären
de,2,1,1,plural,3,fünf große blaue Bären
de,2,1,1,plural,4,sechs große blaue Bären
de,2,1,1,plural,5,sieben große blaue Bären
de,2,1,1,plural,6,acht große blaue Bären
de,2,1,2,nom,,der junge blaue Bär
de,2,1,2,acc,,den jungen blauen Bären
de,2,1,2,dat,,dem jungen blauen Bären
de,2,1,2,plural,0,zwei junge blaue Bären
de,2,1,2,plural,1,drei junge blaue Bären
de,2,1,2,plural,2,vier junge blaue Bären
de,2,1,2,plural,3,fünf junge blaue Bären
de,2,1,2,plural,4,sechs junge blaue Bären
de,2,1,2,plural,5,sieben junge blaue Bären
de,2,1,2,plural,6,acht junge blaue Bären
de,2,1,3,nom,,der alte blaue Bär
de,2,1,3,acc,,den alten blauen Bären
de,2,1,3,dat,,dem alten blauen Bären
de,2,1,3,plural,0,zwei alte blaue Bären
de,2,1,3,plural,1,drei alte blaue Bären
de,2,1,3,plural,2,vier alte blaue Bären
de,2,1,3,plural,3,fünf alte blaue Bären
de,2,1,3,plural,4,sechs alte blaue Bären
de,2,1,3,plural,5,sieben alte blaue Bären
de,2,1,3,plural,6,acht alte blaue Bären
de,2,2,0,nom,,der kleine grüne Bär
de,2,2,0,acc,,den kleinen grünen Bären
de,2,2,0,dat,,dem kleinen grünen Bären
de,2,2,0,plural,0,zwei kleine grüne Bären
de,2,2,0,plural,1,drei kleine grüne Bären
de,2,2,0,plural,2,vier kleine grüne Bären
de,2,2,0,plural,3,fünf kleine grüne Bären
de,2,2,0,plural,4,sechs kleine grüne Bären
de,2,2,0,plural,5,sieben kleine grüne Bären
de,2,2,0,plural,6,acht kleine grüne Bären
de,2,2,1,nom,,der große grüne Bär
de,2,2,1,acc,,den großen grünen Bären
de,2,2,1,dat,,dem großen grünen Bären
de,2,2,1,plural,0,zwei große grüne Bären
de,2,2,1,plural,1,drei große grüne Bären
de,2,2,1,plural,2,vier große grüne Bären
de,2,2,1,plural,3,fünf große grüne Bären
de,2,2,1,plural,4,sechs große grüne Bären
de,2,2,1,plural,5,sieben große grüne Bären
de,2,2,1,plural,6,acht große grüne Bären
de,2,2,2,nom,,der junge grüne Bär
de,2,2,2,acc,,den jungen grünen Bären
de,2,2,2,dat,,dem jungen grünen Bären
de,2,2,2,plural,0,zwei junge grüne Bären
de,2,2,2,plural,1,drei junge grüne Bären
de,2,2,2,plural,2,vier junge grüne Bären
de,2,2,2,plural,3,fünf junge grüne Bären
de,2,2,2,plural,4,sechs junge grüne Bären
de,2,2,2,plural,5,sieben junge grüne Bären
de,2,2,2,plural,6,acht junge grüne Bären
de,2,2,3,nom,,der alte grüne Bär
de,2,2,3,acc,,den alten grünen Bären
de,2,2,3,dat,,dem alten grünen Bären
de,2,2,3,plural,0,zwei alte grüne Bären
de,2,2,3,plural,1,drei alte grüne Bären
de,2,2,3,plural,2,vier alte grüne Bären
de,2,2,3,plural,3,fünf alte grüne Bären
de,2,2,3,plural,4,sechs alte grüne Bären
de,2,2,3,plural,5,sieben alte grüne Bären
de,2,2,3,plural,6,acht alte grüne Bären
de,2,3,0,nom,,der kleine gelbe Bär
de,2,3,0,acc,,den kleinen gelben Bären
de,2,3,0,dat,,dem kleinen gelben Bären
de,2,3,0,plural,0,zwei kleine gelbe Bären
de,2,3,0,plural,1,drei kleine gelbe Bären
de,2,3,0,plural,2,vier kleine gelbe Bären
de,2,3,0,plural,3,fünf kleine gelbe Bären
de,2,3,0,plural,4,sechs kleine gelbe Bären
de,2,3,0,plural,5,sieben kleine gelbe Bären
de,2,3,0,plural,6,acht kleine gelbe Bären
de,2,3,1,nom,,der große gelbe Bär
de,2,3,1,acc,,den großen gelben Bären
de,2,3,1,dat,,dem großen gelben Bären
de,2,3,1,plural,0,zwei große gelbe Bären
de,2,3,1,plural,1,drei große gelbe Bären
de,2,3,1,plural,2,vier große gelbe Bären
de,2,3,1,plural,3,fünf große gelbe Bären
de,2,3,1,plural,4,sechs große gelbe Bären
de,2,3,1,plural,5,sieben große gelbe Bären
de,2,3,1,plural,6,acht große gelbe Bären
de,2,3,2,nom,,der junge gelbe Bär
de,2,3,2,acc,,den jungen gelben Bären
de,2,3,2,dat,,dem jungen gelben Bären
de,2,3,2,plural,0,zwei junge gelbe Bären
de,2,3,2,plural,1,drei junge gelbe Bären
de,2,3,2,plural,2,vier junge gelbe Bären
de,2,3,2,plural,3,fünf junge gelbe Bären
de,2,3,2,plural,4,sechs junge gelbe Bären
de,2,3,2,plural,5,sieben junge gelbe Bären
de,2,3,2,plural,6,acht junge gelbe Bären
de,2,3,3,nom,,der alte gelbe Bär
de,2,3,3,acc,,den alten gelben Bären
de,2,3,3,dat,,dem alten gelben Bären
de,2,3,3,plural,0,zwei alte gelbe Bären
de,2,3,3,plural,1,drei alte gelbe Bären
de,2,3,3,plural,2,vier alte gelbe Bären
de,2,3,3,plural,3,fünf alte gelbe Bären
de,2,3,3,plural,4,sechs alte gelbe Bären
de,2,3,3,plural,5,sieben alte gelbe Bären
de,2,3,3,plural,6,acht alte gelbe Bären
de,2,4,0,nom,,der kleine schwarze Bär
de,2,4,0,acc,,den kleinen schwarzen Bären
de,2,4,0,dat,,dem kleinen schwarzen Bären
de,2,4,0,plural,0,zwei kleine schwarze Bären
de,2,4,0,plural,1,drei kleine schwarze Bären
de,2,4,0,plural,2,vier kleine schwarze Bären
de,2,4,0,plural,3,fünf kleine schwarze Bären
de,2,4,0,plural,4,sechs kleine schwarze Bären
de,2,4,0,plural,5,sieben kleine schwarze Bären
de,2,4,0,plural,6,acht kleine schwarze Bären
de,2,4,1,nom,,der große schwarze Bär
de,2,4,1,acc,,den großen schwarzen Bären
de,2,4,1,dat,,dem großen schwarzen Bären
de,2,4,1,plural,0,zwei große schwarze Bären
de,2,4,1,plural,1,drei große schwarze Bären
de,2,4,1,plural,2,vier große schwarze Bären
de,2,4,1,plural,3,fünf große schwarze Bären
de,2,4,1,plural,4,sechs große schwarze Bären
de,2,4,1,plural,5,sieben große schwarze Bären
de,2,4,1,plural,6,acht große schwarze Bären
de,2,4,2,nom,,der junge schwarze Bär
de,2,4,2,acc,,den jungen schwarzen Bären
de,2,4,2,dat,,dem jungen schwarzen Bären
de,2,4,2,plural,0,zwei junge schwarze Bären
de,2,4,2,plural,1,drei junge schwarze Bären
de,2,4,2,plural,2,vier junge schwarze Bären
de,2,4,2,plural,3,fünf junge schwarze Bären
de,2,4,2,plural,4,sechs junge schwarze Bären
de,2,4,2,plural,5,sieben junge schwarze Bären
de,2,4,2,plural,6,acht junge schwarze Bären
de,2,4,3,nom,,der alte schwarze Bär
de,2,4,3,acc,,den alten schwarzen Bären
de,2,4,3,dat,,dem alten schwarzen Bären
de,2,4,3,plural,0,zwei alte schwarze Bären
de,2,4,3,plural,1,drei alte schwarze Bären
de,2,4,3,plural,2,vier alte schwarze Bären
de,2,4,3,plural,3,fünf alte schwarze Bären
de,2,4,3,plural,4,sechs alte schwarze Bären
de,2,4,3,plural,5,sieben alte schwarze Bären
de,2,4,3,plural,6,acht alte schwarze Bären
de,2,5,0,nom,,der kleine weiße Bär
de,2,5,0,acc,,den kleinen weißen Bären
de,2,5,0,dat,,dem kleinen weißen Bären
de,2,5,0,plural,0,zwei kleine weiße Bären
de,2,5,0,plural,1,drei kleine weiße Bären
de,2,5,0,plural,2,vier kleine weiße Bären
de,2,5,0,plural,3,fünf kleine weiße Bären
de,2,5,0,plural,4,sechs kleine weiße Bären
de,2,5,0,plural,5,sieben kleine weiße Bären
de,2,5,0,plural,6,acht kleine weiße Bären
de,2,5,1,nom,,der große weiße Bär
de,2,5,1,acc,,den großen weißen Bären
de,2,5,1,dat,,dem großen weißen Bären
de,2,5,1,plural,0,zwei große weiße Bären
de,2,5,1,plural,1,drei große weiße Bären
de,2,5,1,plural,2,vier große weiße Bären
de,2,5,1,plural,3,fünf große weiße Bären
de,2,5,1,plural,4,sechs große weiße Bären
de,2,5,1,plural,5,sieben große weiße Bären
de,2,5,1,plural,6,acht große weiße Bären
de,2,5,2,nom,,der junge weiße Bär
de,2,5,2,acc,,den jungen weißen Bären
de,2,5,2,dat,,dem jungen weißen Bären
de,2,5,2,plural,0,zwei junge weiße Bären
de,2,5,2,plural,1,drei junge weiße Bären
de,2,5,2,plural,2,vier junge weiße Bären
de,2,5,2,plural,3,fünf junge weiße Bären
de,2,5,2,plural,4,sechs junge weiße Bären
de,2,5,2,plural,5,sieben junge weiße Bären
de,2,5,2,plural,6,acht junge weiße Bären
de,2,5,3,nom,,der alte weiße Bär
de,2,5,3,acc,,den alten weißen Bären
de,2,5,3,dat,,dem alten weißen Bären
de,2,5,3,plural,0,zwei alte weiße Bären
de,2,5,3,plural,1,drei alte weiße Bären
de,2,5,3,plural,2,vier alte weiße Bären
de,2,5,3,plural,3,fünf alte weiße Bären
de,2,5,3,plural,4,sechs alte weiße Bären
de,2,5,3,plural,5,sieben alte weiße Bären
de,2,5,3,plural,6,acht alte weiße Bären
de,3,0,0,nom,,der kleine rote Löwe
de,3,0,0,acc,,den kleinen roten Löwen
de,3,0,0,dat,,dem kleinen roten Löwen
de,3,0,0,plural,0,zwei kleine rote Löwen
de,3,0,0,plural,1,drei kleine rote Löwen
de,3,0,0,plural,2,vier kleine rote Löwen
de,3,0,0,plural,3,fünf kleine rote Löwen
de,3,0,0,plural,4,sechs kleine rote Löwen
de,3,0,0,plural,5,sieben kleine rote Löwen
de,3,0,0,plural,6,acht kleine rote Löwen
de,3,0,1,nom,,der große rote Löwe
de,3,0,1,acc,,den großen roten Löwen
de,3,0,1,dat,,dem großen roten Löwen
de,3,0,1,plural,0,zwei große rote Löwen
de,3,0,1,plural,1,drei große rote Löwen
de,3,0,1,plural,2,vier große rote Löwen
de,3,0,1,plural,3,fünf große rote Löwen
de,3,0,1,plural,4,sechs große rote Löwen
de,3,0,1,plural,5,sieben große rote Löwen
de,3,0,1,plural,6,acht große rote Löwen
de,3,0,2,nom,,der junge rote Löwe
de,3,0,2,acc,,den jungen roten Löwen
de,3,0,2,dat,,dem jungen roten Löwen
de,3,0,2,plural,0,zwei junge rote Löwen
de,3,0,2,plural,1,drei junge rote Löwen
de,3,0,2,plural,2,vier junge rote Löwen
de,3,0,2,plural,3,fünf junge rote Löwen
de,3,0,2,plural,4,sechs junge rote Löwen
de,3,0,2,plural,5,sieben junge rote Löwen
de,3,0,2,plural,6,acht junge rote Löwen
de,3,0,3,nom,,der alte rote Löwe
de,3,0,3,acc,,den alten roten Löwen
de,3,0,3,dat,,dem alten roten Löwen
de,3,0,3,plural,0,zwei alte rote Löwen
de,3,0,3,plural,1,drei alte rote Löwen
de,3,0,3,plural,2,vier alte rote Löwen
de,3,0,3,plural,3,fünf alte rote Löwen
de,3,0,3,plural,4,sechs alte rote Löwen
de,3,0,3,plural,5,sieben alte rote Löwen
de,3,0,3,plural,6,acht alte rote Löwen
de,3,1,0,nom,,der kleine blaue Löwe
de,3,1,0,acc,,den kleinen blauen Löwen
de,3,1,0,dat,,dem kleinen blauen Löwen
de,3,1,0,plural,0,zwei kleine blaue Löwen
de,3,1,0,plural,1,drei kleine blaue Löwen
de,3,1,0,plural,2,vier kleine blaue Löwen
de,3,1,0,plural,3,fünf kleine blaue Löwen
de,3,1,0,plural,4,sechs kleine blaue Löwen
de,3,1,0,plural,5,sieben kleine blaue Löwen
de,3,1,0,plural,6,acht kleine blaue Löwen
de,3,1,1,nom,,der große blaue Löwe
de,3,1,1,acc,,den großen blauen Löwen
de,3,1,1,dat,,dem großen blauen Löwen
de,3,1,1,plural,0,zwei große blaue Löwen
de,3,1,1,plural,1,drei große blaue Löwen
de,3,1,1,plural,2,vier große blaue Löwen
de,3,1,1,plural,3,fünf große blaue Löwen
de,3,1,1,plural,4,sechs große blaue Löwen
de,3,1,1,plural,5,sieben große blaue Löwen
de,3,1,1,plural,6,acht große blaue Löwen
de,3,1,2,nom,,der junge blaue Löwe
de,3,1,2,acc,,den jungen blauen Löwen
de,3,1,2,dat,,dem jungen blauen Löwen
de,3,1,2,plural,0,zwei junge blaue Löwen
de,3,1,2,plural,1,drei junge blaue Löwen
de,3,1,2,plural,2,vier junge blaue Löwen
de,3,1,2,plural,3,fünf junge blaue Löwen
de,3,1,2,plural,4,sechs junge blaue Löwen
de,3,1,2,plural,5,sieben junge blaue Löwen
de,3,1,2,plural,6,acht junge blaue Löwen
de,3,1,3,nom,,der alte blaue Löwe
de,3,1,3,acc,,den alten blauen Löwen
de,3,1,3,dat,,dem alten blauen Löwen
de,3,1,3,plural,0,zwei alte blaue Löwen
de,3,1,3,plural,1,drei alte blaue Löwen
de,3,1,3,plural,2,vier alte blaue Löwen
de,3,1,3,plural,3,fünf alte blaue Löwen
de,3,1,3,plural,4,sechs alte blaue Löwen
de,3,1,3,plural,5,sieben alte blaue Löwen
de,3,1,3,plural,6,acht alte blaue Löwen
de,3,2,0,nom,,der kleine grüne Löwe
de,3,2,0,acc,,den kleinen grünen Löwen
de,3,2,0,dat,,dem kleinen grünen Löwen
de,3,2,0,plural,0,zwei kleine grüne Löwen
de,3,2,0,plural,1,drei kleine grüne Löwen
de,3,2,0,plural,2,vier kleine grüne Löwen
de,3,2,0,plural,3,fünf kleine grüne Löwen
de,3,2,0,plural,4,sechs kleine grüne Löwen
de,3,2,0,plural,5,sieben kleine grüne Löwen
de,3,2,0,plural,6,acht kleine grüne Löwen
de,3,2,1,nom,,der große grüne Löwe
de,3,2,1,acc,,den großen grünen Löwen
de,3,2,1,dat,,dem großen grünen Löwen
de,3,2,1,plural,0,zwei große grüne Löwen
de,3,2,1,plural,1,drei große grüne Löwen
de,3,2,1,plural,2,vier große grüne Löwen
de,3,2,1,plural,3,fünf große grüne Löwen
de,3,2,1,plural,4,sechs große grüne Löwen
de,3,2,1,plural,5,sieben große grüne Löwen
de,3,2,1,plural,6,acht große grüne Löwen
de,3,2,2,nom,,der junge grüne Löwe
de,3,2,2,acc,,den jungen grünen Löwen
de,3,2,2,dat,,dem jungen grünen Löwen
de,3,2,2,plural,0,zwei junge grüne Löwen
de,3,2,2,plural,1,drei junge grüne Löwen
de,3,2,2,plural,2,vier junge grüne Löwen
de,3,2,2,plural,3,fünf junge grüne Löwen
de,3,2,2,plural,4,sechs junge grüne Löwen
de,3,2,2,plural,5,sieben junge grüne Löwen
de,3,2,2,plural,6,acht junge grüne Löwen
de,3,2,3,nom,,der alte grüne Löwe
de,3,2,3,acc,,den alten grünen Löwen
de,3,2,3,dat,,dem alten grünen Löwen
de,3,2,3,plural,0,zwei alte grüne Löwen
de,3,2,3,plural,1,drei alte grüne Löwen
de,3,2,3,plural,2,vier alte grüne Löwen
de,3,2,3,plural,3,fünf alte grüne Löwen
de,3,2,3,plural,4,sechs alte grüne Löwen
de,3,2,3,plural,5,sieben alte grüne Löwen
de,3,2,3,plural,6,acht alte grüne Löwen
de,3,3,0,nom,,der kleine gelbe Löwe
de,3,3,0,acc,,den kleinen gelben Löwen
de,3,3,0,dat,,dem kleinen gelben Löwen
de,3,3,0,plural,0,zwei kleine gelbe Löwen
de,3,3,0,plural,1,drei kleine gelbe Löwen
de,3,3,0,plural,2,vier kleine gelbe Löwen
de,3,3,0,plural,3,fünf kleine gelbe Löwen
de,3,3,0,plural,4,sechs kleine gelbe Löwen
de,3,3,0,plural,5,sieben kleine gelbe Löwen
de,3,3,0,plural,6,acht kleine gelbe Löwen
de,3,3,1,nom,,der große gelbe Löwe
de,3,3,1,acc,,den großen gelben Löwen
de,3,3,1,dat,,dem großen gelben Löwen
de,3,3,1,plural,0,zwei große gelbe Löwen
de,3,3,1,plural,1,drei große gelbe Löwen
de,3,3,1,plural,2,vier große gelbe Löwen
de,3,3,1,plural,3,fünf große gelbe Löwen
de,3,3,1,plural,4,sechs große gelbe Löwen
de,3,3,1,plural,5,sieben große gelbe Löwen
de,3,3,1,plural,6,acht große gelbe Löwen
de,3,3,2,nom,,der junge gelbe Löwe
de,3,3,2,acc,,den jungen gelben Löwen
de,3,3,2,dat,,dem jungen gelben Löwen
de,3,3,2,plural,0,zwei junge gelbe Löwen
de,3,3,2,plural,1,drei junge gelbe Löwen
de,3,3,2,plural,2,vier junge gelbe Löwen
de,3,3,2,plural,3,fünf junge gelbe Löwen
de,3,3,2,plural,4,sechs junge gelbe Löwen
de,3,3,2,plural,5,sieben junge gelbe Löwen
de,3,3,2,plural,6,acht junge gelbe Löwen
de,3,3,3,nom,,der alte gelbe Löwe
de,3,3,3,acc,,den alten gelben Löwen
de,3,3,3,dat,,dem alten gelben Löwen
de,3,3,3,plural,0,zwei alte gelbe Löwen
de,3,3,3,plural,1,drei alte gelbe Löwen
de,3,3,3,plural,2,vier alte gelbe Löwen
de,3,3,3,plural,3,fünf alte gelbe Löwen
de,3,3,3,plural,4,sechs alte gelbe Löwen
de,3,3,3,plural,5,sieben alte gelbe Löwen
de,3,3,3,plural,6,acht alte gelbe Löwen
de,3,4,0,nom,,der kleine schwarze Löwe
de,3,4,0,acc,,den kleinen schwarzen Löwen
de,3,4,0,dat,,dem kleinen schwarzen Löwen
de,3,4,0,plural,0,zwei kleine schwarze Löwen
de,3,4,0,plural,1,drei kleine schwarze Löwen
de,3,4,0,plural,2,vier kleine schwarze Löwen
de,3,4,0,plural,3,fünf kleine schwarze Löwen
de,3,4,0,plural,4,sechs kleine schwarze Löwen
de,3,4,0,plural,5,sieben kleine schwarze Löwen
de,3,4,0,plural,6,acht kleine schwarze Löwen
de,3,4,1,nom,,der große schwarze Löwe
de,3,4,1,acc,,den großen schwarzen Löwen
de,3,4,1,dat,,dem großen schwarzen Löwen
de,3,4,1,plural,0,zwei große schwarze Löwen
de,3,4,1,plural,1,drei große schwarze Löwen
de,3,4,1,plural,2,vier große schwarze Löwen
de,3,4,1,plural,3,fünf große schwarze Löwen
de,3,4,1,plural,4,sechs große schwarze Löwen
de,3,4,1,plural,5,sieben große schwarze Löwen
de,3,4,1,plural,6,acht große schwarze Löwen
de,3,4,2,nom,,der junge schwarze Löwe
de,3,4,2,acc,,den jungen schwarzen Löwen
de,3,4,2,dat,,dem jungen schwarzen Löwen
de,3,4,2,plural,0,zwei junge schwarze Löwen
de,3,4,2,plural,1,drei junge schwarze Löwen
de,3,4,2,plural,2,vier junge schwarze Löwen
de,3,4,2,plural,3,fünf junge schwarze Löwen
de,3,4,2,plural,4,sechs junge schwarze Löwen
de,3,4,2,plural,5,sieben junge schwarze Löwen
de,3,4,2,plural,6,acht junge schwarze Löwen
de,3,4,3,nom,,der alte schwarze Löwe
de,3,4,3,acc,,den alten schwarzen Löwen
de,3,4,3,dat,,dem alten schwarzen Löwen
de,3,4,3,plural,0,zwei alte schwarze Löwen
de,3,4,3,plural,1,drei alte schwarze Löwen
de,3,4,3,plural,2,vier alte schwarze Löwen
de,3,4,3,plural,3,fünf alte schwarze Löwen
de,3,4,3,plural,4,sechs alte schwarze Löwen
de,3,4,3,plural,5,sieben alte schwarze Löwen
de,3,4,3,plural,6,acht alte schwarze Löwen
de,3,5,0,nom,,der kleine weiße Löwe
de,3,5,0,acc,,den kleinen weißen Löwen
de,3,5,0,dat,,dem kleinen weißen Löwen
de,3,5,0,plural,0,zwei kleine weiße Löwen
de,3,5,0,plural,1,drei kleine weiße Löwen
de,3,5,0,plural,2,vier kleine weiße Löwen
de,3,5,0,plural,3,fünf kleine weiße Löwen
de,3,5,0,plural,4,sechs kleine weiße Löwen
de,3,5,0,plural,5,sieben kleine weiße Löwen
de,3,5,0,plural,6,acht kleine weiße Löwen
de,3,5,1,nom,,der große weiße Löwe
de,3,5,1,acc,,den großen weißen Löwen
de,3,5,1,dat,,dem großen weißen Löwen
de,3,5,1,plural,0,zwei große weiße Löwen
de,3,5,1,plural,1,drei große weiße Löwen
de,3,5,1,plural,2,vier große weiße Löwen
de,3,5,1,plural,3,fünf große weiße Löwen
de,3,5,1,plural,4,sechs große weiße Löwen
de,3,5,1,plural,5,sieben große weiße Löwen
de,3,5,1,plural,6,acht große weiße Löwen
de,3,5,2,nom,,der junge weiße Löwe
de,3,5,2,acc,,den jungen weißen Löwen
de,3,5,2,dat,,dem jungen weißen Löwen
de,3,5,2,plural,0,zwei junge weiße Löwen
de,3,5,2,plural,1,drei junge weiße Löwen
de,3,5,2,plural,2,vier junge weiße Löwen
de,3,5,2,plural,3,fünf junge weiße Löwen
de,3,5,2,plural,4,sechs junge weiße Löwen
de,3,5,2,plural,5,sieben junge weiße Löwen
de,3,5,2,plural,6,acht junge weiße Löwen
de,3,5,3,nom,,der alte weiße Löwe
de,3,5,3,acc,,den alten weißen Löwen
de,3,5,3,dat,,dem alten weißen Löwen
de,3,5,3,plural,0,zwei alte weiße Löwen
de,3,5,3,plural,1,drei alte weiße Löwen
de,3,5,3,plural,2,vier alte weiße Löwen
de,3,5,3,plural,3,fünf alte weiße Löwen
de,3,5,3,plural,4,sechs alte weiße Löwen
de,3,5,3,plural,5,sieben alte weiße Löwen
de,3,5,3,plural,6,acht alte weiße Löwen
de,4,0,0,nom,,die kleine rote Katze
de,4,0,0,acc,,die kleine rote Katze
de,4,0,0,dat,,der kleinen roten Katze
de,4,0,0,plural,0,zwei kleine rote Katzen
de,4,0,0,plural,1,drei kleine rote Katzen
de,4,0,0,plural,2,vier kleine rote Katzen
de,4,0,0,plural,3,fünf kleine rote Katzen
de,4,0,0,plural,4,sechs kleine rote Katzen
de,4,0,0,plural,5,sieben kleine rote Katzen
de,4,0,0,plural,6,acht kleine rote Katzen
de,4,0,1,nom,,die große rote Katze
de,4,0,1,acc,,die große rote Katze
de,4,0,1,dat,,der großen roten Katze
de,4,0,1,plural,0,zwei große rote Katzen
de,4,0,1,plural,1,drei große rote Katzen
de,4,0,1,plural,2,vier große rote Katzen
de,4,0,1,plural,3,fünf große rote Katzen
de,4,0,1,plural,4,sechs große rote Katzen
de,4,0,1,plural,5,sieben große rote Katzen
de,4,0,1,plural,6,acht große rote Katzen
de,4,0,2,nom,,die junge rote Katze
de,4,0,2,acc,,die junge rote Katze
de,4,0,2,dat,,der jungen roten Katze
de,4,0,2,plural,0,zwei junge rote Katzen
de,4,0,2,plural,1,drei junge rote Katzen
de,4,0,2,plural,2,vier junge rote Katzen
de,4,0,2,plural,3,fünf junge rote Katzen
de,4,0,2,plural,4,sechs junge rote Katzen
de,4,0,2,plural,5,sieben junge rote Katzen
de,4,0,2,plural,6,acht junge rote Katzen
de,4,0,3,nom,,die alte rote Katze
de,4,0,3,acc,,die alte rote Katze
de,4,0,3,dat,,der alten roten Katze
de,4,0,3,plural,0,zwei alte rote Katzen
de,4,0,3,plural,1,drei alte rote Katzen
de,4,0,3,plural,2,vier alte rote Katzen
de,4,0,3,plural,3,fünf alte rote Katzen
de,4,0,3,plural,4,sechs alte rote Katzen
de,4,0,3,plural,5,sieben alte rote Katzen
de,4,0,3,plural,6,acht alte rote Katzen
de,4,1,0,nom,,die kleine blaue Katze
de,4,1,0,acc,,die kleine blaue Katze
de,4,1,0,dat,,der kleinen blauen Katze
de,4,1,0,plural,0,zwei kleine blaue Katzen
de,4,1,0,plural,1,drei kleine blaue Katzen
de,4,1,0,plural,2,vier kleine blaue Katzen
de,4,1,0,plural,3,fünf kleine blaue Katzen
de,4,1,0,plural,4,sechs kleine blaue Katzen
de,4,1,0,plural,5,sieben kleine blaue Katzen
de,4,1,0,plural,6,acht kleine blaue Katzen
de,4,1,1,nom,,die große blaue Katze
de,4,1,1,acc,,die große blaue Katze
de,4,1,1,dat,,der großen blauen Katze
de,4,1,1,plural,0,zwei große blaue Katzen
de,4,1,1,plural,1,drei große blaue Katzen
de,4,1,1,plural,2,vier große blaue Katzen
de,4,1,1,plural,3,fünf große blaue Katzen
de,4,1,1,plural,4,sechs große blaue Katzen
de,4,1,1,plural,5,sieben große blaue Katzen
de,4,1,1,plural,6,acht große blaue Katzen
de,4,1,2,nom,,die junge blaue Katze
de,4,1,2,acc,,die junge blaue Katze
de,4,1,2,dat,,der jungen blauen Katze
de,4,1,2,plural,0,zwei junge blaue Katzen
de,4,1,2,plural,1,drei junge blaue Katzen
de,4,1,2,plural,2,vier junge blaue Katzen
de,4,1,2,plural,3,fünf junge blaue Katzen
de,4,1,2,plural,4,sechs junge blaue Katzen
de,4,1,2,plural,5,sieben junge blaue Katzen
de,4,1,2,plural,6,acht junge blaue Katzen
de,4,1,3,nom,,die alte blaue Katze
de,4,1,3,acc,,die alte blaue Katze
de,4,1,3,dat,,der alten blauen Katze
de,4,1,3,plural,0,zwei alte blaue Katzen
de,4,1,3,plural,1,drei alte blaue Katzen
de,4,1,3,plural,2,vier alte blaue Katzen
de,4,1,3,plural,3,fünf alte blaue Katzen
de,4,1,3,plural,4,sechs alte blaue Katzen
de,4,1,3,plural,5,sieben alte blaue Katzen
de,4,1,3,plural,6,acht alte blaue Katzen
de,4,2,0,nom,,die kleine grüne Katze
de,4,2,0,acc,,die kleine grüne Katze
de,4,2,0,dat,,der kleinen grünen Katze
de,4,2,0,plural,0,zwei kleine grüne Katzen
de,4,2,0,plural,1,drei kleine grüne Katzen
de,4,2,0,plural,2,vier kleine grüne Katzen
de,4,2,0,plural,3,fünf kleine grüne Katzen
de,4,2,0,plural,4,sechs kleine grüne Katzen
de,4,2,0,plural,5,sieben kleine grüne Katzen
de,4,2,0,plural,6,acht kleine grüne Katzen
de,4,2,1,nom,,die große grüne Katze
de,4,2,1,acc,,die große grüne Katze
de,4,2,1,dat,,der großen grünen Katze
de,4,2,1,plural,0,zwei große grüne Katzen
de,4,2,1,plural,1,drei große grüne Katzen
de,4,2,1,plural,2,vier große grüne Katzen
de,4,2,1,plural,3,fünf große grüne Katzen
de,4,2,1,plural,4,sechs große grüne Katzen
de,4,2,1,plural,5,sieben große grüne Katzen
de,4,2,1,plural,6,acht große grüne Katzen
de,4,2,2,nom,,die junge grüne Katze
de,4,2,2,acc,,die junge grüne Katze
de,4,2,2,dat,,der jungen grünen Katze
de,4,2,2,plural,0,zwei junge grüne Katzen
de,4,2,2,plural,1,drei junge grüne Katzen
de,4,2,2,plural,2,vier junge grüne Katzen
de,4,2,2,plural,3,fünf junge grüne Katzen
de,4,2,2,plural,4,sechs junge grüne Katzen
de,4,2,2,plural,5,sieben junge grüne Katzen
de,4,2,2,plural,6,acht junge grüne Katzen
de,4,2,3,nom,,die alte grüne Katze
de,4,2,3,acc,,die alte grüne Katze
de,4,2,3,dat,,der alten grünen Katze
de,4,2,3,plural,0,zwei alte grüne Katzen
de,4,2,3,plural,1,drei alte grüne Katzen
de,4,2,3,plural,2,vier alte grüne Katzen
de,4,2,3,plural,3,fünf alte grüne Katzen
de,4,2,3,plural,4,sechs alte grüne Katzen
de,4,2,3,plural,5,sieben alte grüne Katzen
de,4,2,3,plural,6,acht alte grüne Katzen
de,4,3,0,nom,,die kleine gelbe Katze
de,4,3,0,acc,,die kleine gelbe Katze
de,4,3,0,dat,,der kleinen gelben Katze
de,4,3,0,plural,0,zwei kleine gelbe Katzen
de,4,3,0,plural,1,drei kleine gelbe Katzen
de,4,3,0,plural,2,vier kleine gelbe Katzen
de,4,3,0,plural,3,fünf kleine gelbe Katzen
de,4,3,0,plural,4,sechs kleine gelbe Katzen
de,4,3,0,plural,5,sieben kleine gelbe Katzen
de,4,3,0,plural,6,acht kleine gelbe Katzen
de,4,3,1,nom,,die große gelbe Katze
de,4,3,1,acc,,die große gelbe Katze
de,4,3,1,dat,,der großen gelben Katze
de,4,3,1,plural,0,zwei große gelbe Katzen
de,4,3,1,plural,1,drei große gelbe Katzen
de,4,3,1,plural,2,vier große gelbe Katzen
de,4,3,1,plural,3,fünf große gelbe Katzen
de,4,3,1,plural,4,sechs große gelbe Katzen
de,4,3,1,plural,5,sieben große gelbe Katzen
de,4,3,1,plural,6,acht große gelbe Katzen
de,4,3,2,nom,,die junge gelbe Katze
de,4,3,2,acc,,die junge gelbe Katze
de,4,3,2,dat,,der jungen gelben Katze
de,4,3,2,plural,0,zwei junge gelbe Katzen
de,4,3,2,plural,1,drei junge gelbe Katzen
de,4,3,2,plural,2,vier junge gelbe Katzen
de,4,3,2,plural,3,fünf junge gelbe Katzen
de,4,3,2,plural,4,sechs junge gelbe Katzen
de,4,3,2,plural,5,sieben junge gelbe Katzen
de,4,3,2,plural,6,acht junge gelbe Katzen
de,4,3,3,nom,,die alte gelbe Katze
de,4,3,3,acc,,die alte gelbe Katze
de,4,3,3,dat,,der alten gelben Katze
de,4,3,3,plural,0,zwei alte gelbe Katzen
de,4,3,3,plural,1,drei alte gelbe Katzen
de,4,3,3,plural,2,vier alte gelbe Katzen
de,4,3,3,plural,3,fünf alte gelbe Katzen
de,4,3,3,plural,4,sechs alte gelbe Katzen
de,4,3,3,plural,5,sieben alte gelbe Katzen
de,4,3,3,plural,6,acht alte gelbe Katzen
de,4,4,0,nom,,die kleine schwarze Katze
de,4,4,0,acc,,die kleine schwarze Katze
de,4,4,0,dat,,der kleinen schwarzen Katze
de,4,4,0,plural,0,zwei kleine schwarze Katzen
de,4,4,0,plural,1,drei kleine schwarze Katzen
de,4,4,0,plural,2,vier kleine schwarze Katzen
de,4,4,0,plural,3,fünf kleine schwarze Katzen
de,4,4,0,plural,4,sechs kleine schwarze Katzen
de,4,4,0,plural,5,sieben kleine schwarze Katzen
de,4,4,0,plural,6,acht kleine schwarze Katzen
de,4,4,1,nom,,die große schwarze Katze
de,4,4,1,acc,,die große schwarze Katze
de,4,4,1,dat,,der großen schwarzen Katze
de,4,4,1,plural,0,zwei große schwarze Katzen
de,4,4,1,plural,1,drei große schwarze Katzen
de,4,4,1,plural,2,vier große schwarze Katzen
de,4,4,1,plural,3,fünf große schwarze Katzen
de,4,4,1,plural,4,sechs große schwarze Katzen
de,4,4,1,plural,5,sieben große schwarze Katzen
de,4,4,1,plural,6,acht große schwarze Katzen
de,4,4,2,nom,,die junge schwarze Katze
de,4,4,2,acc,,die junge schwarze Katze
de,4,4,2,dat,,der jungen schwarzen Katze
de,4,4,2,plural,0,zwei junge schwarze Katzen
de,4,4,2,plural,1,drei junge schwarze Katzen
de,4,4,2,plural,2,vier junge schwarze Katzen
de,4,4,2,plural,3,fünf junge schwarze Katzen
de,4,4,2,plural,4,sechs junge schwarze Katzen
de,4,4,2,plural,5,sieben junge schwarze Katzen
de,4,4,2,plural,6,acht junge schwarze Katzen
de,4,4,3,nom,,die alte schwarze Katze
de,4,4,3,acc,,die alte schwarze Katze
de,4,4,3,dat,,der alten schwarzen Katze
de,4,4,3,plural,0,zwei alte schwarze Katzen
de,4,4,3,plural,1,drei alte schwarze Katzen
de,4,4,3,plural,2,vier alte schwarze Katzen
de,4,4,3,plural,3,fünf alte schwarze Katzen
de,4,4,3,plural,4,sechs alte schwarze Katzen
de,4,4,3,plural,5,sieben alte schwarze Katzen
de,4,4,3,plural,6,acht alte schwarze Katzen
de,4,5,0,nom,,die kleine weiße Katze
de,4,5,0,acc,,die kleine weiße Katze
de,4,5,0,dat,,der kleinen weißen Katze
de,4,5,0,plural,0,zwei kleine weiße Katzen
de,4,5,0,plural,1,drei kleine weiße Katzen
de,4,5,0,plural,2,vier kleine weiße Katzen
de,4,5,0,plural,3,fünf kleine weiße Katzen
de,4,5,0,plural,4,sechs kleine weiße Katzen
de,4,5,0,plural,5,sieben kleine weiße Katzen
de,4,5,0,plural,6,acht kleine weiße Katzen
de,4,5,1,nom,,die große weiße Katze
de,4,5,1,acc,,die große weiße Katze
de,4,5,1,dat,,der großen weißen Katze
de,4,5,1,plural,0,zwei große weiße Katzen
de,4,5,1,plural,1,drei große weiße Katzen
de,4,5,1,plural,2,vier große weiße Katzen
de,4,5,1,plural,3,fünf große weiße Katzen
de,4,5,1,plural,4,sechs große weiße Katzen
de,4,5,1,plural,5,sieben große weiße Katzen
de,4,5,1,plural,6,acht große weiße Katzen
de,4,5,2,nom,,die junge weiße Katze
de,4,5,2,acc,,die junge weiße Katze
de,4,5,2,dat,,der jungen weißen Katze
de,4,5,2,plural,0,zwei junge weiße Katzen
de,4,5,2,plural,1,drei junge weiße Katzen
de,4,5,2,plural,2,vier junge weiße Katzen
de,4,5,2,plural,3,fünf junge weiße Katzen
de,4,5,2,plural,4,sechs junge weiße Katzen
de,4,5,2,plural,5,sieben junge weiße Katzen
de,4,5,2,plural,6,acht junge weiße Katzen
de,4,5,3,nom,,die alte weiße Katze
de,4,5,3,acc,,die alte weiße Katze
de,4,5,3,dat,,der alten weißen Katze
de,4,5,3,plural,0,zwei alte weiße Katzen
de,4,5,3,plural,1,drei alte weiße Katzen
de,4,5,3,plural,2,vier alte weiße Katzen
de,4,5,3,plural,3,fünf alte weiße Katzen
de,4,5,3,plural,4,sechs alte weiße Katzen
de,4,5,3,plural,5,sieben alte weiße Katzen
de,4,5,3,plural,6,acht alte weiße Katzen
de,5,0,0,nom,,die kleine rote Maus
de,5,0,0,acc,,die kleine rote Maus
de,5,0,0,dat,,der kleinen roten Maus
de,5,0,0,plural,0,zwei kleine rote Mäuse
de,5,0,0,plural,1,drei kleine rote Mäuse
de,5,0,0,plural,2,vier kleine rote Mäuse
de,5,0,0,plural,3,fünf kleine rote Mäuse
de,5,0,0,plural,4,sechs kleine rote Mäuse
de,5,0,0,plural,5,sieben kleine rote Mäuse
de,5,0,0,plural,6,acht kleine rote Mäuse
de,5,0,1,nom,,die große rote Maus
de,5,0,1,acc,,die große rote Maus
de,5,0,1,dat,,der großen roten Maus
de,5,0,1,plural,0,zwei große rote Mäuse
de,5,0,1,plural,1,drei große rote Mäuse
de,5,0,1,plural,2,vier große rote Mäuse
de,5,0,1,plural,3,fünf große rote Mäuse
de,5,0,1,plural,4,sechs große rote Mäuse
de,5,0,1,plural,5,sieben große rote Mäuse
de,5,0,1,plural,6,acht große rote Mäuse
de,5,0,2,nom,,die junge rote Maus
de,5,0,2,acc,,die junge rote Maus
de,5,0,2,dat,,der jungen roten Maus
de,5,0,2,plural,0,zwei junge rote Mäuse
de,5,0,2,plural,1,drei junge rote Mäuse
de,5,0,2,plural,2,vier junge rote Mäuse
de,5,0,2,plural,3,fünf junge rote Mäuse
de,5,0,2,plural,4,sechs junge rote Mäuse
de,5,0,2,plural,5,sieben junge rote Mäuse
de,5,0,2,plural,6,acht junge rote Mäuse
de,5,0,3,nom,,die alte rote Maus
de,5,0,3,acc,,die alte rote Maus
de,5,0,3,dat,,der alten roten Maus
de,5,0,3,plural,0,zwei alte rote Mäuse
de,5,0,3,plural,1,drei alte rote Mäuse
de,5,0,3,plural,2,vier alte rote Mäuse
de,5,0,3,plural,3,fünf alte rote Mäuse
de,5,0,3,plural,4,sechs alte rote Mäuse
de,5,0,3,plural,5,sieben alte rote Mäuse
de,5,0,3,plural,6,acht alte rote Mäuse
de,5,1,0,nom,,die kleine blaue Maus
de,5,1,0,acc,,die kleine blaue Maus
de,5,1,0,dat,,der kleinen blauen Maus
de,5,1,0,plural,0,zwei kleine blaue Mäuse
de,5,1,0,plural,1,drei kleine blaue Mäuse
de,5,1,0,plural,2,vier kleine blaue Mäuse
de,5,1,0,plural,3,fünf kleine blaue Mäuse
de,5,1,0,plural,4,sechs kleine blaue Mäuse
de,5,1,0,plural,5,sieben kleine blaue Mäuse
de,5,1,0,plural,6,acht kleine blaue Mäuse
de,5,1,1,nom,,die große blaue Maus
de,5,1,1,acc,,die große blaue Maus
de,5,1,1,dat,,der großen blauen Maus
de,5,1,1,plural,0,zwei große blaue Mäuse
de,5,1,1,plural,1,drei große blaue Mäuse
de,5,1,1,plural,2,vier große blaue Mäuse
de,5,1,1,plural,3,fünf große blaue Mäuse
de,5,1,1,plural,4,sechs große blaue Mäuse
de,5,1,1,plural,5,sieben große blaue Mäuse
de,5,1,1,plural,6,acht große blaue Mäuse
de,5,1,2,nom,,die junge blaue Maus
de,5,1,2,acc,,die junge blaue Maus
de,5,1,2,dat,,der jungen blauen Maus
de,5,1,2,plural,0,zwei junge blaue Mäuse
de,5,1,2,plural,1,drei junge blaue Mäuse
de,5,1,2,plural,2,vier junge blaue Mäuse
de,5,1,2,plural,3,fünf junge blaue Mäuse
de,5,1,2,plural,4,sechs junge blaue Mäuse
de,5,1,2,plural,5,sieben junge blaue Mäuse
de,5,1,2,plural,6,acht junge blaue Mäuse
de,5,1,3,nom,,die alte blaue Maus
de,5,1,3,acc,,die alte blaue Maus
de,5,1,3,dat,,der alten blauen Maus
de,5,1,3,plural,0,zwei alte blaue Mäuse
de,5,1,3,plural,1,drei alte blaue Mäuse
de,5,1,3,plural,2,vier alte blaue Mäuse
de,5,1,3,plural,3,fünf alte blaue Mäuse
de,5,1,3,plural,4,sechs alte blaue Mäuse
de,5,1,3,plural,5,sieben alte blaue Mäuse
de,5,1,3,plural,6,acht alte blaue Mäuse
de,5,2,0,nom,,die kleine grüne Maus
de,5,2,0,acc,,die kleine grüne Maus
de,5,2,0,dat,,der kleinen grünen Maus
de,5,2,0,plural,0,zwei kleine grüne Mäuse
de,5,2,0,plural,1,drei kleine grüne Mäuse
de,5,2,0,plural,2,vier kleine grüne Mäuse
de,5,2,0,plural,3,fünf kleine grüne Mäuse
de,5,2,0,plural,4,sechs kleine grüne Mäuse
de,5,2,0,plural,5,sieben kleine grüne Mäuse
de,5,2,0,plural,6,acht kleine grüne Mäuse
de,5,2,1,nom,,die große grüne Maus
de,5,2,1,acc,,die große grüne Maus
de,5,2,1,dat,,der großen grünen Maus
de,5,2,1,plural,0,zwei große grüne Mäuse
de,5,2,1,plural,1,drei große grüne Mäuse
de,5,2,1,plural,2,vier große grüne Mäuse
de,5,2,1,plural,3,fünf große grüne Mäuse
de,5,2,1,plural,4,sechs große grüne Mäuse
de,5,2,1,plural,5,sieben große grüne Mäuse
de,5,2,1,plural,6,acht große grüne Mäuse
de,5,2,2,nom,,die junge grüne Maus
de,5,2,2,acc,,die junge grüne Maus
de,5,2,2,dat,,der jungen grünen Maus
de,5,2,2,plural,0,zwei junge grüne Mäuse
de,5,2,2,plural,1,drei junge grüne Mäuse
de,5,2,2,plural,2,vier junge grüne Mäuse
de,5,2,2,plural,3,fünf junge grüne Mäuse
de,5,2,2,plural,4,sechs junge grüne Mäuse
de,5,2,2,plural,5,sieben junge grüne Mäuse
de,5,2,2,plural,6,acht junge grüne Mäuse
de,5,2,3,nom,,die alte grüne Maus
de,5,2,3,acc,,die alte grüne Maus
de,5,2,3,dat,,der alten grünen Maus
de,5,2,3,plural,0,zwei alte grüne Mäuse
de,5,2,3,plural,1,drei alte grüne Mäuse
de,5,2,3,plural,2,vier alte grüne Mäuse
de,5,2,3,plural,3,fünf alte grüne Mäuse
de,5,2,3,plural,4,sechs alte grüne Mäuse
de,5,2,3,plural,5,sieben alte grüne Mäuse
de,5,2,3,plural,6,acht alte grüne Mäuse
de,5,3,0,nom,,die kleine gelbe Maus
de,5,3,0,acc,,die kleine gelbe Maus
de,5,3,0,dat,,der kleinen gelben Maus
de,5,3,0,plural,0,zwei kleine gelbe Mäuse
de,5,3,0,plural,1,drei kleine gelbe Mäuse
de,5,3,0,plural,2,vier kleine gelbe Mäuse
de,5,3,0,plural,3,fünf kleine gelbe Mäuse
de,5,3,0,plural,4,sechs kleine gelbe Mäuse
de,5,3,0,plural,5,sieben kleine gelbe Mäuse
de,5,3,0,plural,6,acht kleine gelbe Mäuse
de,5,3,1,nom,,die große gelbe Maus
de,5,3,1,acc,,die große gelbe Maus
de,5,3,1,dat,,der großen gelben Maus
de,5,3,1,plural,0,zwei große gelbe Mäuse
de,5,3,1,plural,1,drei große gelbe Mäuse
de,5,3,1,plural,2,vier große gelbe Mäuse
de,5,3,1,plural,3,fünf große gelbe Mäuse
de,5,3,1,plural,4,sechs große gelbe Mäuse
de,5,3,1,plural,5,sieben große gelbe Mäuse
de,5,3,1,plural,6,acht große gelbe Mäuse
de,5,3,2,nom,,die junge gelbe Maus
de,5,3,2,acc,,die junge gelbe Maus
de,5,3,2,dat,,der jungen gelben Maus
de,5,3,2,plural,0,zwei junge gelbe Mäuse
de,5,3,2,plural,1,drei junge gelbe Mäuse
de,5,3,2,plural,2,vier junge gelbe Mäuse
de,5,3,2,plural,3,fünf junge gelbe Mäuse
de,5,3,2,plural,4,sechs junge gelbe Mäuse
de,5,3,2,plural,5,sieben junge gelbe Mäuse
de,5,3,2,plural,6,acht junge gelbe Mäuse
de,5,3,3,nom,,die alte gelbe Maus
de,5,3,3,acc,,die alte gelbe Maus
de,5,3,3,dat,,der alten gelben Maus
de,5,3,3,plural,0,zwei alte gelbe Mäuse
de,5,3,3,plural,1,drei alte gelbe Mäuse
de,5,3,3,plural,2,vier alte gelbe Mäuse
de,5,3,3,plural,3,fünf alte gelbe Mäuse
de,5,3,3,plural,4,sechs alte gelbe Mäuse
de,5,3,3,plural,5,sieben alte gelbe Mäuse
de,5,3,3,plural,6,acht alte gelbe Mäuse
de,5,4,0,nom,,die kleine schwarze Maus
de,5,4,0,acc,,die kleine schwarze Maus
de,5,4,0,dat,,der kleinen schwarzen Maus
de,5,4,0,plural,0,zwei kleine schwarze Mäuse
de,5,4,0,plural,1,drei kleine schwarze Mäuse
de,5,4,0,plural,2,vier kleine schwarze Mäuse
de,5,4,0,plural,3,fünf kleine schwarze Mäuse
de,5,4,0,plural,4,sechs kleine schwarze Mäuse
de,5,4,0,plural,5,sieben kleine schwarze Mäuse
de,5,4,0,plural,6,acht kleine schwarze Mäuse
de,5,4,1,nom,,die große schwarze Maus
de,5,4,1,acc,,die große schwarze Maus
de,5,4,1,dat,,der großen schwarzen Maus
de,5,4,1,plural,0,zwei große schwarze Mäuse
de,5,4,1,plural,1,drei große schwarze Mäuse
de,5,4,1,plural,2,vier große schwarze Mäuse
de,5,4,1,plural,3,fünf große schwarze Mäuse
de,5,4,1,plural,4,sechs große schwarze Mäuse
de,5,4,1,plural,5,sieben große schwarze Mäuse
de,5,4,1,plural,6,acht große schwarze Mäuse
de,5,4,2,nom,,die junge schwarze Maus
de,5,4,2,acc,,die junge schwarze Maus
de,5,4,2,dat,,der jungen schwarzen Maus
de,5,4,2,plural,0,zwei junge schwarze Mäuse
de,5,4,2,plural,1,drei junge schwarze Mäuse
de,5,4,2,plural,2,vier junge schwarze Mäuse
de,5,4,2,plural,3,fünf junge schwarze Mäuse
de,5,4,2,plural,4,sechs junge schwarze Mäuse
de,5,4,2,plural,5,sieben junge schwarze Mäuse
de,5,4,2,plural,6,acht junge schwarze Mäuse
de,5,4,3,nom,,die alte schwarze Maus
de,5,4,3,acc,,die alte schwarze Maus
de,5,4,3,dat,,der alten schwarzen Maus
de,5,4,3,plural,0,zwei alte schwarze Mäuse
de,5,4,3,plural,1,drei alte schwarze Mäuse
de,5,4,3,plural,2,vier alte schwarze Mäuse
de,5,4,3,plural,3,fünf alte schwarze Mäuse
de,5,4,3,plural,4,sechs alte schwarze Mäuse
de,5,4,3,plural,5,sieben alte schwarze Mäuse
de,5,4,3,plural,6,acht alte schwarze Mäuse
de,5,5,0,nom,,die kleine weiße Maus
de,5,5,0,acc,,die kleine weiße Maus
de,5,5,0,dat,,der kleinen weißen Maus
de,5,5,0,plural,0,zwei kleine weiße Mäuse
de,5,5,0,plural,1,drei kleine weiße Mäuse
de,5,5,0,plural,2,vier kleine weiße Mäuse
de,5,5,0,plural,3,fünf kleine weiße Mäuse
de,5,5,0,plural,4,sechs kleine weiße Mäuse
de,5,5,0,plural,5,sieben kleine weiße Mäuse
de,5,5,0,plural,6,acht kleine weiße Mäuse
de,5,5,1,nom,,die große weiße Maus
de,5,5,1,acc,,die große weiße Maus
de,5,5,1,dat,,der großen weißen Maus
de,5,5,1,plural,0,zwei große weiße Mäuse
de,5,5,1,plural,1,drei große weiße Mäuse
de,5,5,1,plural,2,vier große weiße Mäuse
de,5,5,1,plural,3,fünf große weiße Mäuse
de,5,5,1,plural,4,sechs große weiße Mäuse
de,5,5,1,plural,5,sieben große weiße Mäuse
de,5,5,1,plural,6,acht große weiße Mäuse
de,5,5,2,nom,,die junge weiße Maus
de,5,5,2,acc,,die junge weiße Maus
de,5,5,2,dat,,der jungen weißen Maus
de,5,5,2,plural,0,zwei junge weiße Mäuse
de,5,5,2,plural,1,drei junge weiße Mäuse
de,5,5,2,plural,2,vier junge weiße Mäuse
de,5,5,2,plural,3,fünf junge weiße Mäuse
de,5,5,2,plural,4,sechs junge weiße Mäuse
de,5,5,2,plural,5,sieben junge weiße Mäuse
de,5,5,2,plural,6,acht junge weiße Mäuse
de,5,5,3,nom,,die alte weiße Maus
de,5,5,3,acc,,die alte weiße Maus
de,5,5,3,dat,,der alten weißen Maus
de,5,5,3,plural,0,zwei alte weiße Mäuse
de,5,5,3,plural,1,drei alte weiße Mäuse
de,5,5,3,plural,2,vier alte weiße Mäuse
de,5,5,3,plural,3,fünf alte weiße Mäuse
de,5,5,3,plural,4,sechs alte weiße Mäuse
de,5,5,3,plural,5,sieben alte weiße Mäuse
de,5,5,3,plural,6,acht alte weiße Mäuse
de,6,0,0,nom,,die kleine rote Kuh
de,6,0,0,acc,,die kleine rote Kuh
de,6,0,0,dat,,der kleinen roten Kuh
de,6,0,0,plural,0,zwei kleine rote Kühe
de,6,0,0,plural,1,drei kleine rote Kühe
de,6,0,0,plural,2,vier kleine rote Kühe
de,6,0,0,plural,3,fünf kleine rote Kühe
de,6,0,0,plural,4,sechs kleine rote Kühe
de,6,0,0,plural,5,sieben kleine rote Kühe
de,6,0,0,plural,6,acht kleine rote Kühe
de,6,0,1,nom,,die große rote Kuh
de,6,0,1,acc,,die große rote Kuh
de,6,0,1,dat,,der großen roten Kuh
de,6,0,1,plural,0,zwei große rote Kühe
de,6,0,1,plural,1,drei große rote Kühe
de,6,0,1,plural,2,vier große rote Kühe
de,6,0,1,plural,3,fünf große rote Kühe
de,6,0,1,plural,4,sechs große rote Kühe
de,6,0,1,plural,5,sieben große rote Kühe
de,6,0,1,plural,6,acht große rote Kühe
de,6,0,2,nom,,die junge rote Kuh
de,6,0,2,acc,,die junge rote Kuh
de,6,0,2,dat,,der jungen roten Kuh
de,6,0,2,plural,0,zwei junge rote Kühe
de,6,0,2,plural,1,drei junge rote Kühe
de,6,0,2,plural,2,vier junge rote Kühe
de,6,0,2,plural,3,fünf junge rote Kühe
de,6,0,2,plural,4,sechs junge rote Kühe
de,6,0,2,plural,5,sieben junge rote Kühe
de,6,0,2,plural,6,acht junge rote Kühe
de,6,0,3,nom,,die alte rote Kuh
de,6,0,3,acc,,die alte rote Kuh
de,6,0,3,dat,,der alten roten Kuh
de,6,0,3,plural,0,zwei alte rote Kühe
de,6,0,3,plural,1,drei alte rote Kühe
de,6,0,3,plural,2,vier alte rote Kühe
de,6,0,3,plural,3,fünf alte rote Kühe
de,6,0,3,plural,4,sechs alte rote Kühe
de,6,0,3,plural,5,sieben alte rote Kühe
de,6,0,3,plural,6,acht alte rote Kühe
de,6,1,0,nom,,die kleine blaue Kuh
de,6,1,0,acc,,die kleine blaue Kuh
de,6,1,0,dat,,der kleinen blauen Kuh
de,6,1,0,plural,0,zwei kleine blaue Kühe
de,6,1,0,plural,1,drei kleine blaue Kühe
de,6,1,0,plural,2,vier kleine blaue Kühe
de,6,1,0,plural,3,fünf kleine blaue Kühe
de,6,1,0,plural,4,sechs kleine blaue Kühe
de,6,1,0,plural,5,sieben kleine blaue Kühe
de,6,1,0,plural,6,acht kleine blaue Kühe
de,6,1,1,nom,,die große blaue Kuh
de,6,1,1,acc,,die große blaue Kuh
de,6,1,1,dat,,der großen blauen Kuh
de,6,1,1,plural,0,zwei große blaue Kühe
de,6,1,1,plural,1,drei große blaue Kühe
de,6,1,1,plural,2,vier große blaue Kühe
de,6,1,1,plural,3,fünf große blaue Kühe
de,6,1,1,plural,4,sechs große blaue Kühe
de,6,1,1,plural,5,sieben große blaue Kühe
de,6,1,1,plural,6,acht große blaue Kühe
de,6,1,2,nom,,die junge blaue Kuh
de,6,1,2,acc,,die junge blaue Kuh
de,6,1,2,dat,,der jungen blauen Kuh
de,6,1,2,plural,0,zwei junge blaue Kühe
de,6,1,2,plural,1,drei junge blaue Kühe
de,6,1,2,plural,2,vier junge blaue Kühe
de,6,1,2,plural,3,fünf junge blaue Kühe
de,6,1,2,plural,4,sechs junge blaue Kühe
de,6,1,2,plural,5,sieben junge blaue Kühe
de,6,1,2,plural,6,acht junge blaue Kühe
de,6,1,3,nom,,die alte blaue Kuh
de,6,1,3,acc,,die alte blaue Kuh
de,6,1,3,dat,,der alten blauen Kuh
de,6,1,3,plural,0,zwei alte blaue Kühe
de,6,1,3,plural,1,drei alte blaue Kühe
de,6,1,3,plural,2,vier alte blaue Kühe
de,6,1,3,plural,3,fünf alte blaue Kühe
de,6,1,3,plural,4,sechs alte blaue Kühe
de,6,1,3,plural,5,sieben alte blaue Kühe
de,6,1,3,plural,6,acht alte blaue Kühe
de,6,2,0,nom,,die kleine grüne Kuh
de,6,2,0,acc,,die kleine grüne Kuh
de,6,2,0,dat,,der kleinen grünen Kuh
de,6,2,0,plural,0,zwei kleine grüne Kühe
de,6,2,0,plural,1,drei kleine grüne Kühe
de,6,2,0,plural,2,vier kleine grüne Kühe
de,6,2,0,plural,3,fünf kleine grüne Kühe
de,6,2,0,plural,4,sechs kleine grüne Kühe
de,6,2,0,plural,5,sieben kleine grüne Kühe
de,6,2,0,plural,6,acht kleine grüne Kühe
de,6,2,1,nom,,die große grüne Kuh
de,6,2,1,acc,,die große grüne Kuh
de,6,2,1,dat,,der großen grünen Kuh
de,6,2,1,plural,0,zwei große grüne Kühe
de,6,2,1,plural,1,drei große grüne Kühe
de,6,2,1,plural,2,vier große grüne Kühe
de,6,2,1,plural,3,fünf große grüne Kühe
de,6,2,1,plural,4,sechs große grüne Kühe
de,6,2,1,plural,5,sieben große grüne Kühe
de,6,2,1,plural,6,acht große grüne Kühe
de,6,2,2,nom,,die junge grüne Kuh
de,6,2,2,acc,,die junge grüne Kuh
de,6,2,2,dat,,der jungen grünen Kuh
de,6,2,2,plural,0,zwei junge grüne Kühe
de,6,2,2,plural,1,drei junge grüne Kühe
de,6,2,2,plural,2,vier junge grüne Kühe
de,6,2,2,plural,3,fünf junge grüne Kühe
de,6,2,2,plural,4,sechs junge grüne Kühe
de,6,2,2,plural,5,sieben junge grüne Kühe
de,6,2,2,plural,6,acht junge grüne Kühe
de,6,2,3,nom,,die alte grüne Kuh
de,6,2,3,acc,,die alte grüne Kuh
de,6,2,3,dat,,der alten grünen Kuh
de,6,2,3,plural,0,zwei alte grüne Kühe
de,6,2,3,plural,1,drei alte grüne Kühe
de,6,2,3,plural,2,vier alte grüne Kühe
de,6,2,3,plural,3,fünf alte grüne Kühe
de,6,2,3,plural,4,sechs alte grüne Kühe
de,6,2,3,plural,5,sieben alte grüne Kühe
de,6,2,3,plural,6,acht alte grüne Kühe
de,6,3,0,nom,,die kleine gelbe Kuh
de,6,3,0,acc,,die kleine gelbe Kuh
de,6,3,0,dat,,der kleinen gelben Kuh
de,6,3,0,plural,0,zwei kleine gelbe Kühe
de,6,3,0,plural,1,drei kleine gelbe Kühe
de,6,3,0,plural,2,vier kleine gelbe Kühe
de,6,3,0,plural,3,fünf kleine gelbe Kühe
de,6,3,0,plural,4,sechs kleine gelbe Kühe
de,6,3,0,plural,5,sieben kleine gelbe Kühe
de,6,3,0,plural,6,acht kleine gelbe Kühe
de,6,3,1,nom,,die große gelbe Kuh
de,6,3,1,acc,,die große gelbe Kuh
de,6,3,1,dat,,der großen gelben Kuh
de,6,3,1,plural,0,zwei große gelbe Kühe
de,6,3,1,plural,1,drei große gelbe Kühe
de,6,3,1,plural,2,vier große gelbe Kühe
de,6,3,1,plural,3,fünf große gelbe Kühe
de,6,3,1,plural,4,sechs große gelbe Kühe
de,6,3,1,plural,5,sieben große gelbe Kühe
de,6,3,1,plural,6,acht große gelbe Kühe
de,6,3,2,nom,,die junge gelbe Kuh
de,6,3,2,acc,,die junge gelbe Kuh
de,6,3,2,dat,,der jungen gelben Kuh
de,6,3,2,plural,0,zwei junge gelbe Kühe
de,6,3,2,plural,1,drei junge gelbe Kühe
de,6,3,2,plural,2,vier junge gelbe Kühe
de,6,3,2,plural,3,fünf junge gelbe Kühe
de,6,3,2,plural,4,sechs junge gelbe Kühe
de,6,3,2,plural,5,sieben junge gelbe Kühe
de,6,3,2,plural,6,acht junge gelbe Kühe
de,6,3,3,nom,,die alte gelbe Kuh
de,6,3,3,acc,,die alte gelbe Kuh
de,6,3,3,dat,,der alten gelben Kuh
de,6,3,3,plural,0,zwei alte gelbe Kühe
de,6,3,3,plural,1,drei alte gelbe Kühe
de,6,3,3,plural,2,vier alte gelbe Kühe
de,6,3,3,plural,3,fünf alte gelbe Kühe
de,6,3,3,plural,4,sechs alte gelbe Kühe
de,6,3,3,plural,5,sieben alte gelbe Kühe
de,6,3,3,plural,6,acht alte gelbe Kühe
de,6,4,0,nom,,die kleine schwarze Kuh
de,6,4,0,acc,,die kleine schwarze Kuh
de,6,4,0,dat,,der kleinen schwarzen Kuh
de,6,4,0,plural,0,zwei kleine schwarze Kühe
de,6,4,0,plural,1,drei kleine schwarze Kühe
de,6,4,0,plural,2,vier kleine schwarze Kühe
de,6,4,0,plural,3,fünf kleine schwarze Kühe
de,6,4,0,plural,4,sechs kleine schwarze Kühe
de,6,4,0,plural,5,sieben kleine schwarze Kühe
de,6,4,0,plural,6,acht kleine schwarze Kühe
de,6,4,1,nom,,die große schwarze Kuh
de,6,4,1,acc,,die große schwarze Kuh
de,6,4,1,dat,,der großen schwarzen Kuh
de,6,4,1,plural,0,zwei große schwarze Kühe
de,6,4,1,plural,1,drei große schwarze Kühe
de,6,4,1,plural,2,vier große schwarze Kühe
de,6,4,1,plural,3,fünf große schwarze Kühe
de,6,4,1,plural,4,sechs große schwarze Kühe
de,6,4,1,plural,5,sieben große schwarze Kühe
de,6,4,1,plural,6,acht große schwarze Kühe
de,6,4,2,nom,,die junge schwarze Kuh
de,6,4,2,acc,,die junge schwarze Kuh
de,6,4,2,dat,,der jungen schwarzen Kuh
de,6,4,2,plural,0,zwei junge schwarze Kühe
de,6,4,2,plural,1,drei junge schwarze Kühe
de,6,4,2,plural,2,vier junge schwarze Kühe
de,6,4,2,plural,3,fünf junge schwarze Kühe
de,6,4,2,plural,4,sechs junge schwarze Kühe
de,6,4,2,plural,5,sieben junge schwarze Kühe
de,6,4,2,plural,6,acht junge schwarze Kühe
de,6,4,3,nom,,die alte schwarze Kuh
de,6,4,3,acc,,die alte schwarze Kuh
de,6,4,3,dat,,der alten schwarzen Kuh
de,6,4,3,plural,0,zwei alte schwarze Kühe
de,6,4,3,plural,1,drei alte schwarze Kühe
de,6,4,3,plural,2,vier alte schwarze Kühe
de,6,4,3,plural,3,fünf alte schwarze Kühe
de,6,4,3,plural,4,sechs alte schwarze Kühe
de,6,4,3,plural,5,sieben alte schwarze Kühe
de,6,4,3,plural,6,acht alte schwarze Kühe
de,6,5,0,nom,,die kleine weiße Kuh
de,6,5,0,acc,,die kleine weiße Kuh
de,6,5,0,dat,,der kleinen weißen Kuh
de,6,5,0,plural,0,zwei kleine weiße Kühe
de,6,5,0,plural,1,drei kleine weiße Kühe
de,6,5,0,plural,2,vier kleine weiße Kühe
de,6,5,0,plural,3,fünf kleine weiße Kühe
de,6,5,0,plural,4,sechs kleine weiße Kühe
de,6,5,0,plural,5,sieben kleine weiße Kühe
de,6,5,0,plural,6,acht kleine weiße Kühe
de,6,5,1,nom,,die große weiße Kuh
de,6,5,1,acc,,die große weiße Kuh
de,6,5,1,dat,,der großen weißen Kuh
de,6,5,1,plural,0,zwei große weiße Kühe
de,6,5,1,plural,1,drei große weiße Kühe
de,6,5,1,plural,2,vier große weiße Kühe
de,6,5,1,plural,3,fünf große weiße Kühe
de,6,5,1,plural,4,sechs große weiße Kühe
de,6,5,1,plural,5,sieben große weiße Kühe
de,6,5,1,plural,6,acht große weiße Kühe
de,6,5,2,nom,,die junge weiße Kuh
de,6,5,2,acc,,die junge weiße Kuh
de,6,5,2,dat,,der jungen weißen Kuh
de,6,5,2,plural,0,zwei junge weiße Kühe
de,6,5,2,plural,1,drei junge weiße Kühe
de,6,5,2,plural,2,vier junge weiße Kühe
de,6,5,2,plural,3,fünf junge weiße Kühe
de,6,5,2,plural,4,sechs junge weiße Kühe
de,6,5,2,plural,5,sieben junge weiße Kühe
de,6,5,2,plural,6,acht junge weiße Kühe
de,6,5,3,nom,,die alte weiße Kuh
de,6,5,3,acc,,die alte weiße Kuh
de,6,5,3,dat,,der alten weißen Kuh
de,6,5,3,plural,0,zwei alte weiße Kühe
de,6,5,3,plural,1,drei alte weiße Kühe
de,6,5,3,plural,2,vier alte weiße Kühe
de,6,5,3,plural,3,fünf alte weiße Kühe
de,6,5,3,plural,4,sechs alte weiße Kühe
de,6,5,3,plural,5,sieben alte weiße Kühe
de,6,5,3,plural,6,acht alte weiße Kühe
de,7,0,0,nom,,die kleine rote Ente
de,7,0,0,acc,,die kleine rote Ente
de,7,0,0,dat,,der kleinen roten Ente
de,7,0,0,plural,0,zwei kleine rote Enten
de,7,0,0,plural,1,drei kleine rote Enten
de,7,0,0,plural,2,vier kleine rote Enten
de,7,0,0,plural,3,fünf kleine rote Enten
de,7,0,0,plural,4,sechs kleine rote Enten
de,7,0,0,plural,5,sieben kleine rote Enten
de,7,0,0,plural,6,acht kleine rote Enten
de,7,0,1,nom,,die große rote Ente
de,7,0,1,acc,,die große rote Ente
de,7,0,1,dat,,der großen roten Ente
de,7,0,1,plural,0,zwei große rote Enten
de,7,0,1,plural,1,drei große rote Enten
de,7,0,1,plural,2,vier große rote Enten
de,7,0,1,plural,3,fünf große rote Enten
de,7,0,1,plural,4,sechs große rote Enten
de,7,0,1,plural,5,sieben große rote Enten
de,7,0,1,plural,6,acht große rote Enten
de,7,0,2,nom,,die junge rote Ente
de,7,0,2,acc,,die junge rote Ente
de,7,0,2,dat,,der jungen roten Ente
de,7,0,2,plural,0,zwei junge rote Enten
de,7,0,2,plural,1,drei junge rote Enten
de,7,0,2,plural,2,vier junge rote Enten
de,7,0,2,plural,3,fünf junge rote Enten
de,7,0,2,plural,4,sechs junge rote Enten
de,7,0,2,plural,5,sieben junge rote Enten
de,7,0,2,plural,6,acht junge rote Enten
de,7,0,3,nom,,die alte rote Ente
de,7,0,3,acc,,die alte rote Ente
de,7,0,3,dat,,der alten roten Ente
de,7,0,3,plural,0,zwei alte rote Enten
de,7,0,3,plural,1,drei alte rote Enten
de,7,0,3,plural,2,vier alte rote Enten
de,7,0,3,plural,3,fünf alte rote Enten
de,7,0,3,plural,4,sechs alte rote Enten
de,7,0,3,plural,5,sieben alte rote Enten
de,7,0,3,plural,6,acht alte rote Enten
de,7,1,0,nom,,die kleine blaue Ente
de,7,1,0,acc,,die kleine blaue Ente
de,7,1,0,dat,,der kleinen blauen Ente
de,7,1,0,plural,0,zwei kleine blaue Enten
de,7,1,0,plural,1,drei kleine blaue Enten
de,7,1,0,plural,2,vier kleine blaue Enten
de,7,1,0,plural,3,fünf kleine blaue Enten
de,7,1,0,plural,4,sechs kleine blaue Enten
de,7,1,0,plural,5,sieben kleine blaue Enten
de,7,1,0,plural,6,acht kleine blaue Enten
de,7,1,1,nom,,die große blaue Ente
de,7,1,1,acc,,die große blaue Ente
de,7,1,1,dat,,der großen blauen Ente
de,7,1,1,plural,0,zwei große blaue Enten
de,7,1,1,plural,1,drei große blaue Enten
de,7,1,1,plural,2,vier große blaue Enten
de,7,1,1,plural,3,fünf große blaue Enten
de,7,1,1,plural,4,sechs große blaue Enten
de,7,1,1,plural,5,sieben große blaue Enten
de,7,1,1,plural,6,acht große blaue Enten
de,7,1,2,nom,,die junge blaue Ente
de,7,1,2,acc,,die junge blaue Ente
de,7,1,2,dat,,der jungen blauen Ente
de,7,1,2,plural,0,zwei junge blaue Enten
de,7,1,2,plural,1,drei junge blaue Enten
de,7,1,2,plural,2,vier junge blaue Enten
de,7,1,2,plural,3,fünf junge blaue Enten
de,7,1,2,plural,4,sechs junge blaue Enten
de,7,1,2,plural,5,sieben junge blaue Enten
de,7,1,2,plural,6,acht junge blaue Enten
de,7,1,3,nom,,die alte blaue Ente
de,7,1,3,acc,,die alte blaue Ente
de,7,1,3,dat,,der alten blauen Ente
de,7,1,3,plural,0,zwei alte blaue Enten
de,7,1,3,plural,1,drei alte blaue Enten
de,7,1,3,plural,2,vier alte blaue Enten
de,7,1,3,plural,3,fünf alte blaue Enten
de,7,1,3,plural,4,sechs alte blaue Enten
de,7,1,3,plural,5,sieben alte blaue Enten
de,7,1,3,plural,6,acht alte blaue Enten
de,7,2,0,nom,,die kleine grüne Ente
de,7,2,0,acc,,die kleine grüne Ente
de,7,2,0,dat,,der kleinen grünen Ente
de,7,2,0,plural,0,zwei kleine grüne Enten
de,7,2,0,plural,1,drei kleine grüne Enten
de,7,2,0,plural,2,vier kleine grüne Enten
de,7,2,0,plural,3,fünf kleine grüne Enten
de,7,2,0,plural,4,sechs kleine grüne Enten
de,7,2,0,plural,5,sieben kleine grüne Enten
de,7,2,0,plural,6,acht kleine grüne Enten
de,7,2,1,nom,,die große grüne Ente
de,7,2,1,acc,,die große grüne Ente
de,7,2,1,dat,,der großen grünen Ente
de,7,2,1,plural,0,zwei große grüne Enten
de,7,2,1,plural,1,drei große grüne Enten
de,7,2,1,plural,2,vier große grüne Enten
de,7,2,1,plural,3,fünf große grüne Enten
de,7,2,1,plural,4,sechs große grüne Enten
de,7,2,1,plural,5,sieben große grüne Enten
de,7,2,1,plural,6,acht große grüne Enten
de,7,2,2,nom,,die junge grüne Ente
de,7,2,2,acc,,die junge grüne Ente
de,7,2,2,dat,,der jungen grünen Ente
de,7,2,2,plural,0,zwei junge grüne Enten
de,7,2,2,plural,1,drei junge grüne Enten
de,7,2,2,plural,2,vier junge grüne Enten
de,7,2,2,plural,3,fünf junge grüne Enten
de,7,2,2,plural,4,sechs junge grüne Enten
de,7,2,2,plural,5,sieben junge grüne Enten
de,7,2,2,plural,6,acht junge grüne Enten
de,7,2,3,nom,,die alte grüne Ente
de,7,2,3,acc,,die alte grüne Ente
de,7,2,3,dat,,der alten grünen Ente
de,7,2,3,plural,0,zwei alte grüne Enten
de,7,2,3,plural,1,drei alte grüne Enten
de,7,2,3,plural,2,vier alte grüne Enten
de,7,2,3,plural,3,fünf alte grüne Enten
de,7,2,3,plural,4,sechs alte grüne Enten
de,7,2,3,plural,5,sieben alte grüne Enten
de,7,2,3,plural,6,acht alte grüne Enten
de,7,3,0,nom,,die kleine gelbe Ente
de,7,3,0,acc,,die kleine gelbe Ente
de,7,3,0,dat,,der kleinen gelben Ente
de,7,3,0,plural,0,zwei kleine gelbe Enten
de,7,3,0,plural,1,drei kleine gelbe Enten
de,7,3,0,plural,2,vier kleine gelbe Enten
de,7,3,0,plural,3,fünf kleine gelbe Enten
de,7,3,0,plural,4,sechs kleine gelbe Enten
de,7,3,0,plural,5,sieben kleine gelbe Enten
de,7,3,0,plural,6,acht kleine gelbe Enten
de,7,3,1,nom,,die große gelbe Ente
de,7,3,1,acc,,die große gelbe Ente
de,7,3,1,dat,,der großen gelben Ente
de,7,3,1,plural,0,zwei große gelbe Enten
de,7,3,1,plural,1,drei große gelbe Enten
de,7,3,1,plural,2,vier große gelbe Enten
de,7,3,1,plural,3,fünf große gelbe Enten
de,7,3,1,plural,4,sechs große gelbe Enten
de,7,3,1,plural,5,sieben große gelbe Enten
de,7,3,1,plural,6,acht große gelbe Enten
de,7,3,2,nom,,die junge gelbe Ente
de,7,3,2,acc,,die junge gelbe Ente
de,7,3,2,dat,,der jungen gelben Ente
de,7,3,2,plural,0,zwei junge gelbe Enten
de,7,3,2,plural,1,drei junge gelbe Enten
de,7,3,2,plural,2,vier junge gelbe Enten
de,7,3,2,plural,3,fünf junge gelbe Enten
de,7,3,2,plural,4,sechs junge gelbe Enten
de,7,3,2,plural,5,sieben junge gelbe Enten
de,7,3,2,plural,6,acht junge gelbe Enten
de,7,3,3,nom,,die alte gelbe Ente
de,7,3,3,acc,,die alte gelbe Ente
de,7,3,3,dat,,der alten gelben Ente
de,7,3,3,plural,0,zwei alte gelbe Enten
de,7,3,3,plural,1,drei alte gelbe Enten
de,7,3,3,plural,2,vier alte gelbe Enten
de,7,3,3,plural,3,fünf alte gelbe Enten
de,7,3,3,plural,4,sechs alte gelbe Enten
de,7,3,3,plural,5,sieben alte gelbe Enten
de,7,3,3,plural,6,acht alte gelbe Enten
de,7,4,0,nom,,die kleine schwarze Ente
de,7,4,0,acc,,die kleine schwarze Ente
de,7,4,0,dat,,der kleinen schwarzen Ente
de,7,4,0,plural,0,zwei kleine schwarze Enten
de,7,4,0,plural,1,drei kleine schwarze Enten
de,7,4,0,plural,2,vier kleine schwarze Enten
de,7,4,0,plural,3,fünf kleine schwarze Enten
de,7,4,0,plural,4,sechs kleine schwarze Enten
de,7,4,0,plural,5,sieben kleine schwarze Enten
de,7,4,0,plural,6,acht kleine schwarze Enten
de,7,4,1,nom,,die große schwarze Ente
de,7,4,1,acc,,die große schwarze Ente
de,7,4,1,dat,,der großen schwarzen Ente
de,7,4,1,plural,0,zwei große schwarze Enten
de,7,4,1,plural,1,drei große schwarze Enten
de,7,4,1,plural,2,vier große schwarze Enten
de,7,4,1,plural,3,fünf große schwarze Enten
de,7,4,1,plural,4,sechs große schwarze Enten
de,7,4,1,plural,5,sieben große schwarze Enten
de,7,4,1,plural,6,acht große schwarze Enten
de,7,4,2,nom,,die junge schwarze Ente
de,7,4,2,acc,,die junge schwarze Ente
de,7,4,2,dat,,der jungen schwarzen Ente
de,7,4,2,plural,0,zwei junge schwarze Enten
de,7,4,2,plural,1,drei junge schwarze Enten
de,7,4,2,plural,2,vier junge schwarze Enten
de,7,4,2,plural,3,fünf junge schwarze Enten
de,7,4,2,plural,4,sechs junge schwarze Enten
de,7,4,2,plural,5,sieben junge schwarze Enten
de,7,4,2,plural,6,acht junge schwarze Enten
de,7,4,3,nom,,die alte schwarze Ente
de,7,4,3,acc,,die alte schwarze Ente
de,7,4,3,dat,,der alten schwarzen Ente
de,7,4,3,plural,0,zwei alte schwarze Enten
de,7,4,3,plural,1,drei alte schwarze Enten
de,7,4,3,plural,2,vier alte schwarze Enten
de,7,4,3,plural,3,fünf alte schwarze Enten
de,7,4,3,plural,4,sechs alte schwarze Enten
de,7,4,3,plural,5,sieben alte schwarze Enten
de,7,4,3,plural,6,acht alte schwarze Enten
de,7,5,0,nom,,die kleine weiße Ente
de,7,5,0,acc,,die kleine weiße Ente
de,7,5,0,dat,,der kleinen weißen Ente
de,7,5,0,plural,0,zwei kleine weiße Enten
de,7,5,0,plural,1,drei kleine weiße Enten
de,7,5,0,plural,2,vier kleine weiße Enten
de,7,5,0,plural,3,fünf kleine weiße Enten
de,7,5,0,plural,4,sechs kleine weiße Enten
de,7,5,0,plural,5,sieben kleine weiße Enten
de,7,5,0,plural,6,acht kleine weiße Enten
de,7,5,1,nom,,die große weiße Ente
de,7,5,1,acc,,die große weiße Ente
de,7,5,1,dat,,der großen weißen Ente
de,7,5,1,plural,0,zwei große weiße Enten
de,7,5,1,plural,1,drei große weiße Enten
de,7,5,1,plural,2,vier große weiße Enten
de,7,5,1,plural,3,fünf große weiße Enten
de,7,5,1,plural,4,sechs große weiße Enten
de,7,5,1,plural,5,sieben große weiße Enten
de,7,5,1,plural,6,acht große weiße Enten
de,7,5,2,nom,,die junge weiße Ente
de,7,5,2,acc,,die junge weiße Ente
de,7,5,2,dat,,der jungen weißen Ente
de,7,5,2,plural,0,zwei junge weiße Enten
de,7,5,2,plural,1,drei junge weiße Enten
de,7,5,2,plural,2,vier junge weiße Enten
de,7,5,2,plural,3,fünf junge weiße Enten
de,7,5,2,plural,4,sechs junge weiße Enten
de,7,5,2,plural,5,sieben junge weiße Enten
de,7,5,2,plural,6,acht junge weiße Enten
de,7,5,3,nom,,die alte weiße Ente
de,7,5,3,acc,,die alte weiße Ente
de,7,5,3,dat,,der alten weißen Ente
de,7,5,3,plural,0,zwei alte weiße Enten
de,7,5,3,plural,1,drei alte weiße Enten
de,7,5,3,plural,2,vier alte weiße Enten
de,7,5,3,plural,3,fünf alte weiße Enten
de,7,5,3,plural,4,sechs alte weiße Enten
de,7,5,3,plural,5,sieben alte weiße Enten
de,7,5,3,plural,6,acht alte weiße Enten
de,8,0,0,nom,,das kleine rote Pferd
de,8,0,0,acc,,das kleine rote Pferd
de,8,0,0,dat,,dem kleinen roten Pferd
de,8,0,0,plural,0,zwei kleine rote Pferde
de,8,0,0,plural,1,drei kleine rote Pferde
de,8,0,0,plural,2,vier kleine rote Pferde
de,8,0,0,plural,3,fünf kleine rote Pferde
de,8,0,0,plural,4,sechs kleine rote Pferde
de,8,0,0,plural,5,sieben kleine rote Pferde
de,8,0,0,plural,6,acht kleine rote Pferde
de,8,0,1,nom,,das große rote Pferd
de,8,0,1,acc,,das große rote Pferd
de,8,0,1,dat,,dem großen roten Pferd
de,8,0,1,plural,0,zwei große rote Pferde
de,8,0,1,plural,1,drei große rote Pferde
de,8,0,1,plural,2,vier große rote Pferde
de,8,0,1,plural,3,fünf große rote Pferde
de,8,0,1,plural,4,sechs große rote Pferde
de,8,0,1,plural,5,sieben große rote Pferde
de,8,0,1,plural,6,acht große rote Pferde
de,8,0,2,nom,,das junge rote Pferd
de,8,0,2,acc,,das junge rote Pferd
de,8,0,2,dat,,dem jungen roten Pferd
de,8,0,2,plural,0,zwei junge rote Pferde
de,8,0,2,plural,1,drei junge rote Pferde
de,8,0,2,plural,2,vier junge rote Pferde
de,8,0,2,plural,3,fünf junge rote Pferde
de,8,0,2,plural,4,sechs junge rote Pferde
de,8,0,2,plural,5,sieben junge rote Pferde
de,8,0,2,plural,6,acht junge rote Pferde
de,8,0,3,nom,,das alte rote Pferd
de,8,0,3,acc,,das alte rote Pferd
de,8,0,3,dat,,dem alten roten Pferd
de,8,0,3,plural,0,zwei alte rote Pferde
de,8,0,3,plural,1,drei alte rote Pferde
de,8,0,3,plural,2,vier alte rote Pferde
de,8,0,3,plural,3,fünf alte rote Pferde
de,8,0,3,plural,4,sechs alte rote Pferde
de,8,0,3,plural,5,sieben alte rote Pferde
de,8,0,3,plural,6,acht alte rote Pferde
de,8,1,0,nom,,das kleine blaue Pferd
de,8,1,0,acc,,das kleine blaue Pferd
de,8,1,0,dat,,dem kleinen blauen Pferd
de,8,1,0,plural,0,zwei kleine blaue Pferde
de,8,1,0,plural,1,drei kleine blaue Pferde
de,8,1,0,plural,2,vier kleine blaue Pferde
de,8,1,0,plural,3,fünf kleine blaue Pferde
de,8,1,0,plural,4,sechs kleine blaue Pferde
de,8,1,0,plural,5,sieben kleine blaue Pferde
de,8,1,0,plural,6,acht kleine blaue Pferde
de,8,1,1,nom,,das große blaue Pferd
de,8,1,1,acc,,das große blaue Pferd
de,8,1,1,dat,,dem großen blauen Pferd
de,8,1,1,plural,0,zwei große blaue Pferde
de,8,1,1,plural,1,drei große blaue Pferde
de,8,1,1,plural,2,vier große blaue Pferde
de,8,1,1,plural,3,fünf große blaue Pferde
de,8,1,1,plural,4,sechs große blaue Pferde
de,8,1,1,plural,5,sieben große blaue Pferde
de,8,1,1,plural,6,acht große blaue Pferde
de,8,1,2,nom,,das junge blaue Pferd
de,8,1,2,acc,,das junge blaue Pferd
de,8,1,2,dat,,dem jungen blauen Pferd
de,8,1,2,plural,0,zwei junge blaue Pferde
de,8,1,2,plural,1,drei junge blaue Pferde
de,8,1,2,plural,2,vier junge blaue Pferde
de,8,1,2,plural,3,fünf junge blaue Pferde
de,8,1,2,plural,4,sechs junge blaue Pferde
de,8,1,2,plural,5,sieben junge blaue Pferde
de,8,1,2,plural,6,acht junge blaue Pferde
de,8,1,3,nom,,das alte blaue Pferd
de,8,1,3,acc,,das alte blaue Pferd
de,8,1,3,dat,,dem alten blauen Pferd
de,8,1,3,plural,0,zwei alte blaue Pferde
de,8,1,3,plural,1,drei alte blaue Pferde
de,8,1,3,plural,2,vier alte blaue Pferde
de,8,1,3,plural,3,fünf alte blaue Pferde
de,8,1,3,plural,4,sechs alte blaue Pferde
de,8,1,3,plural,5,sieben alte blaue Pferde
de,8,1,3,plural,6,acht alte blaue Pferde
de,8,2,0,nom,,das kleine grüne Pferd
de,8,2,0,acc,,das kleine grüne Pferd
de,8,2,0,dat,,dem kleinen grünen Pferd
de,8,2,0,plural,0,zwei kleine grüne Pferde
de,8,2,0,plural,1,drei kleine grüne Pferde
de,8,2,0,plural,2,vier kleine grüne Pferde
de,8,2,0,plural,3,fünf kleine grüne Pferde
de,8,2,0,plural,4,sechs kleine grüne Pferde
de,8,2,0,plural,5,sieben kleine grüne Pferde
de,8,2,0,plural,6,acht kleine grüne Pferde
de,8,2,1,nom,,das große grüne Pferd
de,8,2,1,acc,,das große grüne Pferd
de,8,2,1,dat,,dem großen grünen Pferd
de,8,2,1,plural,0,zwei große grüne Pferde
de,8,2,1,plural,1,drei große grüne Pferde
de,8,2,1,plural,2,vier große grüne Pferde
de,8,2,1,plural,3,fünf große grüne Pferde
de,8,2,1,plural,4,sechs große grüne Pferde
de,8,2,1,plural,5,sieben große grüne Pferde
de,8,2,1,plural,6,acht große grüne Pferde
de,8,2,2,nom,,das junge grüne Pferd
de,8,2,2,acc,,das junge grüne Pferd
de,8,2,2,dat,,dem jungen grünen Pferd
de,8,2,2,plural,0,zwei junge grüne Pferde
de,8,2,2,plural,1,drei junge grüne Pferde
de,8,2,2,plural,2,vier junge grüne Pferde
de,8,2,2,plural,3,fünf junge grüne Pferde
de,8,2,2,plural,4,sechs junge grüne Pferde
de,8,2,2,plural,5,sieben junge grüne Pferde
de,8,2,2,plural,6,acht junge grüne Pferde
de,8,2,3,nom,,das alte grüne Pferd
de,8,2,3,acc,,das alte grüne Pferd
de,8,2,3,dat,,dem alten grünen Pferd
de,8,2,3,plural,0,zwei alte grüne Pferde
de,8,2,3,plural,1,drei alte grüne Pferde
de,8,2,3,plural,2,vier alte grüne Pferde
de,8,2,3,plural,3,fünf alte grüne Pferde
de,8,2,3,plural,4,sechs alte grüne Pferde
de,8,2,3,plural,5,sieben alte grüne Pferde
de,8,2,3,plural,6,acht alte grüne Pferde
de,8,3,0,nom,,das kleine gelbe Pferd
de,8,3,0,acc,,das kleine gelbe Pferd
de,8,3,0,dat,,dem kleinen gelben Pferd
de,8,3,0,plural,0,zwei kleine gelbe Pferde
de,8,3,0,plural,1,drei kleine gelbe Pferde
de,8,3,0,plural,2,vier kleine gelbe Pferde
de,8,3,0,plural,3,fünf kleine gelbe Pferde
de,8,3,0,plural,4,sechs kleine gelbe Pferde
de,8,3,0,plural,5,sieben kleine gelbe Pferde
de,8,3,0,plural,6,acht kleine gelbe Pferde
de,8,3,1,nom,,das große gelbe Pferd
de,8,3,1,acc,,das große gelbe Pferd
de,8,3,1,dat,,dem großen gelben Pferd
de,8,3,1,plural,0,zwei große gelbe Pferde
de,8,3,1,plural,1,drei große gelbe Pferde
de,8,3,1,plural,2,vier große gelbe Pferde
de,8,3,1,plural,3,fünf große gelbe Pferde
de,8,3,1,plural,4,sechs große gelbe Pferde
de,8,3,1,plural,5,sieben große gelbe Pferde
de,8,3,1,plural,6,acht große gelbe Pferde
de,8,3,2,nom,,das junge gelbe Pferd
de,8,3,2,acc,,das junge gelbe Pferd
de,8,3,2,dat,,dem jungen gelben Pferd
de,8,3,2,plural,0,zwei junge gelbe Pferde
de,8,3,2,plural,1,drei junge gelbe Pferde
de,8,3,2,plural,2,vier junge gelbe Pferde
de,8,3,2,plural,3,fünf junge gelbe Pferde
de,8,3,2,plural,4,sechs junge gelbe Pferde
de,8,3,2,plural,5,sieben junge gelbe Pferde
de,8,3,2,plural,6,acht junge gelbe Pferde
de,8,3,3,nom,,das alte gelbe Pferd
de,8,3,3,acc,,das alte gelbe Pferd
de,8,3,3,dat,,dem alten gelben Pferd
de,8,3,3,plural,0,zwei alte gelbe Pferde
de,8,3,3,plural,1,drei alte gelbe Pferde
de,8,3,3,plural,2,vier alte gelbe Pferde
de,8,3,3,plural,3,fünf alte gelbe Pferde
de,8,3,3,plural,4,sechs alte gelbe Pferde
de,8,3,3,plural,5,sieben alte gelbe Pferde
de,8,3,3,plural,6,acht alte gelbe Pferde
de,8,4,0,nom,,das kleine schwarze Pferd
de,8,4,0,acc,,das kleine schwarze Pferd
de,8,4,0,dat,,dem kleinen schwarzen Pferd
de,8,4,0,plural,0,zwei kleine schwarze Pferde
de,8,4,0,plural,1,drei kleine schwarze Pferde
de,8,4,0,plural,2,vier kleine schwarze Pferde
de,8,4,0,plural,3,fünf kleine schwarze Pferde
de,8,4,0,plural,4,sechs kleine schwarze Pferde
de,8,4,0,plural,5,sieben kleine schwarze Pferde
de,8,4,0,plural,6,acht kleine schwarze Pferde
de,8,4,1,nom,,das große schwarze Pferd
de,8,4,1,acc,,das große schwarze Pferd
de,8,4,1,dat,,dem großen schwarzen Pferd
de,8,4,1,plural,0,zwei große schwarze Pferde
de,8,4,1,plural,1,drei große schwarze Pferde
de,8,4,1,plural,2,vier große schwarze Pferde
de,8,4,1,plural,3,fünf große schwarze Pferde
de,8,4,1,plural,4,sechs große schwarze Pferde
de,8,4,1,plural,5,sieben große schwarze Pferde
de,8,4,1,plural,6,acht große schwarze Pferde
de,8,4,2,nom,,das junge schwarze Pferd
de,8,4,2,acc,,das junge schwarze Pferd
de,8,4,2,dat,,dem jungen schwarzen Pferd
de,8,4,2,plural,0,zwei junge schwarze Pferde
de,8,4,2,plural,1,drei junge schwarze Pferde
de,8,4,2,plural,2,vier junge schwarze Pferde
de,8,4,2,plural,3,fünf junge schwarze Pferde
de,8,4,2,plural,4,sechs junge schwarze Pferde
de,8,4,2,plural,5,sieben junge schwarze Pferde
de,8,4,2,plural,6,acht junge schwarze Pferde
de,8,4,3,nom,,das alte schwarze Pferd
de,8,4,3,acc,,das alte schwarze Pferd
de,8,4,3,dat,,dem alten schwarzen Pferd
de,8,4,3,plural,0,zwei alte schwarze Pferde
de,8,4,3,plural,1,drei alte schwarze Pferde
de,8,4,3,plural,2,vier alte schwarze Pferde
de,8,4,3,plural,3,fünf alte schwarze Pferde
de,8,4,3,plural,4,sechs alte schwarze Pferde
de,8,4,3,plural,5,sieben alte schwarze Pferde
de,8,4,3,plural,6,acht alte schwarze Pferde
de,8,5,0,nom,,das kleine weiße Pferd
de,8,5,0,acc,,das kleine weiße Pferd
de,8,5,0,dat,,dem kleinen weißen Pferd
de,8,5,0,plural,0,zwei kleine weiße Pferde
de,8,5,0,plural,1,drei kleine weiße Pferde
de,8,5,0,plural,2,vier kleine weiße Pferde
de,8,5,0,plural,3,fünf kleine weiße Pferde
de,8,5,0,plural,4,sechs kleine weiße Pferde
de,8,5,0,plural,5,sieben kleine weiße Pferde
de,8,5,0,plural,6,acht kleine weiße Pferde
de,8,5,1,nom,,das große weiße Pferd
de,8,5,1,acc,,das große weiße Pferd
de,8,5,1,dat,,dem großen weißen Pferd
de,8,5,1,plural,0,zwei große weiße Pferde
de,8,5,1,plural,1,drei große weiße Pferde
de,8,5,1,plural,2,vier große weiße Pferde
de,8,5,1,plural,3,fünf große weiße Pferde
de,8,5,1,plural,4,sechs große weiße Pferde
de,8,5,1,plural,5,sieben große weiße Pferde
de,8,5,1,plural,6,acht große weiße Pferde
de,8,5,2,nom,,das junge weiße Pferd
de,8,5,2,acc,,das junge weiße Pferd
de,8,5,2,dat,,dem jungen weißen Pferd
de,8,5,2,plural,0,zwei junge weiße Pferde
de,8,5,2,plural,1,drei junge weiße Pferde
de,8,5,2,plural,2,vier junge weiße Pferde
de,8,5,2,plural,3,fünf junge weiße Pferde
de,8,5,2,plural,4,sechs junge weiße Pferde
de,8,5,2,plural,5,sieben junge weiße Pferde
de,8,5,2,plural,6,acht junge weiße Pferde
de,8,5,3,nom,,das alte weiße Pferd
de,8,5,3,acc,,das alte weiße Pferd
de,8,5,3,dat,,dem alten weißen Pferd
de,8,5,3,plural,0,zwei alte weiße Pferde
de,8,5,3,plural,1,drei alte weiße Pferde
de,8,5,3,plural,2,vier alte weiße Pferde
de,8,5,3,plural,3,fünf alte weiße Pferde
de,8,5,3,plural,4,sechs alte weiße Pferde
de,8,5,3,plural,5,sieben alte weiße Pferde
de,8,5,3,plural,6,acht alte weiße Pferde
de,9,0,0,nom,,das kleine rote Schaf
de,9,0,0,acc,,das kleine rote Schaf
de,9,0,0,dat,,dem kleinen roten Schaf
de,9,0,0,plural,0,zwei kleine rote Schafe
de,9,0,0,plural,1,drei kleine rote Schafe
de,9,0,0,plural,2,vier kleine rote Schafe
de,9,0,0,plural,3,fünf kleine rote Schafe
de,9,0,0,plural,4,sechs kleine rote Schafe
de,9,0,0,plural,5,sieben kleine rote Schafe
de,9,0,0,plural,6,acht kleine rote Schafe
de,9,0,1,nom,,das große rote Schaf
de,9,0,1,acc,,das große rote Schaf
de,9,0,1,dat,,dem großen roten Schaf
de,9,0,1,plural,0,zwei große rote Schafe
de,9,0,1,plural,1,drei große rote Schafe
de,9,0,1,plural,2,vier große rote Schafe
de,9,0,1,plural,3,fünf große rote Schafe
de,9,0,1,plural,4,sechs große rote Schafe
de,9,0,1,plural,5,sieben große rote Schafe
de,9,0,1,plural,6,acht große rote Schafe
de,9,0,2,nom,,das junge rote Schaf
de,9,0,2,acc,,das junge rote Schaf
de,9,0,2,dat,,dem jungen roten Schaf
de,9,0,2,plural,0,zwei junge rote Schafe
de,9,0,2,plural,1,drei junge rote Schafe
de,9,0,2,plural,2,vier junge rote Schafe
de,9,0,2,plural,3,fünf junge rote Schafe
de,9,0,2,plural,4,sechs junge rote Schafe
de,9,0,2,plural,5,sieben junge rote Schafe
de,9,0,2,plural,6,acht junge rote Schafe
de,9,0,3,nom,,das alte rote Schaf
de,9,0,3,acc,,das alte rote Schaf
de,9,0,3,dat,,dem alten roten Schaf
de,9,0,3,plural,0,zwei alte rote Schafe
de,9,0,3,plural,1,drei alte rote Schafe
de,9,0,3,plural,2,vier alte rote Schafe
de,9,0,3,plural,3,fünf alte rote Schafe
de,9,0,3,plural,4,sechs alte rote Schafe
de,9,0,3,plural,5,sieben alte rote Schafe
de,9,0,3,plural,6,acht alte rote Schafe
de,9,1,0,nom,,das kleine blaue Schaf
de,9,1,0,acc,,das kleine blaue Schaf
de,9,1,0,dat,,dem kleinen blauen Schaf
de,9,1,0,plural,0,zwei kleine blaue Schafe
de,9,1,0,plural,1,drei kleine blaue Schafe
de,9,1,0,plural,2,vier kleine blaue Schafe
de,9,1,0,plural,3,fünf kleine blaue Schafe
de,9,1,0,plural,4,sechs kleine blaue Schafe
de,9,1,0,plural,5,sieben kleine blaue Schafe
de,9,1,0,plural,6,acht kleine blaue Schafe
de,9,1,1,nom,,das große blaue Schaf
de,9,1,1,acc,,das große blaue Schaf
de,9,1,1,dat,,dem großen blauen Schaf
de,9,1,1,plural,0,zwei große blaue Schafe
de,9,1,1,plural,1,drei große blaue Schafe
de,9,1,1,plural,2,vier große blaue Schafe
de,9,1,1,plural,3,fünf große blaue Schafe
de,9,1,1,plural,4,sechs große blaue Schafe
de,9,1,1,plural,5,sieben große blaue Schafe
de,9,1,1,plural,6,acht große blaue Schafe
de,9,1,2,nom,,das junge blaue Schaf
de,9,1,2,acc,,das junge blaue Schaf
de,9,1,2,dat,,dem jungen blauen Schaf
de,9,1,2,plural,0,zwei junge blaue Schafe
de,9,1,2,plural,1,drei junge blaue Schafe
de,9,1,2,plural,2,vier junge blaue Schafe
de,9,1,2,plural,3,fünf junge blaue Schafe
de,9,1,2,plural,4,sechs junge blaue Schafe
de,9,1,2,plural,5,sieben junge blaue Schafe
de,9,1,2,plural,6,acht junge blaue Schafe
de,9,1,3,nom,,das alte blaue Schaf
de,9,1,3,acc,,das alte blaue Schaf
de,9,1,3,dat,,dem alten blauen Schaf
de,9,1,3,plural,0,zwei alte blaue Schafe
de,9,1,3,plural,1,drei alte blaue Schafe
de,9,1,3,plural,2,vier alte blaue Schafe
de,9,1,3,plural,3,fünf alte blaue Schafe
de,9,1,3,plural,4,sechs alte blaue Schafe
de,9,1,3,plural,5,sieben alte blaue Schafe
de,9,1,3,plural,6,acht alte blaue Schafe
de,9,2,0,nom,,das kleine grüne Schaf
de,9,2,0,acc,,das kleine grüne Schaf
de,9,2,0,dat,,dem kleinen grünen Schaf
de,9,2,0,plural,0,zwei kleine grüne Schafe
de,9,2,0,plural,1,drei kleine grüne Schafe
de,9,2,0,plural,2,vier kleine grüne Schafe
de,9,2,0,plural,3,fünf kleine grüne Schafe
de,9,2,0,plural,4,sechs kleine grüne Schafe
de,9,2,0,plural,5,sieben kleine grüne Schafe
de,9,2,0,plural,6,acht kleine grüne Schafe
de,9,2,1,nom,,das große grüne Schaf
de,9,2,1,acc,,das große grüne Schaf
de,9,2,1,dat,,dem großen grünen Schaf
de,9,2,1,plural,0,zwei große grüne Schafe
de,9,2,1,plural,1,drei große grüne Schafe
de,9,2,1,plural,2,vier große grüne Schafe
de,9,2,1,plural,3,fünf große grüne Schafe
de,9,2,1,plural,4,sechs große grüne Schafe
de,9,2,1,plural,5,sieben große grüne Schafe
de,9,2,1,plural,6,acht große grüne Schafe
de,9,2,2,nom,,das junge grüne Schaf
de,9,2,2,acc,,das junge grüne Schaf
de,9,2,2,dat,,dem jungen grünen Schaf
de,9,2,2,plural,0,zwei junge grüne Schafe
de,9,2,2,plural,1,drei junge grüne Schafe
de,9,2,2,plural,2,vier junge grüne Schafe
de,9,2,2,plural,3,fünf junge grüne Schafe
de,9,2,2,plural,4,sechs junge grüne Schafe
de,9,2,2,plural,5,sieben junge grüne Schafe
de,9,2,2,plural,6,acht junge grüne Schafe
de,9,2,3,nom,,das alte grüne Schaf
de,9,2,3,acc,,das alte grüne Schaf
de,9,2,3,dat,,dem alten grünen Schaf
de,9,2,3,plural,0,zwei alte grüne Schafe
de,9,2,3,plural,1,drei alte grüne Schafe
de,9,2,3,plural,2,vier alte grüne Schafe
de,9,2,3,plural,3,fünf alte grüne Schafe
de,9,2,3,plural,4,sechs alte grüne Schafe
de,9,2,3,plural,5,sieben alte grüne Schafe
de,9,2,3,plural,6,acht alte grüne Schafe
de,9,3,0,nom,,das kleine gelbe Schaf
de,9,3,0,acc,,das kleine gelbe Schaf
de,9,3,0,dat,,dem kleinen gelben Schaf
de,9,3,0,plural,0,zwei kleine gelbe Schafe
de,9,3,0,plural,1,drei kleine gelbe Schafe
de,9,3,0,plural,2,vier kleine gelbe Schafe
de,9,3,0,plural,3,fünf kleine gelbe Schafe
de,9,3,0,plural,4,sechs kleine gelbe Schafe
de,9,3,0,plural,5,sieben kleine gelbe Schafe
de,9,3,0,plural,6,acht kleine gelbe Schafe
de,9,3,1,nom,,das große gelbe Schaf
de,9,3,1,acc,,das große gelbe Schaf
de,9,3,1,dat,,dem großen gelben Schaf
de,9,3,1,plural,0,zwei große gelbe Schafe
de,9,3,1,plural,1,drei große gelbe Schafe
de,9,3,1,plural,2,vier große gelbe Schafe
de,9,3,1,plural,3,fünf große gelbe Schafe
de,9,3,1,plural,4,sechs große gelbe Schafe
de,9,3,1,plural,5,sieben große gelbe Schafe
de,9,3,1,plural,6,acht große gelbe Schafe
de,9,3,2,nom,,das junge gelbe Schaf
de,9,3,2,acc,,das junge gelbe Schaf
de,9,3,2,dat,,dem jungen gelben Schaf
de,9,3,2,plural,0,zwei junge gelbe Schafe
de,9,3,2,plural,1,drei junge gelbe Schafe
de,9,3,2,plural,2,vier junge gelbe Schafe
de,9,3,2,plural,3,fünf junge gelbe Schafe
de,9,3,2,plural,4,sechs junge gelbe Schafe
de,9,3,2,plural,5,sieben junge gelbe Schafe
de,9,3,2,plural,6,acht junge gelbe Schafe
de,9,3,3,nom,,das alte gelbe Schaf
de,9,3,3,acc,,das alte gelbe Schaf
de,9,3,3,dat,,dem alten gelben Schaf
de,9,3,3,plural,0,zwei alte gelbe Schafe
de,9,3,3,plural,1,drei alte gelbe Schafe
de,9,3,3,plural,2,vier alte gelbe Schafe
de,9,3,3,plural,3,fünf alte gelbe Schafe
de,9,3,3,plural,4,sechs alte gelbe Schafe
de,9,3,3,plural,5,sieben alte gelbe Schafe
de,9,3,3,plural,6,acht alte gelbe Schafe
de,9,4,0,nom,,das kleine schwarze Schaf
de,9,4,0,acc,,das kleine schwarze Schaf
de,9,4,0,dat,,dem kleinen schwarzen Schaf
de,9,4,0,plural,0,zwei kleine schwarze Schafe
de,9,4,0,plural,1,drei kleine schwarze Schafe
de,9,4,0,plural,2,vier kleine schwarze Schafe
de,9,4,0,plural,3,fünf kleine schwarze Schafe
de,9,4,0,plural,4,sechs kleine schwarze Schafe
de,9,4,0,plural,5,sieben kleine schwarze Schafe
de,9,4,0,plural,6,acht kleine schwarze Schafe
de,9,4,1,nom,,das große schwarze Schaf
de,9,4,1,acc,,das große schwarze Schaf
de,9,4,1,dat,,dem großen schwarzen Schaf
de,9,4,1,plural,0,zwei große schwarze Schafe
de,9,4,1,plural,1,drei große schwarze Schafe
de,9,4,1,plural,2,vier große schwarze Schafe
de,9,4,1,plural,3,fünf große schwarze Schafe
de,9,4,1,plural,4,sechs große schwarze Schafe
de,9,4,1,plural,5,sieben große schwarze Schafe
de,9,4,1,plural,6,acht große schwarze Schafe
de,9,4,2,nom,,das junge schwarze Schaf
de,9,4,2,acc,,das junge schwarze Schaf
de,9,4,2,dat,,dem jungen schwarzen Schaf
de,9,4,2,plural,0,zwei junge schwarze Schafe
de,9,4,2,plural,1,drei junge schwarze Schafe
de,9,4,2,plural,2,vier junge schwarze Schafe
de,9,4,2,plural,3,fünf junge schwarze Schafe
de,9,4,2,plural,4,sechs junge schwarze Schafe
de,9,4,2,plural,5,sieben junge schwarze Schafe
de,9,4,2,plural,6,acht junge schwarze Schafe
de,9,4,3,nom,,das alte schwarze Schaf
de,9,4,3,acc,,das alte schwarze Schaf
de,9,4,3,dat,,dem alten schwarzen Schaf
de,9,4,3,plural,0,zwei alte schwarze Schafe
de,9,4,3,plural,1,drei alte schwarze Schafe
de,9,4,3,plural,2,vier alte schwarze Schafe
de,9,4,3,plural,3,fünf alte schwarze Schafe
de,9,4,3,plural,4,sechs alte schwarze Schafe
de,9,4,3,plural,5,sieben alte schwarze Schafe
de,9,4,3,plural,6,acht alte schwarze Schafe
de,9,5,0,nom,,das kleine weiße Schaf
de,9,5,0,acc,,das kleine weiße Schaf
de,9,5,0,dat,,dem kleinen weißen Schaf
de,9,5,0,plural,0,zwei kleine weiße Schafe
de,9,5,0,plural,1,drei kleine weiße Schafe
de,9,5,0,plural,2,vier kleine weiße Schafe
de,9,5,0,plural,3,fünf kleine weiße Schafe
de,9,5,0,plural,4,sechs kleine weiße Schafe
de,9,5,0,plural,5,sieben kleine weiße Schafe
de,9,5,0,plural,6,acht kleine weiße Schafe
de,9,5,1,nom,,das große weiße Schaf
de,9,5,1,acc,,das große weiße Schaf
de,9,5,1,dat,,dem großen weißen Schaf
de,9,5,1,plural,0,zwei große weiße Schafe
de,9,5,1,plural,1,drei große weiße Schafe
de,9,5,1,plural,2,vier große weiße Schafe
de,9,5,1,plural,3,fünf große weiße Schafe
de,9,5,1,plural,4,sechs große weiße Schafe
de,9,5,1,plural,5,sieben große weiße Schafe
de,9,5,1,plural,6,acht große weiße Schafe
de,9,5,2,nom,,das junge weiße Schaf
de,9,5,2,acc,,das junge weiße Schaf
de,9,5,2,dat,,dem jungen weißen Schaf
de,9,5,2,plural,0,zwei junge weiße Schafe
de,9,5,2,plural,1,drei junge weiße Schafe
de,9,5,2,plural,2,vier junge weiße Schafe
de,9,5,2,plural,3,fünf junge weiße Schafe
de,9,5,2,plural,4,sechs junge weiße Schafe
de,9,5,2,plural,5,sieben junge weiße Schafe
de,9,5,2,plural,6,acht junge weiße Schafe
de,9,5,3,nom,,das alte weiße Schaf
de,9,5,3,acc,,das alte weiße Schaf
de,9,5,3,dat,,dem alten weißen Schaf
de,9,5,3,plural,0,zwei alte weiße Schafe
de,9,5,3,plural,1,drei alte weiße Schafe
de,9,5,3,plural,2,vier alte weiße Schafe
de,9,5,3,plural,3,fünf alte weiße Schafe
de,9,5,3,plural,4,sechs alte weiße Schafe
de,9,5,3,plural,5,sieben alte weiße Schafe
de,9,5,3,plural,6,acht alte weiße Schafe
de,10,0,0,nom,,das kleine rote Huhn
de,10,0,0,acc,,das kleine rote Huhn
de,10,0,0,dat,,dem kleinen roten Huhn
de,10,0,0,plural,0,zwei kleine rote Hühner
de,10,0,0,plural,1,drei kleine rote Hühner
de,10,0,0,plural,2,vier kleine rote Hühner
de,10,0,0,plural,3,fünf kleine rote Hühner
de,10,0,0,plural,4,sechs kleine rote Hühner
de,10,0,0,plural,5,sieben kleine rote Hühner
de,10,0,0,plural,6,acht kleine rote Hühner
de,10,0,1,nom,,das große rote Huhn
de,10,0,1,acc,,das große rote Huhn
de,10,0,1,dat,,dem großen roten Huhn
de,10,0,1,plural,0,zwei große rote Hühner
de,10,0,1,plural,1,drei große rote Hühner
de,10,0,1,plural,2,vier große rote Hühner
de,10,0,1,plural,3,fünf große rote Hühner
de,10,0,1,plural,4,sechs große rote Hühner
de,10,0,1,plural,5,sieben große rote Hühner
de,10,0,1,plural,6,acht große rote Hühner
de,10,0,2,nom,,das junge rote Huhn
de,10,0,2,acc,,das junge rote Huhn
de,10,0,2,dat,,dem jungen roten Huhn
de,10,0,2,plural,0,zwei junge rote Hühner
de,10,0,2,plural,1,drei junge rote Hühner
de,10,0,2,plural,2,vier junge rote Hühner
de,10,0,2,plural,3,fünf junge rote Hühner
de,10,0,2,plural,4,sechs junge rote Hühner
de,10,0,2,plural,5,sieben junge rote Hühner
de,10,0,2,plural,6,acht junge rote Hühner
de,10,0,3,nom,,das alte rote Huhn
de,10,0,3,acc,,das alte rote Huhn
de,10,0,3,dat,,dem alten roten Huhn
de,10,0,3,plural,0,zwei alte rote Hühner
de,10,0,3,plural,1,drei alte rote Hühner
de,10,0,3,plural,2,vier alte rote Hühner
de,10,0,3,plural,3,fünf alte rote Hühner
de,10,0,3,plural,4,sechs alte rote Hühner
de,10,0,3,plural,5,sieben alte rote Hühner
de,10,0,3,plural,6,acht alte rote Hühner
de,10,1,0,nom,,das kleine blaue Huhn
de,10,1,0,acc,,das kleine blaue Huhn
de,10,1,0,dat,,dem kleinen blauen Huhn
de,10,1,0,plural,0,zwei kleine blaue Hühner
de,10,1,0,plural,1,drei kleine blaue Hühner
de,10,1,0,plural,2,vier kleine blaue Hühner
de,10,1,0,plural,3,fünf kleine blaue Hühner
de,10,1,0,plural,4,sechs kleine blaue Hühner
de,10,1,0,plural,5,sieben kleine blaue Hühner
de,10,1,0,plural,6,acht kleine blaue Hühner
de,10,1,1,nom,,das große blaue Huhn
de,10,1,1,acc,,das große blaue Huhn
de,10,1,1,dat,,dem großen blauen Huhn
de,10,1,1,plural,0,zwei große blaue Hühner
de,10,1,1,plural,1,drei große blaue Hühner
de,10,1,1,plural,2,vier große blaue Hühner
de,10,1,1,plural,3,fünf große blaue Hühner
de,10,1,1,plural,4,sechs große blaue Hühner
de,10,1,1,plural,5,sieben große blaue Hühner
de,10,1,1,plural,6,acht große blaue Hühner
de,10,1,2,nom,,das junge blaue Huhn
de,10,1,2,acc,,das junge blaue Huhn
de,10,1,2,dat,,dem jungen blauen Huhn
de,10,1,2,plural,0,zwei junge blaue Hühner
de,10,1,2,plural,1,drei junge blaue Hühner
de,10,1,2,plural,2,vier junge blaue Hühner
de,10,1,2,plural,3,fünf junge blaue Hühner
de,10,1,2,plural,4,sechs junge blaue Hühner
de,10,1,2,plural,5,sieben junge blaue Hühner
de,10,1,2,plural,6,acht junge blaue Hühner
de,10,1,3,nom,,das alte blaue Huhn
de,10,1,3,acc,,das alte blaue Huhn
de,10,1,3,dat,,dem alten blauen Huhn
de,10,1,3,plural,0,zwei alte blaue Hühner
de,10,1,3,plural,1,drei alte blaue Hühner
de,10,1,3,plural,2,vier alte blaue Hühner
de,10,1,3,plural,3,fünf alte blaue Hühner
de,10,1,3,plural,4,sechs alte blaue Hühner
de,10,1,3,plural,5,sieben alte blaue Hühner
de,10,1,3,plural,6,acht alte blaue Hühner
de,10,2,0,nom,,das kleine grüne Huhn
de,10,2,0,acc,,das kleine grüne Huhn
de,10,2,0,dat,,dem kleinen grünen Huhn
de,10,2,0,plural,0,zwei kleine grüne Hühner
de,10,2,0,plural,1,drei kleine grüne Hühner
de,10,2,0,plural,2,vier kleine grüne Hühner
de,10,2,0,plural,3,fünf kleine grüne Hühner
de,10,2,0,plural,4,sechs kleine grüne Hühner
de,10,2,0,plural,5,sieben kleine grüne Hühner
de,10,2,0,plural,6,acht kleine grüne Hühner
de,10,2,1,nom,,das große grüne Huhn
de,10,2,1,acc,,das große grüne Huhn
de,10,2,1,dat,,dem großen grünen Huhn
de,10,2,1,plural,0,zwei große grüne Hühner
de,10,2,1,plural,1,drei große grüne Hühner
de,10,2,1,plural,2,vier große grüne Hühner
de,10,2,1,plural,3,fünf große grüne Hühner
de,10,2,1,plural,4,sechs große grüne Hühner
de,10,2,1,plural,5,sieben große grüne Hühner
de,10,2,1,plural,6,acht große grüne Hühner
de,10,2,2,nom,,das junge grüne Huhn
de,10,2,2,acc,,das junge grüne Huhn
de,10,2,2,dat,,dem jungen grünen Huhn
de,10,2,2,plural,0,zwei junge grüne Hühner
de,10,2,2,plural,1,drei junge grüne Hühner
de,10,2,2,plural,2,vier junge grüne Hühner
de,10,2,2,plural,3,fünf junge grüne Hühner
de,10,2,2,plural,4,sechs junge grüne Hühner
de,10,2,2,plural,5,sieben junge grüne Hühner
de,10,2,2,plural,6,acht junge grüne Hühner
de,10,2,3,nom,,das alte grüne Huhn
de,10,2,3,acc,,das alte grüne Huhn
de,10,2,3,dat,,dem alten grünen Huhn
de,10,2,3,plural,0,zwei alte grüne Hühner
de,10,2,3,plural,1,drei alte grüne Hühner
de,10,2,3,plural,2,vier alte grüne Hühner
de,10,2,3,plural,3,fünf alte grüne Hühner
de,10,2,3,plural,4,sechs alte grüne Hühner
de,10,2,3,plural,5,sieben alte grüne Hühner
de,10,2,3,plural,6,acht alte grüne Hühner
de,10,3,0,nom,,das kleine gelbe Huhn
de,10,3,0,acc,,das kleine gelbe Huhn
de,10,3,0,dat,,dem kleinen gelben Huhn
de,10,3,0,plural,0,zwei kleine gelbe Hühner
de,10,3,0,plural,1,drei kleine gelbe Hühner
de,10,3,0,plural,2,vier kleine gelbe Hühner
de,10,3,0,plural,3,fünf kleine gelbe Hühner
de,10,3,0,plural,4,sechs kleine gelbe Hühner
de,10,3,0,plural,5,sieben kleine gelbe Hühner
de,10,3,0,plural,6,acht kleine gelbe Hühner
de,10,3,1,nom,,das große gelbe Huhn
de,10,3,1,acc,,das große gelbe Huhn
de,10,3,1,dat,,dem großen gelben Huhn
de,10,3,1,plural,0,zwei große gelbe Hühner
de,10,3,1,plural,1,drei große gelbe Hühner
de,10,3,1,plural,2,vier große gelbe Hühner
de,10,3,1,plural,3,fünf große gelbe Hühner
de,10,3,1,plural,4,sechs große gelbe Hühner
de,10,3,1,plural,5,sieben große gelbe Hühner
de,10,3,1,plural,6,acht große gelbe Hühner
de,10,3,2,nom,,das junge gelbe Huhn
de,10,3,2,acc,,das junge gelbe Huhn
de,10,3,2,dat,,dem jungen gelben Huhn
de,10,3,2,plural,0,zwei junge gelbe Hühner
de,10,3,2,plural,1,drei junge gelbe Hühner
de,10,3,2,plural,2,vier junge gelbe Hühner
de,10,3,2,plural,3,fünf junge gelbe Hühner
de,10,3,2,plural,4,sechs junge gelbe Hühner
de,10,3,2,plural,5,sieben junge gelbe Hühner
de,10,3,2,plural,6,acht junge gelbe Hühner
de,10,3,3,nom,,das alte gelbe Huhn
de,10,3,3,acc,,das alte gelbe Huhn
de,10,3,3,dat,,dem alten gelben Huhn
de,10,3,3,plural,0,zwei alte gelbe Hühner
de,10,3,3,plural,1,drei alte gelbe Hühner
de,10,3,3,plural,2,vier alte gelbe Hühner
de,10,3,3,plural,3,fünf alte gelbe Hühner
de,10,3,3,plural,4,sechs alte gelbe Hühner
de,10,3,3,plural,5,sieben alte gelbe Hühner
de,10,3,3,plural,6,acht alte gelbe Hühner
de,10,4,0,nom,,das kleine schwarze Huhn
de,10,4,0,acc,,das kleine schwarze Huhn
de,10,4,0,dat,,dem kleinen schwarzen Huhn
de,10,4,0,plural,0,zwei kleine schwarze Hühner
de,10,4,0,plural,1,drei kleine schwarze Hühner
de,10,4,0,plural,2,vier kleine schwarze Hühner
de,10,4,0,plural,3,fünf kleine schwarze Hühner
de,10,4,0,plural,4,sechs kleine schwarze Hühner
de,10,4,0,plural,5,sieben kleine schwarze Hühner
de,10,4,0,plural,6,acht kleine schwarze Hühner
de,10,4,1,nom,,das große schwarze Huhn
de,10,4,1,acc,,das große schwarze Huhn
de,10,4,1,dat,,dem großen schwarzen Huhn
de,10,4,1,plural,0,zwei große schwarze Hühner
de,10,4,1,plural,1,drei große schwarze Hühner
de,10,4,1,plural,2,vier große schwarze Hühner
de,10,4,1,plural,3,fünf große schwarze Hühner
de,10,4,1,plural,4,sechs große schwarze Hühner
de,10,4,1,plural,5,sieben große schwarze Hühner
de,10,4,1,plural,6,acht große schwarze Hühner
de,10,4,2,nom,,das junge schwarze Huhn
de,10,4,2,acc,,das junge schwarze Huhn
de,10,4,2,dat,,dem jungen schwarzen Huhn
de,10,4,2,plural,0,zwei junge schwarze Hühner
de,10,4,2,plural,1,drei junge schwarze Hühner
de,10,4,2,plural,2,vier junge schwarze Hühner
de,10,4,2,plural,3,fünf junge schwarze Hühner
de,10,4,2,plural,4,sechs junge schwarze Hühner
de,10,4,2,plural,5,sieben junge schwarze Hühner
de,10,4,2,plural,6,acht junge schwarze Hühner
de,10,4,3,nom,,das alte schwarze Huhn
de,10,4,3,acc,,das alte schwarze Huhn
de,10,4,3,dat,,dem alten schwarzen Huhn
de,10,4,3,plural,0,zwei alte schwarze Hühner
de,10,4,3,plural,1,drei alte schwarze Hühner
de,10,4,3,plural,2,vier alte schwarze Hühner
de,10,4,3,plural,3,fünf alte schwarze Hühner
de,10,4,3,plural,4,sechs alte schwarze Hühner
de,10,4,3,plural,5,sieben alte schwarze Hühner
de,10,4,3,plural,6,acht alte schwarze Hühner
de,10,5,0,nom,,das kleine weiße Huhn
de,10,5,0,acc,,das kleine weiße Huhn
de,10,5,0,dat,,dem kleinen weißen Huhn
de,10,5,0,plural,0,zwei kleine weiße Hühner
de,10,5,0,plural,1,drei kleine weiße Hühner
de,10,5,0,plural,2,vier kleine weiße Hühner
de,10,5,0,plural,3,fünf kleine weiße Hühner
de,10,5,0,plural,4,sechs kleine weiße Hühner
de,10,5,0,plural,5,sieben kleine weiße Hühner
de,10,5,0,plural,6,acht kleine weiße Hühner
de,10,5,1,nom,,das große weiße Huhn
de,10,5,1,acc,,das große weiße Huhn
de,10,5,1,dat,,dem großen weißen Huhn
de,10,5,1,plural,0,zwei große weiße Hühner
de,10,5,1,plural,1,drei große weiße Hühner
de,10,5,1,plural,2,vier große weiße Hühner
de,10,5,1,plural,3,fünf große weiße Hühner
de,10,5,1,plural,4,sechs große weiße Hühner
de,10,5,1,plural,5,sieben große weiße Hühner
de,10,5,1,plural,6,acht große weiße Hühner
de,10,5,2,nom,,das junge weiße Huhn
de,10,5,2,acc,,das junge weiße Huhn
de,10,5,2,dat,,dem jungen weißen Huhn
de,10,5,2,plural,0,zwei junge weiße Hühner
de,10,5,2,plural,1,drei junge weiße Hühner
de,10,5,2,plural,2,vier junge weiße Hühner
de,10,5,2,plural,3,fünf junge weiße Hühner
de,10,5,2,plural,4,sechs junge weiße Hühner
de,10,5,2,plural,5,sieben junge weiße Hühner
de,10,5,2,plural,6,acht junge weiße Hühner
de,10,5,3,nom,,das alte weiße Huhn
de,10,5,3,acc,,das alte weiße Huhn
de,10,5,3,dat,,dem alten weißen Huhn
de,10,5,3,plural,0,zwei alte weiße Hühner
de,10,5,3,plural,1,drei alte weiße Hühner
de,10,5,3,plural,2,vier alte weiße Hühner
de,10,5,3,plural,3,fünf alte weiße Hühner
de,10,5,3,plural,4,sechs alte weiße Hühner
de,10,5,3,plural,5,sieben alte weiße Hühner
de,10,5,3,plural,6,acht alte weiße Hühner
de,11,0,0,nom,,das kleine rote Kaninchen
de,11,0,0,acc,,das kleine rote Kaninchen
de,11,0,0,dat,,dem kleinen roten Kaninchen
de,11,0,0,plural,0,zwei kleine rote Kaninchen
de,11,0,0,plural,1,drei kleine rote Kaninchen
de,11,0,0,plural,2,vier kleine rote Kaninchen
de,11,0,0,plural,3,fünf kleine rote Kaninchen
de,11,0,0,plural,4,sechs kleine rote Kaninchen
de,11,0,0,plural,5,sieben kleine rote Kaninchen
de,11,0,0,plural,6,acht kleine rote Kaninchen
de,11,0,1,nom,,das große rote Kaninchen
de,11,0,1,acc,,das große rote Kaninchen
de,11,0,1,dat,,dem großen roten Kaninchen
de,11,0,1,plural,0,zwei große rote Kaninchen
de,11,0,1,plural,1,drei große rote Kaninchen
de,11,0,1,plural,2,vier große rote Kaninchen
de,11,0,1,plural,3,fünf große rote Kaninchen
de,11,0,1,plural,4,sechs große rote Kaninchen
de,11,0,1,plural,5,sieben große rote Kaninchen
de,11,0,1,plural,6,acht große rote Kaninchen
de,11,0,2,nom,,das junge rote Kaninchen
de,11,0,2,acc,,das junge rote Kaninchen
de,11,0,2,dat,,dem jungen roten Kaninchen
de,11,0,2,plural,0,zwei junge rote Kaninchen
de,11,0,2,plural,1,drei junge rote Kaninchen
de,11,0,2,plural,2,vier junge rote Kaninchen
de,11,0,2,plural,3,fünf junge rote Kaninchen
de,11,0,2,plural,4,sechs junge rote Kaninchen
de,11,0,2,plural,5,sieben junge rote Kaninchen
de,11,0,2,plural,6,acht junge rote Kaninchen
de,11,0,3,nom,,das alte rote Kaninchen
de,11,0,3,acc,,das alte rote Kaninchen
de,11,0,3,dat,,dem alten roten Kaninchen
de,11,0,3,plural,0,zwei alte rote Kaninchen
de,11,0,3,plural,1,drei alte rote Kaninchen
de,11,0,3,plural,2,vier alte rote Kaninchen
de,11,0,3,plural,3,fünf alte rote Kaninchen
de,11,0,3,plural,4,sechs alte rote Kaninchen
de,11,0,3,plural,5,sieben alte rote Kaninchen
de,11,0,3,plural,6,acht alte rote Kaninchen
de,11,1,0,nom,,das kleine blaue Kaninchen
de,11,1,0,acc,,das kleine blaue Kaninchen
de,11,1,0,dat,,dem kleinen blauen Kaninchen
de,11,1,0,plural,0,zwei kleine blaue Kaninchen
de,11,1,0,plural,1,drei kleine blaue Kaninchen
de,11,1,0,plural,2,vier kleine blaue Kaninchen
de,11,1,0,plural,3,fünf kleine blaue Kaninchen
de,11,1,0,plural,4,sechs kleine blaue Kaninchen
de,11,1,0,plural,5,sieben kleine blaue Kaninchen
de,11,1,0,plural,6,acht kleine blaue Kaninchen
de,11,1,1,nom,,das große blaue Kaninchen
de,11,1,1,acc,,das große blaue Kaninchen
de,11,1,1,dat,,dem großen blauen Kaninchen
de,11,1,1,plural,0,zwei große blaue Kaninchen
de,11,1,1,plural,1,drei große blaue Kaninchen
de,11,1,1,plural,2,vier große blaue Kaninchen
de,11,1,1,plural,3,fünf große blaue Kaninchen
de,11,1,1,plural,4,sechs große blaue Kaninchen
de,11,1,1,plural,5,sieben große blaue Kaninchen
de,11,1,1,plural,6,acht große blaue Kaninchen
de,11,1,2,nom,,das junge blaue Kaninchen
de,11,1,2,acc,,das junge blaue Kaninchen
de,11,1,2,dat,,dem jungen blauen Kaninchen
de,11,1,2,plural,0,zwei junge blaue Kaninchen
de,11,1,2,plural,1,drei junge blaue Kaninchen
de,11,1,2,plural,2,vier junge blaue Kaninchen
de,11,1,2,plural,3,fünf junge blaue Kaninchen
de,11,1,2,plural,4,sechs junge blaue Kaninchen
de,11,1,2,plural,5,sieben junge blaue Kaninchen
de,11,1,2,plural,6,acht junge blaue Kaninchen
de,11,1,3,nom,,das alte blaue Kaninchen
de,11,1,3,acc,,das alte blaue Kaninchen
de,11,1,3,dat,,dem alten blauen Kaninchen
de,11,1,3,plural,0,zwei alte blaue Kaninchen
de,11,1,3,plural,1,drei alte blaue Kaninchen
de,11,1,3,plural,2,vier alte blaue Kaninchen
de,11,1,3,plural,3,fünf alte blaue Kaninchen
de,11,1,3,plural,4,sechs alte blaue Kaninchen
de,11,1,3,plural,5,sieben alte blaue Kaninchen
de,11,1,3,plural,6,acht alte blaue Kaninchen
de,11,2,0,nom,,das kleine grüne Kaninchen
de,11,2,0,acc,,das kleine grüne Kaninchen
de,11,2,0,dat,,dem kleinen grünen Kaninchen
de,11,2,0,plural,0,zwei kleine grüne Kaninchen
de,11,2,0,plural,1,drei kleine grüne Kaninchen
de,11,2,0,plural,2,vier kleine grüne Kaninchen
de,11,2,0,plural,3,fünf kleine grüne Kaninchen
de,11,2,0,plural,4,sechs kleine grüne Kaninchen
de,11,2,0,plural,5,sieben kleine grüne Kaninchen
de,11,2,0,plural,6,acht kleine grüne Kaninchen
de,11,2,1,nom,,das große grüne Kaninchen
de,11,2,1,acc,,das große grüne Kaninchen
de,11,2,1,dat,,dem großen grünen Kaninchen
de,11,2,1,plural,0,zwei große grüne Kaninchen
de,11,2,1,plural,1,drei große grüne Kaninchen
de,11,2,1,plural,2,vier große grüne Kaninchen
de,11,2,1,plural,3,fünf große grüne Kaninchen
de,11,2,1,plural,4,sechs große grüne Kaninchen
de,11,2,1,plural,5,sieben große grüne Kaninchen
de,11,2,1,plural,6,acht große grüne Kaninchen
de,11,2,2,nom,,das junge grüne Kaninchen
de,11,2,2,acc,,das junge grüne Kaninchen
de,11,2,2,dat,,dem jungen grünen Kaninchen
de,11,2,2,plural,0,zwei junge grüne Kaninchen
de,11,2,2,plural,1,drei junge grüne Kaninchen
de,11,2,2,plural,2,vier junge grüne Kaninchen
de,11,2,2,plural,3,fünf junge grüne Kaninchen
de,11,2,2,plural,4,sechs junge grüne Kaninchen
de,11,2,2,plural,5,sieben junge grüne Kaninchen
de,11,2,2,plural,6,acht junge grüne Kaninchen
de,11,2,3,nom,,das alte grüne Kaninchen
de,11,2,3,acc,,das alte grüne Kaninchen
de,11,2,3,dat,,dem alten grünen Kaninchen
de,11,2,3,plural,0,zwei alte grüne Kaninchen
de,11,2,3,plural,1,drei alte grüne Kaninchen
de,11,2,3,plural,2,vier alte grüne Kaninchen
de,11,2,3,plural,3,fünf alte grüne Kaninchen
de,11,2,3,plural,4,sechs alte grüne Kaninchen
de,11,2,3,plural,5,sieben alte grüne Kaninchen
de,11,2,3,plural,6,acht alte grüne Kaninchen
de,11,3,0,nom,,das kleine gelbe Kaninchen
de,11,3,0,acc,,das kleine gelbe Kaninchen
de,11,3,0,dat,,dem kleinen gelben Kaninchen
de,11,3,0,plural,0,zwei kleine gelbe Kaninchen
de,11,3,0,plural,1,drei kleine gelbe Kaninchen
de,11,3,0,plural,2,vier kleine gelbe Kaninchen
de,11,3,0,plural,3,fünf kleine gelbe Kaninchen
de,11,3,0,plural,4,sechs kleine gelbe Kaninchen
de,11,3,0,plural,5,sieben kleine gelbe Kaninchen
de,11,3,0,plural,6,acht kleine gelbe Kaninchen
de,11,3,1,nom,,das große gelbe Kaninchen
de,11,3,1,acc,,das große gelbe Kaninchen
de,11,3,1,dat,,dem großen gelben Kaninchen
de,11,3,1,plural,0,zwei große gelbe Kaninchen
de,11,3,1,plural,1,drei große gelbe Kaninchen
de,11,3,1,plural,2,vier große gelbe Kaninchen
de,11,3,1,plural,3,fünf große gelbe Kaninchen
de,11,3,1,plural,4,sechs große gelbe Kaninchen
de,11,3,1,plural,5,sieben große gelbe Kaninchen
de,11,3,1,plural,6,acht große gelbe Kaninchen
de,11,3,2,nom,,das junge gelbe Kaninchen
de,11,3,2,acc,,das junge gelbe Kaninchen
de,11,3,2,dat,,dem jungen gelben Kaninchen
de,11,3,2,plural,0,zwei junge gelbe Kaninchen
de,11,3,2,plural,1,drei junge gelbe Kaninchen
de,11,3,2,plural,2,vier junge gelbe Kaninchen
de,11,3,2,plural,3,fünf junge gelbe Kaninchen
de,11,3,2,plural,4,sechs junge gelbe Kaninchen
de,11,3,2,plural,5,sieben junge gelbe Kaninchen
de,11,3,2,plural,6,acht junge gelbe Kaninchen
de,11,3,3,nom,,das alte gelbe Kaninchen
de,11,3,3,acc,,das alte gelbe Kaninchen
de,11,3,3,dat,,dem alten gelben Kaninchen
de,11,3,3,plural,0,zwei alte gelbe Kaninchen
de,11,3,3,plural,1,drei alte gelbe Kaninchen
de,11,3,3,plural,2,vier alte gelbe Kaninchen
de,11,3,3,plural,3,fünf alte gelbe Kaninchen
de,11,3,3,plural,4,sechs alte gelbe Kaninchen
de,11,3,3,plural,5,sieben alte gelbe Kaninchen
de,11,3,3,plural,6,acht alte gelbe Kaninchen
de,11,4,0,nom,,das kleine schwarze Kaninchen
de,11,4,0,acc,,das kleine schwarze Kaninchen
de,11,4,0,dat,,dem kleinen schwarzen Kaninchen
de,11,4,0,plural,0,zwei kleine schwarze Kaninchen
de,11,4,0,plural,1,drei kleine schwarze Kaninchen
de,11,4,0,plural,2,vier kleine schwarze Kaninchen
de,11,4,0,plural,3,fünf kleine schwarze Kaninchen
de,11,4,0,plural,4,sechs kleine schwarze Kaninchen
de,11,4,0,plural,5,sieben kleine schwarze Kaninchen
de,11,4,0,plural,6,acht kleine schwarze Kaninchen
de,11,4,1,nom,,das große schwarze Kaninchen
de,11,4,1,acc,,das große schwarze Kaninchen
de,11,4,1,dat,,dem großen schwarzen Kaninchen
de,11,4,1,plural,0,zwei große schwarze Kaninchen
de,11,4,1,plural,1,drei große schwarze Kaninchen
de,11,4,1,plural,2,vier große schwarze Kaninchen
de,11,4,1,plural,3,fünf große schwarze Kaninchen
de,11,4,1,plural,4,sechs große schwarze Kaninchen
de,11,4,1,plural,5,sieben große schwarze Kaninchen
de,11,4,1,plural,6,acht große schwarze Kaninchen
de,11,4,2,nom,,das junge schwarze Kaninchen
de,11,4,2,acc,,das junge schwarze Kaninchen
de,11,4,2,dat,,dem jungen schwarzen Kaninchen
de,11,4,2,plural,0,zwei junge schwarze Kaninchen
de,11,4,2,plural,1,drei junge schwarze Kaninchen
de,11,4,2,plural,2,vier junge schwarze Kaninchen
de,11,4,2,plural,3,fünf junge schwarze Kaninchen
de,11,4,2,plural,4,sechs junge schwarze Kaninchen
de,11,4,2,plural,5,sieben junge schwarze Kaninchen
de,11,4,2,plural,6,acht junge schwarze Kaninchen
de,11,4,3,nom,,das alte schwarze Kaninchen
de,11,4,3,acc,,das alte schwarze Kaninchen
de,11,4,3,dat,,dem alten schwarzen Kaninchen
de,11,4,3,plural,0,zwei alte schwarze Kaninchen
de,11,4,3,plural,1,drei alte schwarze Kaninchen
de,11,4,3,plural,2,vier alte schwarze Kaninchen
de,11,4,3,plural,3,fünf alte schwarze Kaninchen
de,11,4,3,plural,4,sechs alte schwarze Kaninchen
de,11,4,3,plural,5,sieben alte schwarze Kaninchen
de,11,4,3,plural,6,acht alte schwarze Kaninchen
de,11,5,0,nom,,das kleine weiße Kaninchen
de,11,5,0,acc,,das kleine weiße Kaninchen
de,11,5,0,dat,,dem kleinen weißen Kaninchen
de,11,5,0,plural,0,zwei kleine weiße Kaninchen
de,11,5,0,plural,1,drei kleine weiße Kaninchen
de,11,5,0,plural,2,vier kleine weiße Kaninchen
de,11,5,0,plural,3,fünf kleine weiße Kaninchen
de,11,5,0,plural,4,sechs kleine weiße Kaninchen
de,11,5,0,plural,5,sieben kleine weiße Kaninchen
de,11,5,0,plural,6,acht kleine weiße Kaninchen
de,11,5,1,nom,,das große weiße Kaninchen
de,11,5,1,acc,,das große weiße Kaninchen
de,11,5,1,dat,,dem großen weißen Kaninchen
de,11,5,1,plural,0,zwei große weiße Kaninchen
de,11,5,1,plural,1,drei große weiße Kaninchen
de,11,5,1,plural,2,vier große weiße Kaninchen
de,11,5,1,plural,3,fünf große weiße Kaninchen
de,11,5,1,plural,4,sechs große weiße Kaninchen
de,11,5,1,plural,5,sieben große weiße Kaninchen
de,11,5,1,plural,6,acht große weiße Kaninchen
de,11,5,2,nom,,das junge weiße Kaninchen
de,11,5,2,acc,,das junge weiße Kaninchen
de,11,5,2,dat,,dem jungen weißen Kaninchen
de,11,5,2,plural,0,zwei junge weiße Kaninchen
de,11,5,2,plural,1,drei junge weiße Kaninchen
de,11,5,2,plural,2,vier junge weiße Kaninchen
de,11,5,2,plural,3,fünf junge weiße Kaninchen
de,11,5,2,plural,4,sechs junge weiße Kaninchen
de,11,5,2,plural,5,sieben junge weiße Kaninchen
de,11,5,2,plural,6,acht junge weiße Kaninchen
de,11,5,3,nom,,das alte weiße Kaninchen
de,11,5,3,acc,,das alte weiße Kaninchen
de,11,5,3,dat,,dem alten weißen Kaninchen
de,11,5,3,plural,0,zwei alte weiße Kaninchen
de,11,5,3,plural,1,drei alte weiße Kaninchen
de,11,5,3,plural,2,vier alte weiße Kaninchen
de,11,5,3,plural,3,fünf alte weiße Kaninchen
de,11,5,3,plural,4,sechs alte weiße Kaninchen
de,11,5,3,plural,5,sieben alte weiße Kaninchen
de,11,5,3,plural,6,acht alte weiße Kaninchen
